time,ONSET,CRYPTO10,unforecasted_basket
2016-01-01,0.0,0.0,0.0
2016-01-02,-0.0017133006213362,-0.0030458064200221,-0.0017133006213362
2016-01-03,-0.0051287530481264,-0.0074755475935835,-0.0051287530481264
2016-01-04,-0.0015447093381016,0.0062025007432393,-0.0015447093381016
2016-01-05,-0.0063085210577407,-0.0019503449683526,-0.0063085210577407
2016-01-06,-0.0039544076568246,-0.0041573115718526,-0.0039544076568246
2016-01-07,0.0188025158587665,0.0625625315304432,0.0188025158587665
2016-01-08,0.0070794123087656,-0.0109576440864576,0.0070794123087656
2016-01-09,0.014922743659369,-0.0108485431995307,0.014922743659369
2016-01-10,-0.0060464498630116,-0.000451713143143,-0.0060464498630116
2016-01-11,0.0062302887856033,0.0022095311108119,0.0062302887856033
2016-01-12,0.0103156717195871,-0.0182073377040917,0.0103156717195871
2016-01-13,-0.0047578355172216,-0.0158978864508405,-0.0047578355172216
2016-01-14,0.0147388174523892,-0.0048404960735572,0.0147388174523892
2016-01-15,-0.0740473376342,-0.1447470436464195,-0.0740473376342
2016-01-16,0.0412801173303361,0.0570166745348219,0.0412801173303361
2016-01-17,0.0100696215195521,-0.0102463220139239,0.0100696215195521
2016-01-18,0.0164630567856596,0.0111791987772518,0.0164630567856596
2016-01-19,-0.0056164107980878,-0.0166779721656068,-0.0056164107980878
2016-01-20,0.0441168997504126,0.1030352687401292,0.0441168997504126
2016-01-21,0.0033004944429186,-0.026878352352011,0.0033004944429186
2016-01-22,-0.0208021125824841,-0.0634701094124617,-0.0208021125824841
2016-01-23,0.042103188465467,0.0170083164619188,0.042103188465467
2016-01-24,0.0245632608952273,0.0391520502829834,0.0245632608952273
2016-01-25,0.0072934655020826,-0.025548680738572,0.0072934655020826
2016-01-26,0.05621082103306,0.0040013026209309,0.05621082103306
2016-01-27,0.0751127559983373,0.0150780937288543,0.0751127559983373
2016-01-28,-0.0456127889167103,-0.0376488629418048,-0.0456127889167103
2016-01-29,0.0025344671294673,0.0017417784223727,0.0025344671294673
2016-01-30,-0.0198711103610337,-0.0062347758074512,-0.0198711103610337
2016-01-31,-0.0127840035750913,-0.0252496644428587,-0.0127840035750913
2016-02-01,0.0037401485911854,0.0100943663142907,0.0037401485911854
2016-02-02,0.0088388837296662,0.0075047339554066,0.0088388837296662
2016-02-03,0.0019896207868876,-0.0091510999122841,0.0019896207868876
2016-02-04,0.0188793985231583,0.0503092331746632,0.0188793985231583
2016-02-05,0.0029200401982261,-0.0067791419643361,0.0029200401982261
2016-02-06,0.0015993530694882,-0.020021860385295,0.0015993530694882
2016-02-07,0.0120914397840721,0.0067311100845803,0.0120914397840721
2016-02-08,-0.0021215688306381,-0.0071196033010433,-0.0021215688306381
2016-02-09,0.0095037676377827,0.012794802801241,0.0095037676377827
2016-02-10,0.0123119665970858,0.0173505254934778,0.0123119665970858
2016-02-11,0.0165898429238939,0.0039980722036676,0.0165898429238939
2016-02-12,0.0477007437468912,0.0114084866637675,0.0477007437468912
2016-02-13,0.0240029562338315,0.0158300417331418,0.0240029562338315
2016-02-14,0.0146037880896354,0.0394822208382803,0.0146037880896354
2016-02-15,-0.0064315137551306,-0.0147739529001887,-0.0064315137551306
2016-02-16,0.0088254180808686,0.0101037238244117,0.0088254180808686
2016-02-17,-0.0278546352330694,0.013914170107002,-0.0278546352330694
2016-02-18,0.0114636356979707,0.0174293425092681,0.0114636356979707
2016-02-19,0.0093147535388884,0.0001848616841668,0.0093147535388884
2016-02-20,0.0167246667355966,0.0369148313882268,0.0167246667355966
2016-02-21,0.0079382684470565,0.0025321500610739,0.0079382684470565
2016-02-22,0.0042713846057194,0.0026750204947509,0.0042713846057194
2016-02-23,-0.0223286435857721,-0.0359777885285741,-0.0223286435857721
2016-02-24,0.0144220911452588,0.0138829000639055,0.0144220911452588
2016-02-25,-0.0035248772520501,-0.0021054916960446,-0.0035248772520501
2016-02-26,0.0013182299099852,0.0129940476238918,0.0013182299099852
2016-02-27,0.005219677483043,0.0054830742801201,0.005219677483043
2016-02-28,0.0003859287225871,0.0019709126067843,0.0003859287225871
2016-02-29,-0.0008215812770726,0.0091174098704926,-0.0008215812770726
2016-03-01,0.0020982722013183,0.0067256955742438,0.0020982722013183
2016-03-02,-0.0057886430377158,-0.0134917207237731,-0.0057886430377158
2016-03-03,0.0191886936370149,0.0021154915807062,0.0191886936370149
2016-03-04,-0.0067276831768482,-0.0149569016518367,-0.0067276831768482
2016-03-05,-0.0108921516396551,-0.021186763818274,-0.0108921516396551
2016-03-06,0.0041933781039253,0.0175632271038919,0.0041933781039253
2016-03-07,0.0072141659617352,0.0049322440676731,0.0072141659617352
2016-03-08,-0.0002590026488454,0.001806618324887,-0.0002590026488454
2016-03-09,0.0113837169383939,0.0161849709563972,0.0113837169383939
2016-03-10,0.0076648976284292,0.0021603442810642,0.0076648976284292
2016-03-11,0.0189114166846264,0.0119079500887511,0.0189114166846264
2016-03-12,-0.0055086063358733,-0.0072789551392358,-0.0055086063358733
2016-03-13,0.0047862793274549,0.0089276090014212,0.0047862793274549
2016-03-14,-0.0092976000835155,-0.0051437452065994,-0.0092976000835155
2016-03-15,1.5634053040836093e-05,0.0035836034007541,1.5634053040836093e-05
2016-03-16,0.0014080326129575,-0.0016590017544317,0.0014080326129575
2016-03-17,-0.0015516748930269,-0.0003350472391103,-0.0015516748930269
2016-03-18,-0.0227552298327822,-0.0255908494568054,-0.0241712784863796
2016-03-19,0.0041788499645925,-0.000248992833527,0.0044268758268295
2016-03-20,0.006969512765425,0.0062283681743198,0.0073844383251124
2016-03-21,0.0024194377049679,0.0079453185424311,0.0025632314915793
2016-03-22,0.0032812174242655,0.0074930927551655,0.0033496134763364
2016-03-23,0.0123729293091159,0.007888455404956,0.0123728843582615
2016-03-24,-0.0019957023904441,-0.0097975051358419,-0.0019957023905297
2016-03-25,0.0007012860135218,-0.0013085901686216,0.002129616317094
2016-03-26,-0.0008523001857392,0.0024174671463959,-0.001574240616658
2016-03-27,0.001266996543823,0.0153293326951127,0.002338317874285
2016-03-28,-0.0029723275473919,0.0001607150237017,-0.0054882452388587
2016-03-29,-0.0006457675594865,-0.015740953270147,0.0177402566092526
2016-03-30,0.0,-0.0030627395847443,-0.0244074946072593
2016-03-31,0.0,0.0016526358716102,0.003506339707519
2016-04-01,0.0,0.0045912910696204,0.0017321056207535
2016-04-02,0.0,0.0059696228978058,0.0110462017981625
2016-04-03,0.0,-1.8277177000869397e-05,0.0006269622946126
2016-04-04,0.0,-0.0032326134076037,0.0014245968653454
2016-04-05,0.0,-0.0032755098773238,-0.0097293187158568
2016-04-06,0.0,0.0004352028722656,-0.0035614542716222
2016-04-07,0.0,-0.0102190899309335,-0.0163271238504719
2016-04-08,0.0,-0.0098296548902625,-0.0143146044114915
2016-04-09,0.0,-0.0114484354282078,-0.0297012755947226
2016-04-10,0.0,-0.000578566006179,-0.0175744245989527
2016-04-11,0.0,-0.0017028114602929,0.0011223470460131
2016-04-12,0.0,-0.0114923344649291,-0.005456241989631
2016-04-13,0.0,0.0054157023082705,0.0012376957004045
2016-04-14,0.0,0.0093673803678171,0.0169883045870113
2016-04-15,0.0,0.0090300935811418,-0.0001943320946419
2016-04-16,0.0,0.0072217233181264,0.0096339740513382
2016-04-17,0.0,0.0034447798899523,0.0026026414796436
2016-04-18,0.0,0.0010305619589352,0.007714401108319
2016-04-19,0.0,0.0107727046251395,0.0107989122223479
2016-04-20,0.0,0.007876409838269,-0.0007281019138614
2016-04-21,0.0,0.0104196518532209,0.0010232773134231
2016-04-22,0.0,-0.0118185060093969,-0.0059287966305084
2016-04-23,0.0,0.0164280275091157,0.0163618378912755
2016-04-24,0.0,0.0120144000643696,0.0217895859424408
2016-04-25,0.0,1.4817278604750683e-05,0.0021753577581631
2016-04-26,0.0,0.0049689524105278,-0.0026695096026374
2016-04-27,0.0,-0.0348785329853,-0.0123258137479452
2016-04-28,0.0,-0.0005488622727377,-0.0003840930494574
2016-04-29,0.0,0.0163713177067432,0.006602934569611
2016-04-30,0.0,0.0091498295014746,0.0091338398456763
2016-05-01,0.0,0.0062108664541158,0.0033965902008139
2016-05-02,0.0,-0.0028428952881314,0.0091685072875027
2016-05-03,0.0,0.0053904268105935,-0.0036642009066977
2016-05-04,0.0,-0.0079070067395383,-0.0069527603860133
2016-05-05,0.0,0.0046395342743215,-0.0054899338404579
2016-05-06,0.0,0.0205238338616349,0.0097670771180387
2016-05-07,0.0,-0.001115277280252,-0.0016612208993835
2016-05-08,0.0,0.0005287487138065,-0.0026800449175664
2016-05-09,0.0,0.0025712674255637,0.0025778258987079
2016-05-10,0.0,-0.0198185721916726,-0.0140708763973301
2016-05-11,0.0,0.0089283118825296,0.0116282771688986
2016-05-12,0.0,0.004597539922633,0.0112054878114864
2016-05-13,0.001172148520746,0.0055949366510688,0.0041688011026914
2016-05-14,0.0003741615705379,-0.0018893361944002,0.0012073802285403
2016-05-15,-0.0009408672756006,0.0020767213193477,-0.0030514254570951
2016-05-16,-0.0002021940049241,0.002029616439285,-0.0006551673107169
2016-05-17,0.0010663421137031,0.0057092103574514,0.0024372065409727
2016-05-18,0.0050726889763776,0.0095446439129454,0.0079607449787468
2016-05-19,-0.001854013622318,-0.0217792585113514,-0.0029106607381362
2016-05-20,-0.0010746855523562,0.0001170396189131,0.0126513019192453
2016-05-21,0.0006585934022851,0.003979248082921,0.0066206714428131
2016-05-22,-0.0010526555576393,-0.0066176851110963,-0.0106211634729777
2016-05-23,-0.0003424261592335,0.00444358601364,-0.0034465052956558
2016-05-24,-6.312255824580948e-05,0.0002357840589133,-0.0022679820629769
2016-05-25,0.0,0.0052346652341566,-0.0091444801108857
2016-05-26,0.0,0.0067773753671285,-0.0016731209399521
2016-05-27,0.0,0.034340423066475,0.009352209593729
2016-05-28,0.0,0.1083056223228287,0.0441278727631151
2016-05-29,0.0,-0.0051615731425394,0.0015061928223072
2016-05-30,0.0,0.0179832606613428,0.0143885826349623
2016-05-31,-0.0001678383241511,0.0016440349136712,-0.0025649951899249
2016-06-01,0.0013801579790075,0.0100190429803255,0.0062903593308623
2016-06-02,-0.0014170450818595,-0.0017445895234134,-0.0064611302161788
2016-06-03,-0.0009001608021115,0.0499258235200419,0.0155289129951785
2016-06-04,0.0,0.005083707942876,0.0025055609292639
2016-06-05,0.0,0.0043626400321763,-0.0076465959134081
2016-06-06,0.0,0.0159230674880705,0.0044615041909457
2016-06-07,0.0,-0.0097472172015815,-0.0017743578328999
2016-06-08,0.0,0.0072706558040991,0.0075542804280737
2016-06-09,0.0,-0.0103974932087054,0.0301863357413594
2016-06-10,-0.0024058811426649,0.0014855894669187,-0.0024095576939958
2016-06-11,0.0027732265381836,0.0448576111441509,0.0039946160056214
2016-06-12,0.0356242346080601,0.1047537101736344,0.0512041447908531
2016-06-13,0.0117927191854774,0.0519848821901454,0.0170324720147958
2016-06-14,0.0257653477235308,-0.009845961345695,0.0959922360710525
2016-06-15,-0.0038008751153628,0.0072904957102966,-0.0141544781631004
2016-06-16,0.0119488431471368,0.101457111791865,0.0444197576113511
2016-06-17,-5.8464270673463936e-05,-0.0455426088079834,-0.0325468289463712
2016-06-18,0.0,-0.02094372688259,-0.0086355126222977
2016-06-19,0.0,0.0178885379748656,0.0145826209474706
2016-06-20,0.0,-0.0337988280662693,-0.0247659912708707
2016-06-21,0.0,-0.0722506674021861,-0.0664502978962664
2016-06-22,0.0,-0.1050030551657841,-0.0865759852285309
2016-06-23,0.0,0.0550401442137684,0.0356873434807918
2016-06-24,0.0111425292614695,0.0647508891559018,0.0209197925123545
2016-06-25,-0.0050717544472885,-0.0023429542630479,-0.007623740087961
2016-06-26,-0.0013847755359293,-0.0490565061147798,-0.0020746503982447
2016-06-27,0.0388959707733456,0.0267747106312055,0.0582290669524239
2016-06-28,-0.0049528927382903,-0.0140119995832758,-0.0074301870602309
2016-06-29,-0.0024920522416147,-0.0065284992335371,-0.0050602469660184
2016-06-30,0.0122975762090378,0.0446900491742798,0.0249804632003203
2016-07-01,-0.0051630322601443,0.0012508253809127,-0.0035081801187987
2016-07-02,0.0147230606459143,0.0355287902447563,0.0147251736856914
2016-07-03,-0.0287567891213508,-0.0606565784879257,-0.02875679015282
2016-07-04,0.0189311545944996,0.0337407603232082,0.0189311545945056
2016-07-05,-0.0159522948495191,-0.0238254837091028,-0.0159522948495192
2016-07-06,0.009744212599422,0.0076944045995173,0.009744212599422
2016-07-07,-0.0173805445500405,-0.0527074920396378,-0.0173805445500406
2016-07-08,0.0331128237619593,0.0492092782119313,0.0331128237619591
2016-07-09,0.006537345802797,-0.0236981946887611,0.0065373458027973
2016-07-10,0.0020446289668802,-0.0018826187435722,0.0020446289668802
2016-07-11,0.037613833571678,-0.0053875409120768,0.037613833571678
2016-07-12,0.0512927991207399,0.0256736829551929,0.0512927991207401
2016-07-13,0.0081404532265978,-0.0116274270974201,0.0081404532265976
2016-07-14,-0.0004711553755685,0.0115943104920215,-0.0004711553755685
2016-07-15,0.0107887089035845,0.011238740993072,0.0107887089035842
2016-07-16,0.0008027950648334,-0.0040030714277621,0.0008027950648334
2016-07-17,-0.0021338403558254,0.0178491887555569,-0.0021338403558254
2016-07-18,-0.0093866548468093,-0.008832758522706,-0.0093866548468091
2016-07-19,0.0044318608040034,0.0050594277381941,0.0044318608040034
2016-07-20,-0.0054752486672913,-0.0034205813649825,-0.0054752486672913
2016-07-21,0.0030069661705687,0.0003985502161882,0.0030069661705685
2016-07-22,0.0117745451742834,-0.0048386253519439,0.0117745451742834
2016-07-23,0.0134031877535223,0.0048490728808052,0.0134031877535221
2016-07-24,-0.0065484915321245,-0.0023386739306827,-0.0065484915321245
2016-07-25,-0.0080634040526708,-0.0030041803051616,-0.0080634040526708
2016-07-26,-0.0231445766169201,-0.0169983204060326,-0.0231445766169201
2016-07-27,0.008162636915401,0.0115548869078607,0.008162636915401
2016-07-28,-0.0023272379813739,0.0003039314591652,-0.0023272379813736
2016-07-29,0.0085300328308004,0.0029037604016379,0.0085300328308
2016-07-30,-0.0016226930412992,-0.0047128277761583,-0.0016226930412991
2016-07-31,-0.0167288414048819,-0.0447009695277813,-0.016728841404882
2016-08-01,-0.0194020516217731,-0.0355852441884718,-0.0194020516217732
2016-08-02,-0.0637684222700766,-0.1070792464224185,-0.0637684222700765
2016-08-03,0.0116651070037008,0.0503143066968092,0.0116651070037008
2016-08-04,0.032246779797886,0.0253187422405463,0.032246779797886
2016-08-05,0.0189168454390533,-0.0030273220883154,0.0189168454390535
2016-08-06,0.0145240332859217,0.0184092922952778,0.0145240332859215
2016-08-07,0.0098405356757302,0.0076625845214228,0.0098405356757302
2016-08-08,-0.0142140383431945,-0.0016316237709175,-0.0142140383431944
2016-08-09,0.0086254780728205,0.0003062446033685,0.0086254780728205
2016-08-10,-0.0021464637677838,0.0006562199159805,-0.002146463767784
2016-08-11,0.011294165476507,-0.0056349484838584,0.0112941654765073
2016-08-12,0.004346045504241,-0.0031972721856217,0.0043460455042412
2016-08-13,0.0035598015431561,-0.0016573996846526,0.0035598015431559
2016-08-14,0.0039953152540619,-0.0255658629189967,0.0039953152540617
2016-08-15,-0.0104796264058191,-0.0053240545426083,-0.0104796264058192
2016-08-16,0.0129624587384,0.0141502861327114,0.0129624587383998
2016-08-17,-0.0072221341175715,-0.0078367906479527,-0.0072221341175715
2016-08-18,0.006630978581515,0.0011185694802817,0.006630978581515
2016-08-19,0.0048291694847972,0.0028336378627809,0.0048291694847972
2016-08-20,0.0009730259030151,0.0118987903949667,0.0009730259030151
2016-08-21,-0.0008690262090051,-0.001731404061894,-0.000869026209005
2016-08-22,0.0296267874330038,0.0074689772039886,0.0296267874330034
2016-08-23,0.0037155903159022,-0.0070496422209934,0.0037155903159025
2016-08-24,-0.0071054072087094,-0.0069966313120319,-0.0071054072087095
2016-08-25,-0.0145306455491502,-0.005075681905313,-0.0145306455491501
2016-08-26,0.0014139860460387,0.0017607601259164,0.0014139860460384
2016-08-27,-0.0040740962547005,-0.0166507150198336,-0.0040740962547006
2016-08-28,0.0093803265590257,0.0029403485035541,0.0093803265590257
2016-08-29,0.0102740217542416,0.0073171506449858,0.0102740217542416
2016-08-30,-0.0002709265152419,0.0045334919668202,-0.0002709265152418
2016-08-31,-0.0052662528000149,-0.0016775760620678,-0.005266252800015
2016-09-01,0.0060130379677654,-0.001405805708502,0.0060130379677654
2016-09-02,0.0034616196184704,0.0077785667563172,0.0034616196184704
2016-09-03,0.0051155811196741,0.0307866958737363,0.0051155811196741
2016-09-04,0.0075963569897932,0.0174636692235721,0.0075963569897934
2016-09-05,-0.0017155258793393,-0.0024967077724898,-0.0017155258793393
2016-09-06,0.000833010076048,0.0035951307904176,0.000833010076048
2016-09-07,0.0023714725363626,0.0045279980557346,0.0023714725363621
2016-09-08,-0.0031193362276388,0.013316635848821,-0.0031193362276387
2016-09-09,-0.0037104483125491,-0.0034886955544123,-0.003710448312549
2016-09-10,0.0067993866874227,0.006504643603949,0.0067993866874227
2016-09-11,-0.0153058320550517,-0.0303953742676453,-0.0153058320550518
2016-09-12,0.0020355144372286,0.0033577565511289,0.002035514437229
2016-09-13,0.0077032962735426,0.0024502871712679,0.0077032962735428
2016-09-14,-0.0011186954652544,0.0017365878284796,-0.0011186954652546
2016-09-15,0.0678724337210912,0.0004502203771334,0.0678724337210914
2016-09-16,0.0016480589259961,0.0012737455362419,0.0016480589259957
2016-09-17,-0.003356964531798,-0.0001384633952694,-0.0033569645317981
2016-09-18,-0.0002163695652706,0.0027484478207153,-0.0002163695652704
2016-09-19,-0.0001048666033902,0.003870215276871,-0.0001048666033905
2016-09-20,-0.0004713302393456,0.0055321508549921,-0.0004713302393455
2016-09-21,-0.0049893447264007,-0.0209000327274391,-0.0049893447264008
2016-09-22,-0.0024155946599183,-0.0021126235486271,-0.0024155946599183
2016-09-23,0.0028788734939109,0.0113957615845952,0.0028788734939109
2016-09-24,0.0029585511747636,-0.0003202946586494,0.0029585511747634
2016-09-25,-0.0012087723954684,-0.0006933314094782,-0.0012087723954685
2016-09-26,0.0011717703477054,0.007321069074037,0.0011717703477058
2016-09-27,-0.0026452796931584,-0.0005913516566474,-0.0026452796931584
2016-09-28,0.0043733311513121,0.0009746968896915,0.0043733311513121
2016-09-29,0.0046281235785883,-0.0002735403795268,0.0046281235785883
2016-09-30,-0.0012525701335507,0.0052674669892673,-0.0012525701335507
2016-10-01,-0.0171125723734953,0.0008068605200779,-0.0171125723734953
2016-10-02,0.0041898201824748,-0.0025119672966579,0.0041898201824752
2016-10-03,-0.0024219653215585,0.0024399955961296,-0.0024219653215585
2016-10-04,-0.0070897197330982,-0.0055805508705414,-0.0070897197330983
2016-10-05,-0.0029225490525919,-0.0008851174260005,-0.002922549052592
2016-10-06,-0.0049744069050627,-0.0004219106136044,-0.0049744069050625
2016-10-07,-0.0051535379164759,0.0028912278731441,-0.0051535379164763
2016-10-08,-0.0020136762747163,-0.0008016546091915,-0.0020136762747163
2016-10-09,-0.0076129684959431,-0.0038031900784549,-0.007612968495943
2016-10-10,-0.0093388996116613,0.0004712071544661,-0.0093388996116614
2016-10-11,0.0060956682237671,0.0306008317244912,0.0060956682237673
2016-10-12,-0.0115850701456823,-0.0064924445695386,-0.0115850701456819
2016-10-13,0.0029800477668562,0.0010784931682472,0.0029800477668557
2016-10-14,-0.0011158360993872,0.0057097365164089,-0.001115836099387
2016-10-15,-0.0224378456217375,-0.0053540987153835,-0.0224378456217375
2016-10-16,0.0132841788752657,0.0051872955520473,0.0132841788752657
2016-10-17,-0.0156553708156311,-0.0043504057727812,-0.015655370815631
2016-10-18,-0.0026383541123724,0.0034494429648512,-0.0026383541123725
2016-10-19,-0.0082751103669767,-0.0128110023717181,-0.0082751103669765
2016-10-20,0.0077703905219643,0.0024802894297688,0.0077703905219643
2016-10-21,0.0097164104586422,0.0028493475663418,0.0097164104586422
2016-10-22,0.0083183943266362,0.0306746548976684,0.0083183943266362
2016-10-23,-0.0109496343166309,-9.225783402022623e-05,-0.0109496343166308
2016-10-24,-0.016785932733756,-0.0064956481205307,-0.0167859327337561
2016-10-25,-0.0107582907323809,-0.002197132701907,-0.0107582907323811
2016-10-26,0.0075464622958756,0.0278461008389558,0.0075464622958754
2016-10-27,0.0031839564394646,0.0093132006917486,0.0031839564394646
2016-10-28,-0.0175096455982807,-0.0036339274046097,-0.0175096455982807
2016-10-29,-0.011533795617625,0.0205854729568983,-0.0115337956176249
2016-10-30,0.0110428646088684,-0.0053806117456495,0.0110428646088682
2016-10-31,-0.0025328641786863,-0.0034623970751305,-0.0025328641786862
2016-11-01,-0.0044298575036662,0.0329892143036238,-0.0044490254913441
2016-11-02,0.0,0.0109234284848502,-0.004505196623583
2016-11-03,0.0,-0.0593800590013416,-0.0162492004157944
2016-11-04,0.0,0.0218245275533823,0.0279583673010894
2016-11-05,0.0,0.0020489326048909,0.0380723350009253
2016-11-06,0.0,0.0090210384597644,-0.0011522612692194
2016-11-07,0.0,-0.0109858822716326,0.0153920290622857
2016-11-08,0.0,0.0091626055818834,-0.0030559131568603
2016-11-09,0.0,0.0143006452709677,-0.0118115921042174
2016-11-10,0.0,-0.0104006088548949,-0.0070337802246304
2016-11-11,0.0,-0.0004003817840209,0.0013229661045881
2016-11-12,0.0,-0.016628260565456,-0.0135876336391136
2016-11-13,0.0,-0.0013691586496458,0.0098477328092045
2016-11-14,0.0,0.0023013990805087,0.0010200228357095
2016-11-15,0.0,0.0096777728618828,0.0003147013158624
2016-11-16,0.0,0.0376712849725116,-0.0052789483321302
2016-11-17,0.0,-0.0045507031581478,-0.0063151521450249
2016-11-18,0.0,0.0084800058508243,-0.0102787932185776
2016-11-19,0.0,0.0010624832095682,0.0002258240762464
2016-11-20,0.0,-0.0254076292089091,-0.015586304853879
2016-11-21,0.0,0.0109341833160439,0.0101621460099987
2016-11-22,0.0,0.0162678874820938,0.0094780359161903
2016-11-23,0.0,-0.0097822252422176,-0.0179102184906286
2016-11-24,0.0,-0.0095403873084692,-0.009887721800904
2016-11-25,0.0,0.0032380450284767,0.0128963461490787
2016-11-26,0.0,-0.0065195073780022,-0.0002206098359447
2016-11-27,0.0,-0.0071024800982801,-0.0049390549213428
2016-11-28,0.0,0.0015717579956562,-0.0100968215192821
2016-11-29,-0.0023512553259544,-0.0059025666924696,-0.014480948072401
2016-11-30,0.002513020684796,0.0162089021061626,0.0161676392771159
2016-12-01,-0.0002183644792986,0.0118973965161495,-0.001430526449659
2016-12-02,-0.000380680396714,0.0208786836223993,-0.0021691817796595
2016-12-03,-0.0006564038078576,-0.0064691958606921,-0.0029727819085569
2016-12-04,-0.0019369317337689,-0.000862310866649,-0.0087722366427757
2016-12-05,-0.0057123431275847,-0.0226108213239021,-0.0258650438550612
2016-12-06,-0.0011452581700233,0.0143131338917303,0.004650280445263
2016-12-07,0.0,0.0097394699057111,0.0170184466213731
2016-12-08,0.0,0.003314841411854,0.0073801978664027
2016-12-09,0.0,0.0033633720403567,-2.6133236853964625e-05
2016-12-10,0.0,-0.000510029105132,-0.0026403748111525
2016-12-11,0.0,-0.0052706021043643,0.0121588615496883
2016-12-12,0.0,0.0143815760290535,-0.0012387177833201
2016-12-13,0.0,0.0009056486304039,-0.0013594344321338
2016-12-14,0.0,-0.0011220150346319,0.0008975754666045
2016-12-15,0.0,-0.005414515522735,0.0028298307334495
2016-12-16,0.0,0.0079578321999713,0.0120699895576004
2016-12-17,0.0,0.0062436901529707,-0.0046870686766687
2016-12-18,0.0,-0.0001393953382705,0.0039152148433088
2016-12-19,0.0,0.001607459401999,0.0130357396467069
2016-12-20,-0.0003417128959288,0.0088339963228945,-0.0010847600418802
2016-12-21,0.00384689685416,0.0354498879318698,0.0073883016999702
2016-12-22,0.0052390435445512,0.0331687560825093,0.0100623313279175
2016-12-23,0.0506411027525728,0.0595937641131993,0.0512596126572013
2016-12-24,-0.0108300302569451,-0.0217063600160436,-0.0108297396909363
2016-12-25,-0.0042970628668197,-0.0030184117846407,-0.0042970626050337
2016-12-26,0.0040352846121773,0.0109855787233001,0.0040352846123954
2016-12-27,0.0057148554650805,0.0266377452446482,0.0147515199561987
2016-12-28,0.0102985733132037,0.0457911473372945,0.0261164411603478
2016-12-29,0.012721094570353,0.0045971106156237,0.0322633833312082
2016-12-30,0.0067857298227984,-0.0114420119393189,0.0104658731846425
2016-12-31,0.001715362050664,0.0013161987758723,0.002237462833657
2017-01-01,0.0046094659279929,0.0332384712679199,0.0060081897857156
2017-01-02,0.0124854198446504,0.0246507568703209,0.0162893896783384
2017-01-03,0.03088581269224,0.0273396082024257,0.0313629034633524
2017-01-04,0.0998742566046406,0.1065688135399189,0.0998738317620977
2017-01-05,-0.0796678505669427,-0.1204237103597537,-0.0796678495952623
2017-01-06,-0.0946461918412466,-0.1085067386605815,-0.0946461918408693
2017-01-07,0.0498045128037987,0.0130211551790384,0.0498045128037858
2017-01-08,0.0031388906351714,0.0035049419427006,0.0031388906351714
2017-01-09,0.0055275506146299,-0.0052298447644023,0.0055275506146299
2017-01-10,0.0223617917401866,0.0068980352203957,0.0223617917401868
2017-01-11,-0.0897656304764572,-0.1378159149876668,-0.089765630476457
2017-01-12,0.0253505145009114,0.0324807730144238,0.0253505145009109
2017-01-13,0.0001100670161586,0.0184872260477184,0.0001100670161588
2017-01-14,0.0038900794296585,-0.0040306314487872,0.0038900794296587
2017-01-15,-0.0029113259322083,0.0034284695918469,-0.0029113259322084
2017-01-16,0.0163911904658398,0.0097218433113148,0.0163911904658398
2017-01-17,0.032357541781119,0.0888877093532869,0.032357541781119
2017-01-18,-0.0147118434265446,-0.0259850247271014,-0.0147118434265446
2017-01-19,0.0084842932552844,0.0184615316535925,0.0084842932552848
2017-01-20,-0.0011331863963434,-0.0033535436105543,-0.0011331863963435
2017-01-21,0.0071673750362732,0.0290359495857088,0.0071673750362732
2017-01-22,-0.0044459335273436,0.0006687642863663,-0.0044459335273434
2017-01-23,0.0016086781910757,-0.0015426976599627,0.0016086781910755
2017-01-24,-0.0233960697049685,-0.0313689351224207,-0.0247602160938166
2017-01-25,-0.0028981177204547,0.008578778681705,-0.00306550981613
2017-01-26,0.0172196039895771,0.0182538288880582,0.0182367410529946
2017-01-27,-0.0064284587183274,0.0011346483061165,-0.0068139605414117
2017-01-28,0.0099795478475916,0.0027314133729172,0.0105923297190431
2017-01-29,-0.0036166349090483,-0.0024004764602835,-0.0038384539161088
2017-01-30,0.0164421508363166,0.0029192706740859,0.017451591702869
2017-01-31,0.0027097902642891,0.049480992593742,0.0027334551691171
2017-02-01,0.0041893013351881,0.0176010206154832,0.0041893319035108
2017-02-02,0.0049674712906815,0.0207014216763268,0.0049674712906362
2017-02-03,0.0054824386784662,0.0165126291795527,0.0054824386784657
2017-02-04,0.0039345893569773,0.0135664580779979,0.0039345893569771
2017-02-05,-0.006646928771977,-0.0127706124195801,-0.0066469287719768
2017-02-06,0.0060289532833714,0.0088287133178734,0.0060289532833712
2017-02-07,-0.0019335627348087,0.0203829676172211,-0.0019335627348089
2017-02-08,-0.0039855128349716,0.0011104181194507,-0.0039855128349713
2017-02-09,-0.0280111095766707,-0.0632306666582849,-0.0280111095766708
2017-02-10,0.0009100934602233,-0.0016885764471837,0.0009100934602237
2017-02-11,0.006211456487182,0.0138014480217256,0.0062114564871817
2017-02-12,-0.0056053179542956,-0.0048502401338428,-0.0056053179542956
2017-02-13,-0.0060217131561473,-0.0082525680538461,-0.0060217131561471
2017-02-14,-0.0023957346329142,0.0224343408106473,0.0253070493710418
2017-02-15,0.0,0.0032750457117198,0.0097896236253482
2017-02-16,0.0,0.0167038758862627,-0.0063291008071666
2017-02-17,-0.0019579923340976,0.0158965303041087,-0.0013360762829787
2017-02-18,-0.0048594363845421,0.0057587432994399,-0.0086413574114736
2017-02-19,0.0027234270565756,-0.004837761843331,0.00477447225884
2017-02-20,-0.0029587370542383,0.0256573619177014,-0.0052598220672643
2017-02-21,-0.0016358664090632,0.0291919189490978,-0.0030389788616241
2017-02-22,0.0004462992751563,0.00257045700614,0.0050333831284263
2017-02-23,0.001975644593565,0.049179154680002,0.022294807244821
2017-02-24,-0.0099923992215688,-0.002278827561355,-0.0128965040926861
2017-02-25,-0.0039859389349766,-0.0213832857801066,-0.0039859170692686
2017-02-26,0.0125031466650158,0.0221835169815232,0.0125031466634044
2017-02-27,-0.0011282555688478,0.0131565091457446,-0.0011282555688468
2017-02-28,0.0066435361151018,0.0031255305254989,0.0066435361151016
2017-03-01,0.0212022208817053,0.0410900326691183,0.0212022208817053
2017-03-02,0.0242989887141755,0.0298578302241199,0.0242989887141753
2017-03-03,0.0206992378441244,0.0205344777907512,0.0206992378441241
2017-03-04,-0.0087740538854604,-0.0173531881663728,-0.0087740538854603
2017-03-05,0.013462749128825,0.0109102613436673,0.013462749128825
2017-03-06,0.0060655691658741,0.0060361125688019,0.0060655691658741
2017-03-07,-0.0143593931323715,-0.0374945156234159,-0.0143593931323715
2017-03-08,-0.0417992253030391,-0.0620257042216602,-0.0417992253030392
2017-03-09,0.0204609218587057,0.0347909864359479,0.0204609218587057
2017-03-10,-0.0196767645009986,-0.0495647696395017,-0.0196767645009985
2017-03-11,0.0408165781842688,0.0600035962432206,0.0408165781842686
2017-03-12,0.0344732486384546,0.0425246233423104,0.0344732486384546
2017-03-13,0.0871042810833968,0.0247574921646651,0.0871042810833968
2017-03-14,0.0085811787947578,0.0075429529240722,0.008581178794758
2017-03-15,0.0445056483826287,0.0223204078355225,0.0445056483826287
2017-03-16,0.0605808884013749,-0.020610051784502,0.0605808884013752
2017-03-17,-0.0071995930865536,-0.0662077441163465,-0.0071995930865536
2017-03-18,-0.0192508625225021,-0.119921641525749,-0.0192508625225021
2017-03-19,0.0553584443280172,0.0827448229241645,0.0553584443280175
2017-03-20,0.012924500515588,0.0111385479356227,0.012924500515588
2017-03-21,0.0332192312695986,0.0566422150582215,0.0332192312695986
2017-03-22,0.0139331088945473,-0.0565743849356561,0.0139331088945473
2017-03-23,0.0347541248340206,-0.003917579924006,0.0347541248340204
2017-03-24,0.0237759349961439,-0.0743031493541507,0.0237759349961441
2017-03-25,0.0077164542901488,0.0335257264143806,0.0077164542901491
2017-03-26,-0.0089054035598157,-0.0100334415521928,-0.0089054035598157
2017-03-27,-0.0142461182020738,0.0730006216316652,-0.0142461182020738
2017-03-28,0.0306634382408099,0.0035304411523553,0.0306634382408099
2017-03-29,0.0081062465898373,-0.0025548804933552,0.0081062465898373
2017-03-30,0.1553953110553694,-0.0019226498786215,0.1553953110553692
2017-03-31,0.036541802846046,0.0406822365630012,0.0365418028460462
2017-04-01,0.0013880340740131,0.0076567511742919,0.0013880340740128
2017-04-02,0.1330402811560447,0.040208385022713,0.1330402811560447
2017-04-03,-0.0427792294823801,-0.0001107761202479,-0.0427792294823801
2017-04-04,0.0151670033167028,0.0040859141419649,0.015167003316703
2017-04-05,0.011520973535154,0.0032793085611795,0.0115209735351538
2017-04-06,-0.00691614142995,0.0203200887930414,-0.0069161414299501
2017-04-07,-0.011582147355247,-0.0078247364297564,-0.0133859297263401
2017-04-08,0.0124792719605064,0.0123417103750316,0.0147486552033266
2017-04-09,-0.009655764978636,-0.0022347328013507,-0.0114108918636756
2017-04-10,0.0027627202873576,-3.517513513695558e-05,0.003270478635108
2017-04-11,-0.0027090188847427,0.0095193528482195,-0.0025662253497765
2017-04-12,0.0231054800504559,0.0182021871425541,0.0231054932965968
2017-04-13,0.0040807753131273,-0.0017093578781679,0.0040807753037215
2017-04-14,-0.0009093687736034,-0.0106522711938396,-0.0009093687736178
2017-04-15,0.0130127080324853,0.0109563557232301,0.0130127080324851
2017-04-16,0.0096219883551393,0.004330823585797,0.0096219883551393
2017-04-17,0.0106087849129941,0.0053019815297465,0.0106087849129938
2017-04-18,0.0041824152376068,0.0197438317425215,0.004182415237607
2017-04-19,-0.0001594474051033,-0.0130549120857379,-0.0001594474051033
2017-04-20,0.0072049513539944,0.0184974142046951,0.0072049513539944
2017-04-21,-0.0023590154420234,-0.0072166517541485,-0.0023590154420235
2017-04-22,0.0063768939188157,0.0094815722676226,0.0063768939188155
2017-04-23,0.0037971532473282,-0.0144068315688365,0.0037971532473284
2017-04-24,0.0157688326451144,0.0352278953684854,0.0157688326451144
2017-04-25,0.0039672504184278,0.0085994283630739,0.003967250418428
2017-04-26,0.0148950378780567,0.021690321590426,0.014895037878057
2017-04-27,0.0467755741389854,0.0612606509013671,0.0467755741389854
2017-04-28,0.0240431233230868,0.0339495056973102,0.0240431233230868
2017-04-29,0.0289107885991242,0.0080630194899598,0.0289107885991242
2017-04-30,0.0235347762123965,0.0462775201852276,0.0235347762123963
2017-05-01,0.0041866072074392,0.0334935811389838,0.0041866072074394
2017-05-02,-0.003658527330636,0.0153628237162963,-0.0036585273306362
2017-05-03,0.0272780121741831,0.0398999433113955,0.0272780121741829
2017-05-04,0.0383971690335098,0.0867288053611514,0.0383971690335096
2017-05-05,0.0315935596516094,0.0202491033515441,0.0315935596516094
2017-05-06,0.0312057210644658,0.0263769493601517,0.031205721064466
2017-05-07,0.03600997892183,0.0235561164128932,0.0360099789218297
2017-05-08,0.0553850582248893,0.0758669319514255,0.0553850582248893
2017-05-09,-0.0191743968674986,-0.0016693802320377,-0.0191743968674984
2017-05-10,0.0046982089606011,0.0195479672832465,0.0046982089606011
2017-05-11,-0.0015951986507579,0.0221491858345865,-0.0015951986507579
2017-05-12,-0.0187943568755548,-0.0438045912978732,-0.0187943568755547
2017-05-13,0.0116113745221182,0.0357898256318747,0.0116113745221182
2017-05-14,0.0076945644540642,0.0063889937263112,0.0076945644540642
2017-05-15,-0.0033386736699109,-0.0099052388489543,-0.0033386736699108
2017-05-16,-0.0135488138979698,0.0048782744316369,-0.0135488138979698
2017-05-17,0.0161853429538669,0.0486789025961746,0.0161853429538669
2017-05-18,0.0422954885806972,0.0439356785846896,0.0422954885806974
2017-05-19,0.0475646939075247,0.0923252928442557,0.0475646939075247
2017-05-20,0.0305351170892582,0.0332692399880218,0.030535117089258
2017-05-21,0.0431101586228119,0.0361688800556985,0.0431101586228117
2017-05-22,0.0324823795663693,0.0523209145168086,0.0324823795663695
2017-05-23,0.0899031095091278,0.0839453749899403,0.089903109509128
2017-05-24,0.038609807829965,0.0508968395179241,0.0386098078299648
2017-05-25,-0.0160833126229942,-0.0697974431329606,-0.0160833126229942
2017-05-26,-0.0369002131685851,-0.0495753157998177,-0.036900213168585
2017-05-27,-0.0331146245464178,-0.0779468340118856,-0.0331146245464177
2017-05-28,0.0268130070405978,0.0703149789477264,0.026813007040598
2017-05-29,0.0270733618593248,0.060951213972038,0.0270733618593248
2017-05-30,0.0010880520430613,0.0043595545797052,0.0010880520430613
2017-05-31,0.0247965970378685,0.0567681610286145,0.0247965970378687
2017-06-01,0.021947130422528,0.0541187461872705,0.021947130422528
2017-06-02,0.012121234890716,0.0074027994431085,0.0121212348907158
2017-06-03,-0.0022903224245055,0.0078686647579904,-0.0022903224245054
2017-06-04,0.0067937990786179,0.0285805040405682,0.0067937990786182
2017-06-05,0.0279080337131658,0.0395322232079367,0.0279080337131656
2017-06-06,0.0283918802202138,0.0561453688968023,0.0283918802202136
2017-06-07,-0.0169700196408216,-0.0367588567534096,-0.0169700196408215
2017-06-08,0.0157160488806471,0.0250798223347055,0.0157160488806471
2017-06-09,0.0005588633204565,0.0212643389369349,0.0005588633204562
2017-06-10,0.0050534824514476,0.0743708796134827,0.0050534824514476
2017-06-11,0.0293510148637732,0.0202062061940413,0.0293510148637732
2017-06-12,-0.0268854288438025,-0.0168000911155004,-0.0268854288438025
2017-06-13,0.0136377959205822,0.0216235288332637,0.0136377959205822
2017-06-14,-0.025932353971982,-0.0751523145984653,-0.0259323539719821
2017-06-15,-0.0056113810079944,-0.0142175924292399,-0.0056113810079945
2017-06-16,0.0132381701385089,0.0257921628578283,0.0132381701385089
2017-06-17,0.0306730608970138,0.0536614287875358,0.0306730608970138
2017-06-18,-0.0051952826512412,-0.0265890369787757,-0.0051952826512411
2017-06-19,0.0116916123876953,0.0183087733597406,0.0116916123876955
2017-06-20,-0.0030952009764496,0.0216043862755064,-0.0030952009764497
2017-06-21,-0.0119920419321396,-0.0401663726532618,-0.0119920419321396
2017-06-22,0.0013205745563169,0.0037456782867346,0.0013205745563171
2017-06-23,0.0116801729311839,0.0235826092422062,0.0116801729311839
2017-06-24,-0.0145341580305702,-0.0500511903872932,-0.0145341580305701
2017-06-25,-0.0125598001148976,-0.0319102534772741,-0.0125598001148976
2017-06-26,-0.0246288494160066,-0.0739428505468601,-0.0246288494160066
2017-06-27,0.0055692260604647,0.0483011845436951,0.0055692260604645
2017-06-28,0.0199776775410902,0.0586049641435109,0.01997767754109
2017-06-29,-0.0155290176616144,-0.0418891886684957,-0.0155290176616142
2017-06-30,-0.0077168816674785,-0.0273240614711242,-0.0077168816674783
2017-07-01,-0.013103791505898,-0.0394158635288173,-0.0131037915058981
2017-07-02,0.0098586817282542,0.0451330490744226,0.0098586817282544
2017-07-03,0.004802244784678,0.0062780776678414,0.0048022447846782
2017-07-04,0.0094027651150911,0.0001095731569469,0.0094027651150911
2017-07-05,0.0030770237644368,-0.0045998200685731,0.0030770237644368
2017-07-06,0.0052787069522144,0.0036570890272678,0.0052787069522146
2017-07-07,-0.0341221857487115,-0.0632070013762975,-0.0341221857487116
2017-07-08,0.0151326523648502,0.0195905490509527,0.0151326523648502
2017-07-09,-0.0129060473398453,-0.0268361724417623,-0.0129060473398452
2017-07-10,-0.04190562218137,-0.0921599001335304,-0.0419056221813702
2017-07-11,-0.0192471424302471,-0.0439405492169853,-0.0192471424302471
2017-07-12,0.0454231637507802,0.0871624143480431,0.0454231637507804
2017-07-13,-0.019031697663684,-0.0403075102253833,-0.019031697663684
2017-07-14,-0.024285705348639,-0.0560414501772132,-0.0242857053486391
2017-07-15,-0.0362316293639377,-0.1087251402284273,-0.0362316293639378
2017-07-16,-0.0163420610493922,-0.0606946773766073,-0.016342061049392
2017-07-17,0.0634834383289713,0.1778968648817043,0.0634834383289713
2017-07-18,0.0188740396924322,0.0970631157560903,0.018874039692432
2017-07-19,-0.0211470131472993,-0.076260219600442,-0.0211470131472992
2017-07-20,0.050253332227633,0.1842866137936174,0.0502533322276332
2017-07-21,0.0001153946114833,-0.0364645917171958,-0.0030519807362465
2017-07-22,0.0,0.0564816171550071,0.0212564385085918
2017-07-23,0.0,-0.0226928037683509,-0.009400450583572
2017-07-24,0.0,0.0003860135414583,0.0029501258658748
2017-07-25,-0.025224017648851,-0.0714198465021065,-0.0242669894534317
2017-07-26,0.00173688329606,-0.0141396521373744,0.0017348566862516
2017-07-27,0.0062439412396098,0.0279503911275269,0.0062439442207058
2017-07-28,-0.0081351717570093,-0.0023806768100587,-0.0106778431153048
2017-07-29,0.0041343031423926,0.0125971770043851,0.0057543192531874
2017-07-30,-0.0091890383930938,-0.0162003401934036,-0.012776882773766
2017-07-31,0.0054305295528753,0.0329557375515277,0.0075577055341016
2017-08-01,0.0139718764791629,0.0037827571240922,0.0142771787525262
2017-08-02,-0.0023199249701831,-0.0108901270540391,-0.0023198334210874
2017-08-03,0.0161551846940695,0.0311785420672645,0.0161551846924559
2017-08-04,0.0047893606701474,0.0196554726853932,0.0047893606701627
2017-08-05,0.0300924423380639,0.1176412700150175,0.0300924423380639
2017-08-06,-0.0027480628675145,-0.0028050669208123,-0.0027480628675146
2017-08-07,0.0133500450140446,0.0367457196683753,0.0133500450140449
2017-08-08,0.0166641451392206,0.0430585586847422,0.0166641451392208
2017-08-09,-0.0022219233822577,-0.0153268702190508,-0.0022219233822577
2017-08-10,0.0117783929974406,0.0093514255700171,0.0117783929974404
2017-08-11,0.0061743961738385,0.055594545633707,0.0061743961738387
2017-08-12,-0.0006812232239966,0.0346207970040197,-0.0006812232239967
2017-08-13,-8.592333010626341e-05,0.0147607108459564,-8.592333010626341e-05
2017-08-14,0.007954431946934,0.0408964996652105,0.0079544319469337
2017-08-15,-0.0103624463097431,-0.0339171756968894,-0.010362446309743
2017-08-16,0.0140241174350841,0.0440910559673755,0.0140241174350839
2017-08-17,-0.0056124784863469,-0.0058686579373026,-0.0056124784863469
2017-08-18,-0.0102741112782273,-0.0377009154942489,-0.0102741112782273
2017-08-19,0.0224386033293468,0.0186410826841354,0.0224386033293471
2017-08-20,8.212789123129838e-05,-0.0076795382965823,8.212789123152042e-05
2017-08-21,0.0261397784943762,0.023073768710329,0.0261397784943762
2017-08-22,0.0061889031822943,0.0281083537412722,0.0061889031822943
2017-08-23,0.0190225767281289,0.0175842720570473,0.0190225767281289
2017-08-24,-0.0027745867664161,0.0238467939091144,-0.0027745867664162
2017-08-25,0.0065895916276841,0.0096898036665975,0.0065895916276843
2017-08-26,0.0142290678018215,0.0013237383111794,0.0142290678018215
2017-08-27,0.0069834881426829,0.0156948596173247,0.0069834881426831
2017-08-28,0.0025121939293881,0.0103233797378972,0.0025121939293881
2017-08-29,0.0014755668551376,0.040000888081338,0.0014755668551376
2017-08-30,0.0020805095633549,0.0086349984805611,0.0020805095633549
2017-08-31,0.0173527862986724,0.0350835300019887,0.0173527862986724
2017-09-01,0.0279049801295132,0.0322409353151886,0.0279049801295132
2017-09-02,-0.0280780196907547,-0.080412470205089,-0.028078019690755
2017-09-03,-0.0011439159619907,0.0068179916906654,-0.0011439159619903
2017-09-04,-0.0417043963646472,-0.1097616942511671,-0.0417043963646472
2017-09-05,0.0200281465972775,0.0488940754389539,0.0200281465972773
2017-09-06,0.0265858819811459,0.0646344130778571,0.0265858819811459
2017-09-07,0.0009866174462991,3.866326167756284e-05,0.0009866174462989
2017-09-08,-0.0333820244592356,-0.0878768209346176,-0.0333820244592355
2017-09-09,-0.0061637570976234,-0.0063518499072624,-0.0061637570976231
2017-09-10,-0.0100479451612149,-0.0245379259035716,-0.0100479451612148
2017-09-11,0.0056965016503252,0.0119247494089216,0.0056965016503252
2017-09-12,-0.0034032500270547,-0.0094833089891531,-0.0034032500270545
2017-09-13,-0.018399927625727,-0.0561535104909647,-0.0183999276257269
2017-09-14,-0.0814725267811518,-0.2039446209307535,-0.0814725267811519
2017-09-15,0.048098969127108,0.1516821331637778,0.048098969127108
2017-09-16,0.0025102760976447,-0.0043573908477005,0.0025102760976447
2017-09-17,0.0003901920470019,-0.0005322605961719,0.0003901920470019
2017-09-18,0.0380756385817078,0.1313342364982299,0.0380756385817078
2017-09-19,-0.0028133491267121,-0.0264391657995379,-0.0099381367536431
2017-09-20,-0.000757596073778,-0.0085167076563693,-0.0049331178859715
2017-09-21,-0.004650685174967,-0.081039634883857,-0.030325344021566
2017-09-22,-0.0002496277002836,0.0091102507599947,0.0063272326445644
2017-09-23,0.0,0.0512421020540478,0.0147358319351735
2017-09-24,0.0,-0.0226035323403844,-0.0076303874844531
2017-09-25,0.0,0.058436592031559,0.0251064588231646
2017-09-26,0.0,-0.0082101616063761,-0.0014718130788068
2017-09-27,0.0,0.0761540716229378,0.0300198596739831
2017-09-28,0.0,-0.0132967166905378,-0.0063500496125076
2017-09-29,0.0,-0.0225561637223296,-0.0111328987628791
2017-09-30,0.0,0.0371394821463471,0.0124873899475039
2017-10-01,0.0,0.0065302284119141,-0.0012301472273086
2017-10-02,0.0,-0.0028486028970938,-0.0047909410869684
2017-10-03,-0.0065238435942722,-0.0182092599813227,-0.0075645965710947
2017-10-04,-0.0035824915541312,-0.0131650020325163,-0.0045613465317171
2017-10-05,0.0054723301531018,0.0174282123150726,0.0069682892283982
2017-10-06,0.0023259665854973,0.0156400040190289,0.0024470185638745
2017-10-07,0.0052873719741315,0.0108988529625337,0.0052874205610566
2017-10-08,0.0024849001469764,0.0294930126302452,0.0024849001494613
2017-10-09,-0.0196515721005086,-0.0038976437484781,-0.0196515721005116
2017-10-10,0.0049253845065304,0.0056297811591885,0.0049253845065304
2017-10-11,0.0028347573212401,0.0086334466515418,0.0028347573212399
2017-10-12,0.0026491769551455,0.0732782266646283,0.0026491769551455
2017-10-13,0.0179010001305437,0.0539711483808618,0.0179010001305437
2017-10-14,0.0062408871224988,0.0166327069824716,0.006240887122499
2017-10-15,-0.0058566907195646,-0.0154433784439177,-0.0058566907195645
2017-10-16,-0.0005304972950925,0.0012283831635215,-0.0005304972950926
2017-10-17,-0.0005539119691596,-0.0171916063169634,-0.0005539119691597
2017-10-18,-0.0083721221172311,-0.0128941123572947,-0.008372122117231
2017-10-19,-0.006770542656955,-0.0027979196641221,-0.0067705426569552
2017-10-20,-0.0011854155170476,0.0279760015101122,-0.0011854155170475
2017-10-21,-0.0085952683136271,-0.0070261756099448,-0.0085952683136273
2017-10-22,-0.0010905318940558,-0.003119465846854,-0.0010905318940559
2017-10-23,-0.0074568146855032,-0.0206648184272111,-0.0074568146855034
2017-10-24,0.0128264813544345,-0.0192126385303864,0.0128264813544347
2017-10-25,-0.0008248651285325,0.0185306002353669,-0.0008248651285326
2017-10-26,-0.0012660613628885,0.0163406667194729,-0.0012660613628884
2017-10-27,8.341183243998351e-05,-0.0094378450092454,8.341183243998351e-05
2017-10-28,0.0001071118396012,0.0047990429163105,0.0001071118396012
2017-10-29,0.0123176031589413,0.0521334828725397,0.0123176031589413
2017-10-30,-0.0003791702711631,-0.006158016982947,-0.000379170271163
2017-10-31,-0.0023162368726401,0.0292968182942687,-0.0023162368726401
2017-11-01,-0.00417809701861,0.0300132146493887,-0.0041780970186102
2017-11-02,-0.0016419240274198,0.0312935164490106,-0.0016419240274195
2017-11-03,0.0328323905737915,0.0362462772861238,0.0328323905737912
2017-11-04,-0.008215033850013,0.0098521486457083,-0.0082150338500128
2017-11-05,0.0036600613864432,-0.0039691195145261,0.0036600613864432
2017-11-06,0.0151607555444348,-0.0237966078791217,0.0151607555444346
2017-11-07,0.0074883121312832,0.0120946483837087,0.0074883121312834
2017-11-08,0.03344922680516,0.0486755151223237,0.0334492268051598
2017-11-09,0.0131719660806464,-0.0159250303683803,0.0131719660806466
2017-11-10,-0.0103717074948647,-0.0450935485910966,-0.0103717074948648
2017-11-11,0.0377930391174508,0.0081182245178539,0.0377930391174508
2017-11-12,0.0209976182284272,-0.029986407644216,0.0209976182284272
2017-11-13,-0.0028524116958393,0.0615573987413942,-0.0028524116958392
2017-11-14,0.0116283419935847,0.0174869258986294,0.0116283419935847
2017-11-15,0.015267938380165,0.0641633634951885,0.015267938380165
2017-11-16,0.0091145422765064,0.0371829306505533,0.0091145422765062
2017-11-17,0.0269905496774991,0.012082984628597,0.0269905496774993
2017-11-18,0.01862094888466,0.0183008667320383,0.01862094888466
2017-11-19,0.001406813346793,0.0205453786564926,0.0014068133467932
2017-11-20,0.0187173831208913,0.0304444496483411,0.0187173831208913
2017-11-21,-0.0157378927160136,-0.018652223523452,-0.015737892716014
2017-11-22,0.0350170006242949,0.032228186265742,0.0350170006242951
2017-11-23,0.0089196797414405,0.0151399103002525,0.0089196797414403
2017-11-24,0.0291877292377717,0.0444456933922676,0.0291877292377717
2017-11-25,0.0336960726138666,0.0473249499790853,0.0336960726138666
2017-11-26,0.0031719652665733,0.0448446536749067,0.0031719652665731
2017-11-27,0.0322106520335425,0.0392071669753071,0.0322106520335423
2017-11-28,0.0564210659863297,0.0285410603155358,0.0564210659863297
2017-11-29,-0.0775765151926025,-0.0635049818437429,-0.0775765151926025
2017-11-30,0.0304284573057493,0.0462582141444476,0.0304284573057491
2017-12-01,0.0394996972529773,0.0634317945305285,0.039499697252977
2017-12-02,0.0017243978376106,0.0024368123680935,0.0017243978376106
2017-12-03,0.0139572024159226,0.0256990612808882,0.0139572024159229
2017-12-04,0.0241090269136294,0.029690353298597,0.0241090269136292
2017-12-05,0.0170449574471334,0.009995997931038,0.0170449574471331
2017-12-06,0.0022199600230894,0.0961318662056358,0.0022199600230892
2017-12-07,0.0097368665183268,0.1673675395466394,0.009736866518327
2017-12-08,0.0512987019581994,-0.0168279128258685,0.0512987019581994
2017-12-09,0.0126517034526845,-0.049503535096629,0.0126517034526842
2017-12-10,-0.0237334011147128,-0.0028447731455187,-0.0237334011147128
2017-12-11,0.0790912960872023,0.0991683956591944,0.0790912960872025
2017-12-12,0.1037103499549649,0.0914644521457253,0.1037103499549649
2017-12-13,0.0060994156809837,-0.00811097088406,0.0060994156809837
2017-12-14,0.0838536334304569,0.0672535627936554,0.0838536334304569
2017-12-15,-0.0039505220586731,0.0321025044238076,-0.003950522058673
2017-12-16,0.0267389979840411,0.075114739374976,0.0267389979840413
2017-12-17,0.0196470879732755,0.0060237516705996,0.0196470879732755
2017-12-18,0.0332558260458355,0.0341748259348739,0.0332558260458357
2017-12-19,0.0141923078606351,-0.0126874150606811,0.0141923078606351
2017-12-20,0.0443793139884294,0.0001161926160062,0.0443793139884294
2017-12-21,-0.0246805437656489,-0.0563741492406555,-0.0246805437656491
2017-12-22,-0.0801468539236418,-0.1452888733024997,-0.0801468539236416
2017-12-23,0.030425126469934,0.0568950841191693,0.0304251264699337
2017-12-24,-0.0219991364462673,-0.0360304316419719,-0.0219991364462672
2017-12-25,0.0129933733376732,0.0294815070255622,0.012993373337673
2017-12-26,0.0236609013633182,0.1133845033982638,0.0236609013633182
2017-12-27,-0.0024987849553802,-0.016710694669367,-0.0024987849553801
2017-12-28,-0.0185399202579412,-0.0711141915284842,-0.0185399202579412
2017-12-29,0.0176287798618313,0.0384545412673809,0.0176287798618313
2017-12-30,-0.0321465789606392,-0.1158793601061671,-0.0321465789606391
2017-12-31,0.0276704241760619,0.0934983474708501,0.0276704241760616
2018-01-01,0.0081635604357772,-0.0020109740017771,0.0081635604357772
2018-01-02,0.0302140922892835,0.0940107058717383,0.0302140922892837
2018-01-03,0.032759652062301,0.0847811448588322,0.0327596520623008
2018-01-04,-0.012078484811729,-0.0068066823021715,-0.0120784848117291
2018-01-05,-0.0017833421640274,0.0449422551770126,-0.0017833421640275
2018-01-06,0.0173079931538386,0.0322372234534309,0.0173079931538389
2018-01-07,0.005396359236244,0.0112650287412183,0.005396359236244
2018-01-08,-0.0093066507937263,-0.060153795583428,-0.0093066507937263
2018-01-09,0.0002838819343418,-0.0323715205928336,0.0002838819343418
2018-01-10,0.0011738944880759,0.0085119383050589,0.0011738944880759
2018-01-11,-0.0278068054572149,-0.0805492597635418,-0.0278068054572147
2018-01-12,0.0301524047797066,0.0808405850146494,0.0301524047797066
2018-01-13,0.0125575902735963,0.0304100166774958,0.0125575902735963
2018-01-14,-0.0203842757546455,-0.0620704416961559,-0.0203842757546454
2018-01-15,-0.0121009933256608,-0.0420916910726612,-0.0121009933256608
2018-01-16,-0.0636098916179096,-0.2190476592147914,-0.0636098916179095
2018-01-17,0.0045512171793857,0.0069447660408956,0.0045512171793857
2018-01-18,0.008682136047319,0.0540372924097691,0.008682136047319
2018-01-19,0.0056902500635152,0.0077869519522564,0.0056902500635154
2018-01-20,0.0268224918301327,0.1042451335980039,0.0268224918301327
2018-01-21,-0.0301428297849928,-0.1196102715636943,-0.0301428297849928
2018-01-22,-0.0150496469916002,-0.0456504980098304,-0.0150496469916
2018-01-23,-0.0040159789709405,-0.0200331387354201,-0.0040159789709406
2018-01-24,0.0005244563160966,0.0031818172477595,0.0005244563160964
2018-01-25,0.0095635550864243,0.0283359065708295,0.0095635550864243
2018-01-26,-0.002099183627873,-0.0203014667393237,-0.0028256723088591
2018-01-27,0.0,0.0196695397287136,0.0039687524484381
2018-01-28,0.0,0.0717104640207866,0.0154875651878234
2018-01-29,0.0,-0.0491159699580021,-0.0118816751588091
2018-01-30,0.0,-0.1187634244590343,-0.0325037357256023
2018-01-31,0.0,0.0174895067148441,0.0053085015500022
2018-02-01,0.0,-0.1101331811939509,-0.0341456526038927
2018-02-02,0.0,-0.0716069737545017,-0.0164564427576422
2018-02-03,0.0,0.0597812001002955,0.0215658614007141
2018-02-04,0.0,-0.1137754327669049,-0.0283892643735158
2018-02-05,0.0,-0.1717560773665259,-0.0443567473990543
2018-02-06,0.0054734553146076,0.133874823404849,0.0334933436898021
2018-02-07,-0.0018387537531165,-0.0380278215440017,-0.0104044113993488
2018-02-08,0.0044511154061877,0.10316096751996,0.0254395714299933
2018-02-09,0.0158532495731131,0.0687505617890873,0.0171139337265844
2018-02-10,-0.0028503279831303,0.0011872361249436,-0.0028485002714921
2018-02-11,-0.0135447493585435,-0.0568802547901339,-0.0135447503433168
2018-02-12,0.0177936444633652,0.0795014289370468,0.0177936444654502
2018-02-13,-0.0057009545198662,-0.0299897695896735,-0.0057009545198671
2018-02-14,0.0321989098562109,0.1100120697675224,0.0321989098562109
2018-02-15,0.0044110113524571,0.0323822699492941,0.0044110113524569
2018-02-16,0.0053927196000673,0.0183639415897727,0.0053927196000675
2018-02-17,0.00994064355356,0.0555400681801032,0.00994064355356
2018-02-18,-0.0167910919270407,-0.0550559205926417,-0.0167910919270406
2018-02-19,0.0091121206256181,0.0410333004650107,0.0091121206256179
2018-02-20,-0.0119475234906257,-0.0222854880781848,-0.0119475234906256
2018-02-21,-0.0155812871877303,-0.0626338053224316,-0.0155812871877304
2018-02-22,-0.0160912695101501,-0.0617371278393854,-0.0160912695101501
2018-02-23,0.0098716601790831,0.0501899494055324,0.0138455147182849
2018-02-24,-0.0067034017263576,-0.0414654239579203,-0.009215194398867
2018-02-25,0.002092332820911,-0.0022504726507313,0.0028790647735357
2018-02-26,0.0068788793486964,0.0458034820429662,0.0094630015764336
2018-02-27,0.0047241615898632,0.0202315841891485,0.005037198550448
2018-02-28,-0.0120262409178232,-0.0349895513321967,-0.0120261341033781
2018-03-01,0.0064082066185247,0.0345890888865445,0.0064082065337234
2018-03-02,-0.0052080235368343,-0.0005177460230739,-0.0052080235368298
2018-03-03,0.0014381380400469,0.0160378659016484,0.0014381380400472
2018-03-04,0.0063289760635538,0.0164624737361862,0.0063289760635536
2018-03-05,-0.0057685811605252,-0.0116837172001585,-0.0057685811605251
2018-03-06,-0.0182870702224799,-0.0621342862914974,-0.0182870702224798
2018-03-07,-0.019988583034151,-0.0690209330547407,-0.019988583034151
2018-03-08,-0.0180801902443249,-0.0578778763393544,-0.0180801902443252
2018-03-09,0.0032348761605147,0.0086443604557875,0.0032348761605149
2018-03-10,-0.0158131273946078,-0.0523245535331663,-0.015813127394608
2018-03-11,0.0174779923433152,0.0651894039931226,0.0174779923433152
2018-03-12,-0.0107326552896633,-0.0365363687027702,-0.0107326552896633
2018-03-13,-0.0023716949168338,-0.005725423013469,-0.0023716949168338
2018-03-14,-0.0314797250125185,-0.1079734240574752,-0.0314797250125185
2018-03-15,-0.0046431135037358,-0.003032377041472,-0.0046431135037359
2018-03-16,-0.0028083466543947,-0.00392218618085,-0.0028083466543946
2018-03-17,-0.0197795865782214,-0.061682559387498,-0.0197795865782216
2018-03-18,0.0050611215160472,0.0092123295481878,0.0050611215160472
2018-03-19,0.0332540713584281,0.0726462092827677,0.0332540713584279
2018-03-20,0.0028111026821249,0.0223945966458736,0.0096554242278774
2018-03-21,0.0003163055845254,0.0067514495110359,0.0010704917101675
2018-03-22,-0.0028958142674062,-0.0329886072117716,-0.0098383313612143
2018-03-23,-0.0047339406362927,0.0003301330922349,-0.0036243723774244
2018-03-24,-0.0061814081528611,-0.0192808823987286,-0.0061846863620316
2018-03-25,-0.0025397923827513,-0.0150500800845606,-0.0025397930562759
2018-03-26,-0.0205688930799463,-0.0499787003331164,-0.0205688930799945
2018-03-27,-0.0118904632471535,-0.0533028017593397,-0.0177248576292727
2018-03-28,0.0011332813152029,0.0068419536782942,0.0017653454145738
2018-03-29,-0.0224469682703801,-0.1102959011144359,-0.0348186056057401
2018-03-30,-0.0019617631104387,-0.0176449306890018,-0.0017779317183165
2018-03-31,0.0022715848493626,0.0071298567048532,0.002271522023207
2018-04-01,-0.0124354843447436,-0.0308429951410209,-0.0124354842833639
2018-04-02,0.0112227875221446,0.031050759923193,0.0112227875220725
2018-04-03,0.0039890207102133,0.0704643253715531,0.0279488317723828
2018-04-04,-0.0055758325909129,-0.0864486744170369,-0.0325182009767468
2018-04-05,-9.979256091119382e-05,-0.0009418771125364,-0.0005519059492946
2018-04-06,-0.0002443447455092,-0.0324170601797111,-0.0133698180106766
2018-04-07,0.0,0.0361371348340238,0.0111899011086684
2018-04-08,0.0,0.0222392330004062,0.0100005871171098
2018-04-09,0.0,-0.0233064389178757,-0.0049779771737178
2018-04-10,0.0,0.0168053858254655,0.0061555340561092
2018-04-11,0.0,0.0385779179906742,0.0304072740052838
2018-04-12,0.0,0.1311422070158558,0.0583483557537081
2018-04-13,0.0,0.0055545252962254,-0.002629016931743
2018-04-14,0.0,0.0054508993737343,0.0043568675773404
2018-04-15,0.0,0.0588409392621915,0.0310006679422774
2018-04-16,0.0,-0.0286023896390346,-0.0074513059925324
2018-04-17,0.0,-0.0127985217523212,-0.0014366491711569
2018-04-18,0.0,0.0515773963574177,0.0357757922278367
2018-04-19,0.0,0.0456939388040604,0.0218652003208363
2018-04-20,0.0,0.0871633045365314,0.0420483418919508
2018-04-21,0.0,-0.007643036433062,-0.0103763383614707
2018-04-22,0.0,0.0015576389694145,0.0014914329186401
2018-04-23,0.0,0.0313554966686768,0.0190663591192636
2018-04-24,0.03177027993211,0.0858455365779107,0.0333394226702656
2018-04-25,-0.0489968372082227,-0.1070540282703971,-0.048994635131744
2018-04-26,0.0333926604879581,0.0631414897800008,0.0333926589101465
2018-04-27,-0.0115940352760608,-0.0305263080728306,-0.011594035277116
2018-04-28,0.0275478611427915,0.0508924022598304,0.0275478611427919
2018-04-29,0.0164837325805713,0.0183753446264478,0.0164837325805713
2018-04-30,-0.0208124674280124,-0.0329095228913284,-0.0208124674280125
2018-05-01,0.0044441369684165,-0.0001373271413683,0.0044441369684165
2018-05-02,0.0089835906769206,0.0236967724617138,0.0089835906769204
2018-05-03,0.0138018047582459,0.0568433556417449,0.0138018047582457
2018-05-04,-0.0006858836467968,-0.0030037222324894,-0.000685883646797
2018-05-05,0.0125075743056959,0.031807148360307,0.0125075743056961
2018-05-06,-0.0099962531578635,-0.0236599529911758,-0.0099962531578635
2018-05-07,-0.0147848007987203,-0.0381040628207703,-0.0147848007987203
2018-05-08,-0.0059517659274312,-0.0120320813972971,-0.0059517659274312
2018-05-09,-0.0035710696569559,0.0008122384411195,-0.0035710696569559
2018-05-10,-0.0212252527725457,-0.0404372667052763,-0.0212252527725458
2018-05-11,-0.0358041783392241,-0.0815773364337582,-0.0358041783392241
2018-05-12,0.0112871002965939,0.0155610129485814,0.0112871002965939
2018-05-13,0.0166386804251368,0.039719665594847,0.0166386804251368
2018-05-14,-0.0023037104066935,-0.0022572545686286,-0.0023037104066935
2018-05-15,-0.0188389964974063,-0.0389287670231346,-0.0188389964974063
2018-05-16,-0.0041631178014531,-0.0142812022912887,-0.004163117801453
2018-05-17,-0.018909851110908,-0.0416421754445324,-0.0189098511109083
2018-05-18,0.0089694559878672,0.021772018432002,0.0089694559878674
2018-05-19,-0.0022240116095209,-0.0025772344145202,-0.0022240116095207
2018-05-20,0.0204232167203755,0.0411565149952162,0.0204232167203755
2018-05-21,-0.0075569496252444,-0.0194421265306864,-0.0075569496252446
2018-05-22,-0.0263651182097093,-0.0585571084414343,-0.0263651182097092
2018-05-23,-0.0323533535862896,-0.0764862711377289,-0.0323533535862896
2018-05-24,0.0164049286699599,0.0263207395461033,0.0164049286699599
2018-05-25,-0.0094953162323657,-0.0196964992854847,-0.0094953162323658
2018-05-26,-0.0020283325129117,-0.0090746967472443,-0.0020283325129117
2018-05-27,-0.004110224329243,-0.0070554471566616,-0.0041102243292431
2018-05-28,-0.0302264701430406,-0.06248683614927,-0.0302264701430406
2018-05-29,0.0337309405292494,0.0698170717512769,0.0337309405292494
2018-05-30,-0.0030072194845452,-0.0064892489206296,-0.0030072194845454
2018-05-31,0.0097623473212258,0.0201391554654708,0.0097623473212256
2018-06-01,0.0010148294226119,0.0038911320436203,0.0014280524436955
2018-06-02,0.0117979551501989,0.025484697256102,0.0143422350902167
2018-06-03,0.0075478918335305,0.0268269218925385,0.0091784102945096
2018-06-04,-0.0119111071011138,-0.0335206587555927,-0.0144828138571423
2018-06-05,0.0046701576073564,0.0210848782701356,0.0092226679737847
2018-06-06,-0.0029727981849251,-0.0094496095634927,-0.005589082563709
2018-06-07,0.0015273518843974,0.0097576510879631,0.0028761694015857
2018-06-08,-0.0041963128943047,-0.0079990715101672,-0.0050507372142609
2018-06-09,-0.0034666864860113,-0.008046861549339,-0.0044576275364325
2018-06-10,-0.0418340857847372,-0.1181682417504084,-0.0537983576928497
2018-06-11,0.0043414767146774,0.0099159224688594,0.0056049331260072
2018-06-12,-0.0194007072169177,-0.0588418388759421,-0.0313396014034969
2018-06-13,-0.0109586749839761,-0.0391564863716165,-0.017852191647613
2018-06-14,0.0194302926076055,0.0681634167776159,0.0316893248338496
2018-06-15,-0.0178240625708564,-0.0367789185502058,-0.0175427729291342
2018-06-16,0.0003968064939217,0.0037597391354948,0.0003964038479526
2018-06-17,-0.004412795414969,-0.0071317201467587,-0.0044127955799071
2018-06-18,0.012450440079152,0.0347352706867398,0.0124504400792611
2018-06-19,0.0071153070937823,0.0139613054317053,0.0071153070937823
2018-06-20,-0.0041321567803286,-0.0037757183934089,-0.0041321567803287
2018-06-21,-0.0044901729148343,-0.0086884100715354,-0.0044901729148343
2018-06-22,-0.0310291192702008,-0.1078951121556871,-0.0507030030522285
2018-06-23,0.0017173670064156,0.0120106439248686,0.0028557440636554
2018-06-24,-0.0080279199802684,-0.018578339517833,-0.0132174521779879
2018-06-25,0.0040603666366436,0.0136279523671534,0.0066920252252007
2018-06-26,-0.0006844368217486,-0.0435722396894907,-0.0287268465446277
2018-06-27,0.0,0.0127056049991365,0.0123798172524438
2018-06-28,0.0,-0.0397586840495715,-0.0245755312504706
2018-06-29,0.0,0.0308292968575056,0.0133345519851697
2018-06-30,0.0,0.0451412641567265,0.0246986758682286
2018-07-01,0.0,-0.0005323351100476,0.0059698133867858
2018-07-02,0.0,0.046897971327001,0.0268995073124089
2018-07-03,0.0,-0.0144352698042475,-0.0080031506566466
2018-07-04,0.0,0.0118233841171555,0.0073508227490342
2018-07-05,0.0,-0.0146492572318521,-0.0130989137324144
2018-07-06,0.0,0.0035666721383464,-0.0033924500222753
2018-07-07,0.0,0.0203813660806151,0.0087358660379497
2018-07-08,0.0,-0.0002289565276771,-0.0016688501796228
2018-07-09,0.0,-0.018000999132762,-0.0137824313354626
2018-07-10,-0.0308145095871513,-0.0623669359485822,-0.0306440175553935
2018-07-11,0.0056478485010786,0.0128725203722097,0.0057729425602854
2018-07-12,-0.0142317956503725,-0.0301057105438875,-0.014548199946279
2018-07-13,0.0079234011505231,0.0081740134814025,0.0122536700687212
2018-07-14,0.0018282419660995,0.0054894203443478,0.0028118488519199
2018-07-15,0.010416660961027,0.0245182934241079,0.0160244066198005
2018-07-16,0.0247723884348187,0.0657552131528431,0.0381193635195318
2018-07-17,0.0089521621202013,0.0754703279991737,0.032013949036691
2018-07-18,-1.0458149228398383e-05,-0.0106212474736401,-7.722997502290774e-06
2018-07-19,-0.0017030157828675,-0.0026185698839249,-0.0057781566579998
2018-07-20,-0.011157737546026,-0.0352773773186604,-0.0292784324427789
2018-07-21,0.0047202079399775,0.0185536294799533,0.0124803686339685
2018-07-22,-0.001664075255552,-0.0055053246860546,-0.0043834811513306
2018-07-23,-0.0008759131654534,0.017547896797383,-0.0023113439524258
2018-07-24,0.031350845134574,0.069247688578202,0.0320400505809661
2018-07-25,-0.0011535581732484,-0.0106883498149297,-0.0011529777627699
2018-07-26,-0.0193089569712986,-0.0306678486095657,-0.0193064140594271
2018-07-27,0.0057496138021828,0.0213271729098449,0.0069366471582397
2018-07-28,4.939545226556597e-05,0.0014605146307842,5.811575240688427e-05
2018-07-29,0.0014113093462344,0.000838929378587,0.0016452696226652
2018-07-30,-0.0144160728954075,-0.0163526750074219,-0.016804395897472
2018-07-31,-0.023808985917094,-0.0490913362981505,-0.0235711214807436
2018-08-01,-0.0076066550787919,-0.0183668426583348,-0.0076078854129388
2018-08-02,-0.013910563533216,-0.0148015758932085,-0.0139123856804102
2018-08-03,0.0014894134053038,-0.0055301075603185,0.003681143103029
2018-08-04,-0.013876718423301,-0.046030791484814,-0.0242060441284311
2018-08-05,0.0065477664595576,0.0078818139196061,0.0114399595183585
2018-08-06,-0.0095478700510294,-0.0186096130879713,-0.0166529187326186
2018-08-07,-0.0095114270071924,-0.042843842204472,-0.0268171445283902
2018-08-08,-0.0186397801441459,-0.0794874850034841,-0.0536804796532552
2018-08-09,0.0084882115406852,0.0434483424011107,0.0245804859213158
2018-08-10,-0.0053375797603466,-0.0654075714557259,-0.036240378705991
2018-08-11,-0.0018230314061536,-0.0053184359395002,-0.014577098375835
2018-08-12,0.0001586104549273,0.003534412537314,0.0012534926091023
2018-08-13,-0.004833018728551,-0.0425284985013871,-0.0387478754018848
2018-08-14,-0.0001740804848241,-0.0211754850955777,-0.0183517275086319
2018-08-15,0.0,0.0182559100161177,0.0099079531428782
2018-08-16,0.0,0.0090502614264287,0.0064631906227581
2018-08-17,0.0,0.0880608024324853,0.0765251008735579
2018-08-18,0.0,-0.0492731759251381,-0.0411447078330287
2018-08-19,0.0,0.0213598092187012,0.017693010348921
2018-08-20,0.0,-0.0558002480854497,-0.0399105357039591
2018-08-21,0.0,0.0327630397844658,0.0160047975829311
2018-08-22,0.0,-0.026760850171824,-0.0181782844458222
2018-08-23,0.0,0.0251985770479601,0.0146540958740524
2018-08-24,0.0020985531382904,0.0229246054541645,0.0096560013556814
2018-08-25,0.0005154253386574,0.0017489344983045,0.0020795459447251
2018-08-26,-0.0011037196910878,-0.0095895862378434,-0.0044304316078203
2018-08-27,0.0074201401146873,0.0383410513650857,0.0297980517488125
2018-08-28,-0.0002321196109056,0.0357688369169661,0.0242996831215265
2018-08-29,0.0,-0.0123559449495699,-0.009192099150595
2018-08-30,0.0,-0.0142095373315211,-0.0098119634822871
2018-08-31,0.0016627258783288,0.0054648406394595,0.0052157823516019
2018-09-01,0.0110123449108563,0.0363525299361346,0.0252724313018477
2018-09-02,-0.0001039827908078,0.0074326808297318,-0.0002203336087535
2018-09-03,-0.0033074906149178,-0.0084583146159632,-0.0075908829901315
2018-09-04,0.0026941898124495,0.0071454406179494,0.0059142644402663
2018-09-05,-0.0339654513986142,-0.1208520216019193,-0.0742813565833324
2018-09-06,0.0015705560278558,-0.0114440903161804,0.0034926661641017
2018-09-07,-0.0092782032634944,-0.025603849654422,-0.0158256206540571
2018-09-08,-0.0141355323399448,-0.0453227058647722,-0.0243094087623459
2018-09-09,0.0021783041671545,0.0072968855717254,0.0037621563880665
2018-09-10,-0.000997235494722,0.0028642939891867,-0.0017153247801326
2018-09-11,-0.0112153911464472,-0.0186048397758463,-0.0105806441433545
2018-09-12,-0.0031958817147612,0.0039971237476856,-0.0031965637060882
2018-09-13,0.0293380882143419,0.050975354128665,0.0293380894444517
2018-09-14,-0.0016899764649804,-0.0025772432581343,-0.001607488257282
2018-09-15,0.0031976297825024,0.0139347025324534,0.0063551415768614
2018-09-16,0.0001084468579402,-0.0039185905390145,0.0002225873800569
2018-09-17,-0.0154786971946415,-0.053220817368528,-0.0307815754874385
2018-09-18,0.0192347961484669,0.03845275794337,0.0263476117149266
2018-09-19,0.0018861219500818,0.0049004692575409,0.0025539758691657
2018-09-20,0.0343910449347657,0.0584875374347311,0.0463743012935364
2018-09-21,0.0380807340772035,0.0704243543747573,0.0382071832163251
2018-09-22,-0.009866995325226,-0.0116583974749446,-0.0098667868370316
2018-09-23,0.0147250500556448,0.00898491257676,0.0147250499865201
2018-09-24,-0.0279287065723662,-0.0411678824637756,-0.0279287065723994
2018-09-25,-0.0046920242644912,-0.0199249195388335,-0.006597888580999
2018-09-26,0.0019870286898853,0.0071466540395805,0.0030274357233195
2018-09-27,0.0176004298459444,0.0436833431542358,0.0267890109299557
2018-09-28,-0.0037984123364274,-0.0123977344699921,-0.0086124975796423
2018-09-29,0.0006091864520183,0.0061908846311133,0.0014616559427398
2018-09-30,0.0005763313295219,0.0033581802030651,0.0013881986982453
2018-10-01,-0.000912756110065,-0.0042979900173074,-0.0021984249620057
2018-10-02,-0.0096523617054387,-0.0231953339529142,-0.0091582051919094
2018-10-03,-0.0070223846726104,-0.0066025535914384,-0.0070228053559381
2018-10-04,0.0041819207816717,0.0086193229966688,0.0041819208741722
2018-10-05,0.0004436878472733,0.0078732370013359,0.0043942606030891
2018-10-06,-0.001542512390203,-0.0154581970826994,-0.0064324637326481
2018-10-07,0.0004873007558172,0.0015955583173719,0.0020386900681965
2018-10-08,0.0018772038580385,0.0133817094509149,0.0078344509752563
2018-10-09,-0.0001808707318312,-0.0060582259865999,-0.0038246237435467
2018-10-10,0.0,-0.012465950459114,-0.0046597877119021
2018-10-11,0.0,-0.0917870101402067,-0.056471623421656
2018-10-12,0.0104085035202834,0.0235670533010554,0.0105398050105767
2018-10-13,0.0054579601605373,0.0073491192540524,0.0054585075709765
2018-10-14,-0.0096811451742128,-0.010700232073285,-0.009681145149333
2018-10-15,0.024761070163787,0.0556288996034233,0.0247610701637763
2018-10-16,0.0006570953262663,0.0032910172521167,0.0006570953262665
2018-10-17,-0.0011065592436444,-0.0039031133349803,-0.0011065592436447
2018-10-18,-0.0093281506316024,-0.0133037316689834,-0.0093281506316023
2018-10-19,0.0011567049451131,-0.0024846892909868,0.0011567049451131
2018-10-20,0.0025630014043349,0.0046533071848531,0.0025630014043347
2018-10-21,-0.0004770902402699,0.0001133165713875,-0.0004770902402697
2018-10-22,-0.0019229338031535,-0.003020475244451,-0.0019229338031536
2018-10-23,-0.0013599116701584,-0.0038361292933442,-0.0013599116701584
2018-10-24,-0.0019312232376873,-0.0018948968554831,-0.0019312232376873
2018-10-25,-0.0015317960555961,-0.00190083160133,-0.0015317960555962
2018-10-26,-0.00120508349953,0.0002346038473308,-0.0014429043813766
2018-10-27,-0.0026825058052873,-0.0024355816293919,-0.0034692051960276
2018-10-28,0.0013147988708632,0.0012088076303364,0.0017005673279615
2018-10-29,-0.016772569774874,-0.0321163765024006,-0.0216904733028772
2018-10-30,0.0015452189577291,0.0064778604966573,0.0061099936841022
2018-10-31,0.0010142620117208,0.0050127394458363,0.0035173835587949
2018-11-01,0.0015793180770384,0.0106732396722333,0.0054754737509759
2018-11-02,0.0139805882083363,0.0126205364058178,0.0143425744594727
2018-11-03,-0.001426432378156,-0.0030823296415273,-0.0014264458806592
2018-11-04,0.0293120884922915,0.029020874872734,0.029312088462194
2018-11-05,-0.0020726023320843,0.0003855102135212,-0.0020726023320926
2018-11-06,0.0264704574997853,0.0276281037892689,0.0264704574997856
2018-11-07,-0.0067651349778405,0.0039658427378397,-0.0067651349778407
2018-11-08,-0.0150328892681657,-0.0213665979972421,-0.0150328892681657
2018-11-09,-0.0005310613971584,-0.0105859204957179,-0.0090041082906917
2018-11-10,0.0,0.003507979332425,0.0017170432522428
2018-11-11,0.0,0.000524064199824,0.0028312539645638
2018-11-12,0.0,-0.0051811517140023,-0.0060911257383939
2018-11-13,-0.009384050186652,-0.0047508363464946,-0.0084713163892599
2018-11-14,-0.0700458963203018,-0.1002493275390205,-0.0700457556120952
2018-11-15,-0.0078373258452121,-0.0142364208382578,-0.0078373245757394
2018-11-16,-0.0138068418214312,-0.0162259341321691,-0.0138068418209728
2018-11-17,0.0048034221126755,0.007173169546224,0.0048034221126751
2018-11-18,0.0022188779047376,0.0043890523240202,0.0022188779047374
2018-11-19,-0.0748514252391104,-0.1311265138520364,-0.0748514252391104
2018-11-20,-0.0567704605321355,-0.0902413298400174,-0.0567704605321357
2018-11-21,0.0198996077688298,0.0302678508440759,0.01989960776883
2018-11-22,-0.0389008351941284,-0.0615680363945404,-0.0389008351941286
2018-11-23,-0.0032384044338085,-0.0065909803372861,-0.0032384044338087
2018-11-24,-0.0570715115499387,-0.1055507283487695,-0.0570715115499388
2018-11-25,0.0077371278057321,0.0250479746923506,0.0077371278057321
2018-11-26,-0.028644492977935,-0.0517835043285629,-0.028644492977935
2018-11-27,-0.00342761215925,0.0075949662503664,0.0050179972197346
2018-11-28,0.0,0.1056950335932453,0.0612766093159991
2018-11-29,0.0,-0.005036406277285,-0.0066218954846622
2018-11-30,0.0,-0.0561368457588178,-0.0266810408577857
2018-12-01,0.0,0.0398035088545472,0.0200927822092118
2018-12-02,0.0,-0.0142085973810331,-0.0077026184157681
2018-12-03,0.0,-0.0607026422702459,-0.0310989374930363
2018-12-04,0.0,0.0078945098773559,-0.0044034520868042
2018-12-05,0.0,-0.0526225044518875,-0.0325647173999656
2018-12-06,0.0,-0.0768684516160419,-0.0480764190987218
2018-12-07,0.0,-0.0244267102769688,-0.0104654976586878
2018-12-08,0.0,0.0093125553492972,0.0039122298204818
2018-12-09,0.0,0.0339851065363829,0.01745815545682
2018-12-10,0.0,-0.0358900667044294,-0.018308573689091
2018-12-11,0.0,-0.0223179126705529,-0.013544125787829
2018-12-12,0.0,0.0239301165764442,0.0131674111899684
2018-12-13,0.0,-0.0458416470264716,-0.0239224608446676
2018-12-14,0.0,-0.0288232324591254,-0.0164377273607351
2018-12-15,0.0,-0.0006125738345412,-0.0005728494361538
2018-12-16,0.0,0.0107235054890397,0.0120563666414985
2018-12-17,0.0,0.0988182597336704,0.0590695107334262
2018-12-18,0.0,0.0538713088873146,0.0290746344990611
2018-12-19,0.0,0.0117278113812815,0.0084048616403957
2018-12-20,0.0,0.1194576901006367,0.0689701436509648
2018-12-21,0.0,-0.0506345737006062,-0.0072191771719403
2018-12-22,0.0,0.0302134366949793,0.0122324156891457
2018-12-23,0.0,0.0187573768310576,0.0148813874805702
2018-12-24,0.0,0.0277358872866151,0.0088622547099783
2018-12-25,0.0,-0.0656178548892457,-0.0278484621236225
2018-12-26,0.0,0.0094702247099804,0.0026027748403396
2018-12-27,0.0,-0.0694066763996319,-0.0357823586826637
2018-12-28,0.0,0.093959169723115,0.0451667108174573
2018-12-29,0.0,-0.0184513570190686,-0.0073407340170187
2018-12-30,0.0,0.009042333224787,0.0033140626528589
2018-12-31,0.0,-0.0375876405450117,-0.0176555411409976
2019-01-01,0.0,0.0367238406927878,0.0161367724548195
2019-01-02,0.0,0.0372636401615344,0.0169973359111772
2019-01-03,0.0,-0.0333935229453874,-0.0156943712129455
2019-01-04,0.0,0.013573269383287,0.0079288011067693
2019-01-05,0.0,-0.0018412935061536,0.0040600516732061
2019-01-06,0.0,0.0483395391430621,0.01933577056672
2019-01-07,0.0,-0.0155017125986138,-0.0049527228308449
2019-01-08,0.0,0.0009106761290116,0.0065384558160355
2019-01-09,0.0,0.0032134331743831,0.0068347888001645
2019-01-10,0.0,-0.1049798970666561,-0.0434083788862318
2019-01-11,0.0,-0.0038580733705959,-0.0053840802941673
2019-01-12,0.0,-0.0004259953327502,0.0011826541945585
2019-01-13,0.0,-0.0424239537286357,-0.0205503817726562
2019-01-14,0.0,0.0576912279220422,0.0281542316524716
2019-01-15,0.0,-0.025791779337689,-0.0112421924793048
2019-01-16,0.0,0.0074827602305915,0.0048620608488774
2019-01-17,0.0,0.0067404800883672,0.0032810352571213
2019-01-18,0.0,-0.0144334104764375,-0.0073216836462359
2019-01-19,0.0,0.02411056557164,0.0072227572714811
2019-01-20,0.0,-0.0423287315539672,-0.0149267040766061
2019-01-21,0.0,-0.0066600812398546,-0.0005027588286865
2019-01-22,0.0,0.0161956261198885,0.0086475450832108
2019-01-23,0.0,-0.0056539286852624,-0.0014428408192607
2019-01-24,0.0,0.00241329411258,0.0010155915675909
2019-01-25,0.0,-0.0070117285169427,-0.0035020414924507
2019-01-26,0.0,-1.9171279954322e-05,0.000614284261251
2019-01-27,0.0,-0.012478943100961,-0.0083405232674569
2019-01-28,0.0,-0.0405552309107912,-0.024443657643014
2019-01-29,0.0,-0.0091636049303805,-0.0049680702473597
2019-01-30,0.0,0.0302223483545156,0.0167753028978929
2019-01-31,0.0,-0.0150953907471286,-0.011316871119701
2019-02-01,0.000110791610749,0.0063406792291447,0.0042785264644129
2019-02-02,0.0002728212933298,0.0128114788370488,0.0089000073745582
2019-02-03,-0.0003245523167998,-0.0195346687050737,-0.010577662042231
2019-02-04,8.288620471308406e-06,-1.831217228720483e-05,0.0002786234495919
2019-02-05,-2.7744509662475103e-05,0.0005164382997093,-0.0028520412020327
2019-02-06,0.0,-0.0204123658203175,-0.0092905530776803
2019-02-07,0.0,-0.0045636843548564,-0.00155276099899
2019-02-08,0.0,0.0893439775605338,0.0514198515081958
2019-02-09,0.0,0.0034329708906437,0.0016824466185088
2019-02-10,0.0,0.0085472133503474,0.0058370373004454
2019-02-11,0.0,-0.0209526733467917,-0.0148848722175882
2019-02-12,0.0,0.0031603753251943,0.0034038342503304
2019-02-13,0.0,-0.0060328791974796,-0.0050350120442593
2019-02-14,0.0,-0.0069160885974319,-0.006098155894885
2019-02-15,0.0,0.0069355080118473,0.0053612184986824
2019-02-16,0.0,0.0009568838000368,-8.478074948692349e-05
2019-02-17,0.0,0.0182117645603476,0.0065321822302657
2019-02-18,0.0,0.0717478157324813,0.0389347602166978
2019-02-19,0.0,0.0064978931940216,0.0045311506482628
2019-02-20,0.0,0.0152468281335471,0.0118060028412876
2019-02-21,0.0,-0.0142096936469128,-0.0126057383113364
2019-02-22,0.0,0.0193674825687142,0.010755139809689
2019-02-23,0.0,0.0433768985529041,0.0236194123129116
2019-02-24,0.0,-0.0937461410397898,-0.0554385960502696
2019-02-25,0.0,0.0307509361980842,0.0221007274417679
2019-02-26,-0.0016898697026928,-0.0111068458147963,-0.0016886621339121
2019-02-27,-0.0044287307743221,-0.0051542596102965,-0.0069282688044163
2019-02-28,-0.0002353645106017,0.0024260435865213,-0.0003679163503764
2019-03-01,-0.0006429278810252,-0.0008837304829693,-0.000851722404592
2019-03-02,-0.000855160822375,0.0006745667936103,-0.0030756692970713
2019-03-03,0.0008025717359789,0.004381389078127,0.0028863119518816
2019-03-04,-0.0050152062095386,-0.0351350866201929,-0.0180386157118063
2019-03-05,-0.0001231625943406,0.0440718837013627,0.0381060585348342
2019-03-06,0.0,0.0065696677528102,0.0034802096939394
2019-03-07,0.0,0.0010806343551332,0.0006978583947898
2019-03-08,0.0,-0.0109341055864453,-0.0112886347096864
2019-03-09,0.0,0.0189054679258269,0.0138158411084428
2019-03-10,0.0,-0.0062429241950862,0.0032099737895221
2019-03-11,0.0,-0.0095497216729629,-0.0074814491584905
2019-03-12,0.0079943068541026,0.0076714454613056,0.0093737028365432
2019-03-13,-0.001037332029774,-0.0014134089843427,-0.0010370426955652
2019-03-14,0.0022982313325325,0.0008628791085376,0.002298231097318
2019-03-15,0.0128937393367873,0.0134504844686684,0.0128937393368564
2019-03-16,0.021579636471301,0.0274708877506277,0.0215796364713005
2019-03-17,-0.0064851582765081,-0.0076005558429762,-0.0064851582765081
2019-03-18,0.003271957398647,0.0025801293118281,0.0032719573986468
2019-03-19,-0.0014654355047059,0.0029064791656048,-0.0014654355047055
2019-03-20,0.0016531049868291,0.0073171440206754,0.0016531049868293
2019-03-21,-0.0177405457500562,-0.0186388068198288,-0.0177405457500562
2019-03-22,0.0062017370470011,0.0011824903032626,0.0062017370470008
2019-03-23,0.0155984679093472,0.0074073426938932,0.0155984679093474
2019-03-24,-0.0040568820556611,-0.0040447719759496,-0.0040568820556611
2019-03-25,-0.0138848406959586,-0.0151478827496631,-0.0138848406959585
2019-03-26,-0.0011119569380261,0.0021925581893227,-0.0002163299972878
2019-03-27,0.0,0.0306436803446648,0.0278164000252647
2019-03-28,0.0,-0.0050011237396312,-0.0052976849867153
2019-03-29,0.0071719804939067,0.0170403879308271,0.0085573544137957
2019-03-30,0.0020263356152747,0.005909666345921,0.0021959329846978
2019-03-31,0.0056226843896236,0.0076052107639859,0.0060945305180697
2019-04-01,0.0020668359910323,-0.0003685684707706,0.0022404479381692
2019-04-02,-0.0006463645427786,0.1650928388754058,0.1216145666131642
2019-04-03,0.0,0.0153188731015614,0.01481139995094
2019-04-04,0.0,-0.0154348957830829,-0.0135559901587073
2019-04-05,0.0,0.0358389634805951,0.027638919389848
2019-04-06,0.0,0.0038346135653883,-0.0007504170363403
2019-04-07,0.0,0.0310342908199503,0.0198951251300072
2019-04-08,0.0,0.0118828291199435,0.0035201983602799
2019-04-09,0.0,-0.0171181166786266,-0.0133117950327068
2019-04-10,0.0,0.0163675176730937,0.0086288812194685
2019-04-11,0.0,-0.0615328977189898,-0.0448571315254596
2019-04-12,0.0,0.0042098621259176,0.0022360958994793
2019-04-13,0.0,0.0062495014058796,0.0031520478308431
2019-04-14,0.0,0.0161862061376725,0.0144196762125559
2019-04-15,0.0,-0.018402280523136,-0.0119161386629532
2019-04-16,0.0036373857694116,0.0314038460975503,0.017135278176543
2019-04-17,-0.0009690538544985,-0.0012548544672957,-0.0042797505794837
2019-04-18,0.0027628294956492,0.012559033395151,0.0122844351445325
2019-04-19,0.0008267470127507,0.0009752593864436,0.0025539550620115
2019-04-20,-0.0009290068432586,0.0030081919567832,-0.0023569191247937
2019-04-21,-0.0065553948109176,-0.0121410109040144,-0.0166209363886341
2019-04-22,0.0020995967528365,0.0105557035903158,0.0053316028878385
2019-04-23,-0.0106555085936369,0.0138776825833881,-0.0095266475422302
2019-04-24,-0.0239151678613341,-0.0280636127235121,-0.0239149279917426
2019-04-25,-0.0268483139648308,-0.0469425409193169,-0.026848313388935
2019-04-26,0.0121899789498356,0.0115558889977671,0.0121899789492871
2019-04-27,-0.00150483891551,0.0004753862666664,-0.0015048389155097
2019-04-28,-0.0021624982631437,0.0011114414137967,-0.0021624982631435
2019-04-29,-0.0180093140185703,-0.0132114353637575,-0.0180093140185704
2019-04-30,-0.0014583714665641,0.0258998209078724,0.0274920381642687
2019-05-01,0.0,0.0080691216145107,0.0017117589975306
2019-05-02,0.0,0.0126501197755455,0.0041774117504274
2019-05-03,0.0187334562302239,0.0412078703137674,0.021182182085655
2019-05-04,-0.009043816765817,0.0034664316684389,-0.0099384027035348
2019-05-05,-0.0023633670824174,-0.0059311114912904,-0.0025972358692484
2019-05-06,0.0029665870040369,0.0024670717163415,0.0032601239497105
2019-05-07,-0.0087442089544368,0.0064517843420204,-0.0106824532247334
2019-05-08,0.0040081138918814,0.0145510387098195,0.0049580865405203
2019-05-09,-0.0088637186351393,0.018131956090174,-0.010970320918713
2019-05-10,0.0065962796727978,0.026015482289786,0.0116183122615771
2019-05-11,0.0507017623057237,0.1301939280346362,0.0858676370887248
2019-05-12,-0.0157547706576915,-0.0343447704438033,-0.0265117629874929
2019-05-13,0.0212556680440942,0.0931197432311345,0.0360349605922338
2019-05-14,0.0615143889723439,0.0632058549409706,0.0616310140841356
2019-05-15,0.0636698901770647,0.0514475213805165,0.0636699837489462
2019-05-16,-0.0166348303268361,-0.0230871349675133,-0.0166348301028805
2019-05-17,-0.0309352048921826,-0.0679609477716322,-0.0309352048922456
2019-05-18,-0.0044132730212845,-0.0116028700623327,-0.0044132730212846
2019-05-19,0.0478418939489939,0.1116645014882364,0.0478418939489937
2019-05-20,-0.0140980852604797,-0.0262107327008108,-0.0140980852604795
2019-05-21,0.005898454891227,0.0023764918742479,0.005898454891227
2019-05-22,-0.0235816005984738,-0.0357167245264221,-0.0235816005984738
2019-05-23,0.0079268581088807,0.0186254333531739,0.0079268581088807
2019-05-24,0.0170357750818612,0.0183268231416127,0.0170357750818612
2019-05-25,0.0047155291354807,0.0105955229914067,0.0047155291354807
2019-05-26,0.0327725399434348,0.0726195787516512,0.0327725399434348
2019-05-27,0.0252423107427268,0.0250636944246545,0.0252423107427268
2019-05-28,-0.0038080535661844,-0.010733045580925,-0.0038080535661844
2019-05-29,-0.0007375133477099,-0.0039390539538743,-0.0007375133477102
2019-05-30,-0.0255844807516769,-0.039921662742774,-0.0255844807516768
2019-05-31,0.0229704040418783,0.0347569581785753,0.0229704040418783
2019-06-01,0.0001040228217918,-0.0076624903717634,0.0001040228217916
2019-06-02,0.0099703159338127,0.0219089812739967,0.0099703159338127
2019-06-03,-0.027351212699529,-0.0494237983433883,-0.027351212699529
2019-06-04,-0.0304080260717247,-0.0660942708813883,-0.0304080260717247
2019-06-05,0.0092974311078304,0.0142458585444389,0.0092974311078304
2019-06-06,0.0064896527590239,0.004147991620214,0.0064896527590241
2019-06-07,0.0108957015388841,0.0242007303451672,0.0108957015388841
2019-06-08,-0.0079298025942183,-0.0151012439474518,-0.0079298025942183
2019-06-09,-0.0198374361976972,-0.0337798762009691,-0.0198374361976974
2019-06-10,0.0258584502808185,0.0385779220034645,0.0258584502808185
2019-06-11,0.0008263050124608,-0.0040407691702832,0.0008263050124606
2019-06-12,0.0208877677403174,0.029262554895441,0.0208877677403174
2019-06-13,-0.0012723744993383,0.0095977846291199,-0.0012723744993381
2019-06-14,0.0040936300217437,0.0367960427809572,0.0040936300217437
2019-06-15,0.0093592673158979,0.0188103716575434,0.0093592673158979
2019-06-16,0.0059351395811964,0.0165313356522862,0.0059351395811964
2019-06-17,0.0093730350118184,0.0289417650493559,0.0093730350118184
2019-06-18,-0.014252745430953,-0.0243375667891981,-0.0142527454309531
2019-06-19,0.0072168234602116,0.0187449501769076,0.0072168234602116
2019-06-20,0.0008520374738467,0.0192536329801011,0.0008520374738467
2019-06-21,0.0218487211717046,0.0564453991907676,0.0218487211717046
2019-06-22,0.0236269387367484,0.054117986741599,0.0236269387367484
2019-06-23,-0.0032683888664205,0.0058366902420829,-0.0032683888664205
2019-06-24,0.0016882056027693,0.0088055943953191,0.0016882056027693
2019-06-25,0.00064630472411,0.0479309126386819,0.0006463047241098
2019-06-26,0.0082398534999088,0.0768488246980998,0.008239853499909
2019-06-27,-0.0618724749699541,-0.1360544174751302,-0.061872474969954
2019-06-28,0.0222523965315175,0.0886000758366876,0.0222523965315175
2019-06-29,0.0135240082255465,-0.0076983611233781,0.0135240082255463
2019-06-30,-0.0419904652464332,-0.0957914598896896,-0.0419904652464331
2019-07-01,0.0068609544653399,-0.0128387324176582,0.0068609544653401
2019-07-02,-0.009800074450181,0.0057252735453094,-0.0098000744501811
2019-07-03,0.0146246448345015,0.0819786934547375,0.0146246448345015
2019-07-04,-0.0169817201290525,-0.0559934118274558,-0.0169817201290526
2019-07-05,-0.0021603483059865,-0.0153614575872697,-0.0021690783280603
2019-07-06,0.0041428105009246,0.0211442771031016,0.0041589384264617
2019-07-07,0.0117304713969519,0.0209152758394739,0.0117761469671926
2019-07-08,0.0051873002754212,0.0539781389484763,0.0052075468448808
2019-07-09,-0.0013317648800619,0.0133040829978363,-0.0039019018863483
2019-07-10,0.0,-0.0430406105029163,-0.0296713073653012
2019-07-11,0.0,-0.0694554030595743,-0.0392192676650708
2019-07-12,0.0,0.0336017109403592,0.0163352397063765
2019-07-13,0.0,-0.0303924807230708,-0.0128185788136725
2019-07-14,0.0,-0.1069475797707399,-0.0520148473840591
2019-07-15,0.0,0.0467663600691019,0.008470331868239
2019-07-16,0.0,-0.1221443438917794,-0.0521526927067517
2019-07-17,0.0,0.0276699220931193,0.0273544120108306
2019-07-18,0.0,0.0934579928390069,0.0368769765490493
2019-07-19,0.0,-0.0101455622472291,0.0034842787116149
2019-07-20,0.0,0.0311113675565271,0.0246037731130142
2019-07-21,0.0,-0.0134067984632426,-0.0031319336926234
2019-07-22,0.0,-0.0275585832542706,-0.014543535536857
2019-07-23,0.0,-0.0371895861229893,-0.0165896378067279
2019-07-24,0.0,-0.0011654703288022,0.0089262295601366
2019-07-25,0.0,0.0065649699805376,-0.0032824436581235
2019-07-26,0.0,-0.0001089361778582,0.0082113949456243
2019-07-27,0.0,-0.0425128796378739,-0.0228334643787185
2019-07-28,0.0,0.0091277010224815,0.0024039452230812
2019-07-29,0.0,-0.0018884459667295,-0.0021637863906519
2019-07-30,0.0,0.0044962071279561,0.0011900334726913
2019-07-31,0.0,0.047298363822366,0.0162871856414303
2019-08-01,0.0,0.01905170640162,-0.0010238753964469
2019-08-02,0.0,0.0087545674603866,-0.0059170108946762
2019-08-03,0.0,0.0232626418794348,0.0056379951489287
2019-08-04,0.0,0.0090133311994693,-0.002406101680899
2019-08-05,0.0,0.0643122524073067,0.0143888061610299
2019-08-06,0.0,-0.0257885366010802,-0.016779599714348
2019-08-07,0.0,0.0311684346997562,0.00409147849044
2019-08-08,0.0,7.33767861966772e-05,-0.001226681605544
2019-08-09,0.0,-0.0229661556125634,-0.0253790703663919
2019-08-10,0.0,-0.0308827971239173,0.006710897363662
2019-08-11,0.0,0.0237435230372042,0.0187488036016869
2019-08-12,0.0,-0.0153732549238838,-0.0105809296175217
2019-08-13,0.0,-0.0330971219589195,-0.0052404223912028
2019-08-14,0.0,-0.0883942501147334,-0.0475325381680419
2019-08-15,0.0,0.0238615791172727,0.0068567964441115
2019-08-16,0.0,-0.0002822848030555,-0.0061336975483228
2019-08-17,0.0,-0.0087290042034063,-0.0022070218115771
2019-08-18,0.0,0.0195990559525636,0.0181820531739038
2019-08-19,0.0,0.0461161194636881,0.010731145299307
2019-08-20,0.0,-0.0273965966778348,-0.073302832525153
2019-08-21,0.0,-0.0412531071892643,0.049092950065825
2019-08-22,0.0,0.0042931579281504,0.0075351261087457
2019-08-23,0.0,0.0223493326343096,0.0056883832479872
2019-08-24,0.0,-0.0217881138166838,-0.0063690918718292
2019-08-25,0.0,-0.0047180530100097,-0.0044917590812725
2019-08-26,0.0,0.0205349996288204,0.0031431763681581
2019-08-27,0.0,-0.0122572270002201,-0.0022384890711198
2019-08-28,0.0,-0.0515239493652401,-0.0339713887543781
2019-08-29,0.0,-0.0269595047355828,-0.0134867411132992
2019-08-30,0.0,0.0071238116439589,0.0025047792600549
2019-08-31,0.0,0.0045722450928291,0.0013891465463486
2019-09-01,0.0,0.0090586760219542,0.0024511122775976
2019-09-02,0.0,0.0560310360200624,0.0156874845719587
2019-09-03,0.0,0.0222344921362127,0.0056658207764677
2019-09-04,0.0,-0.0062125616474862,-0.0101946959367539
2019-09-05,0.0,-0.0016198186951273,-0.0021090561857789
2019-09-06,0.0,-0.0217330813890536,-0.0090846528432348
2019-09-07,0.0,0.0204402117495767,0.0225500503796138
2019-09-08,0.0,-0.001461446064779,0.0066081934040711
2019-09-09,0.0,-0.0078724269230678,-0.0055658532265254
2019-09-10,0.0,-0.015778175529575,-0.0077017873337658
2019-09-11,0.0,-0.0014466282238152,-0.0098725148734084
2019-09-12,0.0,0.0183286540236669,0.00144219112246
2019-09-13,0.0,-0.0030206844195331,-0.0012251316708595
2019-09-14,0.0,0.0071482777826963,0.0135374020849265
2019-09-15,0.0,-0.0033199922576989,-0.0028043523843993
2019-09-16,0.0,0.0012646122039994,0.0074527131601462
2019-09-17,0.0,0.0076435406475809,0.0323687859279406
2019-09-18,0.0,0.0063671573644916,0.0566468402186215
2019-09-19,0.0,0.0067223055005587,-0.0132287199387682
2019-09-20,-0.0022027544891553,-0.0089691873291538,-0.0138349280767097
2019-09-21,-0.0019197475097906,-0.0164036847631934,-0.011987561829895
2019-09-22,-0.0024444219781845,-0.0023452093184662,-0.0152599161811529
2019-09-23,-0.0061034520110059,-0.03579646936378,-0.0381020912520846
2019-09-24,-0.0004540004927325,-0.12950932504531,-0.1479690620322422
2019-09-25,0.0,-0.0071679471222011,0.0186074358772536
2019-09-26,0.0,-0.0395535705627757,-0.0271202338021893
2019-09-27,0.0,0.0150959556688918,0.0077477979876183
2019-09-28,0.0,0.0033380167516088,0.0020326513867949
2019-09-29,0.0,-0.0178981391710257,-0.0130241995418184
2019-09-30,0.0,0.0308235330817379,0.0257805844288212
2019-10-01,0.0,-0.0020673993032298,-0.0085691300542224
2019-10-02,0.0,0.0102625307798684,0.0062480146585723
2019-10-03,0.0,-0.0173216894876887,-0.0096223839901583
2019-10-04,0.0,-0.0045576364434342,0.0042194848901773
2019-10-05,0.0,-0.0022598775299325,0.0002149463039033
2019-10-06,0.0,-0.0281895401694056,-0.0132245735501197
2019-10-07,0.0,0.0461349124323606,0.0351388302413737
2019-10-08,0.0,-0.0004127650606797,-0.0013730393175823
2019-10-09,0.0,0.0472413752666025,0.0288352976089676
2019-10-10,0.0,-0.0071860189220607,-0.0134672483681189
2019-10-11,0.0,-0.0343273661225216,-0.0205607773272802
2019-10-12,0.0,0.0060445476255899,0.007602339770905
2019-10-13,0.0,0.0008660843328283,0.006689849970068
2019-10-14,0.0,0.0123994145348791,0.0125644037595873
2019-10-15,0.0,-0.0225401187731091,-0.015738733959089
2019-10-16,0.0,-0.0215337219773632,-0.0154470647664032
2019-10-17,0.0,0.0129411256656288,0.0159248305397388
2019-10-18,0.0,-0.0168090843488725,-0.0129442907060516
2019-10-19,0.0,-0.001412287027021,0.0004605642476305
2019-10-20,0.0,0.0285757271612872,0.0130616720493632
2019-10-21,0.0,0.0027120003727125,0.0106629978110839
2019-10-22,0.0,-0.0197363035364391,-0.0108574587701925
2019-10-23,0.0,-0.0693784175108658,-0.0421054248507012
2019-10-24,0.0,-0.0011434208602795,0.0083407616336661
2019-10-25,0.0,0.1544324317980776,0.0811633252020358
2019-10-26,0.0,0.0494432745098016,0.0011243317014193
2019-10-27,0.0,0.0322719102234223,0.0211274597600299
2019-10-28,0.0,-0.026704667648126,-0.0053028464118357
2019-10-29,0.0,0.0238475330863099,0.0177447896447455
2019-10-30,0.0,-0.0265917817601145,-0.0151163848234957
2019-10-31,0.0,-0.0020197470950672,-0.0025229957923036
2019-11-01,0.0004324130144566,0.0058608102090003,0.0062859892197593
2019-11-02,0.0004174857771601,0.0073516442122438,0.005138593665954
2019-11-03,-0.0004170010223423,-0.0089684593392493,-0.005131992893026
2019-11-04,0.0015079268858972,0.0217300462835834,0.0185582894807265
2019-11-05,0.0083546880147116,-0.0021534770132275,0.0118674823683142
2019-11-06,0.002147097720774,0.0051259319053467,0.0024320456200908
2019-11-07,-0.0156237107665569,-0.0178374115575205,-0.0176915641531764
2019-11-08,-0.0152769551058528,-0.0430446078216453,-0.0193376910578492
2019-11-09,0.0066534089814385,0.0057729482045953,0.0084314631520208
2019-11-10,0.0120927764781468,0.0243410827735526,0.0153215823199932
2019-11-11,-0.0089309567095297,-0.0313061370262356,-0.0113115828775377
2019-11-12,0.0023046400527391,0.0071046065257078,0.0025114565470145
2019-11-13,0.001029412434371,-0.0008179773461961,0.0010293102298921
2019-11-14,-0.0103528812917074,-0.0151575692753892,-0.0103528812953931
2019-11-15,-0.0155055546486314,-0.0236041465001483,-0.0155055546486307
2019-11-16,0.0025168608363872,0.003957733984649,0.0025168608363872
2019-11-17,0.0019681770565489,0.001729649717586,0.0019681770565489
2019-11-18,-0.0268345718795571,-0.0366421505624883,-0.0268345718795569
2019-11-19,-0.0081748788768276,-0.0106832258581537,-0.0098582700997712
2019-11-20,-0.0051163498688787,-0.0057418939989923,-0.0063067839275026
2019-11-21,-0.0272594306371022,-0.0590152676556242,-0.0336092607654157
2019-11-22,-0.0272851334401548,-0.048825009268659,-0.0290919922571445
2019-11-23,0.0138053413172767,0.008252145419995,0.0148069760392792
2019-11-24,-0.034606785598263,-0.0561857196980095,-0.0371193860338163
2019-11-25,0.0117736818488374,0.0272173047142978,0.0126289196024078
2019-11-26,-0.0020506581693855,0.0074128149916088,0.0115165166689616
2019-11-27,0.0,0.041522904575336,0.0175201639556359
2019-11-28,0.0,-0.0081317915306423,-0.0067170083819426
2019-11-29,0.0,0.0369601005985233,0.0187963848437684
2019-11-30,0.0,-0.0238100845406896,-0.0144085233530046
2019-12-01,0.0,-0.0141924067876383,-0.0023835729425312
2019-12-02,0.0,-0.0157025644963212,-0.0149641807267456
2019-12-03,0.0,-0.0032269346220529,-0.0042268363569215
2019-12-04,0.0,-0.012536686587283,-0.0108398854271333
2019-12-05,0.0,0.0222708041456065,0.01063298622002
2019-12-06,0.0,0.0173775367240649,0.0068155569388979
2019-12-07,0.0,-0.0045075217830026,-0.0024186068158705
2019-12-08,0.0,0.0053642073200699,0.005668788309999
2019-12-09,0.0,-0.0219904896732273,-0.0133225856170027
2019-12-10,0.0,-0.0148458349960325,-0.0092024052561363
2019-12-11,0.0,-0.0061179430960641,-0.0045027927903424
2019-12-12,0.0,0.0001575593002876,-0.0036474589108774
2019-12-13,0.0,0.0074134143935942,0.0074063488838611
2019-12-14,0.0,-0.0234334255933902,-0.0144192531288073
2019-12-15,0.0,0.0053468252657564,0.0023386954838418
2019-12-16,0.0,-0.0380840779422088,-0.0368897258312015
2019-12-17,0.0,-0.0520141740549753,-0.0514075692027196
2019-12-18,0.0,0.0951209876253347,0.053833781593787
2019-12-19,0.0,-0.0201488813991959,-0.0148273013672456
2019-12-20,0.0,0.0074419027882872,0.0101876238894229
2019-12-21,0.0,-0.0081475952990873,-0.0074054198413072
2019-12-22,0.0,0.0460835729237993,0.0257383489475702
2019-12-23,0.0,-0.0229555570332394,-0.0181715856964533
2019-12-24,0.0,-0.0094816907990178,-0.0018054415293843
2019-12-25,0.0,-0.007569424252261,-0.0082265808404512
2019-12-26,0.0,0.0021513375043813,0.0045146442246808
2019-12-27,0.0,0.007320360859089,0.013106952972854
2019-12-28,0.0,0.0117054475123832,0.015837996597904
2019-12-29,0.0,0.0153618596808924,0.0169659311576124
2019-12-30,0.0,-0.0192822453875262,-0.0144206592391147
2019-12-31,0.0,-0.0070062650932314,-0.0064756381330474
2020-01-01,0.0,0.0021404807984002,0.0016385598234076
2020-01-02,0.0,-0.0347385196217013,-0.0260645829734168
2020-01-03,0.0,0.0521859402926312,0.0448915500016438
2020-01-04,0.0,0.0057481388665641,0.0074935054659996
2020-01-05,0.0,0.0009640921332823,0.0034882110436189
2020-01-06,0.0,0.062649661914014,0.0555506722062306
2020-01-07,0.0,0.036224555728576,-0.0022064917129193
2020-01-08,0.0,-0.0137201613327725,-0.0104609758608826
2020-01-09,0.0,-0.0251169729451091,-0.0083741062581429
2020-01-10,0.0,0.0506067990825769,0.0656970460218326
2020-01-11,0.0,-0.0163698691865368,-0.0132580983105657
2020-01-12,0.0,0.0195039536283603,0.0220977926909948
2020-01-13,0.0,-0.0071438703180014,-0.0070756851622612
2020-01-14,0.0,0.1174900050562188,0.1227967320927485
2020-01-15,0.0,-0.005763978853037,-0.0023058370270434
2020-01-16,0.0,-0.010105998524343,-0.0004128396119056
2020-01-17,0.0,0.0284492675363752,0.0288614952690939
2020-01-18,0.0,-0.0002931688720519,-0.0038885771034165
2020-01-19,0.0,-0.0270459130457312,-0.0168361889217155
2020-01-20,0.0,-0.0035973065333995,0.0099074933986633
2020-01-21,0.001320278297227,0.0130345965587233,0.0061510007020983
2020-01-22,-0.0004185961777884,-0.0074128412244062,-0.0016151934158656
2020-01-23,-0.0062965190885895,-0.0356879924107084,-0.0243688605837359
2020-01-24,-0.0002515734990503,0.0035706851912282,-0.0028756690523008
2020-01-25,0.0,-0.0100317454603539,-0.0085144353215569
2020-01-26,0.0,0.0319114116887022,0.0241926806082335
2020-01-27,0.0,0.0332351157218335,0.0166168820631302
2020-01-28,0.0160971588297298,0.0448769829343964,0.0175347257937525
2020-01-29,-0.0036374905982411,-0.0044177985098523,-0.0036370082206318
2020-01-30,0.0322667307170954,0.0288162759554961,0.032266730729515
2020-01-31,-0.0138998270862694,-0.0197796121283121,-0.0138998270863679
2020-02-01,0.011587074804721,0.008630323032547,0.011587074804721
2020-02-02,0.0047604512547705,0.000356958931531,0.0047604512547707
2020-02-03,0.0010304340371016,-0.0009613783256493,0.0010304340371016
2020-02-04,-0.0025185911129419,-0.009327380499593,-0.0027450121044166
2020-02-05,0.0288974859660586,0.0542743383504034,0.0369558949261294
2020-02-06,0.0106056989516201,0.0179080690231958,0.0135712429646159
2020-02-07,0.0027794353131194,0.0094594080010956,0.0076148012669445
2020-02-08,0.0016086084815214,0.0101905276279083,0.0039286929739046
2020-02-09,0.0074937703370694,0.0235560782277466,0.0183291296134393
2020-02-10,-0.0027097009831392,-0.0223471776019016,-0.0066293948971524
2020-02-11,0.0137750564875747,0.0376720124452767,0.0203574300899662
2020-02-12,0.018661827608311,0.0251586712318416,0.0273673659200139
2020-02-13,0.0016693115568064,-0.0044521778962942,0.0024550228423794
2020-02-14,0.0070174107181593,0.0166129125306291,0.0107547335596682
2020-02-15,-0.0269313131460584,-0.0538891424102612,-0.041143879279076
2020-02-16,-0.0096615092082031,-0.0040510833190142,-0.0147352879490979
2020-02-17,-0.0021819694815027,-0.0171527882820735,-0.0033396986827705
2020-02-18,0.0167953211647908,0.0426821758078912,0.0170896318784867
2020-02-19,-0.037068844476952,-0.0589188746232032,-0.0370686561978773
2020-02-20,-0.0040436803375693,-0.0040743260576606,-0.0040436806160728
2020-02-21,0.0061005452689797,0.0114192665112227,0.0089395311023601
2020-02-22,-0.0008739273918512,-0.0029308444976215,-0.0012022878371462
2020-02-23,0.0142585563543609,0.0320122458938181,0.0196619589953097
2020-02-24,-0.0128708236733531,-0.030169041601042,-0.0177546067169334
2020-02-25,-0.0116070449895778,-0.0383322677040882,-0.0207375228107933
2020-02-26,-0.0247792704439723,-0.0680087724945347,-0.0449421873453566
2020-02-27,0.0015213145050758,-0.0031748489065757,0.002555522857208
2020-02-28,-0.0013773154273211,-0.0055439153795883,-0.0048483812188774
2020-02-29,-0.0025322237697913,-0.020825514250105,-0.0082708042592171
2020-03-01,0.0007138835248323,-0.0011330476958082,0.0023334306889351
2020-03-02,0.0057802324775064,0.0459901884932638,0.0188743252448446
2020-03-03,-0.0036860828877759,-0.0161679020795895,-0.0046832891805959
2020-03-04,-0.0004454668047074,-0.0032565879521183,-0.0006644143363249
2020-03-05,0.008660087906755,0.0319467609686845,0.0129371360535426
2020-03-06,0.0076719562096208,0.0189257918918321,0.0122105801696033
2020-03-07,-0.0120346924421117,-0.0288826565146854,-0.0191946633212236
2020-03-08,-0.0373740477650654,-0.1116134887945826,-0.0596079157062512
2020-03-09,-0.0012293556007269,-0.0103706447787819,-0.0019295366781434
2020-03-10,0.0001987983231928,-0.0005852843273533,0.0020500804507159
2020-03-11,-0.0005387604768737,-0.0040620750547768,-0.0083953551842239
2020-03-12,-0.0108209646201987,-0.4101341298292457,-0.1686140204620452
2020-03-13,0.0132132774537996,0.1797918649075665,0.0563715727516753
2020-03-14,-0.0047981886123823,-0.059295447676107,-0.0193418896416118
2020-03-15,0.0019770510943171,0.0309518051404769,0.0079828619428865
2020-03-16,-0.006461819247665,-0.0748696842290485,-0.0260052150687022
2020-03-17,-0.0006116686345195,0.0655795314274214,0.0182480163647356
2020-03-18,0.0,0.0013313928496798,0.0010474306907266
2020-03-19,0.0,0.1522093176602996,0.0473036394652846
2020-03-20,0.0,-0.0038099267599673,-0.0048674486536046
2020-03-21,0.0,-0.0029280478694477,0.0028901456119527
2020-03-22,0.0,-0.0541367274092793,-0.019263874624145
2020-03-23,0.0,0.1015351703552931,0.0252128084777265
2020-03-24,0.0027510010706393,0.0381425875694312,0.0086390926362267
2020-03-25,-0.0022985217425949,-0.0109438732913815,-0.0049039823464614
2020-03-26,0.0038903923282285,0.0149499845219216,0.0083175588928265
2020-03-27,-0.0155016281149182,-0.0517970461638893,-0.0147908042082318
2020-03-28,-0.0011074262135697,-0.0161299405729984,-0.0011079973977193
2020-03-29,-0.014004884790962,-0.0514633998279638,-0.0140048845230272
2020-03-30,0.0186064534490753,0.079234829240844,0.0186064534489702
2020-03-31,0.0023890329138747,0.0027915053266818,0.0023890329138742
2020-04-01,0.0030810496313855,0.0222335830569546,0.0030810496313857
2020-04-02,0.0069169873830079,0.0322071446021325,0.0069169873830077
2020-04-03,0.0035361200901378,-0.0059885982222106,0.0035361200901375
2020-04-04,0.0038477760057893,0.0163929769746327,0.0038477760057893
2020-04-05,-0.0034860583796539,-0.0094453462240959,-0.0034860583796538
2020-04-06,0.0315155373943119,0.0889846702691303,0.0315155373943119
2020-04-07,-0.0051725947335785,-0.0144218953771312,-0.0051725947335785
2020-04-08,0.0147694572582617,0.030317952444725,0.0147694572582617
2020-04-09,-0.0028962070380902,-0.0099443003922037,-0.0028962070380903
2020-04-10,-0.02220441343409,-0.0643831420827454,-0.0222044134340899
2020-04-11,0.0012665241697329,0.0020507619474994,0.0012665241697327
2020-04-12,0.00336463743198,0.0147126368317811,0.00336463743198
2020-04-13,-0.0042945343306416,-0.0197828546430437,-0.0042945343306415
2020-04-14,0.0015138281009476,0.0032075565003431,0.0015138281009479
2020-04-15,-0.0090591769077553,-0.0321914147824293,-0.0090591769077553
2020-04-16,0.0226924566337787,0.0741464439401475,0.0226924566337787
2020-04-17,-0.00224294963929,-0.0077767746712741,-0.0022429496392902
2020-04-18,0.0136320462005834,0.0371760603082653,0.0136320462005834
2020-04-19,-0.0085898696996918,-0.0192480256519801,-0.0085898696996916
2020-04-20,-0.0123801792261923,-0.0411024441544576,-0.0123801792261921
2020-04-21,0.0008414904465128,-8.00127975734144e-05,0.0008414904465126
2020-04-22,0.0117119370752563,0.0403959119185952,0.0117119370752563
2020-04-23,0.0078875903711241,0.0430960175081123,0.0078875903711241
2020-04-24,0.0045470346366121,0.0061689729915441,0.0045470346366121
2020-04-25,0.0024427550468244,0.0079451352376571,0.0024427550468244
2020-04-26,0.0029093813956835,0.0163478535961625,0.0029093813956835
2020-04-27,0.000450872532888,0.0095657318027686,0.0004508725328875
2020-04-28,0.0040280092963962,0.0038497219887498,0.0040280092963964
2020-04-29,0.020873176286561,0.1159289383332675,0.0208731762865608
2020-04-30,-0.0115404145976768,-0.0238328860107902,-0.0115404145976768
2020-05-01,-8.636326098621083e-05,0.026554917495317,0.0060135712149453
2020-05-02,0.0,0.0163163273604491,0.0047357135840777
2020-05-03,0.0,-0.0125838167799116,-0.0057097412015393
2020-05-04,0.0,-0.0040875743839504,-0.0025494862155301
2020-05-05,0.0,0.0053193928572365,-0.0012687567809535
2020-05-06,0.0,0.0138467376170019,-0.0048588801446776
2020-05-07,0.0,0.0732412940483873,0.0111014974980374
2020-05-08,0.000129635923618,-0.010193493392049,0.0012163465515517
2020-05-09,-0.0001747122435239,-0.0200543060959969,-0.0011971919129133
2020-05-10,-0.0042062993192043,-0.0908452332513471,-0.0288218588982481
2020-05-11,-0.000549971331188,-0.0158831796515016,-0.0037492907775331
2020-05-12,-0.0001095614512477,0.0221539591753616,0.0097862173363001
2020-05-13,0.0,0.0527097749524869,0.0114909432216279
2020-05-14,0.0,0.0414570546030452,0.0063831674682524
2020-05-15,0.0,-0.0456450070023617,-0.0151183897768329
2020-05-16,0.0,0.0126590581117136,0.008520130438252
2020-05-17,0.0,0.0276097198841032,0.0058599117432702
2020-05-18,0.0,0.0135409178673704,0.013326266152196
2020-05-19,0.0,0.0019054176248207,0.0019213429528031
2020-05-20,0.0,-0.0226756833362973,-0.0092450437700354
2020-05-21,0.0,-0.046922804657866,-0.02326969749942
2020-05-22,0.0132242275469294,0.0158785035203112,0.0162240202125303
2020-05-23,-0.0026611866748551,0.0005197462169321,-0.0030788768876774
2020-05-24,-0.0151781261585336,-0.0388911574966706,-0.0175647515635964
2020-05-25,0.0071944272461863,0.0125095164072548,0.0083230375205269
2020-05-26,-0.0065429226436961,-0.0076370693569602,-0.0073738129965462
2020-05-27,0.0119971364712687,0.0335300209137159,0.0135477239771266
2020-05-28,0.0153604857941584,0.0396082151246914,0.0173457672587857
2020-05-29,-0.0030498615269166,-0.0096391351550869,-0.0029490129945001
2020-05-30,0.0316893318462792,0.0407619981297111,0.0316893190289842
2020-05-31,-0.0206852070980977,-0.0286374490072323,-0.020685207108457
2020-06-01,0.0328483305837679,0.0730524596527595,0.0328483305837747
2020-06-02,-0.0215812915330257,-0.0567341060404514,-0.0215812915330257
2020-06-03,0.010797470921342,0.0141926304949522,0.0107974709213423
2020-06-04,0.0038581074828292,0.0125328654449392,0.0038581074828292
2020-06-05,-0.0025636214562191,-0.014641218050498,-0.0031441565062183
2020-06-06,-0.0004300397724325,0.002110935126099,-0.0006730405936953
2020-06-07,-0.000542226975599,0.0069196552179222,-0.0008486886082754
2020-06-08,0.0009141142396642,0.0037419887078082,0.0014310380527438
2020-06-09,-0.0023718978323659,-0.002926053759067,-0.0061607397696548
2020-06-10,0.0019116878019393,0.0100933742764568,0.0051026235416269
2020-06-11,-0.016919380898154,-0.0593363310729945,-0.04514849198397
2020-06-12,0.0142483075596515,0.0177819737609401,0.0144911990571197
2020-06-13,0.0018890824561477,0.0008505905119049,0.0018894524354979
2020-06-14,-0.0110418988560508,-0.0135562257157219,-0.0110418990605001
2020-06-15,-0.0021678740980041,0.0043177162258651,-0.0021678740980118
2020-06-16,0.004496891694405,0.0107466951202865,0.0044968916944052
2020-06-17,0.0034862549340686,-0.0040973011497856,0.0034862549340686
2020-06-18,-0.0081681823334686,-0.0079597772139493,-0.0081681823334683
2020-06-19,-0.0083625409809228,-0.0108461842398734,-0.0083625409809228
2020-06-20,0.0028630733260821,0.004225355417095,0.0028630733260821
2020-06-21,-0.0069211167551522,-0.0068553150066467,-0.0069211167551522
2020-06-22,0.026845872870147,0.0443672264412546,0.026845872870147
2020-06-23,-0.000576587263709,-0.0058377425989857,-0.0005765872637092
2020-06-24,-0.0216448967347192,-0.0332850498907382,-0.0216448967347192
2020-06-25,-0.0042851932722448,-0.0045952918485966,-0.0042851932722448
2020-06-26,-0.00542287828253,-0.0095867906934647,-0.0065556345847
2020-06-27,-0.0256359061072626,-0.0232983611159994,-0.0328077672222844
2020-06-28,0.0096027655294816,0.0130093928737917,0.0122945459620871
2020-06-29,0.0050678226548173,0.0076400433377641,0.0064863496889295
2020-06-30,-0.0022445032609446,-0.005114587826277,-0.006534598340279
2020-07-01,0.0037937690641627,0.011434297330072,0.0146663470970431
2020-07-02,-0.0031437579893054,-0.0156513915277388,-0.0121705530216238
2020-07-03,0.0024519112943932,-0.001205118111935,0.0045738768506993
2020-07-04,0.0067892226139343,0.0091421892489709,0.0114835022179495
2020-07-05,-0.0032129636870794,-0.0061667945851634,-0.005433848347099
2020-07-06,0.0342430106461453,0.04029393300191,0.0579193910510607
2020-07-07,-0.0007437494538127,-0.0090235179420015,-0.0006836890947637
2020-07-08,0.0057816155308398,0.0248635204569964,0.0319099668516289
2020-07-09,-0.0024317303243626,-0.0189278637188988,-0.0134140883952187
2020-07-10,-0.0002959019051363,0.0013876066266242,-0.0018501014654681
2020-07-11,0.0,-0.0035633696864254,0.0046081383776344
2020-07-12,0.0,0.0068403759539306,0.0075414398856161
2020-07-13,0.0,-0.0058959419865739,-0.0090300884570035
2020-07-14,0.0,0.000905455164357,-0.0005996147275539
2020-07-15,0.0,-0.0056754593611438,-0.0062145524303545
2020-07-16,0.0,-0.010683393909327,-0.0148428592019553
2020-07-17,0.0,0.0005285401174754,-0.0025920402062105
2020-07-18,0.0,0.0042982811359018,0.0074104228904481
2020-07-19,0.0,0.0057273012039271,0.0103366015392862
2020-07-20,0.0,-0.0076304424780129,-0.0139715173789022
2020-07-21,0.0060274374595044,0.026630224718674,0.0245339474095755
2020-07-22,0.0057091997864873,0.0218857647925614,0.022588465393265
2020-07-23,0.002556915812925,0.0122211640122309,0.0101103376749909
2020-07-24,-0.0021668367860139,-0.0035539979688463,-0.0044622912636456
2020-07-25,0.0207573149852184,0.0297437926275396,0.0484832932140797
2020-07-26,0.002028564481179,0.0200586441044627,0.0047325539098548
2020-07-27,0.0231535609822921,0.0935305635010044,0.0540885066115059
2020-07-28,0.0044321092783807,-0.0040907485614091,0.0172645571511573
2020-07-29,0.0011100841810527,0.0138671351723913,0.0043987909016711
2020-07-30,0.0025492769682406,0.0101008691375725,0.0101042230050776
2020-07-31,-0.000449280690781,0.0241650735362466,0.0246422604318241
2020-08-01,0.0,0.0558533815956578,0.0566753935181347
2020-08-02,0.0,-0.0593785212404015,-0.0555200815640379
2020-08-03,0.0,0.0236278816394723,0.029798149443422
2020-08-04,0.0,-0.0043260715347736,-0.0076307387189258
2020-08-05,0.0,0.0413547686876849,0.0218638887887807
2020-08-06,0.0,0.0023732944672076,0.0026089564103355
2020-08-07,0.0,-0.0211981734882658,-0.0199449539536844
2020-08-08,0.0,0.0159574147515757,0.0168198932110517
2020-08-09,0.0,-0.0084036077011202,-0.0106671516237393
2020-08-10,0.0,0.0182375506404677,0.0144856752357183
2020-08-11,-0.0159416659153641,-0.0420335206224878,-0.0450804870884953
2020-08-12,0.0021324354414189,0.0149965221923853,0.0065261032463108
2020-08-13,0.0088591273439007,0.0292707477133931,0.0267562060842885
2020-08-14,-0.0008657699435692,0.0035848889884464,0.0109498476395206
2020-08-15,0.0,0.0101031521915984,0.0218282815169814
2020-08-16,0.0,0.004663560286543,0.0144989144022762
2020-08-17,0.0,0.026370182031123,0.0123667690848319
2020-08-18,0.0,-0.0264662110899597,-0.0240760868553784
2020-08-19,0.0,-0.025217113506422,-0.030099471284594
2020-08-20,0.0,0.0138407359004764,0.0137961463484468
2020-08-21,0.0,-0.0362398655038077,-0.0317727593707155
2020-08-22,0.0,0.0147557353044918,0.0109876838855866
2020-08-23,0.0,-0.0041102293611076,-0.0039120785368756
2020-08-24,0.0,0.0156083860399007,0.0183485690761253
2020-08-25,-0.0149721369356978,-0.0401358445793221,-0.0399118969559074
2020-08-26,0.0018000123611283,0.007588401590004,0.0048920703070733
2020-08-27,-0.0061202642221629,-0.015221117203371,-0.0166674028049396
2020-08-28,0.00690515739221,0.0191075428839366,0.0162561160799339
2020-08-29,0.0026602912221826,0.00212299451006,0.00619606560551
2020-08-30,0.0112114473268256,0.0265026643750121,0.026063793043793
2020-08-31,-0.0010934755429444,-0.0014701290874381,-0.0025518642552825
2020-09-01,0.0350840414394535,0.0393430594999422,0.0356004933524789
2020-09-02,-0.0430255084266731,-0.0535079996877582,-0.0430252043951192
2020-09-03,-0.0983228826171529,-0.1136348266231124,-0.0983228823663477
2020-09-04,0.0245073894089877,0.0258678508051215,0.0245073894075811
2020-09-05,-0.0312647256003698,-0.0534937299981796,-0.0312647256003706
2020-09-06,0.0226039937224187,0.026483318692198,0.0226039937224187
2020-09-07,0.0024183057314448,0.0059451091223718,0.0024183057314448
2020-09-08,-0.0004113393559035,-0.0258157338139241,-0.0122716382931137
2020-09-09,0.0,0.0155859060704981,0.0100622457267358
2020-09-10,0.0,0.0159673989000417,0.0053338320635381
2020-09-11,0.0,0.006204479632921,0.0085121106844936
2020-09-12,0.0,0.0131193099562807,0.0157896695966073
2020-09-13,0.0,-0.019089059346757,-0.0113640645751571
2020-09-14,0.0,0.0310568739436811,0.0140141040007948
2020-09-15,-0.0012163620068817,-0.0005910392793753,-0.0084324012561978
2020-09-16,0.0001613485261136,0.0118953678794719,0.0013450612052827
2020-09-17,0.0005794545186426,0.00978981200793,0.0048072398012977
2020-09-18,-0.0043866838915794,-0.0059716328471193,-0.0059990545457592
2020-09-19,0.002006261119007,0.0119421458163784,0.0033702844602336
2020-09-20,-0.0099530710783215,-0.0195772304120743,-0.0166916339975432
2020-09-21,-0.0226205527300894,-0.0542200397173845,-0.037929382247669
2020-09-22,0.0041172751529658,0.0109567794691676,0.0112037061468255
2020-09-23,-0.0107780913659847,-0.038529814477907,-0.0267301393112099
2020-09-24,0.0147584506804085,0.0594672202249386,0.0366176855948234
2020-09-25,0.0026133273035564,0.0015208290413102,0.0057764750171001
2020-09-26,0.0033239843630976,0.0064598768639683,0.0072863394090287
2020-09-27,0.0028232661558909,0.0047347249906684,0.0061893668872943
2020-09-28,-0.0022689610840704,-0.006723350069945,-0.0049819850643918
2020-09-29,0.007629450421668,0.0125986305399317,0.0079069421881925
2020-09-30,-0.0019151609135218,-0.0054979184798404,-0.0019151141818309
2020-10-01,-0.0089852658452059,-0.0155770875757985,-0.0089852659875916
2020-10-02,-0.0162546250526712,-0.0099866323464908,-0.0162546250526472
2020-10-03,-0.0008906677328387,-0.001585455165765,-0.0008906677328386
2020-10-04,0.0138183287255788,0.0153508793518186,0.0138183287255788
2020-10-05,0.0043843948531836,0.0095654027284646,0.0043843948531836
2020-10-06,-0.0179188465910827,-0.0223422424408423,-0.0179188465910827
2020-10-07,0.006724580474567,0.0061515862988921,0.006724580474567
2020-10-08,0.0162745548085225,0.0235124274224534,0.0162745548085223
2020-10-09,0.0153666303040305,0.0211286622306741,0.0153666303040305
2020-10-10,0.0063551164868564,0.0176099542313343,0.0063551164868564
2020-10-11,0.0046914205067507,0.0079714723319577,0.0046914205067507
2020-10-12,0.0096420487483628,0.0181012239205886,0.0096420487483628
2020-10-13,-0.004377768875881,-0.0104863927678877,-0.0048643772722181
2020-10-14,-0.006544488263366,-0.0021273776714011,-0.0076387291130601
2020-10-15,-0.0010845553352129,0.0023781846055113,-0.0012668526452467
2020-10-16,-0.0007568443013937,-0.0199456186633137,-0.0191762368018018
2020-10-17,1.5422793591124415e-06,0.0049774379191307,0.0001902981457757
2020-10-18,-1.3238613040256195e-06,0.0118644451529159,-0.0001467033567285
2020-10-19,-5.1431926531564365e-05,0.0160370678163175,-0.0056892268788587
2020-10-20,-1.0262483680967271e-05,0.0015725184762191,-0.0137085408869152
2020-10-21,0.0,0.0689623864766182,0.0287231955815852
2020-10-22,0.0,0.0202404529291506,0.0149905492178226
2020-10-23,-0.0003658924798589,-0.0029562176140645,9.143578578574284e-05
2020-10-24,0.0022031247855727,0.0139074374220913,0.0106140419025875
2020-10-25,-0.0016980036799799,-0.0096846980773609,-0.0081726976704165
2020-10-26,-0.0011557527077249,-0.0030017205332493,-0.0055625364246666
2020-10-27,-0.0003148609382004,0.0379048087202791,0.0116765192926817
2020-10-28,0.0,-0.0300273783614088,-0.02183602953546
2020-10-29,0.0,0.0057085730883381,-0.0080536710796232
2020-10-30,0.0,0.0026638312002722,-0.0107486093542241
2020-10-31,0.0,0.013900314188372,0.0039123263712876
2020-11-01,0.0,0.0007553798942803,0.0065235975242239
2020-11-02,0.0,-0.0162880982055533,-0.0176420110899904
2020-11-03,0.0,0.0216946915018578,-0.0046354748074668
2020-11-04,0.0,0.0136208598096358,0.0046302100060562
2020-11-05,0.0,0.0856141734568083,0.0359100333762596
2020-11-06,0.0,0.0191466083293161,0.0489442933567618
2020-11-07,0.0,-0.0458049029815749,-0.0358030652301806
2020-11-08,0.0,0.0445523287036815,0.0308707669465109
2020-11-09,0.0,-0.0132245625584463,-0.0143772052355125
2020-11-10,0.0,-0.0003583461761489,0.0009958623027697
2020-11-11,0.0,0.0245896311517215,0.0066939592674559
2020-11-12,0.0,0.02742100066934,-0.0006051510794914
2020-11-13,0.0,0.0091756024010787,0.0199377432259086
2020-11-14,0.0,-0.0154522958629708,-0.0092186467636004
2020-11-15,0.0,-0.011955816617942,-0.0163646454746458
2020-11-16,0.0,0.0460181114667772,0.0359270535689493
2020-11-17,0.0,0.0545708835895792,0.0342331351517344
2020-11-18,0.0,0.0028284721012672,-0.0130860454136108
2020-11-19,0.0,-0.0011521137103842,0.0059457075409059
2020-11-20,0.0,0.0529315390576319,0.0419178797959975
2020-11-21,0.0,0.0357091347068196,0.0974998025874986
2020-11-22,0.0,-0.0136183124955223,-0.0187264591122822
2020-11-23,0.0,0.0269506485473898,0.0730846913081044
2020-11-24,0.0288435424401314,0.0378573373939081,0.0319703586158368
2020-11-25,-0.0453219521196402,-0.0293101949232917,-0.0453222419681176
2020-11-26,-0.0805407436215305,-0.0961198372948727,-0.080540743337984
2020-11-27,-0.0007158717534825,0.0009039851109797,-0.0007158717533848
2020-11-28,0.0305328664783135,0.0414881895839926,0.0305328664783171
2020-11-29,0.0202976968903143,0.0298754567141594,0.0202976968903143
2020-11-30,0.0422203593600816,0.0835161827617474,0.0422203593600816
2020-12-01,-0.0314312410777144,-0.0472654627703231,-0.0314312410777145
2020-12-02,0.0132167529789706,0.0187566796390361,0.0132167529789708
2020-12-03,0.0050600353145577,0.0133845656539897,0.005060035314558
2020-12-04,-0.0384884808424572,-0.0486564705605228,-0.0384884808424572
2020-12-05,0.0182917844579848,0.0261027217247558,0.0182917844579846
2020-12-06,0.0038123375869572,0.0131201918552024,0.0038123375869572
2020-12-07,-0.007458395084213,-0.0097115148950217,-0.007458395084213
2020-12-08,-0.0344864902554294,-0.0513277466373477,-0.0344864902554294
2020-12-09,0.0146931962416463,0.0192090076750854,0.0146931962416461
2020-12-10,-0.0144829158634722,-0.0188338280326777,-0.014482915863472
2020-12-11,-0.0129645778763988,-0.0163308815161424,-0.0129645778763988
2020-12-12,0.0169599573418386,0.0335075792741668,0.0169599573418386
2020-12-13,0.0218017493810218,0.0244530383686967,0.0218017493810216
2020-12-14,0.0022542162638132,0.0015669641145139,0.0022542162638132
2020-12-15,0.0023474662043261,0.0039839346616323,0.0023474662043263
2020-12-16,0.0434080749611176,0.1020926143086533,0.0434080749611176
2020-12-17,0.0086829520550921,0.0523084901311035,0.0086829520550923
2020-12-18,0.0077644258456155,0.0133943845365935,0.0077644258456155
2020-12-19,0.013293414811714,0.0254438739637703,0.0132934148117138
2020-12-20,-0.0035430014617569,-0.0165413493907325,-0.0035430014617566
2020-12-21,-0.0286130090035138,-0.0348382764075069,-0.0286130090035138
2020-12-22,0.0125770181587179,0.0291720513973896,0.0125770181587181
2020-12-23,-0.0580789308652097,-0.0610855616223476,-0.0580789308652101
2020-12-24,0.0428343670942064,0.0469563717467163,0.0428343670942064
2020-12-25,0.0119523250775062,0.028451627018617,0.0119523250775062
2020-12-26,0.0029674670534294,0.0500978428676175,0.0029674670534292
2020-12-27,0.0089843052137223,0.0062912404420174,0.0089843052137221
2020-12-28,0.034790806185361,0.0306224037750397,0.034790806185361
2020-12-29,0.0067421739369495,0.0022442168273359,0.0067421739369493
2020-12-30,-0.0017091349556145,0.0374394589216533,-0.0017091349556144
2020-12-31,0.0050464804222702,0.0059319882704376,0.0050464804222702
2021-01-01,0.0008589426583642,0.0059555272028177,0.0008589426583642
2021-01-02,0.0180176612312108,0.0846421130924848,0.0180176612312108
2021-01-03,0.0554234951262349,0.0628795347560307,0.0554234951262349
2021-01-04,0.0007677121438998,-0.0147624094342787,0.0007677121438998
2021-01-05,0.0037318321240435,0.059503863938396,0.0199362834321725
2021-01-06,0.0076425536338029,0.0884021406384787,0.042814929328421
2021-01-07,0.0007160948829258,0.060328210482146,0.0040041774401329
2021-01-08,-0.0002063602006208,0.0231122618604888,-0.0003089490113729
2021-01-09,0.0,0.004732784264936,0.0731754931371837
2021-01-10,0.0,-0.0416293423808858,-0.0225949183928756
2021-01-11,0.0,-0.0841500786991645,-0.0635655659946217
2021-01-12,0.0,-0.0431722367511745,-0.0113736866125674
2021-01-13,0.0,0.0995456786954342,0.0455483516599029
2021-01-14,0.0,0.0563010677580371,0.0272387112877934
2021-01-15,0.0,-0.0614954240466949,-0.0121401874130638
2021-01-16,0.0,0.0023766200900225,0.0210542169278038
2021-01-17,0.0,-0.008206627291322,0.0068999697135199
2021-01-18,0.0,0.0244761268706108,0.0046969757200951
2021-01-19,0.0,0.0012062292241614,-0.0001536242550798
2021-01-20,0.0,-0.0118445052022152,-0.0011824042143918
2021-01-21,0.0,-0.1386488312632674,-0.0523152838810103
2021-01-22,0.0,0.0670327150632699,0.025467374324638
2021-01-23,0.0,-0.018586770996179,0.003048558192082
2021-01-24,0.0,0.0233545748100607,0.0095075421986039
2021-01-25,0.0,-0.0084456838030605,-0.0077839179421504
2021-01-26,-0.0012176180645782,0.0100512247459991,-0.001287272741408
2021-01-27,-0.0104792906158435,-0.0715150123273696,-0.0284541774407371
2021-01-28,0.0107996669465413,0.0880312316004749,0.029366239461988
2021-01-29,0.003401903694195,0.0335946237071116,0.007410078779152
2021-01-30,0.0131225288154195,0.0096252786056916,0.0278720386052266
2021-01-31,-0.0015490577628747,-0.0330902633675703,-0.0033344389465822
2021-02-01,0.0062172208669408,0.0146859906916034,0.0132081317701264
2021-02-02,0.008889575885997,0.0648445443677148,0.0167925029564504
2021-02-03,0.0134146085747353,0.0663109268904227,0.0253961087206673
2021-02-04,-0.0019986503661715,-0.0185313109048976,-0.0037713788118477
2021-02-05,0.0171318892750094,0.0416549794424345,0.0348348794741768
2021-02-06,0.0053037725110343,0.0213264677112938,0.0107747046613722
2021-02-07,-0.0026983563531846,-0.0139314261838978,-0.0054848162829764
2021-02-08,0.0181250820703335,0.1598784701096995,0.0367861639913691
2021-02-09,0.0194544922657153,0.012975419843815,0.026156741662801
2021-02-10,0.0119342358897107,-0.0213384476844568,0.0159017791251554
2021-02-11,0.008764092887888,0.0524581048169197,0.011675968521315
2021-02-12,0.0064728210214526,0.0164054065637957,0.0293908609261268
2021-02-13,0.0038640750130012,-0.0070143722611459,0.0177211173575981
2021-02-14,-0.0007392460930708,0.0210931661216413,-0.0034019559363737
2021-02-15,-0.0017637074315386,-0.0153150806768949,-0.0080768010185202
2021-02-16,0.0004322894430603,0.0199019596513203,0.002059423280468
2021-02-17,0.0206465713355421,0.0532585036387693,0.0206473328632663
2021-02-18,0.0035270377785441,0.0021062282094392,0.0035270377619289
2021-02-19,0.0342003710362242,0.0716809465973669,0.0342003710362637
2021-02-20,-0.004255084916949,-0.0009169930699753,-0.0042550849169487
2021-02-21,0.0068452025046674,0.0212509980930666,0.0068452025046672
2021-02-22,-0.0208973385043461,-0.0579401818701439,-0.0208973385043462
2021-02-23,-0.053083362365849,-0.1121756175225796,-0.0530833623658489
2021-02-24,0.0155648012351399,0.0271910292020371,0.0155648012351399
2021-02-25,-0.0187061964480707,-0.051041620040616,-0.0187061964480709
2021-02-26,-0.0033694089100264,-0.0244529896802367,-0.0033694089100262
2021-02-27,0.012158914338785,0.0074533387950699,0.0121589143387847
2021-02-28,-0.0138438714536087,-0.0292528335672287,-0.0138438714536087
2021-03-01,0.028390181061207,0.0990977448481242,0.0283901810612072
2021-03-02,-0.0044380285234454,-0.0292678982725996,-0.0044380285234453
2021-03-03,0.0117759431280755,0.0462621904643163,0.0117759431280752
2021-03-04,-0.0113531820778604,-0.0390776219510567,-0.0113531820778604
2021-03-05,-0.003753652338558,0.0037043284019009,-0.0037536523385579
2021-03-06,0.0044715222590774,0.0105886247370272,0.0044715222590774
2021-03-07,0.011230063469622,0.0472781436745686,0.011230063469622
2021-03-08,0.0084718336507552,0.0217092999738222,0.0084718336507552
2021-03-09,0.0180806884818272,0.0488495484884707,0.0180806884818272
2021-03-10,-0.0092980368133308,0.0058604803502948,-0.0092980368133307
2021-03-11,0.0012224624985057,0.0226654078396897,0.0012224624985057
2021-03-12,-0.0089571582912341,-0.0155315873314151,-0.0089571582912338
2021-03-13,0.0235522990941228,0.070461863517296,0.0235522990941228
2021-03-14,-0.0135392380632106,-0.0316184523172402,-0.0135392380632107
2021-03-15,-0.0174306330065153,-0.0556283859454797,-0.0174306330065154
2021-03-16,0.0131254377258325,0.0191217089430573,0.0131254377258325
2021-03-17,0.0159747109508772,0.0380462120559657,0.0159747109508772
2021-03-18,-0.0114207534827038,-0.0217138041175662,-0.0114207534827038
2021-03-19,0.0066300833900987,0.0114603981159542,0.0066300833900985
2021-03-20,0.0056448538232583,0.0016805288501884,0.0056448538232587
2021-03-21,-0.0073230716077864,-0.0142939289215436,-0.0073230716077864
2021-03-22,-0.0136961391626102,-0.0518084581977986,-0.01369613916261
2021-03-23,-0.0003029194608229,0.0038172591036853,-0.0003029194608228
2021-03-24,-0.0296039331216809,-0.0436138691659296,-0.029603933121681
2021-03-25,-0.0018745445860736,-0.0165252347127072,-0.0018745445860733
2021-03-26,0.0330074993412072,0.0727547257962932,0.0330074993412072
2021-03-27,-0.0009220881782467,0.0130492637660908,-0.0009220881782466
2021-03-28,-4.438075536317143e-05,-0.0029339894237511,-4.438075536328245e-05
2021-03-29,0.0180542121750553,0.038798040112411,0.0180542121750555
2021-03-30,0.0055577951833223,0.0183615728828654,0.0055577951833221
2021-03-31,0.008626319374007,0.007611092167185,0.008626319374007
2021-04-01,0.0129293549545526,0.0084050188269777,0.0129293549545526
2021-04-02,0.0196725860970341,0.0190680278148658,0.0196725860970337
2021-04-03,-0.0167857761293407,-0.0331750384184293,-0.0167857761293405
2021-04-04,0.0183754490703194,0.0242454890662,0.0183754490703196
2021-04-05,0.0324132836989079,0.019694700129885,0.0324132836989079
2021-04-06,0.015573366721415,0.0004131393425117,0.015573366721415
2021-04-07,-0.0281182638867433,-0.0434473421237958,-0.0281182638867432
2021-04-08,0.0220077828646687,0.0409002018883088,0.0220077828646687
2021-04-09,-0.0027562304474232,0.0017635947416656,-0.0027562304474233
2021-04-10,0.0223305948719001,0.0339096226956479,0.0223305948719001
2021-04-11,0.007801369328962,0.0084233042528811,0.0078013693289622
2021-04-12,0.0163024316338433,0.0070431921706515,0.0163024316338431
2021-04-13,0.0249676845080699,0.0594755702936977,0.0249676845080699
2021-04-14,0.0110625630469882,-0.0016279901963556,0.0110625630469882
2021-04-15,0.0107605558989312,0.0136726387072914,0.0107605558989314
2021-04-16,-0.0078227178868489,-0.0286146417345092,-0.007822717886849
2021-04-17,-0.0126465704268274,-0.0245457121840577,-0.0126465704268274
2021-04-18,-0.0371735567793176,-0.0663986145818672,-0.0371735567793178
2021-04-19,-0.0164390484593213,-0.0129114720821383,-0.0164390484593213
2021-04-20,0.0225628787056675,0.0287084241148092,0.0225628787056675
2021-04-21,-0.013850915975845,-0.0353320994233238,-0.0138509159758449
2021-04-22,-0.0147120081469463,-0.0316523372701056,-0.0147120081469462
2021-04-23,-0.0067498003690716,-0.0145619010975786,-0.0067498003690718
2021-04-24,-0.0301289983446447,-0.0247186761680026,-0.0301289983446446
2021-04-25,0.0045155739176043,-0.0160242372298707,0.0045155739176043
2021-04-26,0.0603853912174385,0.1052814433826305,0.0603853912174388
2021-04-27,0.0214953815007603,0.0257677607350208,0.0214953815007601
2021-04-28,0.0041534345623335,0.0032617416860094,0.004153434562333
2021-04-29,0.0010830364921137,-0.0118798932172498,0.0010830364921137
2021-04-30,0.0201392773565389,0.0626726601091403,0.0201392773565387
2021-05-01,0.0104586237633435,0.0169006956943977,0.0104586237633437
2021-05-02,-0.0033312716490943,-0.0160272499931405,-0.0033312716490943
2021-05-03,0.0232531605971886,0.0494381681131645,0.0232531605971886
2021-05-04,-0.0238069065425025,-0.0601149829555227,-0.0238069065425023
2021-05-05,0.073088581274574,0.0917089239047279,0.073088581274574
2021-05-06,0.0048795425755892,-0.0112696412826991,0.0048795425755892
2021-05-07,-0.0061585522709447,0.0085056625759911,-0.0061585522709446
2021-05-08,0.0114525077213736,0.0380651378403495,0.0114525077213738
2021-05-09,0.010306596844267,-0.0031087999176686,0.010306596844267
2021-05-10,-0.0289265576614636,-0.040767257571417,-0.0289265576614635
2021-05-11,0.0272475298260046,0.0349761701865143,0.0272475298260046
2021-05-12,-0.0470513023349588,-0.1008672659898297,-0.0470513023349586
2021-05-13,0.0143165860114213,-0.0083687842829577,0.0143165860114211
2021-05-14,0.0297334970636002,0.035742405654102,0.0297334970636002
2021-05-15,-0.0257434787824771,-0.0641894835780901,-0.0257434787824771
2021-05-16,-0.0033457201683907,-0.0102449190070444,-0.0033457201683906
2021-05-17,-0.0319568354416877,-0.0644011789197204,-0.0319568354416874
2021-05-18,0.008803865425885,0.0017854580204683,0.0088038654258848
2021-05-19,-0.1242709411283631,-0.2002747210334445,-0.1242709411283632
2021-05-20,0.0532905711321727,0.1038972799494111,0.0532905711321729
2021-05-21,-0.0445692091877975,-0.1014787501663139,-0.0445692091877971
2021-05-22,-0.016993115554046,-0.0177595808980786,-0.0169931155540462
2021-05-23,-0.0390162838060529,-0.0858009586238085,-0.039016283806053
2021-05-24,0.0816073225805014,0.167162324686289,0.0816073225805016
2021-05-25,-0.0043100088203378,-0.007248340520329,-0.0043100088203377
2021-05-26,0.0228256283116647,0.0484858494958875,0.0228256283116645
2021-05-27,-0.0095628005969478,-0.0273955902434023,-0.0095628005969479
2021-05-28,-0.0243051951729224,-0.0848509474668252,-0.0243051951729222
2021-05-29,-0.0175911380337114,-0.0453959413665328,-0.0175911380337114
2021-05-30,0.0150752789853954,0.0414472852704763,0.0150752789853956
2021-05-31,0.0267535126834268,0.0760645824460564,0.0267535126834266
2021-06-01,-0.0019904408065688,-0.0165240887288924,-0.0019904408065686
2021-06-02,0.0132909512806604,0.0370277161885022,0.0132909512806604
2021-06-03,0.0074523744035084,0.0411836690239209,0.0074523744035084
2021-06-04,-0.0191624098945856,-0.0604847809045969,-0.0191624098945855
2021-06-05,-0.0091012133833252,-0.0332548249068678,-0.0091012133833253
2021-06-06,0.0027459843661563,0.0136535678137983,0.0027459843661563
2021-06-07,-0.0221514110736136,-0.0634957351905981,-0.0221514110736136
2021-06-08,-0.0040348660559,-0.0116237057743778,-0.0040348660558998
2021-06-09,0.0167543549961004,0.086431356811248,0.0167543549961002
2021-06-10,-0.0144432053291149,-0.0307990865250719,-0.014443205329115
2021-06-11,-0.0130178447037234,-0.0176384419796298,-0.0130178447037233
2021-06-12,-0.0006211085726699,-0.0221424220901317,-0.0006211085726698
2021-06-13,0.0170467490940113,0.078759273451902,0.0170467490940113
2021-06-14,0.0097723812788312,0.0342412893381924,0.0097723812788315
2021-06-15,-0.0068409658913789,-0.0117060614820418,-0.0068409658913788
2021-06-16,-0.0154314249626269,-0.054581182098877,-0.015431424962627
2021-06-17,0.0003466360967974,-0.0009479583206918,0.0003466360967976
2021-06-18,-0.0175799538929549,-0.0630453974846039,-0.0175799538929549
2021-06-19,-0.0034487010017595,-0.0074033807266118,-0.0034487010017595
2021-06-20,0.0013456295169225,0.0085961656429522,0.0013456295169222
2021-06-21,-0.056951099412023,-0.1471091825791701,-0.0569510994120229
2021-06-22,-0.0056579675594361,0.0047327233302216,-0.0056579675594364
2021-06-23,0.0260497055406829,0.0624164251769041,0.0260497055406827
2021-06-24,0.007638920156082,0.0279283563588557,0.0076389201560822
2021-06-25,-0.0215485546385464,-0.0831190432934217,-0.0215485546385462
2021-06-26,-0.0020309952664157,-0.0005339420611805,-0.0020309952664155
2021-06-27,0.0247792970721412,0.08588686500573,0.0247792970721409
2021-06-28,0.0077214839118204,0.0129634169766119,0.0077214839118204
2021-06-29,0.0111650515427301,0.041417020775379,0.0111650515427299
2021-06-30,0.0012445232038433,-0.0008484063427887,0.0012445232038433
2021-07-01,-0.0135548110307139,-0.0483779852244525,-0.0135548110307138
2021-07-02,0.0010285317674558,0.006954383578499,0.0010285317674558
2021-07-03,0.0068718221868784,0.0285093011834423,0.0068718221868784
2021-07-04,0.0087094462675425,0.0254449874160289,0.0087094462675427
2021-07-05,-0.0099213384052988,-0.0418237938365132,-0.0099213384052987
2021-07-06,0.0070355905274677,0.0191456254860857,0.0070355905274674
2021-07-07,-7.01224614548801e-05,-0.0049527838137248,-7.01224614548801e-05
2021-07-08,-0.0146591229141052,-0.0467334876966507,-0.014659122914105
2021-07-09,0.0066606091092378,0.0264605003074744,0.0066606091092378
2021-07-10,-0.0043617883848852,-0.0120699053545593,-0.0043617883848849
2021-07-11,0.0033604040571995,0.0174283625001379,0.0033604040571992
2021-07-12,-0.0071794509053956,-0.0318238610432372,-0.0071794509053957
2021-07-13,-0.0100693548925077,-0.0310836374807776,-0.0100693548925074
2021-07-14,6.495731106159752e-05,0.0097365810283522,6.495731106159752e-05
2021-07-15,-0.0096690799319322,-0.0358608373262643,-0.0096690799319321
2021-07-16,-0.0084623985525869,-0.0147980087431832,-0.008462398552587
2021-07-17,0.0011118862628938,0.0076739277444315,0.001111886262894
2021-07-18,0.0020302475853859,0.0057180929172864,0.0020302475853861
2021-07-19,-0.0141787936091332,-0.0375095382692799,-0.0141787936091334
2021-07-20,-0.0016318699125793,-0.0350369395947237,-0.015406875387851
2021-07-21,0.0,0.0930992003759583,0.0331897929015807
2021-07-22,0.0,0.0110956228770779,0.0078236320189619
2021-07-23,0.0,0.0362842938421232,0.0094109750438686
2021-07-24,0.0,0.0211625608153236,0.0048118042413385
2021-07-25,0.0,0.0184101719844917,0.0012661391917876
2021-07-26,0.0,0.0418904131421833,0.0100426099396668
2021-07-27,0.0,0.0407952225976573,0.0105974944568139
2021-07-28,0.0,0.0178096609336118,0.0100426842636776
2021-07-29,0.0,0.0112401928513612,0.0094140856013327
2021-07-30,0.0028989284388323,0.0417028725258548,0.0110977547420536
2021-07-31,0.0022040817931974,0.0062855890525963,0.0078104318003415
2021-08-01,-0.0011353867267727,-0.0218814626838119,-0.0040149795741303
2021-08-02,-0.000170240718208,-0.0111325790116828,-0.000604983554697
2021-08-03,-0.0056381735293216,-0.0239753521513169,-0.0068742111542556
2021-08-04,0.0132265572366137,0.0482237875828566,0.0174931654661201
2021-08-05,0.004836856740076,0.0263556278224628,0.0064024129054989
2021-08-06,0.0093492310365614,0.0369890844772455,0.0095518261187781
2021-08-07,0.0337470161218267,0.0616777331965991,0.0337472303027692
2021-08-08,-0.0204224935200924,-0.0309264584732418,-0.0204224934339648
2021-08-09,0.0209726861407071,0.052619389096973,0.0209726861405612
2021-08-10,0.0126449010487217,-0.0024146230042511,0.0126449010487219
2021-08-11,0.0245846399948905,0.0158640309645354,0.0245846399948908
2021-08-12,-0.0113201422299165,-0.0281002544316655,-0.0113201422299166
2021-08-13,0.0435698890089284,0.0841714371754482,0.0435698890089284
2021-08-14,0.0072888382067455,-0.0077607261312945,0.0072888382067455
2021-08-15,0.0088592304708956,0.0071206653048436,0.0088592304708956
2021-08-16,-0.0111461021534949,-0.0298284303295953,-0.011146102153495
2021-08-17,-0.0247118134272597,-0.0381826229628041,-0.0247118134272595
2021-08-18,0.0076234694001497,0.0113085610758179,0.0076234694001497
2021-08-19,0.0278805627619833,0.047869711153766,0.0278805627619831
2021-08-20,0.0196681323252712,0.0479085793399531,0.0196681323252712
2021-08-21,-0.006295872651883,-0.0090331522951333,-0.006295872651883
2021-08-22,0.0025724369461226,0.0062340580977315,0.0025724369461226
2021-08-23,0.0142024858530631,0.0170054767075018,0.0142024858530633
2021-08-24,-0.0357370734548027,-0.0431834302273107,-0.0357370734548028
2021-08-25,0.0135932463488184,0.0237590278204951,0.0135932463488179
2021-08-26,-0.0291049091965965,-0.0400749176873974,-0.0291049091965964
2021-08-27,0.032972011313753,0.0468170606102524,0.032972011313753
2021-08-28,-0.005404056411757,-0.0061851619297575,-0.005404056411757
2021-08-29,0.0002179465451648,-0.0011571706631964,0.0002179465451648
2021-08-30,-0.0137813869837769,-0.0287108784650393,-0.0137813869837769
2021-08-31,0.0295899096961804,0.0245931298594659,0.0295899096961804
2021-09-01,0.0297361855361111,0.050205007279841,0.0297361855361109
2021-09-02,0.0004401506430464,0.0111860369343652,0.0004401506430462
2021-09-03,0.0142836736238174,0.0208081236065815,0.0142836736238174
2021-09-04,-0.0037567005932265,-0.0054204825971353,-0.0037567005932266
2021-09-05,0.0179925462494048,0.0284774864818648,0.017992546249405
2021-09-06,0.0082114782030946,0.0116531623177231,0.0082114782030948
2021-09-07,-0.0767988141651054,-0.1184649866388205,-0.0767988141651054
2021-09-08,-0.005871081082423,-0.0092242420179053,-0.0058710810824232
2021-09-09,0.0039870864802618,0.0025880292924225,0.0039870864802618
2021-09-10,-0.0217495938535854,-0.0412476619318769,-0.0217495938535852
2021-09-11,0.010861435804867,0.0149095563611931,0.010861435804867
2021-09-12,0.0177172725075813,0.0277134381976567,0.0177172725075811
2021-09-13,-0.0203637711480643,-0.0307486114284778,-0.020363771148064
2021-09-14,0.0181347732797498,0.0370497779500036,0.0181347732797501
2021-09-15,0.0142435743254565,0.0300775464498548,0.0142435743254563
2021-09-16,-0.0090476990694563,-0.0087469308243451,-0.0090476990694565
2021-09-17,-0.0192649635828368,-0.0269604220066026,-0.019264963582837
2021-09-18,0.0135805718055992,0.0204194807355597,0.0135805718055994
2021-09-19,-0.016303524114922,-0.0258947269416108,-0.0163035241149221
2021-09-20,-0.0571842103798747,-0.0980336054934084,-0.0571842103798744
2021-09-21,-0.0311221374694182,-0.0607763534568166,-0.0311221374694182
2021-09-22,0.0623464486333922,0.0980205617705283,0.0623464486333924
2021-09-23,0.0084095520296132,0.0257410026400286,0.008409552029613
2021-09-24,-0.0296164150840824,-0.0551190997151869,-0.0296164150840825
2021-09-25,-0.0005075727077377,0.0005198059519304,-0.0005075727077377
2021-09-26,0.0048601909980416,0.0136618690295733,0.0048601909980419
2021-09-27,-0.0131428197499732,-0.0264937478516452,-0.0131428197499732
2021-09-28,-0.0032531207184486,-0.0349524403007722,-0.0134429780296959
2021-09-29,9.530947229263732e-05,0.0204121703345019,0.0127742314891665
2021-09-30,0.0001359635235458,0.0502842857413565,0.0182145805490145
2021-10-01,-1.3038958906030906e-05,0.0964980458356761,0.0425734305862368
2021-10-02,0.0,0.0043399368966057,0.00315984048018
2021-10-03,0.0,0.0084410127629575,0.0029458611252535
2021-10-04,0.0,0.007453262768621,0.0003487554900776
2021-10-05,0.0088571662284173,0.038388720519255,0.0102050391811823
2021-10-06,0.002061005282006,0.0442417243960111,0.0020615112944455
2021-10-07,-0.0002659071493202,-0.0139219119628928,-0.0002659065815925
2021-10-08,-0.0033410439527583,-0.0045479848444901,-0.0056265276684498
2021-10-09,0.0058519453747807,0.0202533656561068,0.0122813755222754
2021-10-10,-0.0084342041713041,-0.0233364771111517,-0.0176775371532055
2021-10-11,0.0016641208660903,0.0343345666156751,0.0034954693586937
2021-10-12,-0.0013978331281029,-0.0149389975525046,-0.0024381219907164
2021-10-13,0.0103165486272365,0.0297916705650758,0.0187016331026301
2021-10-14,0.0029778406103571,0.0135546486587816,0.0053992117181893
2021-10-15,0.0081207430254319,0.0503446457458014,0.0120574935729977
2021-10-16,-0.0013409000553954,-0.0101256379262539,-0.0019660322448228
2021-10-17,-0.0019723335652569,0.0059542287660527,-0.0028904226537953
2021-10-18,-0.0011482930908126,-0.0034598303550293,-0.0016832176691631
2021-10-19,0.0022510736176222,0.0293441466858261,0.0064130233601529
2021-10-20,0.0083834438838854,0.0432135970418063,0.0235624836349253
2021-10-21,-0.0040994274674426,-0.04004872539013,-0.0115081519947574
2021-10-22,0.0021533968541869,-0.0170966273310737,0.0033288032430021
2021-10-23,0.0042712185474398,0.0175691243448425,0.0063340756761716
2021-10-24,-0.0007205314056948,-0.008625322812778,-0.0010703866275437
2021-10-25,0.007958358191707,0.0314364990691438,0.0118044533279211
2021-10-26,-0.0044847340480763,-0.0289125697736986,-0.0060859555772929
2021-10-27,-0.0270467553475298,-0.0442053410052259,-0.037098685527479
2021-10-28,0.0232677586485423,0.0502128454410844,0.0318987988175525
2021-10-29,0.0123006042822415,0.0299305799409299,0.0127157357527205
2021-10-30,-0.0115945265442944,-0.0153987015402309,-0.0115944790466223
2021-10-31,0.0068010535838098,9.51358273655334e-05,0.0068010533453886
2021-11-01,0.0087251355385018,0.0055182394299377,0.0087251355384776
2021-11-02,0.015014210678333,0.0383170898675779,0.015014210678333
2021-11-03,0.0117212689905537,0.0019955917379319,0.0117212689905537
2021-11-04,-0.0087764617939747,-0.0211564504524056,-0.0087764617939746
2021-11-05,0.0012421203543082,-0.0004897813145077,0.0013825140889993
2021-11-06,0.0054108367814595,0.0085361216502035,0.0059324898947334
2021-11-07,0.0071164859316446,0.0232877242005731,0.0078027379911322
2021-11-08,0.0180829645882281,0.0538830734012079,0.0198275946172914
2021-11-09,-0.0050964168734426,-0.0115936373708799,-0.0050380352091723
2021-11-10,-0.0254726134372731,-0.0326736291155721,-0.0254726598833558
2021-11-11,0.0076827187379682,0.0084325943049361,0.0076827188200963
2021-11-12,-0.0096950677207594,-0.0108666192553057,-0.0096950677207073
2021-11-13,0.0058639582277171,0.0039446760863945,0.0058639582277169
2021-11-14,-0.0016037630857348,0.0047281167254134,-0.0016037630857347
2021-11-15,-0.0086167791951986,-0.0186335333321452,-0.0086167791951985
2021-11-16,-0.0411809446364369,-0.0642349265434157,-0.0411809446364367
2021-11-17,0.0017392494432841,0.0044827035791159,0.0017392494432841
2021-11-18,-0.0405971073254749,-0.0659772956808193,-0.0405971073254747
2021-11-19,0.033652710992887,0.0466497506728404,0.033652710992887
2021-11-20,0.0130007042255029,0.0282672511597339,0.0130007042255031
2021-11-21,-0.0106294815906009,-0.0223884684302254,-0.010629481590601
2021-11-22,-0.0206328529305055,-0.0400637915538132,-0.0206328529305052
2021-11-23,0.0064712229046988,0.0326723156324166,0.0200037118089699
2021-11-24,-0.0094478847668367,-0.0194982517779631,-0.0249167890978322
2021-11-25,0.0086708796011614,0.0410128871129686,0.0229514910696631
2021-11-26,-0.0007218103874616,-0.0938844453149706,-0.0603607358799858
2021-11-27,0.0,0.012297956555191,0.0056178338833403
2021-11-28,0.0,0.0458447856445116,0.0214096715710983
2021-11-29,0.0,0.0225945861427971,0.0181569954831124
2021-11-30,0.0,0.0033562720507402,0.0052404920731325
2021-12-01,0.0,-0.0009279492836943,-0.0029436219239811
2021-12-02,0.0,-0.0112471602168697,0.001288744070738
2021-12-03,0.0,-0.0518208072069974,-0.0321377774255786
2021-12-04,0.0,-0.0734276457401695,-0.0554847304077767
2021-12-05,0.0,0.0026758741781183,-0.0140157476071373
2021-12-06,0.0,0.0294660474744143,0.0189223528024387
2021-12-07,0.0,-0.0034598477782741,-0.0038718256684134
2021-12-08,0.0,0.0127119473698438,0.0133619702548826
2021-12-09,0.0,-0.0556527062052818,-0.0309453096535818
2021-12-10,0.0,-0.032813880382539,-0.0265977056620799
2021-12-11,0.0,0.0444749314183181,0.0247645188560823
2021-12-12,0.0,0.015965325101646,0.0113866891429728
2021-12-13,0.0,-0.076329125333265,-0.0505008137359918
2021-12-14,0.0,0.032389756962575,0.02897395630163
2021-12-15,0.0,0.0222325927476969,0.0167177855806748
2021-12-16,0.0,-0.0198131797700449,-0.014304390273263
2021-12-17,0.0,-0.0228481536155941,-0.0073530859858612
2021-12-18,0.0,0.0159058504264015,0.0113649194063703
2021-12-19,0.0,-0.0069799697784339,-0.0060795738393213
2021-12-20,0.0,0.0024964199724262,0.0011377861009047
2021-12-21,0.0,0.0374152708031829,0.0224314041803981
2021-12-22,0.0,-0.0025613411948854,0.0070567993334909
2021-12-23,0.0,0.0434206498987312,0.0309112265758133
2021-12-24,0.0,-0.0104508275098814,-0.0153468694248813
2021-12-25,0.0,0.0071582135384213,0.0111017143506086
2021-12-26,0.0,0.0013150125223515,0.0032498939544329
2021-12-27,0.0,-0.0015990670571197,0.0025253947632819
2021-12-28,0.0,-0.0612232373944222,-0.0387270304283461
2021-12-29,0.0,-0.0342144094645726,-0.0218692767151205
2021-12-30,0.0,0.0176838545159407,0.0086185474068223
2021-12-31,0.0,-0.0143544959810847,-0.0059487197777646
2022-01-01,0.0,0.0270344882966089,0.0170222880056898
2022-01-02,0.0,0.003493061691751,0.0041012786112941
2022-01-03,0.0,-0.020992770269988,-0.0141572745448459
2022-01-04,0.0,-0.0076026538582665,-0.0079353640124366
2022-01-05,0.0,-0.0563482592945129,-0.0328719681834122
2022-01-06,0.0,-0.0159779829407001,-0.0030173476544834
2022-01-07,0.0,-0.049172504262855,-0.0305456309392274
2022-01-08,0.0,-0.0080448323895363,-0.0088701568379553
2022-01-09,0.0,0.0088505539285606,0.0053829484537148
2022-01-10,0.0,-0.0148913728189716,-0.0164454609113205
2022-01-11,0.0,0.0364225547879339,0.0284913937680273
2022-01-12,0.0,0.0402293668289761,0.0337582095993254
2022-01-13,0.0,-0.0317285124114556,-0.0169552729442039
2022-01-14,0.0,0.0163170473565503,0.0137038264010678
2022-01-15,0.0,0.0041311625488082,0.0038354502941584
2022-01-16,0.0,0.0032979329761906,0.0017279319215171
2022-01-17,0.0,-0.0268954587752993,-0.0146138719865877
2022-01-18,0.0,-0.0058304778421679,-0.0091463505118675
2022-01-19,0.0,-0.0213776063307895,-0.0162621156078105
2022-01-20,0.0,-0.0296594045541385,-0.0213273195614369
2022-01-21,0.0,-0.1225599942003464,-0.0722172321376765
2022-01-22,0.0,-0.0513993556774448,-0.0393787888741677
2022-01-23,0.0,0.0451292820922422,0.0322781397297735
2022-01-24,0.0,-0.0100502330987953,-0.0162478313200512
2022-01-25,0.0,0.010085537826417,0.0103839855485399
2022-01-26,0.0,-0.0044725791644403,-0.0040986176084013
2022-01-27,0.0,0.0015958141763396,-0.0024910972442805
2022-01-28,0.0,0.0227103190427602,0.0069710025846827
2022-01-29,0.0,0.014758866574962,0.0119308784646703
2022-01-30,0.0,-0.007508200300506,-0.0122063243792466
2022-01-31,0.0,0.0204913985348504,0.0128861266994082
2022-02-01,0.0,0.0210243886882171,0.0166961762261486
2022-02-02,0.0,-0.0492558122030891,-0.0279684099065734
2022-02-03,0.0,0.0038132366215466,0.0025803950386127
2022-02-04,0.0,0.1166442115555204,0.0527889577843119
2022-02-05,0.0,0.0016207796397833,0.0068890838841493
2022-02-06,0.0,0.0222512744309852,0.0205751045368376
2022-02-07,0.0,0.0409856404493846,0.0412818722054781
2022-02-08,0.0,-0.0038009370092,-0.0078927006278903
2022-02-09,0.0,0.0154642946125007,0.0100627015410086
2022-02-10,0.0,-0.0291362787646481,-0.0196846524543036
2022-02-11,0.0,-0.0382391737113035,-0.0310354004048853
2022-02-12,0.0,-0.004252202082291,0.0005800988046296
2022-02-13,0.0,-0.0013140443063028,-0.0003351127762827
2022-02-14,0.0,0.0101450159809917,0.0035129667963886
2022-02-15,0.0157408465752659,0.0601506311986452,0.0356742703924632
2022-02-16,-0.0031311495720836,-0.0140798222764426,-0.0068295039358866
2022-02-17,-0.018830735174679,-0.0781460483751852,-0.0412600165655167
2022-02-18,-0.0002269161122447,-0.0174070070966358,-0.0071113463708617
2022-02-19,0.0,0.0021540083428417,0.0045109572026513
2022-02-20,0.0,-0.0441917874536852,-0.0252225693390194
2022-02-21,0.0,-0.0417046258029816,-0.0334446411451724
2022-02-22,2.369361944776216e-05,0.0325962016456866,0.0181946053136532
2022-02-23,-1.7808541851294102e-05,-0.0244115402610904,-0.0125844836535093
2022-02-24,2.810405414832573e-06,0.0184254309501616,0.0020086124673157
2022-02-25,-2.219049608287449e-06,0.0391646999097936,0.0255309944136121
2022-02-26,0.0,-0.0016791222291805,-0.0008684904745663
2022-02-27,0.0,-0.0427536173425739,-0.0219606548124188
2022-02-28,0.0,0.1314104306452233,0.057392957931196
2022-03-01,0.0016767906498826,0.023911757133088,0.0069766391805941
2022-03-02,-0.0019654756761456,-0.0112786470018038,-0.0066035669403643
2022-03-03,-0.0047635629341092,-0.0339005763817874,-0.0160002046818686
2022-03-04,-0.0004839533658018,-0.0744194029547825,-0.0309634733968803
2022-03-05,0.0,0.0129303650943535,0.0115544260130653
2022-03-06,0.0,-0.0316615570803332,-0.0179616353676766
2022-03-07,0.0,-0.0149328773505618,-0.0098377705534891
2022-03-08,0.0,0.0212069555175569,0.006269648601189
2022-03-09,0.0,0.0711554032430394,0.0260663930952929
2022-03-10,0.0,-0.0542522243844757,-0.0233966923217022
2022-03-11,0.0,-0.0138908441007522,-0.0011337981564245
2022-03-12,0.0,0.0022019611389376,0.0005236456379451
2022-03-13,0.0,-0.0255889908636148,-0.0135525880056348
2022-03-14,0.0,0.0406401099608007,0.0128325873160655
2022-03-15,0.0,-0.0031644708268879,-0.0009173932878198
2022-03-16,0.0,0.0498959808047609,0.0240562502658667
2022-03-17,0.0,0.0020152184980077,0.0016534144236666
2022-03-18,0.004581863666246,0.0265651483030706,0.0111524176092192
2022-03-19,0.0070593162572847,0.0125850699565013,0.0154131417539684
2022-03-20,-0.0071286992933742,-0.0257208903786149,-0.0155540059805521
2022-03-21,0.0023530809902438,0.0018531404332913,0.0051453455102636
2022-03-22,0.0032183836812091,0.0302436387928801,0.0135057585620925
2022-03-23,0.0048232316229612,0.0195300569121168,0.0190494470984616
2022-03-24,0.0032130391386013,0.0253704693584937,0.0126954767379092
2022-03-25,-0.0089257274622855,-0.0010783464124224,-0.0128276052869448
2022-03-26,0.007793241104453,0.0101772483438842,0.0117029647421291
2022-03-27,0.0172414077235953,0.0493917994649424,0.02588958059283
2022-03-28,-0.0001894852158395,0.0059001233159685,-0.0002748710421521
2022-03-29,0.0037675360368161,0.0121167027001041,0.0100348357445607
2022-03-30,0.0022555860027444,-0.0024257653496198,0.0055898943866767
2022-03-31,-0.0065403114026034,-0.0317562602775567,-0.0161966238063047
2022-04-01,0.0156328456377889,0.0293563564259076,0.0162433933111438
2022-04-02,-0.0045252453502554,-0.0085562911920114,-0.0045251123993588
2022-04-03,0.015446812437998,0.0184864409135558,0.0154468122478026
2022-04-04,-0.0034429056704229,0.0003390515539973,-0.0034429056706174
2022-04-05,-0.0033046319634578,-0.0233763811739765,-0.003304631963458
2022-04-06,-0.0469945369811853,-0.0623994916510671,-0.0469945369811852
2022-04-07,0.0157797413639388,0.0148324518182951,0.0157797413639388
2022-04-08,-0.0104851627487524,-0.0263633351509611,-0.0209255760375352
2022-04-09,0.0043272886908207,0.0149676194937868,0.0093093064575802
2022-04-10,-0.0038649593317406,-0.0151122933144265,-0.0082959308288934
2022-04-11,-0.0206730469155532,-0.0680916125984103,-0.0444072089677272
2022-04-12,0.0101273200531224,0.020104907478577,0.0254499331760875
2022-04-13,0.0047167056022223,0.0264929978286201,0.011817849139883
2022-04-14,-0.0050368288380516,-0.0284324109075129,-0.0125926262018447
2022-04-15,0.005267249024413,0.0140852128195358,0.0112483744475371
2022-04-16,-0.0001971433711697,-0.0009879227804726,-0.0004133082193813
2022-04-17,-0.0076476744584932,-0.0213131252984064,-0.0160768048839361
2022-04-18,0.0061781602782255,0.0259455738166893,0.0129972510321005
2022-04-19,0.0081340805593479,0.017580547438639,0.0121228057850752
2022-04-20,-0.0054165430915527,-0.0069178788339262,-0.0078246469378875
2022-04-21,-0.0123875740163097,-0.0255055544394667,-0.0178994944186303
2022-04-22,-0.0047277069198086,-0.0135206517986481,-0.0043767441596307
2022-04-23,-0.0053491241939549,-0.0082450933637994,-0.0053491659759676
2022-04-24,-0.0052439122743558,-0.0027599713876889,-0.0052439122421428
2022-04-25,0.0154464195573791,0.0255963920023791,0.0154464195573744
2022-04-26,-0.0224167648537955,-0.0608551521549368,-0.0399703663265534
2022-04-27,0.0067929869407592,0.0270436742662765,0.0123884766605801
2022-04-28,0.000788748097446,0.0121721507277499,0.0014429151793644
2022-04-29,-0.0247391015691503,-0.0341277141598873,-0.024198711552105
2022-04-30,-0.0365415744676191,-0.0341934203899504,-0.0365422636763299
2022-05-01,0.0246615439824382,0.0294452806702512,0.0246615446025455
2022-05-02,-0.0022543042563158,0.0026199517459122,-0.0022543042553843
2022-05-03,-0.0110652479496469,-0.021155355274435,-0.0110652479496481
2022-05-04,0.0514258960223128,0.0585128319917063,0.051425896022313
2022-05-05,-0.0535560484223094,-0.0761194897074715,-0.0535560484223094
2022-05-06,-0.0038533343088056,-0.0152772141114005,-0.0079211390411959
2022-05-07,-0.0058938618476537,-0.0195599707270621,-0.0169892682475453
2022-05-08,-0.0078650206582087,-0.0401953250001808,-0.0226586583961713
2022-05-09,-0.034547531767439,-0.1263764648270104,-0.0995713103098594
2022-05-10,0.033162469701363,0.0432810557758924,0.034543132300302
2022-05-11,-0.0926694560389836,-0.0970442839212605,-0.0926666791721178
2022-05-12,-0.0283025745824524,-0.0267877757359938,-0.02830258133973
2022-05-13,-0.0035875185757856,0.0285510449673256,0.0373008595925672
2022-05-14,0.0,0.026658619084974,0.0130088414315101
2022-05-15,0.0,0.0465479416887608,0.027146257414282
2022-05-16,0.0,-0.0529147043189579,-0.030547947657802
2022-05-17,0.0,0.0261902305709205,0.0156044269005781
2022-05-18,0.0,-0.0703504759857575,-0.0395425757414958
2022-05-19,0.0,0.0544057921184661,0.0210597153823093
2022-05-20,0.0,-0.0339559706556384,-0.0136846620123183
2022-05-21,0.0,0.0109194223319057,0.0076215860348258
2022-05-22,0.0,0.0298838436474273,0.011476249085734
2022-05-23,0.0,-0.0372025557927879,-0.0159670490749067
2022-05-24,0.0,0.0145352000827585,0.0058550971105411
2022-05-25,0.0,-0.0102342668573122,-0.0074096281290539
2022-05-26,0.0,-0.0394421470123681,-0.0276069089332763
2022-05-27,0.0,-0.023798068261755,-0.0075307989128733
2022-05-28,0.0,0.0235869590296626,0.0132649361639323
2022-05-29,0.0,0.014699433963127,0.0088156237494618
2022-05-30,0.0,0.0829284316625389,0.0331463676848167
2022-05-31,0.0,-0.0064188829649923,-0.0030592255264583
2022-06-01,0.0,-0.0653387109281519,-0.0312350151680748
2022-06-02,0.0,0.0197985370707061,0.010028833000754
2022-06-03,0.0,-0.0289541166308281,-0.0167247488944312
2022-06-04,0.0,0.0092709855870667,0.0055344590547015
2022-06-05,0.0,0.0006989731320865,-0.0007896925541889
2022-06-06,0.0,0.0405365048371131,0.014070222060923
2022-06-07,0.0,-0.0135528190723025,-0.0073349276060435
2022-06-08,0.0,-0.0215360215079616,-0.0051285949860406
2022-06-09,0.0,-0.0016138039519397,0.0013777381418473
2022-06-10,0.0,-0.0444507441848521,-0.0216509087456298
2022-06-11,0.0,-0.0420044297463005,-0.0251436688525185
2022-06-12,0.0,-0.0659317277583833,-0.0289868142756699
2022-06-13,0.0,-0.1466241098432036,-0.0512960397746324
2022-06-14,0.0,-0.0078526681309528,0.000548520346854
2022-06-15,0.0,0.0318734737677242,0.0377062029144812
2022-06-16,0.0,-0.1082825324969638,-0.0452278381378905
2022-06-17,0.0,0.0095788827728142,0.0072216993091229
2022-06-18,0.0,-0.072884294689678,-0.019139303983086
2022-06-19,0.0,0.0957650552393074,0.0313823480473833
2022-06-20,0.0,0.0015216575566996,0.0037563322360962
2022-06-21,0.0033345994243687,0.0067418888040637,0.0073475261456632
2022-06-22,-0.00939938663058,-0.0435869870780798,-0.0158531224437064
2022-06-23,0.0137340574289908,0.0654176618388444,0.0231786558779547
2022-06-24,-0.0010824482572237,0.0297899748778123,0.0213709934954584
2022-06-25,0.0,0.0110681816332964,0.0022397078405629
2022-06-26,0.0,-0.0249311917387203,-0.007990840236287
2022-06-27,0.0,-0.0107108078382518,-0.0026055129643357
2022-06-28,0.0,-0.0301217503365794,-0.016368745531937
2022-06-29,0.0,-0.0170565658935641,-0.0063076172810272
2022-06-30,0.0,-0.0130972608324947,-0.0042665028754778
2022-07-01,0.0,-0.0269651710448349,-0.009567810640044
2022-07-02,0.0,0.0020014107007644,0.0019298076038543
2022-07-03,0.0,0.0044858130980631,0.0027714532691707
2022-07-04,0.0,0.0525707161172497,0.0153582947334933
2022-07-05,0.0,-0.0081271753376785,-0.006441842732615
2022-07-06,0.0,0.026210757247671,0.0083501561138035
2022-07-07,0.0,0.0457196562006723,0.014194612719244
2022-07-08,0.0,-0.0067458920855055,-0.0044490925681713
2022-07-09,0.0,0.0028504839112912,0.0049899110715228
2022-07-10,0.0,-0.0359426547186281,-0.0150096113190593
2022-07-11,0.0,-0.0487624234132861,-0.0211046592488292
2022-07-12,-0.008509838147591,-0.035109618619918,-0.0131675215368787
2022-07-13,0.0129403513232762,0.0523231398966248,0.0214432141834659
2022-07-14,0.007786458732184,0.0306477912085869,0.0129091933152127
2022-07-15,0.0032445377825567,0.0145353174238231,0.0035619931354204
2022-07-16,0.0207253280825612,0.0398304006935708,0.0207254522849749
2022-07-17,-0.0104858716017881,-0.0174904256164013,-0.0104858715120774
2022-07-18,0.0404464313187238,0.100737973814825,0.0404464313186414
2022-07-19,0.0102869684864177,0.0251638213298002,0.0102869684864179
2022-07-20,-0.0131128088451243,-0.0133635979033397,-0.0131128088451244
2022-07-21,0.0061386575003359,0.0086522397330535,0.0061386575003357
2022-07-22,-0.0130987428467574,-0.0224322673776196,-0.0130987428467574
2022-07-23,0.0026057326520885,-0.003445711600977,0.0026057326520882
2022-07-24,0.0019159181371002,0.0108931142527781,0.0019159181371004
2022-07-25,-0.0353703862935173,-0.0679565955823011,-0.0353703862935173
2022-07-26,-0.0010665383173522,0.0007568820926231,0.0039221161421187
2022-07-27,0.0013217653378974,0.0913793580694548,0.0413446555700682
2022-07-28,0.0004712797881218,0.0400925443398654,0.0147918519895986
2022-07-29,-4.185190352568036e-05,0.001014273096878,0.0021090091466973
2022-07-30,0.0,-0.0047781100543887,0.0043223162376599
2022-07-31,0.0,-0.014044193469103,-0.0054489709679002
2022-08-01,0.0,-0.009323605847632,-0.0015898380457203
2022-08-02,0.0,-0.009742533756084,-0.0091760305050994
2022-08-03,0.0,-0.0038802890714026,0.0013380317385931
2022-08-04,0.0,-0.0031130026687707,0.0041775166419688
2022-08-05,0.010832799913633,0.0434126898284821,0.0180641586966878
2022-08-06,-0.002722505825622,-0.0167891071592037,-0.0042324776987826
2022-08-07,0.0043971718497384,0.0101286074910669,0.0068464936254419
2022-08-08,0.0072556438877071,0.0306193309913629,0.0112965378033271
2022-08-09,-0.0017384971168344,-0.0312808037892188,-0.0140611810457131
2022-08-10,0.0015188205665188,0.0498742795013309,0.0215203588774752
2022-08-11,-0.0002550637485226,0.0016697980155511,-0.0036121096883038
2022-08-12,0.0018885630026945,0.0255363072581338,0.0114260292818826
2022-08-13,0.0002318699143064,0.004495375385316,0.0013405112673789
2022-08-14,0.0035455381024247,-0.00775495846207,0.0203908471325433
2022-08-15,-0.0023398396504746,-0.0126839606191667,-0.0134636813160791
2022-08-16,0.0049408846851386,-0.0077822172601965,0.0055846664057628
2022-08-17,-0.0205009290021331,-0.0244854106839429,-0.0205010759845174
2022-08-18,-0.0185834612509092,-0.0079065295575282,-0.018583461095723
2022-08-19,-0.0552594638731641,-0.1057513260878668,-0.0552594638733036
2022-08-20,0.0011187905933489,0.0038028316797846,0.0011187905933491
2022-08-21,0.0172941028254551,0.0234425540640947,0.0172941028254549
2022-08-22,-0.0046128900286489,-0.0029730284073052,-0.0046128900286489
2022-08-23,-0.0017531557923365,0.0104716928756987,0.0069756112548349
2022-08-24,0.0,-0.0073063417309169,-0.0066343675829289
2022-08-25,0.0,0.0139186823318,0.0081772253440126
2022-08-26,0.0,-0.0760293592404312,-0.0454223910935294
2022-08-27,0.0,-0.0090971727604721,-0.0022633729307377
2022-08-28,0.0,-0.0297859174735979,-0.0205259356589284
2022-08-29,0.0,0.0521487428595113,0.0288221138088347
2022-08-30,0.0,-0.0214999820742032,-0.0112457632843242
2022-08-31,0.0,0.0115075979922263,-3.950292133758637e-05
2022-09-01,0.0,0.0086420334198324,0.0067778811741157
2022-09-02,0.0,-0.0071328512489435,-0.0040488048194641
2022-09-03,0.0,-0.0050266838373906,0.0033406725762237
2022-09-04,0.0,0.0113347968835235,0.0101452525163736
2022-09-05,0.0,-0.0002647275324444,-0.0026166726401544
2022-09-06,0.0,-0.0469859586263818,-0.032133988799892
2022-09-07,0.0,0.0355886659555564,0.0267678379443416
2022-09-08,0.0,0.0030947139460142,0.0034899154024816
2022-09-09,0.0,0.0808651047016031,0.0344033170397166
2022-09-10,0.0,0.0182751878615037,0.009186549578062
2022-09-11,0.0,0.0022190732409268,-0.0036401485180015
2022-09-12,0.0,0.0071374779328119,0.0035998645442987
2022-09-13,0.0,-0.0898598492618981,-0.0489602432853411
2022-09-14,0.0,0.0162739209551279,0.0137466192053066
2022-09-15,0.0,-0.0482084113708186,-0.0238400258017881
2022-09-16,0.0,-0.0008816167106734,0.0073135964481132
2022-09-17,0.0,0.0199158287000198,0.0168021446966646
2022-09-18,0.0,-0.0547417183086696,-0.0398609608870734
2022-09-19,0.0,0.0167379304692643,0.013976111649649
2022-09-20,0.0,-0.030820498700999,-0.0087816801210813
2022-09-21,0.0,-0.0310534237309768,-0.0140345030994284
2022-09-22,0.0,0.057460936666694,0.0390736378262319
2022-09-23,0.0,0.0002439930668185,0.0101257512014154
2022-09-24,0.0,-0.014916051783679,-0.0072508794236352
2022-09-25,0.0,-0.0094135010026247,-0.0076127230316698
2022-09-26,0.0,0.0220391837388893,0.0078481477015552
2022-09-27,0.0,-0.009553111950277,-0.0102117203454963
2022-09-28,0.0,0.0139771808169764,0.0054939674961358
2022-09-29,0.0,0.0085172124830796,0.0104464131348376
2022-09-30,0.0,-0.0067661005716656,-0.001869211587071
2022-10-01,0.0,-0.0084722790664841,-0.0075052691801646
2022-10-02,0.0,-0.0172148890864742,-0.0091932231549342
2022-10-03,0.0,0.029591121653326,0.0142157643149249
2022-10-04,0.0,0.034289102837655,0.0235665069441517
2022-10-05,0.0,-0.0073976810327622,-0.004004392849326
2022-10-06,0.0,-0.0079403274197121,-0.0071725947180589
2022-10-07,0.0,-0.0162179503223216,-0.0058417826716856
2022-10-08,0.0,-0.0084348991162569,-0.0066363568731758
2022-10-09,0.0,0.0044104568567551,0.00581961224165
2022-10-10,0.0,-0.0228432304034968,-0.021597505348272
2022-10-11,0.0,-0.0061553536647083,-0.0079580189092329
2022-10-12,0.0,0.0053664833183386,-0.0004924012303162
2022-10-13,0.0,0.0039753003540206,-0.0029983026364875
2022-10-14,0.0,-0.0047044452855833,0.0014799729237051
2022-10-15,0.0,-0.0090048311965575,-0.0096148999141745
2022-10-16,0.0,0.0135937409963931,0.0088251449209248
2022-10-17,0.0,0.015617272543549,0.0107683724226446
2022-10-18,0.0,-0.013652727466884,-0.0120114875022133
2022-10-19,0.0,-0.0145848790770367,-0.0139572319698497
2022-10-20,0.0,-0.005186901078127,-0.0070116795292975
2022-10-21,0.0,0.0090749340978231,0.0053797719088186
2022-10-22,0.0,0.004401983919513,0.0025120942878915
2022-10-23,0.0,0.0238948971429013,0.0172859977756567
2022-10-24,0.0,-0.0137857913534018,-0.0125530584090483
2022-10-25,0.0,0.0530787277745716,0.0457584184646726
2022-10-26,0.0,0.0425550831881009,0.0304492923767796
2022-10-27,0.0,-0.0237506501487141,-0.0115637080884316
2022-10-28,0.0,0.0230718932501081,0.0313823464154259
2022-10-29,0.0,0.0257189946782923,0.0427795700365472
2022-10-30,0.0,-0.0106235645145268,-0.0119872895667564
2022-10-31,0.0,-0.002305569966709,0.0110191792882921
2022-11-01,0.0,0.0023053587142312,-0.0015539881760956
2022-11-02,0.0,-0.0255898233548704,-0.0260127392670463
2022-11-03,0.0,0.0056955434584187,0.0073379409647766
2022-11-04,0.0,0.0597857236164702,0.0570794761692152
2022-11-05,0.0,0.000565249544373,0.0022982213143121
2022-11-06,0.0,-0.0287339070216896,-0.032440849732408
2022-11-07,0.0,-0.0111275138166679,-0.0080163496485221
2022-11-08,0.0,-0.1117630108923291,-0.0793594662364453
2022-11-09,0.0,-0.1610549885450352,-0.1313539782673828
2022-11-10,0.0,0.1359546722872087,0.1123930664853281
2022-11-11,-0.0060584834201116,-0.0274637072269772,-0.0193467439461438
2022-11-12,-0.0039915813356254,-0.0194667687308638,-0.0132365674542339
2022-11-13,-0.0069131343985745,-0.0303959569937045,-0.022959047765481
2022-11-14,0.0030856441229769,0.0199789988830361,0.0102844139081614
2022-11-15,-0.0007538041433252,0.0133217589694558,0.0067460588682983
2022-11-16,0.0,-0.0189939385629089,-0.0105522767870412
2022-11-17,0.0,-0.0044129087088526,-0.0036446644673574
2022-11-18,0.0,0.003796983507676,0.0021255338707588
2022-11-19,0.0,0.0010718093932244,0.0025940674164945
2022-11-20,0.0,-0.0397660061111955,-0.0253200923612001
2022-11-21,0.0,-0.0293638627634931,-0.0091738659576627
2022-11-22,0.0,0.0303427717864306,0.0140286382272059
2022-11-23,0.0,0.0375877518596972,0.0242266613955026
2022-11-24,0.0,0.0063338252802389,0.0043619136614085
2022-11-25,0.0,-0.0017447147469594,0.0012872018488223
2022-11-26,0.0,0.0006807809913389,-0.000343160886612
2022-11-27,0.0,-0.0016196114103375,0.0038161253315549
2022-11-28,0.0,-0.0194176918197027,-0.012558560916143
2022-11-29,0.0,0.0219603255126958,0.0097353650841875
2022-11-30,0.0,0.047393399653415,0.0194419248417194
2022-12-01,0.0,-0.0148791174195235,-0.0102502880814255
2022-12-02,0.0,0.0087690827388826,0.005629631334115
2022-12-03,0.0,-0.0202405704076241,-0.0092837188524746
2022-12-04,0.0,0.0174179523675803,0.006843014974732
2022-12-05,0.0,-0.0102258700100563,-0.0024395189320959
2022-12-06,0.0,0.00665488239951,0.0006340564454307
2022-12-07,0.0,-0.0210060003453831,-0.013563008282693
2022-12-08,0.0,0.0273759251217831,0.0135339191982681
2022-12-09,0.0,-0.0094082623502755,-0.0064564262082594
2022-12-10,0.0,0.0009448784843955,0.0002349494627862
2022-12-11,0.0,-0.0050613351629541,-0.0068112567223904
2022-12-12,0.0,0.003790063703166,-0.0017645092243184
2022-12-13,0.0,0.0277823066567119,0.0112025166727431
2022-12-14,0.0,-0.0052779584247848,-0.0059156047909362
2022-12-15,0.0,-0.026841427957168,-0.0102139114010387
2022-12-16,0.0,-0.0623036714367196,-0.0452936524039321
2022-12-17,0.0,0.0160598592109737,0.0103473913844702
2022-12-18,0.0,-0.0006207366756464,-0.000848897837863
2022-12-19,0.0,-0.0220783184470102,-0.0175705854042867
2022-12-20,0.0,0.033654043975152,0.0170859996956167
2022-12-21,0.0,-0.0063240601694456,-0.0067406982123628
2022-12-22,0.0,0.002388989328004,0.0051466707022385
2022-12-23,0.0,-0.0001605964819607,-0.0012915369373771
2022-12-24,0.0,0.0013362406634935,0.0001207192643415
2022-12-25,0.0,-0.0016374567556218,0.0010323179380828
2022-12-26,0.0,0.0078951072419783,0.0070671105750819
2022-12-27,0.0,-0.0112089366917979,-0.0064473267538914
2022-12-28,0.0,-0.0147180543959927,-0.0131960786182917
2022-12-29,0.0,0.0048069939104777,0.0009217899206763
2022-12-30,0.0,-0.0016446970411911,-0.0005561519802335
2022-12-31,0.0,-0.0025705971793094,0.0018247527770893
2023-01-01,0.0,0.003790195076651,0.0026963424888799
2023-01-02,0.0,0.0074319440733878,0.009060961139496
2023-01-03,-0.0014571287009468,-0.0001659940012145,-0.0008670278362035
2023-01-04,0.0123555932932273,0.021012434319287,0.0123559467493807
2023-01-05,-0.0051189060488084,-0.0038709297310505,-0.0051189060460989
2023-01-06,0.0049760848931099,0.0102387849863991,0.0049760848931093
2023-01-07,-0.0011287084689435,-0.0010847604971788,-0.0011287084689435
2023-01-08,0.0168186653191593,0.017852608626383,0.0168186653191597
2023-01-09,0.009349086033197,0.0096974038592387,0.009349086033197
2023-01-10,-0.0007576086522288,0.014528436148496,0.0151520258551922
2023-01-11,0.0,0.0316822555362685,0.0265176758233778
2023-01-12,0.0,0.0362946120753588,0.024164446274874
2023-01-13,0.0,0.0447395547886551,0.0398484568470027
2023-01-14,0.0,0.0530241386726075,0.042390913830508
2023-01-15,0.0,-0.003349634182683,-0.0032093135600584
2023-01-16,0.0,0.0108880155769479,-0.0030721807012348
2023-01-17,0.0,-0.0032405082419516,-0.0013303054014783
2023-01-18,0.0,-0.0273361528418272,-0.0274786933558373
2023-01-19,0.0,0.0229468853003564,0.0232604941020426
2023-01-20,0.0,0.0694672417514146,0.0565660104748859
2023-01-21,0.0,-0.0049441157428012,-0.0126566241849194
2023-01-22,0.0,7.914978524925509e-05,0.0056921756506602
2023-01-23,0.0,0.0080826552820121,0.0148749611597749
2023-01-24,0.0,-0.0238743402226855,-0.0355515862259775
2023-01-25,0.0,0.0244808348446872,0.0265441134214654
2023-01-26,0.0,-0.0039167889318488,-0.0034897359803753
2023-01-27,0.0,0.0034889474759576,0.0113472335639339
2023-01-28,0.0,-0.0067109396814099,-0.0058588254684632
2023-01-29,0.0,0.0349067977733896,0.0284965749543963
2023-01-30,0.0,-0.0408762870125402,-0.0367733005719451
2023-01-31,0.0049696293511143,0.0153183748216372,0.0240331561449032
2023-02-01,0.0043895459926974,0.0272848334270012,0.0195192200758034
2023-02-02,-0.000586280355003,-0.0053610790089361,-0.0025913170414859
2023-02-03,0.0100579079867808,0.0054953067003276,0.0172977201257453
2023-02-04,0.0062517382984121,-0.0015202302042769,0.0097728939634684
2023-02-05,-0.0122126486509022,-0.0188542835663054,-0.019084683677003
2023-02-06,-0.0081981297149009,-0.009552022578101,-0.012802659763444
2023-02-07,-0.0010022964560336,0.0271227481911302,0.0296704461546466
2023-02-08,0.0,-0.0133234333162262,-0.0151748373771033
2023-02-09,0.0,-0.0578116441370868,-0.0594495130836125
2023-02-10,0.0,-0.0097501460861882,-0.0006244564463367
2023-02-11,0.0,0.0129947904265963,0.0104626077613436
2023-02-12,0.0,-0.0063020830543814,-0.0060049097077747
2023-02-13,0.0,-0.0065829252054937,-0.0127342987331937
2023-02-14,0.0,0.0238774390356297,0.0229542441804719
2023-02-15,0.0,0.0864930299471611,0.0557251770686024
2023-02-16,0.0,-0.0332003888487405,-0.0346032574014565
2023-02-17,0.0,0.0413537091314741,0.0333032563495632
2023-02-18,0.0,0.0020262939912187,0.0019902644441429
2023-02-19,0.0,-0.0113615497434165,-0.0044707780285205
2023-02-20,0.0,0.0196650253189016,0.012184484337981
2023-02-21,-0.0100911584217178,-0.0193242496910115,-0.018743702567469
2023-02-22,-0.001004725849554,-0.0089322433260734,-0.002006627862652
2023-02-23,-0.003947062408213,-0.0068910118948947,-0.0079238075391667
2023-02-24,-0.0229855355131888,-0.0299340812219517,-0.0252338419241843
2023-02-25,-0.0030637721194176,-0.0034428350980679,-0.0034498656697345
2023-02-26,0.0135291547590676,0.02058818799508,0.0152432923323952
2023-02-27,-0.006743099624042,-0.0048414655398658,-0.0075963342329323
2023-02-28,-0.0134347837477397,-0.0158228111312431,-0.0133036832761199
2023-03-01,0.017478157811432,0.0246064922401281,0.0174780993620542
2023-03-02,-0.0123127073077835,-0.009320335591832,-0.0123127073387216
2023-03-03,-0.013931177567248,-0.044636478484713,-0.0263661794471324
2023-03-04,-0.0046851732305285,-0.0026076131862813,-0.0092760705243142
2023-03-05,-0.0004009838314471,0.0013462710481726,-0.000792222546413
2023-03-06,-0.0018919901403227,-0.0010916581448271,-0.0037505949606835
2023-03-07,-0.0006241618507069,-0.0058641082234783,-0.0013991462783305
2023-03-08,0.0,-0.0210845282133199,-0.0179027257117655
2023-03-09,0.0,-0.0590131129383044,-0.0396292978658787
2023-03-10,0.0,-0.0041454471118964,0.001297465456401
2023-03-11,0.0,0.0195703100654152,-0.0006337964949387
2023-03-12,0.0,0.0724657000248452,0.0464455709272504
2023-03-13,0.0,0.0740128567314337,0.0297062769804767
2023-03-14,0.0,0.0181682773944393,0.0096095030009943
2023-03-15,0.0,-0.0225132817874682,-0.0325059533177759
2023-03-16,0.0,0.0260735926311437,0.019150903693283
2023-03-17,0.0,0.0816142747600994,0.0455304671076606
2023-03-18,0.0,-0.0184610142491664,-0.0196242296083642
2023-03-19,0.0,0.0299187676441929,0.0162397698064982
2023-03-20,0.0,-0.0159586897758068,-0.0209891826648045
2023-03-21,0.0,0.0292151668638793,0.0517773680878959
2023-03-22,0.0,-0.0346351441088116,-0.0271130093293312
2023-03-23,0.0,0.0393866083819052,0.0273936365050924
2023-03-24,0.0,-0.031858571652101,-0.0214741713101338
2023-03-25,0.0,-0.0011709500788933,-0.003969170906403
2023-03-26,0.0,0.0053302488811544,0.0077515567431298
2023-03-27,0.0,-0.0181916614074975,-0.0153858176652296
2023-03-28,0.0043598606247587,0.0157281856354489,0.0158023669167297
2023-03-29,0.0048171239306977,0.0295382072111876,0.0157595470559088
2023-03-30,-0.0021059365296509,-0.0077455510185683,-0.0068851393252028
2023-03-31,0.0089341407072289,0.0160597988429593,0.0148174546989763
2023-04-01,0.0029099276386292,-0.0013262140992875,0.0045875037089269
2023-04-02,-0.0064248750166947,-0.010610343771635,-0.010120015868591
2023-04-03,0.0101818635510921,-0.005174886620348,0.0160384856970845
2023-04-04,0.0039125469844951,0.0172147497351697,0.0059883258959849
2023-04-05,0.0012943416426838,0.0054030306662335,0.0019737093533047
2023-04-06,-0.0081949247837158,-0.0096249588247037,-0.0124926109214754
2023-04-07,-0.0015100320580507,-0.0042057440207302,-0.004812672538491
2023-04-08,-0.0007237517443481,-0.0020153180986413,-0.0037255632868188
2023-04-09,0.0013636745186589,0.0107462878216648,0.0070252194344222
2023-04-10,0.0031327209351532,0.0381590745613626,0.0161400654125762
2023-04-11,0.0044361055916664,0.0110412328899809,0.0099817136073621
2023-04-12,-0.0002596061501557,-0.0040769428738313,-0.0005552436117812
2023-04-13,0.0095806121886861,0.0256761510685983,0.0202979536852061
2023-04-14,-0.0005022539691839,0.0147548214613242,0.0127458387552672
2023-04-15,0.0,-0.0033606639988161,0.0052292221481227
2023-04-16,0.0,0.0067119875035537,0.0129002966082274
2023-04-17,0.0,-0.0256642344372538,-0.0151779263102947
2023-04-18,0.0089493503368576,0.026134361000919,0.0173127678297422
2023-04-19,-0.0316483266188877,-0.0616157076853185,-0.057588213469877
2023-04-20,-0.0082306783539862,-0.0145520678037117,-0.0149469348301962
2023-04-21,-0.0192889448351623,-0.0371239331234682,-0.0276537290305547
2023-04-22,0.0130485982837214,0.0209340774326352,0.0187649310036541
2023-04-23,-0.0055709299226992,-0.0081643386404156,-0.008002171467125
2023-04-24,-0.001111000749708,-0.0046147343943806,-0.0015954706467653
2023-04-25,0.0150573986156294,0.023736780727251,0.0154339617321683
2023-04-26,-0.009956339287395,0.0001485294194667,-0.0099561566934611
2023-04-27,0.0147540862778894,0.0300003559371353,0.0147540861347612
2023-04-28,-0.0012131723066792,-0.0053190968276669,-0.0007962399139401
2023-04-29,0.0009200834475684,9.407787364423824e-05,0.0022989494438063
2023-04-30,-0.0027956995661736,-0.004192011947204,-0.0069853119725363
2023-05-01,-0.0069882063763526,-0.0323685075103697,-0.01745947553198
2023-05-02,-0.0005996319545398,0.0180035526764978,0.0055789250966382
2023-05-03,0.0,0.0131644905214032,0.0053778341566372
2023-05-04,0.0,-0.0087419549380771,-0.0066494472800133
2023-05-05,0.0,0.0323324108409268,0.0186914726653701
2023-05-06,0.0,-0.0285358115774017,-0.0220085757339864
2023-05-07,0.0,-0.013760716605215,-0.0073915880638043
2023-05-08,0.0,-0.0248719761744437,-0.0245477575515015
2023-05-09,0.0,-0.0013090025138317,0.001856302733951
2023-05-10,0.0,-9.84091119329289e-05,0.0054866559234456
2023-05-11,0.0,-0.023559437539998,-0.0177906548735379
2023-05-12,0.0,-0.0003522232853667,0.0104925135962847
2023-05-13,0.0,-0.0025396748338923,-0.0027616448022191
2023-05-14,0.0,0.0047388013173956,0.0056763579103975
2023-05-15,0.0,0.0082718305620972,0.0052199614057855
2023-05-16,0.0,-0.0010210918300014,0.0046244596681603
2023-05-17,0.0,0.0102866943814743,0.0140566822581913
2023-05-18,0.0,-0.0174548324225921,-0.0130140179844222
2023-05-19,0.0,0.0037694163684145,0.0041933660862041
2023-05-20,0.0,0.0065997992951658,0.0065483059565496
2023-05-21,0.0,-0.0124021881995437,-0.0083041549213445
2023-05-22,0.0,0.005463680931955,0.0110240519467805
2023-05-23,0.0,0.0149485177903316,0.0112759885068862
2023-05-24,0.0,-0.0313887073526268,-0.0295688400825615
2023-05-25,0.0,0.0041157544555014,-0.0002206199887135
2023-05-26,0.0,0.010027739555116,0.006696759953888
2023-05-27,0.0,0.0055731971600068,0.0149338980410507
2023-05-28,0.0,0.0413699026536651,0.0271357471942821
2023-05-29,0.0,-0.0096143877821079,-0.0062294364047822
2023-05-30,0.0,0.0017088836084406,0.0073613389840627
2023-05-31,0.0,-0.0160162900890213,-0.0148559215567615
2023-06-01,0.0,-0.0117687499106142,-0.0090624188691833
2023-06-02,0.0,0.0193596809250296,0.0304944420534944
2023-06-03,0.0,-0.0063989410059576,-0.0032639703289284
2023-06-04,0.0,0.00151888461276,0.0020196102842349
2023-06-05,0.0,-0.0518137513049845,-0.0632905810313381
2023-06-06,0.0088945634780224,0.0489676725752337,0.0311398403247258
2023-06-07,-0.0132540184071086,-0.0348945426439313,-0.0444430652233487
2023-06-08,0.001943154228523,0.0067646503449363,0.0065332029376727
2023-06-09,-0.0005456758090074,-0.0031145443321615,-0.0158939054301358
2023-06-10,0.0,-0.0380064915056355,-0.0708575208529656
2023-06-11,0.0,0.0019115676018879,0.0015458014525566
2023-06-12,0.0,-0.0029674439671177,-0.0016186564499334
2023-06-13,0.0,0.0030327647130183,0.0067064149933331
2023-06-14,0.0,-0.0372706524174555,-0.0339494231305317
2023-06-15,0.0,0.0127254418186015,0.0018300794628163
2023-06-16,0.0001276871387971,0.026831706449061,0.0134020365927813
2023-06-17,0.0001256022892042,0.0078137875109394,0.0114312768391828
2023-06-18,-4.66376543583058e-05,-0.00506423358018,-0.00422471855512
2023-06-19,8.28138199580053e-05,0.0144772703390407,0.0075305887766299
2023-06-20,-2.5448600144195588e-05,0.0437904975386667,0.0265828309595237
2023-06-21,0.0,0.052871088628424,0.0389995102151852
2023-06-22,0.0,-0.0067461776144741,-0.0064635656452866
2023-06-23,0.0,0.0221560347651239,0.0270476156988337
2023-06-24,0.0,-0.0089874642554076,-0.0178389122700697
2023-06-25,0.0,0.0032014671268065,0.0093648185868364
2023-06-26,0.0,-0.012276545106939,-0.019545362228604
2023-06-27,0.0,0.0141027940474014,0.0126963400673829
2023-06-28,0.0,-0.0259051717745681,-0.0360407244627217
2023-06-29,0.0,0.0140519140046904,0.0242335717634025
2023-06-30,0.0153734611638098,0.0175665292618569,0.04682478490279
2023-07-01,0.0035251980289201,0.0030904809056495,0.0103255502313912
2023-07-02,0.0022184598196288,0.0028502448881337,0.0064881547394117
2023-07-03,0.0020201172823672,0.0141586604900505,0.0058844872077294
2023-07-04,-0.0053362220294351,-0.0115060416947516,-0.0094717650357811
2023-07-05,-0.0078680092960142,-0.0108290653438576,-0.014078762462243
2023-07-06,-0.0119497079893864,-0.0237274793916566,-0.0213793326256915
2023-07-07,0.0207445770356804,0.0152671597736822,0.0213415940772312
2023-07-08,0.0054112568697042,-0.0011967092407821,0.005411013380683
2023-07-09,-0.0124378185150069,-0.0043537463700047,-0.0124378183078996
2023-07-10,0.012219371952157,0.0104868579991779,0.0122193719522045
2023-07-11,0.0058347964280218,0.0049020955091665,0.0058347964280218
2023-07-12,-0.006188307166832,-0.0071724309487074,-0.0061883071668321
2023-07-13,0.1560529181387684,0.0679525087835184,0.1560529181387684
2023-07-14,-0.0109391781193227,-0.0375008684864904,-0.027434861340287
2023-07-15,0.0030350282507227,-0.0005710892581569,0.0081800491420074
2023-07-16,-0.0051379152258447,-0.0034207942763532,-0.0138279763991568
2023-07-17,-0.0006380822827856,-0.003955857652559,-0.0017140782789342
2023-07-18,-0.0106631764787686,-0.0077525519967056,-0.0098573729471259
2023-07-19,0.0077857391769751,0.002474214709506,0.0077857945492116
2023-07-20,0.0017194321985021,-0.0026336144613747,0.0017194321882232
2023-07-21,0.0056345495883112,0.002206357636278,0.005634549588305
2023-07-22,-0.0064165597910778,-0.0084481269860016,-0.0064165597910776
2023-07-23,0.007392843874836,0.0102469328741054,0.007392843874836
2023-07-24,-0.0194373599284657,-0.0273860659899475,-0.0194373599284655
2023-07-25,0.0090332846278635,0.0030032933378842,0.0090332846278633
2023-07-26,0.0050561391893197,0.0056177826325019,0.00505613918932
2023-07-27,-0.0007660309096554,-0.0042294213599807,-0.0007660309096556
2023-07-28,0.0053858436544782,0.004303599534986,0.0053858436544782
2023-07-29,0.0038886900920831,0.0025657565853629,0.0038886900920831
2023-07-30,-0.0120063493858481,-0.0053004878890871,-0.0120063493858478
2023-07-31,-0.0098776997342087,-0.0032444394568558,-0.0098776997342084
2023-08-01,0.0089994418809524,0.0142984334143305,0.0123521638201311
2023-08-02,-0.0197833444460047,-0.0202828858035254,-0.0264486616116572
2023-08-03,-0.0061038016661926,-0.0026844485529765,-0.0081572088998914
2023-08-04,-0.0012248645894127,-0.0045508171806334,-0.0015732045061839
2023-08-05,0.0032029884191016,0.0006726655684998,0.0041527865223911
2023-08-06,-0.0014091508280605,-0.0015491279686571,-0.0018268338066936
2023-08-07,-0.0011394228411206,0.0025401636099764,-0.0014771852417235
2023-08-08,0.0117842193928956,0.0191517853347158,0.015694094209651
2023-08-09,-0.0003761787672628,-0.004144564860242,-0.0004995297089217
2023-08-10,-0.0029074186427336,-0.0046560898854646,-0.0038784143188003
2023-08-11,-0.0007036244606219,-0.0015093550780393,-0.00210854523432
2023-08-12,0.0,0.0007005449783632,0.0021566975816842
2023-08-13,0.0,-0.0050786128809157,-0.0077353974088371
2023-08-14,0.0,0.0044124252465715,0.0047032804708375
2023-08-15,0.0,-0.0116527444893981,-0.0202892547647783
2023-08-16,0.0,-0.0172941214593114,-0.0238406675691843
2023-08-17,0.0,-0.0730445130314612,-0.064586259222089
2023-08-18,-0.0008060391178432,-0.0165902364072552,-0.0002590519789883
2023-08-19,0.0056358329260619,0.0042487493184373,0.0078274494738701
2023-08-20,0.0047797689906672,0.0064385486917803,0.0066388200167915
2023-08-21,-0.0088665216843332,-0.0072538004467433,-0.01231609637196
2023-08-22,-0.0008974895761382,-0.0078091121387066,-0.0071096785013227
2023-08-23,0.0,0.0193948905661323,0.0211107525246725
2023-08-24,0.0,-0.0100369344413444,-0.008764837710968
2023-08-25,0.0,-0.0037558901439811,-0.0011969675621938
2023-08-26,0.0,-0.0026183696801415,-0.0018272256059375
2023-08-27,0.0,0.0045509020437046,0.004506044645717
2023-08-28,0.0,-0.0004102809828055,0.0019104555136422
2023-08-29,0.0,0.054568193245635,0.0317939037737746
2023-08-30,0.0,-0.0154742317633719,-0.0179808637870938
2023-08-31,0.0,-0.0443627578325515,-0.0298493943537963
2023-09-01,0.0,-0.0068766316215611,-0.0087696058325266
2023-09-02,0.0,0.003077739970474,0.0042461031813847
2023-09-03,0.0,0.0027792318332164,0.0007418540008674
2023-09-04,0.0,-0.0042686757606913,0.0007698970845066
2023-09-05,-8.75235172204114e-06,-0.0002508734215681,0.0006613781568836
2023-09-06,4.597387313731716e-05,-0.0011305954119709,0.0015243347933777
2023-09-07,0.0001599643026088,0.0156037418084145,0.0053041478000182
2023-09-08,-2.6900759860781776e-05,-0.0113161133669107,-0.0068344269680459
2023-09-09,0.0,-0.0006849444211408,-0.0024387198003141
2023-09-10,0.0,-0.0065316541318689,-0.01543737274059
2023-09-11,0.0,-0.0306338820071629,-0.0248304941165053
2023-09-12,0.0,0.0263588764811519,0.0241925295408593
2023-09-13,0.0,0.013160043397113,0.011473720752823
2023-09-14,0.0,0.0114604402010494,0.0146244022336441
2023-09-15,0.0,0.0060491246056053,0.0129077231291028
2023-09-16,0.0,-0.0008114608083544,0.0052413916457711
2023-09-17,0.0,-0.0037014576875196,-0.0098811345658313
2023-09-18,0.0,0.0093141835817389,0.0126378150209967
2023-09-19,0.0,0.013664557027778,0.0137986674869947
2023-09-20,0.0,-0.0058062145337628,-0.0054772284146831
2023-09-21,0.0,-0.0217360214640003,-0.0233779392895768
2023-09-22,0.0,0.001931029451353,0.0016260683942985
2023-09-23,0.0,-7.374895525347203e-05,0.000654123755148
2023-09-24,0.0,-0.0113192359490484,-0.0106330808818708
2023-09-25,0.0,0.0029405184333313,0.0069558366465227
2023-09-26,0.0,-0.0014606076864964,-0.0027625154682512
2023-09-27,0.0,0.0042092003795728,0.0013531797780224
2023-09-28,0.0,0.0269732648785683,0.0219528621015279
2023-09-29,0.0,0.0003918416659598,0.007177543878361
2023-09-30,0.0,0.0018269050703607,0.0035336681364437
2023-10-01,0.0,0.0366502463736753,0.032753832485401
2023-10-02,0.0,-0.0238219626102944,-0.025151049717027
2023-10-03,0.0060221990608144,-0.0005898253617502,0.0071656412865401
2023-10-04,-0.0064898784050837,0.0054897037578254,-0.0064900300393627
2023-10-05,-0.0087534138011687,-0.0146718063821468,-0.0087534137480995
2023-10-06,0.0128766759056098,0.0189798921805497,0.0128766759055931
2023-10-07,-0.0050710016859342,-0.0019568926453139,-0.0050710016859343
2023-10-08,-0.0051339551846277,-0.0018498426036844,-0.0051339551846276
2023-10-09,-0.0277121157881079,-0.0193286929998635,-0.0277121157881079
2023-10-10,-0.0021095191882608,-0.0064034084491348,-0.0021095191882607
2023-10-11,-0.0098601517078719,-0.0135418872183281,-0.0098601517078719
2023-10-12,-0.0126087089744836,-0.0086169922404519,-0.0126087089744837
2023-10-13,0.0069586610649299,0.005461569113041,0.0069586610649301
2023-10-14,0.0043559913886022,0.0006091220840767,0.0043559913886022
2023-10-15,0.0059244624463234,0.0090198076572662,0.0059244624463234
2023-10-16,0.0262832572178635,0.0408210325307674,0.0262832572178635
2023-10-17,-0.0071697878576671,-0.0086193068619128,-0.0098809366251928
2023-10-18,-0.004724976878616,-0.0032143166530504,-0.0067182906362895
2023-10-19,0.0110805017959907,0.0130863607121769,0.0157572493265265
2023-10-20,0.0152368269169647,0.0279122776573508,0.0173031299829682
2023-10-21,0.0198117215953073,0.011483540438123,0.0222749383343074
2023-10-22,0.0086622392865731,0.0079534523415583,0.009738339128009
2023-10-23,0.056792879145852,0.0809814879293542,0.0638512013036591
2023-10-24,-0.00532437506235,0.0226190350863022,-0.0052577310291129
2023-10-25,0.0103120771505647,0.0117558361209988,0.0103120653219836
2023-10-26,0.0060327532706563,-0.003396969070693,0.0060327532722908
2023-10-27,-0.0125374661331182,-0.0094302908682727,-0.012537466133118
2023-10-28,0.004951811594906,0.0035345394365273,0.0049518115949058
2023-10-29,0.0139336326872347,0.0127656028348561,0.013933632687235
2023-10-30,0.018489235501047,0.0042706951973552,0.018489235501047
2023-10-31,0.00742241256715,0.0055026526484374,0.00742241256715
2023-11-01,0.0255603578930114,0.0214332754633146,0.0255603578930116
2023-11-02,0.0006653940348337,-0.0145358147771876,0.0006653940348337
2023-11-03,0.0020284106142576,0.0001089096985149,0.0020284106142578
2023-11-04,0.011831568086642,0.0118305276757619,0.011831568086642
2023-11-05,0.0240623538400948,0.00736561887046,0.024062353840095
2023-11-06,0.0369389370270931,0.0077548384550401,0.0369389370270931
2023-11-07,-0.0121934805020992,0.0025468606597625,-0.0121934805020992
2023-11-08,0.0199661695791268,0.0064865033844301,0.0199661695791266
2023-11-09,0.0167355228878776,0.0460848198358438,0.0167355228878776
2023-11-10,0.0333082230557286,0.011819889284456,0.0375569825795911
2023-11-11,0.0042013094714949,-0.0051359406663332,0.0047370068427694
2023-11-12,-0.0002248435614462,-0.0023826933061612,-0.0002541094765172
2023-11-13,-0.0278893470028416,-0.0137600800732884,-0.0314622065426865
2023-11-14,-0.0220749465638184,-0.0260972025979853,-0.0219619258144119
2023-11-15,0.0518552201662187,0.059321552226327,0.0518551170613146
2023-11-16,-0.0370684218120003,-0.046234235747995,-0.037068421848139
2023-11-17,0.014532162650638,0.0101579947674872,0.0145321626506487
2023-11-18,-0.0040146290794355,-0.0009295206588839,-0.0040146290794355
2023-11-19,0.017565094953019,0.0221652108406054,0.0175650949530188
2023-11-20,-0.0117266950988956,0.0008588415167318,-0.0117266950988957
2023-11-21,-0.0602474720346613,-0.0487946018319761,-0.0602474720346611
2023-11-22,0.0558431300943451,0.052601358296028,0.0558431300943451
2023-11-23,0.0037719133524507,-0.0019930786042062,0.0037719133524505
2023-11-24,0.0070827505027803,0.0101486262372505,0.0070827505027806
2023-11-25,0.0116418293991915,0.0028865283900574,0.0116418293991913
2023-11-26,-0.008113582754037,-0.0094300028095736,-0.008113582754037
2023-11-27,-0.0195035498050418,-0.0103288965686394,-0.0195035498050418
2023-11-28,0.0157535372990149,0.0151174964753513,0.0157535372990149
2023-11-29,-0.0028180120962663,-0.0019597217926574,-0.0028180120962663
2023-11-30,0.0006247933959036,0.0001599779224881,0.0006247933959036
2023-12-01,0.0078633198896571,0.021636326104742,0.0099379315852756
2023-12-02,0.015769773551687,0.0241473943915107,0.0193463279934464
2023-12-03,0.003761319389256,0.0109872625611207,0.0046150912373492
2023-12-04,0.0118304998350067,0.0386486153201992,0.0144967775486133
2023-12-05,-0.0012771456557234,0.0376918557033427,0.0118588059840134
2023-12-06,0.0,-0.008859100741534,0.0074498505655937
2023-12-07,0.0,0.0077765945057015,0.0117378005445138
2023-12-08,0.0,0.0221513082960107,0.0486379744419098
2023-12-09,0.0,-0.0100802029964598,-0.0066627399662801
2023-12-10,0.0,0.0042592046622835,0.0126324457931872
2023-12-11,0.0,-0.0555085587903697,-0.0491473983800538
2023-12-12,-0.0052156815569638,0.0021098309636375,-0.0034791230185492
2023-12-13,0.0283840712129346,0.0316060989322644,0.0283838480517126
2023-12-14,0.009978598697266,0.0094240905505784,0.0099785992144769
2023-12-15,-0.0252369376174781,-0.0303051064460141,-0.0304762568019618
2023-12-16,0.0054835872606946,0.0065307701212846,0.00667778026329
2023-12-17,-0.0142848441134931,-0.0201516269749408,-0.0175013159167937
2023-12-18,0.0079299216847579,0.0250180618792696,0.0097060758877729
2023-12-19,-0.0016419490412973,-0.0101444131431658,-0.0048893360586521
2023-12-20,0.0,0.0293126326097601,0.0241498741814514
2023-12-21,0.0,0.0137743145859801,0.0309302578298789
2023-12-22,0.001272363219855,0.0114181959077863,0.0092608495123995
2023-12-23,0.0004848138374184,-0.0039940364854309,0.0017284788376989
2023-12-24,-0.0036289328106997,-0.0158596413477959,-0.0129407008726462
2023-12-25,0.0056681610852242,0.0140800713366444,0.0202209456137703
2023-12-26,-0.0004410812145333,-0.0205039602043688,-0.0091056178899776
2023-12-27,0.0,0.0331011733866772,0.0342133777922024
2023-12-28,0.0,-0.018579791587332,-0.0109433741994099
2023-12-29,0.0,-0.0126946577048859,-0.0046017979434315
2023-12-30,0.0,-0.0003766892035148,-0.0004161636729994
2023-12-31,0.0,-0.0002833555871587,-0.007288439610248
2024-01-01,0.0,0.0415395195552299,0.0270367248434004
2024-01-02,-0.0057888412720573,0.0088407643592318,-0.0045863104367718
2024-01-03,-0.0447262254042963,-0.0512146935181362,-0.0447264990733839
2024-01-04,0.019473770824169,0.0302968409771096,0.0194737712039423
2024-01-05,-0.017972338354766,-0.0051912122020584,-0.017972338354363
2024-01-06,-0.0166897697499767,-0.0109168708208892,-0.0166897697499773
2024-01-07,-0.0162171879577381,-0.0072396520634396,-0.0162171879577381
2024-01-08,0.0380609525437867,0.062992298317789,0.0380609525437865
2024-01-09,-0.014143817732552,-0.013098518450931,-0.0141438177325518
2024-01-10,0.0416112497528349,0.0368339611747692,0.0416112497528349
2024-01-11,0.0064647637185104,-0.0008400725571269,0.0064647637185102
2024-01-12,-0.0348986005035896,-0.0653636379847086,-0.0348986005035896
2024-01-13,0.0185924171276319,0.0085478301380907,0.0185924171276321
2024-01-14,-0.017713377447818,-0.0283226242469678,-0.0177133774478182
2024-01-15,0.0068794789531281,0.0182470863846582,0.0068794789531281
2024-01-16,0.004891111211112,0.0170745692414873,0.0048911112111125
2024-01-17,-0.0048272771390195,-0.0103919044837066,-0.0048272771390195
2024-01-18,-0.021663576098174,-0.0319297389521446,-0.021663576098174
2024-01-19,0.0019126943075218,0.0065730829925885,0.0019126943075216
2024-01-20,0.0166164834948432,0.0015649249794023,0.0166164834948432
2024-01-21,-0.0124417740047422,-0.0053293601909045,-0.0124417740047422
2024-01-22,-0.0340463565479141,-0.0517387461599792,-0.0340463565479143
2024-01-23,-0.0075513949965566,-0.0017698917653016,-0.0075513949965567
2024-01-24,0.0061968711549733,0.0040700051296482,0.0061968711549733
2024-01-25,-0.0024618638068568,-0.0054727376200855,-0.0024618638068568
2024-01-26,0.0293456122795938,0.0411123424880752,0.029345612279594
2024-01-27,0.0025869390853099,0.006170815769976,0.0025869390853099
2024-01-28,0.0025948195771539,-0.0014739970533248,0.0025948195771539
2024-01-29,0.0230406468754225,0.0301950749608137,0.0230406468754227
2024-01-30,-0.0124574922121204,-0.0055733211504348,-0.0124574922121205
2024-01-31,-0.0166077058776935,-0.0155825268509043,-0.0166077058776938
2024-02-01,0.0106834709038734,0.0118518534992824,0.0106834709038734
2024-02-02,0.011295144771888,0.0044983922833514,0.011295144771888
2024-02-03,-0.0026162398846663,-0.0048078872550549,-0.0026162398846664
2024-02-04,-0.0051768057491115,-0.0086343823520906,-0.0051768057491112
2024-02-05,0.0029954859577672,0.0023116510123868,0.0029954859577669
2024-02-06,0.0047464797787062,0.0139682683995161,0.0047464797787062
2024-02-07,0.0186451490854859,0.0267796881255633,0.0186451490854864
2024-02-08,0.0081520353444295,0.0162072745804595,0.0081520353444295
2024-02-09,0.0226024234555837,0.0360887296428034,0.0226024234555834
2024-02-10,0.0093811017469025,0.0112065742363205,0.0093811017469027
2024-02-11,0.0008817897906094,0.0072203538784658,0.0008817897906097
2024-02-12,0.0221466374630441,0.0383887495860237,0.0221466374630439
2024-02-13,-0.0069016739301778,-0.0055069905992332,-0.0069016739301777
2024-02-14,0.0339509405586495,0.0438215015476286,0.0339509405586495
2024-02-15,0.0171356563698774,0.0074068320838633,0.0171356563698774
2024-02-16,-0.0013995739540682,0.0004340430058813,-0.0013995739540682
2024-02-17,-0.003393140051466,-0.0089992182308958,-0.0033931400514662
2024-02-18,0.0090919005388514,0.0148291860666196,0.0090919005388514
2024-02-19,0.006342818910018,0.0008383991958063,0.006342818910018
2024-02-20,-0.0021354944734177,0.0098246556568692,-0.0021354944734176
2024-02-21,-0.0073681648761062,-0.0087298643269267,-0.0073681648761064
2024-02-22,-0.0099514528861912,-0.0091946699165279,-0.0099514528861911
2024-02-23,-0.0097902831302432,-0.0119084825175076,-0.0097902831302433
2024-02-24,0.0167175900031977,0.0190644171279414,0.0167175900031975
2024-02-25,0.0066223445169439,0.011205572410738,0.0066223445169442
2024-02-26,0.0308787520758166,0.0447762977347578,0.0308787520758164
2024-02-27,0.0252205169763151,0.0360296832080881,0.0252205169763151
2024-02-28,0.0459124562690758,0.0778945235550716,0.0459124562690758
2024-02-29,0.0011545786069775,-0.0149419980786628,0.0011545786069775
2024-03-01,0.0359904758247162,0.0251660599640353,0.035990475824716
2024-03-02,0.0158840666304427,-0.0026455341203408,0.0158840666304429
2024-03-03,7.159301334280777e-05,0.0162124873041829,7.159301334280777e-05
2024-03-04,0.0316296999032497,0.0674470417512191,0.0316296999032497
2024-03-05,-0.0605257383091077,-0.0574392532028545,-0.0605257383091079
2024-03-06,0.044831330678821,0.0465486976240552,0.044831330678821
2024-03-07,0.0263151314660889,0.0185054305562151,0.0263151314660889
2024-03-08,-0.0002827783592701,0.015002329567918,-0.0002827783592702
2024-03-09,0.0064931657416082,0.0040835446788549,0.0064931657416082
2024-03-10,0.0023199163955152,0.0054206938374858,0.0023199163955152
2024-03-11,0.0456021041573624,0.0464271066419985,0.0456021041573622
2024-03-12,-0.0068327544438526,-0.0102551975222894,-0.0068327544438524
2024-03-13,0.0262779101292995,0.0251244395649388,0.0262779101292993
2024-03-14,-0.0108427977421168,-0.0225215553763845,-0.0108427977421168
2024-03-15,-0.016524537847385,-0.0248348845100538,-0.0165245378473851
2024-03-16,-0.0536333117162943,-0.0603673797225819,-0.0536333117162941
2024-03-17,0.0370770623184855,0.0442002950080464,0.037077062318485
2024-03-18,-0.0157395622230082,-0.0163470030679758,-0.0157395622230082
2024-03-19,-0.0931080422275285,-0.0908458292192604,-0.0931080422275285
2024-03-20,0.0871671540627123,0.1002711443783817,0.0871671540627123
2024-03-21,-0.0091992563095102,-0.0261026707819377,-0.0091992563095102
2024-03-22,-0.0178610833655206,-0.0289375847455011,-0.0178610833655205
2024-03-23,0.0024390252351009,0.0018216775546469,0.0024390252351007
2024-03-24,0.0262388348490347,0.0462082230187317,0.0262388348490349
2024-03-25,0.0174874655319072,0.0380181961780021,0.0174874655319074
2024-03-26,0.0022178014991118,0.0007254690188083,0.0022178014991118
2024-03-27,-0.012891119056013,-0.0126353123750071,-0.0128911190560131
2024-03-28,0.0137929953304993,0.0197449455150322,0.0137929953304993
2024-03-29,-0.000259129487062,-0.0094921518217105,-0.0002591294870619
2024-03-30,-0.0038384110689231,-0.0042957714072023,-0.0038384110689231
2024-03-31,0.01615311909124,0.027442953226725,0.0161531190912402
2024-04-01,-0.0269683817499378,-0.029747806628694,-0.0269683817499379
2024-04-02,-0.0388154357934691,-0.0615486034609727,-0.0388154357934691
2024-04-03,-0.0006921306503833,0.0076780938293585,-0.0006921306503832
2024-04-04,0.0143718031957016,0.0295551114403485,0.0143718031957016
2024-04-05,-0.0077130050353354,-0.0103582417785268,-0.0077130050353354
2024-04-06,0.0126654314874246,0.0157796318949321,0.0126654314874246
2024-04-07,0.0075446349975967,0.0116031660875524,0.0075446349975967
2024-04-08,0.0222955584657655,0.0386774655102504,0.0222955584657653
2024-04-09,-0.0167695369826729,-0.0371081440010836,-0.0167695369826728
2024-04-10,0.0093805737043548,0.0200341141917133,0.0093805737043548
2024-04-11,-0.0039849421495893,-0.0090216785566481,-0.0039849421495895
2024-04-12,-0.0490545613293155,-0.0542695638187967,-0.0490545613293154
2024-04-13,-0.0549686948005772,-0.0596521915447902,-0.0549686948005772
2024-04-14,0.034032179227637,0.0370328786780926,0.034032179227637
2024-04-15,-0.0172829764126817,-0.0325010695572774,-0.0172829764126819
2024-04-16,-0.0019410422005951,0.0001728171628481,-0.0041573003943032
2024-04-17,0.0,-0.035970545017993,-0.0135800936361432
2024-04-18,0.0,0.0359416112250829,0.0181749589285271
2024-04-19,-0.0005340227175307,0.0031644464774609,0.0001764830368446
2024-04-20,0.0097976708792051,0.0264484259405477,0.0266841406436546
2024-04-21,-0.0012640171934028,-0.0019102598277317,-0.003412582078063
2024-04-22,0.005935277119371,0.0285494091321436,0.0161662040232952
2024-04-23,-0.0055169276378397,-0.0050569393008256,-0.0058744594234926
2024-04-24,-0.0128677003249509,-0.0305628266870437,-0.0155251796665615
2024-04-25,-0.0017708336002592,0.0021793865473458,-0.0021327818974751
2024-04-26,-0.0027540841395066,-0.0128314346591977,-0.0085291960855619
2024-04-27,0.0004119964629911,0.0049178573855797,0.0018869556181213
2024-04-28,-0.0008153121297816,-0.0041665888721805,-0.0037217574323552
2024-04-29,-0.0002007889185537,0.0040123631819053,-0.000915061527014
2024-04-30,-0.0088140221912418,-0.0530685367287953,-0.0245665282741852
2024-05-01,-0.0009013871029232,-0.0278381610259629,-0.0025425244970564
2024-05-02,0.0020634506110461,0.0120561148190807,0.0058640744283557
2024-05-03,-0.0004274110114671,0.0580122452882829,0.0279578640922748
2024-05-04,0.0,0.013230460582513,0.0085733306673709
2024-05-05,0.0,0.0032662255634592,0.0016293646072482
2024-05-06,0.0,-0.0059952811495865,0.0007396963761696
2024-05-07,0.0,-0.0236347743639532,-0.0191791713341861
2024-05-08,0.0,-0.0154103518418304,-0.0050929192687984
2024-05-09,0.0,0.0304395763376192,0.0197886019495185
2024-05-10,0.0,-0.0361482426206892,-0.0162356674469218
2024-05-11,0.0,0.0008909648504842,0.0007222509076891
2024-05-12,0.0,0.0073852917420551,-0.0007436819016994
2024-05-13,0.0,0.0190263010344533,0.0072623799944635
2024-05-14,-0.0011089958685905,-0.0235235883236589,-0.0138925040467129
2024-05-15,0.0025140689203051,0.0694531983657211,0.033787874374934
2024-05-16,-0.0006021415634788,-0.017528034649125,-0.0080598230021433
2024-05-17,-8.746796654979239e-05,0.0327911234109037,0.0177560357417194
2024-05-18,0.0,0.0008345206520126,-0.0005771808085024
2024-05-19,0.0,-0.0125485284913198,-0.012432945286866
2024-05-20,0.0,0.1006203665983238,0.0520804501447538
2024-05-21,0.0,-0.0047278158293528,0.000907168433301
2024-05-22,0.0,-0.0139121699765561,-0.0083192502785816
2024-05-23,0.0,-0.0116032039256197,-0.0128366147977806
2024-05-24,0.0,0.0018990675255841,-0.0003072588734015
2024-05-25,0.0,0.0097447892474156,0.0075754815817299
2024-05-26,0.0,-0.0063036574108266,-0.0107891607967209
2024-05-27,0.0,0.0151673506509357,0.0127257385338366
2024-05-28,-0.0040284826264396,-0.0134790215462743,-0.0045784589008412
2024-05-29,-0.0030388170227769,-0.012195274054222,-0.0044170858108141
2024-05-30,-0.0043823334544391,0.0053063684817173,-0.0063699155140598
2024-05-31,-0.0041117606733704,-0.0084664395186638,-0.0037490747660564
2024-06-01,0.0026082983354902,0.0061556230084107,0.0026083610923377
2024-06-02,-0.0012316067731187,-0.0024713084602792,-0.0012316067577979
2024-06-03,0.0087631398447507,0.0118746471388795,0.0087631398447443
2024-06-04,0.0232522077566741,0.025900848450687,0.0232522077566743
2024-06-05,0.006863602438822,0.01009119860868,0.006863602438822
2024-06-06,-0.0022285704347979,-0.0065692730958754,-0.002228570434798
2024-06-07,-0.0276034168382267,-0.0270605633626056,-0.0276034168382267
2024-06-08,-0.0105364402523012,-0.0023006267869162,-0.0105364402523012
2024-06-09,0.0065270414347025,0.0057727695346185,0.0065270414347022
2024-06-10,-0.010395043037703,-0.0078519059129266,-0.010395043037703
2024-06-11,-0.0262987524744957,-0.0363133247469802,-0.0262987524744956
2024-06-12,0.0232685628189623,0.0178314310618563,0.0232685628189623
2024-06-13,-0.0192741331120307,-0.0247530575851842,-0.0192741331120307
2024-06-14,-0.0028276165570539,-0.0080454041306903,-0.008597637881939
2024-06-15,0.0018095631528551,0.0087378313865127,0.0077491099492765
2024-06-16,0.001404523833131,0.0094827972671049,0.0060146830104674
2024-06-17,-0.0046048994312115,-0.0122649563518604,-0.0197041693497462
2024-06-18,-0.0288598768257549,-0.0200937165875437,-0.0294983745724637
2024-06-19,0.0025204847493254,0.0030291143157494,0.0026708500456475
2024-06-20,-0.0011967951121312,-0.0049937427037047,-0.0012679975140178
2024-06-21,-0.0042989571611246,-0.0070413679299952,-0.0042356971393223
2024-06-22,-0.0007892573169863,-0.0001338130022038,-0.0007892377866127
2024-06-23,-0.0139035466401044,-0.0184963198293872,-0.0139035466385569
2024-06-24,-0.0137062864678824,-0.0345848024053299,-0.013706286467882
2024-06-25,-0.001508513994278,0.0226731449727768,0.0204372083573893
2024-06-26,-7.047500250734196e-05,-0.0128316815454744,-0.008736770802119
2024-06-27,0.0001967033719822,0.0191573935952193,0.0244828380205894
2024-06-28,-1.5254682062648683e-05,-0.0228083920080748,-0.0189556606518745
2024-06-29,0.0,0.0062556810794804,0.0008683828238587
2024-06-30,0.0,0.0265840919217157,0.0192839204865529
2024-07-01,0.0,0.0019300603370933,0.0010028052487272
2024-07-02,0.0,-0.0064833272769905,0.0126724064385994
2024-07-03,0.0,-0.0345307206442502,-0.0345023638622801
2024-07-04,0.0,-0.0601011848725724,-0.0675157031736153
2024-07-05,0.0,-0.0098722789268614,-0.0058879042191206
2024-07-06,0.0,0.0326071761868091,0.0444829666430632
2024-07-07,0.0,-0.045717744566477,-0.054450470474601
2024-07-08,0.0,0.0217005322136987,0.0244438128628015
2024-07-09,0.0,0.0206666712292735,0.0181910253052179
2024-07-10,0.0,-6.150895309497972e-05,0.0055572700833359
2024-07-11,0.0,-0.0054431211666541,0.0031052309313783
2024-07-12,0.0,0.0122124067876689,0.0199004153873665
2024-07-13,0.0,0.0205148495153888,0.02353635937264
2024-07-14,0.0,0.0248304182621987,0.008997441426352
2024-07-15,0.0,0.066499074121854,0.0411605968169814
2024-07-16,0.0,0.000678563440134,-0.0043326881516984
2024-07-17,0.0,-0.0149009214726304,-0.0060004216573656
2024-07-18,0.0,0.0009493951531243,-0.0047964338535718
2024-07-19,0.0,0.0377930301145821,0.0233588957850077
2024-07-20,0.0,0.0074030601614931,0.0106369992432839
2024-07-21,0.0,0.0149410330162274,0.0183092957954216
2024-07-22,0.0,-0.0146004748112,-0.0171843190009771
2024-07-23,0.0,-0.0160323795997376,-0.0156383156336518
2024-07-24,0.0,-0.0145183366804496,-0.0081312671359687
2024-07-25,0.0,-0.0092325710331336,-0.0172587656579695
2024-07-26,0.0,0.0326984993378856,0.0303736018935376
2024-07-27,0.0,-0.0024323920669412,-0.0056120943156265
2024-07-28,0.0,0.0049274042428828,0.0003349754146404
2024-07-29,0.0,-0.0123576330330966,-0.00757676482417
2024-07-30,-0.008194168543679,-0.0078440846221333,-0.0066695376599394
2024-07-31,-0.0214647512483467,-0.0216400853578199,-0.0214654381637332
2024-08-01,-0.005946835508093,0.0028713417739747,-0.0059468351947935
2024-08-02,-0.0581608527842608,-0.0623490539849451,-0.0581608527843248
2024-08-03,-0.0168987461081721,-0.0182515514676128,-0.0168987461081721
2024-08-04,-0.0197935301916937,-0.0444609991899586,-0.0197935301916934
2024-08-05,-0.0815312131992598,-0.0799288167962797,-0.0815312131992597
2024-08-06,0.0314974971827446,0.0375782230970966,0.0366206877860382
2024-08-07,-0.0037357997024403,-0.0189092392991039,-0.0042968169991985
2024-08-08,0.0651039388901186,0.1212548112294318,0.0749735615755016
2024-08-09,-0.0087364232214753,-0.0187873670201099,-0.0089198734575823
2024-08-10,0.003349945760785,0.0024739824087363,0.0033500694071073
2024-08-11,-0.0289236535801686,-0.0360259356808265,-0.0289236535323866
2024-08-12,0.018393012599039,0.0246340416798456,0.0183930125989828
2024-08-13,0.0066320656578264,0.0134955714800173,0.0066320656578264
2024-08-14,-0.0032986947966135,-0.0249814924174701,-0.0032986947966139
2024-08-15,-0.0136528599292546,-0.0217603909867615,-0.0136528599292545
2024-08-16,0.0081337918067485,0.0166446733733325,0.0081337918067485
2024-08-17,0.0095556349833538,0.0115176994860424,0.0095556349833541
2024-08-18,-0.0009166763312915,-0.0123631732400276,-0.0009166763312914
2024-08-19,0.0218906987084297,0.0179246882111665,0.0218906987084297
2024-08-20,0.0189293644422945,-0.0086283729302306,0.0189293644422945
2024-08-21,0.0080827562965226,0.0297047237726926,0.0080827562965226
2024-08-22,0.0061215837320247,-0.0077843881845249,0.0061215837320247
2024-08-23,0.0014067411279092,0.0569822411444858,0.0283214205005948
2024-08-24,-0.0002348454525752,0.0017294832406786,-0.0026987942098758
2024-08-25,-0.0003433585198824,-0.0022794963857101,-0.0039830452176816
2024-08-26,-0.0021475326916101,-0.0242488391162417,-0.0249119880877165
2024-08-27,-9.830768447216533e-05,-0.0579407933327552,-0.0270810142110784
2024-08-28,0.0,0.0007153244249764,0.0006525423697625
2024-08-29,0.0,0.0026266580786389,-0.0002250952079437
2024-08-30,0.0,-0.0040924227443984,-0.0026880696920448
2024-08-31,0.0,-0.0036894269731446,-0.0045572302769995
2024-09-01,0.0,-0.0311380726476602,-0.0247816579640959
2024-09-02,0.0,0.0342412011523727,0.017924437168675
2024-09-03,0.0,-0.0317693039112729,-0.0239424242865273
2024-09-04,0.0,0.0084993325536362,0.0029997440640301
2024-09-05,0.0,-0.0290283876606759,-0.0076242144357178
2024-09-06,0.0,-0.042270445213713,-0.0251109437409906
2024-09-07,0.0,0.0089100770522014,0.0126237349154358
2024-09-08,0.0,0.013619547882308,0.0156739009632038
2024-09-09,0.0,0.0368010048456797,0.0228022561314218
2024-09-10,0.0003433267009278,0.0097359906926153,0.0042597877114756
2024-09-11,-0.0004454979873611,-0.007320190113601,-0.0039939316550973
2024-09-12,0.0016179892261733,0.0148122235451946,0.0144998216049943
2024-09-13,0.004207859682292,0.0372913498671723,0.0165032123877895
2024-09-14,-0.0005085486563977,-0.0082527426262342,-0.0018949944628563
2024-09-15,-0.0050081734510809,-0.0206781167368468,-0.0187591107474941
2024-09-16,-0.0019803487214764,-0.0140806091569389,-0.0074082542628431
2024-09-17,0.0085995356128674,0.0296956859387833,0.0094811181263008
2024-09-18,0.0137245878249356,0.02178944328397,0.0137248134598846
2024-09-19,0.0170602920323919,0.0234636235989875,0.0170602921594558
2024-09-20,0.004941227247851,0.0111980929890274,0.0065798541301054
2024-09-21,0.0098270602276582,0.0085895243082876,0.0126114422219731
2024-09-22,-0.0068224881052428,-0.0017877903515622,-0.0087544054372503
2024-09-23,0.0060194637788302,0.0031935741437827,0.0077266267183977
2024-09-24,0.0097408238551788,0.0136406976793741,0.0115000038623809
2024-09-25,-0.0107141507850518,-0.0200041694269967,-0.0126435507055671
2024-09-26,0.0215729514415261,0.0302728525370019,0.0254593964224663
2024-09-27,0.0096996513586529,0.0128505051061216,0.0129302766164793
2024-09-28,0.0006491252546587,-0.0002779927085676,0.0008599730025344
2024-09-29,0.0010500714640766,-0.0034045632343351,0.0013885679491429
2024-09-30,-0.0202310698577008,-0.0337127090140308,-0.0267539229569402
2024-10-01,-0.0314206131152811,-0.0434308411943957,-0.0311933710478778
2024-10-02,-0.0160616507842292,-0.0119557078187665,-0.0160617304291436
2024-10-03,-0.0005304409779411,-0.0009875109097569,-0.0005304408201426
2024-10-04,-0.0012480505550801,0.0240310961005905,0.0158474902245449
2024-10-05,0.0,0.0001483710568355,-0.0035181289244244
2024-10-06,0.0,0.0119849003233736,0.0088099665985394
2024-10-07,0.0,-0.009736738404988,-0.006727319110674
2024-10-08,0.0,0.0014215642779455,0.0063972164657337
2024-10-09,0.0,-0.0246138332812244,-0.0146318399674533
2024-10-10,0.0,-0.0027813528235902,-0.002618016282324
2024-10-11,0.0,0.0334124690746446,0.0253938971431655
2024-10-12,0.0,0.0111719844312951,0.0117297717446529
2024-10-13,0.0,-0.0046519595983416,-0.0033105576647994
2024-10-14,0.0,0.0516833689594187,0.0298515552710927
2024-10-15,0.0,0.0080407250603335,-0.0071904407236904
2024-10-16,0.0,0.0070097138684404,0.007273811972458
2024-10-17,0.0,-0.0043497861725355,-0.007948418353896
2024-10-18,0.0104191862070552,0.015571546639584,0.0141042122458492
2024-10-19,0.0025400799189641,0.0012530650473432,0.0031941450191919
2024-10-20,0.0129367355011684,0.0159343691033744,0.0162605652888587
2024-10-21,-0.0095709601775602,-0.0228788839376629,-0.0120288870679186
2024-10-22,-0.0015991034944171,-0.0031601294131767,-0.0020561007272229
2024-10-23,-0.0103479131580382,-0.0151056673194508,-0.0133602868346797
2024-10-24,0.0110415447336804,0.0195223829402537,0.0142613640911908
2024-10-25,-0.0408464954316903,-0.030020846272782,-0.0441818309807865
2024-10-26,0.0190327143655422,0.0110550554300885,0.020679998112288
2024-10-27,0.0121203602398165,0.0140307802732204,0.0131708417947404
2024-10-28,0.0176042464679651,0.0268629808022473,0.019130087096604
2024-10-29,0.0227942162700449,0.0346190914838691,0.0228384723248711
2024-10-30,-0.0067485707791122,-0.004907605309248,-0.0067485616638031
2024-10-31,-0.0300504069718242,-0.0339008621476695,-0.030050406971433
2024-11-01,0.000387005001482,-0.0084196134241634,0.0003870050014822
2024-11-02,-0.0066991070418057,-0.0031418556250868,-0.0066991070418057
2024-11-03,-0.016206330178782,-0.0115225327748269,-0.0162063301787818
2024-11-04,-0.0111886089741656,-0.0148277609798493,-0.0111886089741657
2024-11-05,0.0177921641630913,0.0227104479792994,0.0177921641630913
2024-11-06,0.0670561943337293,0.0944294288946809,0.0670561943337293
2024-11-07,0.022500719484362,0.0161689566157736,0.022500719484362
2024-11-08,0.0117593261115027,0.011348254667576,0.0117593261115025
2024-11-09,0.0374712239278087,0.0148699955447395,0.0374712239278087
2024-11-10,0.0629396716863568,0.046120353017603,0.0629396716863568
2024-11-11,0.0614477894074472,0.092178553715557,0.0614477894074472
2024-11-12,0.0259408442991559,-0.0128410002843593,0.0259408442991557
2024-11-13,-0.0172636526801216,0.0169761707621292,-0.0172636526801216
2024-11-14,-0.0029675876368572,-0.0322255112545113,-0.0029675876368571
2024-11-15,0.0539745726910487,0.0388589782362922,0.0539745726910487
2024-11-16,0.0327439494157624,0.0024098154836669,0.0327439494157624
2024-11-17,-0.008894669217477,-0.0063079003178222,-0.0088946692174771
2024-11-18,0.0196315794248098,0.0138651066494068,0.0196315794248098
2024-11-19,-0.0049158024328765,0.0097603497941467,-0.0049158024328768
2024-11-20,-0.0068347298627007,0.0114340499755893,-0.0068347298627007
2024-11-21,0.0420363026972754,0.052941248763614,0.0420363026972752
2024-11-22,0.029780625845873,0.0088002173662056,0.029780625845873
2024-11-23,0.0300529227446724,-0.0027869136049484,0.0300529227446724
2024-11-24,-0.0079006847887247,-0.0004879963379712,-0.0079006847887248
2024-11-25,-0.0323813784137505,-0.0407678432463542,-0.0323813784137506
2024-11-26,-0.0114287622267813,-0.0149464025636993,-0.0114287622267815
2024-11-27,0.0403619664266079,0.0533633709012113,0.0403619664266077
2024-11-28,0.003065530070665,-0.0048254041291327,0.0030655300706647
2024-11-29,0.0185989286545589,0.0189132603146486,0.0185989286545591
2024-11-30,0.0096885692092529,-0.0019373960179785,0.0096885692092527
2024-12-01,0.0236660158616435,0.0142172549481527,0.0236660158616437
2024-12-02,0.0073270755802681,-0.0070620290476204,0.0073270755802679
2024-12-03,0.1108063824507636,0.0067846058473914,0.1108063824507636
2024-12-04,-0.0149416289028997,0.0267920468947855,-0.0149416289028997
2024-12-05,-0.0160218919816328,-0.0168176990815891,-0.0160218919816329
2024-12-06,0.0231155026737786,0.0342315454719897,0.0231155026737783
2024-12-07,0.0066217181689607,0.0044400545295306,0.0066217181689607
2024-12-08,0.003014106598276,0.0087791268774377,0.0030141065982762
2024-12-09,-0.0652340844067908,-0.0557969209534476,-0.065234084406791
2024-12-10,-0.0052539452554394,-0.007675756475744,-0.0052539452554393
2024-12-11,0.0322711748447668,0.0481032774135659,0.032271174844767
2024-12-12,0.0030057810554766,-0.0063090427883631,0.0030057810554766
2024-12-13,0.0056067368774281,0.0124951714037691,0.0056067368774279
2024-12-14,-0.0118916950309323,-0.0054899939106419,-0.0118916950309323
2024-12-15,0.0126300375384942,0.026656506049119,0.0126300375384942
2024-12-16,-0.0023097512270621,0.0106236225688494,-0.0023097512270624
2024-12-17,-0.0021777564396531,-0.0020804202549636,-0.0021777564396529
2024-12-18,-0.0436369167692954,-0.0618837555751393,-0.0436369167692956
2024-12-19,-0.0355916304862704,-0.0376495680366759,-0.0355916304862705
2024-12-20,0.0095584810335553,0.0082464768992882,0.0095584810335553
2024-12-21,-0.0171800184991104,-0.0152099965662904,-0.0171800184991104
2024-12-22,-0.0096962122355824,-0.0201268306822149,-0.0096962122355823
2024-12-23,0.0219163416486167,0.0119281055178588,0.0219163416486167
2024-12-24,0.0174947770099953,0.0355086450027761,0.0174947770099951
2024-12-25,-0.0030402022970411,0.0043744377388388,-0.003040202297041
2024-12-26,-0.0258300504038621,-0.0404368900911559,-0.0258300504038619
2024-12-27,-0.0035235956063098,-0.0116771940274278,-0.0035235956063099
2024-12-28,0.014529437115367,0.0161497178807747,0.014529437115367
2024-12-29,-0.0156699010652169,-0.0192347162795591,-0.0156699010652168
2024-12-30,-0.0007831259870939,-0.0065274720026426,-0.0007831259870941
2024-12-31,-0.0007089269245131,0.0040184068813466,-0.0007089269245131
2025-01-01,0.0290435221522649,0.0166995909965699,0.0290435221522651
2025-01-02,0.0158668216941071,0.0283057282354641,0.0158668216941066
2025-01-03,0.0238794827510793,0.0228182404573487,0.0238794827510793
2025-01-04,0.0009737184795934,0.002184981207753,0.0009737184795937
2025-01-05,-0.0048787769253059,-0.0017790662358737,-0.0048787769253059
2025-01-06,0.0123520246966244,0.0326888259386197,0.0123520246966242
2025-01-07,-0.0137611150476529,-0.0595700333641576,-0.0379423854775436
2025-01-08,-0.0021046890171757,-0.0158104851407242,-0.0060530039874874
2025-01-09,-0.0066367963422331,-0.0297543833644885,-0.0191613925288267
2025-01-10,-0.0003538922901243,0.0218595203542846,0.0113892908712014
2025-01-11,0.0,0.005534550827031,0.0078305399851978
2025-01-12,0.0,-0.0036120692958111,-0.0068919039478471
2025-01-13,0.0,-0.0076038607534096,-0.0084461850080368
2025-01-14,0.0046967327165841,0.0246374477001758,0.0131784686297582
2025-01-15,0.014275798859735,0.0545073124306125,0.0366729362682916
2025-01-16,-0.0008506848170535,-0.0083448405371697,-0.0021625705131403
2025-01-17,-0.0003881396938031,0.0415964675966697,0.0210810895984197
2025-01-18,0.0,-0.0014631460552144,-0.0057473379605896
2025-01-19,0.0,-0.0364971911692042,-0.0316417748909119
2025-01-20,0.0,0.0108258800430256,0.0071739158097168
2025-01-21,0.0001025974417445,0.0332348767676558,0.0139576350537584
2025-01-22,-4.577211560441441e-06,-0.0192254766108196,-0.0005464028013372
2025-01-23,-3.729362243298784e-05,0.0037985457793323,-0.004587403222776
2025-01-24,-0.0020940406498949,0.0037595245510673,-0.0026153542680246
2025-01-25,0.0017456218170639,0.0007515754469225,0.0033016584312708
2025-01-26,-0.0087927327875023,-0.0241079689113834,-0.016629123491743
2025-01-27,-0.0008225432273326,-0.0056996393156544,-0.0015461081808693
2025-01-28,-0.0006485867053533,-0.0142763550636785,-0.0165618618630033
2025-01-29,0.0,0.0198941382348583,0.0073995677314457
2025-01-30,0.0,0.0172972658467218,0.0137451214101809
2025-01-31,0.0,-0.0153700910679541,-0.0036037019855579
2025-02-01,0.0,-0.0296412693875265,-0.0262212726834493
2025-02-02,0.0,-0.0429324984054483,-0.0261352392560559
2025-02-03,0.0,0.031324153812938,-0.0010903297592732
2025-02-04,0.0,-0.0427226785233284,-0.0361006683263481
2025-02-05,0.0,-0.0125739279037555,-0.0110279934260189
2025-02-06,0.0,-0.008737216530513,-0.0089313529058656
2025-02-07,0.0,-0.0007991921238588,8.711378794346025e-05
2025-02-08,0.0,0.0043458460954775,0.0093164255104309
2025-02-09,0.0,0.0020130360464909,0.0003793155186184
2025-02-10,0.0,0.0081346901141678,0.011386483695392
2025-02-11,0.0,-0.0137831375171803,0.0015594438033257
2025-02-12,0.0,0.0274731480203493,0.024053058365121
2025-02-13,0.0,-0.0122992038114183,-0.0128978832735546
2025-02-14,0.0,0.0144856292770232,0.0120667164591941
2025-02-15,0.0,-0.0015967366585403,-0.0036560321159019
2025-02-16,0.0,-0.0139788151154457,-0.0062506019072758
2025-02-17,0.0,-0.0023334538595537,-0.0011153836249498
2025-02-18,0.0,-0.0115444938701155,-0.0221493240609753
2025-02-19,0.0,0.0146324123316847,0.0116307988627533
2025-02-20,0.0,0.0150454793318661,0.0128480730479894
2025-02-21,-0.0048577243536557,-0.0260544453295424,-0.0245091444360827
2025-02-22,0.0026558502532756,0.0110619575506687,0.0141533332694412
2025-02-23,-0.0005635863098949,-0.0013567684400453,-0.0029919564609197
2025-02-24,-0.0124612904482839,-0.0684764625616091,-0.0663294451363045
2025-02-25,-0.0003403303260429,-0.0211958639817774,-0.0045405496873837
2025-02-26,0.0,-0.0511424392366183,-0.0256117821625068
2025-02-27,0.0,0.0036793852464469,0.0029762884454893
2025-02-28,0.0,-0.0067121990976246,-0.0037538228034992
2025-03-01,0.0,0.0157790482153268,0.0060199871037618
2025-03-02,0.0,0.1229719870102332,0.1163107242553822
2025-03-03,0.0,-0.1050601514492963,-0.0843857042571113
2025-03-04,0.0,0.014458450087013,0.0134954800081208
2025-03-05,0.0,0.0352088858865458,0.0168799661072465
2025-03-06,0.0,-0.0073163738258005,-0.0034118784938945
2025-03-07,0.0,-0.0356553550015761,-0.0138602748496717
2025-03-08,0.0,-0.0043262069211963,-0.0046515573216678
2025-03-09,0.0,-0.0653285619120798,-0.0314232627963431
2025-03-10,0.0,-0.0412114079915866,-0.0369255594541046
2025-03-11,0.0,0.0525934656875728,0.0196621350304786
2025-03-12,0.0,0.0117441326462843,0.0079772474040671
2025-03-13,0.0,-0.026466052821642,-0.0069366145735245
2025-03-14,0.0,0.0347015597777817,0.0133939597124179
2025-03-15,0.0,0.0082068098157537,0.0090818154921066
2025-03-16,0.0,-0.0240227343140239,-0.0173890329212371
2025-03-17,0.0,0.0176178787099909,0.0131514087237196
2025-03-18,-0.0004568581946196,-0.014280405895181,0.0012486513398153
2025-03-19,0.0194539218660336,0.0535729715094317,0.0194529302353163
2025-03-20,-0.0125804142576184,-0.0318526819628022,-0.0125804148664822
2025-03-21,-0.0013510944074484,-0.0037121840723073,-0.0034193047101668
2025-03-22,0.0,-0.0013754578428027,0.0015446791147517
2025-03-23,0.0,0.0230940638058698,0.0037130844085415
2025-03-24,0.0,0.0204167654849267,0.0134382905040026
2025-03-25,0.0,-0.0012598753726691,0.0007749798709588
2025-03-26,0.0,-0.0122836376720005,-0.0073173460268333
2025-03-27,0.0,0.0036837600794228,0.0062622011396684
2025-03-28,0.0,-0.0374375785130173,-0.0221902552390237
2025-03-29,0.0,-0.0248215779485979,-0.0161822968645874
2025-03-30,0.0,-0.004213643741099,-0.0038142620046804
2025-03-31,0.0,0.0011141144163353,0.0013221282707311
2025-04-01,0.0,0.030952394667757,0.0108504618303184
2025-04-02,0.0,-0.0373550769382564,-0.022592355992029
2025-04-03,0.0,0.0082443371947695,0.0038105047107692
2025-04-04,0.0,0.01032589633122,0.0062190002907904
2025-04-05,0.0,-0.0047784481200235,-0.0048788611979037
2025-04-06,0.0,-0.0692337497614243,-0.0345596822271716
2025-04-07,0.0,0.0010510669050067,-0.0096942550966858
2025-04-08,0.0,-0.0367530976004173,-0.0147992568092383
2025-04-09,0.0,0.092275700594925,0.049943628646937
2025-04-10,0.0,-0.041580869648611,-0.019992131268123
2025-04-11,0.0007634191557368,0.0440407897694112,0.0163913396483423
2025-04-12,0.0009358572368152,0.0301697383259538,0.0185349531183398
2025-04-13,-0.0004526458716558,-0.0197231174802053,-0.0089367948476182
2025-04-14,3.566736104221313e-05,0.00928961415941,0.0007147946369234
2025-04-15,-0.0104373188187106,-0.0134761541090342,-0.0091978864470215
2025-04-16,0.0023027764876524,0.0042021001156353,0.0023018147023554
2025-04-17,0.0046505499135147,0.0096181198736813,0.0046505493732325
2025-04-18,-0.0023823287755119,-0.0042002419159237,-0.0023823287757551
2025-04-19,0.0059991948809166,0.0091841414425963,0.0059991948809168
2025-04-20,-0.0007982184374591,-0.001469576419649,-0.000798218437459
2025-04-21,0.0024612396756924,0.0202393701194438,0.0024612396756922
2025-04-22,0.0289862056654794,0.0717647618636161,0.0318660775617534
2025-04-23,0.0033971458811041,0.0045287167681735,0.0037277787695852
2025-04-24,0.0012187049576186,0.0011133901916933,0.0013367645333941
2025-04-25,-0.0015321319633446,0.0049552471278639,-0.0026933381734932
2025-04-26,0.0033131248690041,0.002502636244585,0.0075961562816693
2025-04-27,-0.002659592326396,-0.0080442358133121,-0.0060978699481021
2025-04-28,0.0019954374745512,0.0117618520384559,0.0045771248029231
2025-04-29,-0.0088231373589878,-0.0088038596894837,-0.0083336351941081
2025-04-30,-0.002498746540231,-0.0023681931817775,-0.0024988888827759
2025-05-01,0.0083245697493139,0.0230430025597974,0.0083245697972003
2025-05-02,-0.0007769430079307,0.0026627563782293,-0.0007769430079462
2025-05-03,-0.0066877784981062,-0.0101474215172862,-0.0066877784981062
2025-05-04,-0.0079308124570046,-0.0158495800038658,-0.0079308124570046
2025-05-05,0.0010126217122949,0.0039915375909964,0.0010126217122952
2025-05-06,-0.0007211900627781,0.0176812327234909,0.0042450163034277
2025-05-07,0.0,0.0008366810681761,7.35906315547652e-05
2025-05-08,0.0,0.0825215632869966,0.0714182285535451
2025-05-09,0.0,0.0078946504820693,0.0172496529887666
2025-05-10,0.0,0.0298675265891028,0.0333066423237347
2025-05-11,0.0,-0.0117845608007469,-0.0134775746165232
2025-05-12,0.0,-0.0061363307280687,0.0049574074574401
2025-05-13,0.0,0.0197373566762824,0.0147589997027703
2025-05-14,0.0,-0.0098200836826042,-0.0112182975426551
2025-05-15,0.0,-0.0065871832694718,-0.0171761078821999
2025-05-16,0.0,-0.0033197347664291,-0.0046640790907633
2025-05-17,0.0,-0.0064808245801574,-0.0087529866287727
2025-05-18,0.0,0.0298981597156497,0.017352515130004
2025-05-19,0.0,-0.0078583920195312,-0.0079682447252441
2025-05-20,0.0,0.0088747379076539,0.0031126423314649
2025-05-21,0.0,0.0246951179590908,0.0162709370439635
2025-05-22,0.0,0.0217757056723297,0.0207140981716502
2025-05-23,0.0,-0.032932790531411,-0.0277420264155119
2025-05-24,0.0,-0.0044582370689937,-0.0037792300309626
2025-05-25,0.0,0.0100924034158602,0.0046702045640942
2025-05-26,0.0,0.0026682641266859,-2.0069236190023432e-05
2025-05-27,0.0086806278349775,0.0015753277287455,0.0098432430163828
2025-05-28,-0.0092253136551125,-0.0098628535172683,-0.0092248714119235
2025-05-29,-0.0135020913293502,-0.0205247058195252,-0.0135020916737015
2025-05-30,-0.0297075846957697,-0.0222824330405191,-0.0330416163386531
2025-05-31,0.0018268142206636,0.0053596777517759,0.0020366940191973
2025-06-01,0.0069869379609999,0.0088846745591903,0.0077850492974886
2025-06-02,0.0013018234111925,0.0052317123922895,0.0014506843447286
2025-06-03,-0.0017761041478382,-0.0036616536997072,-0.0024699485880952
2025-06-04,-0.0027793215498316,-0.0060287314788748,-0.0042961735382629
2025-06-05,-0.0179817687244887,-0.0378427574823297,-0.0277988402376186
2025-06-06,0.0143499404815887,0.0272328436920714,0.017922642765729
2025-06-07,0.012129284844317,0.013129614416929,0.0150024574724711
2025-06-08,0.0010106291302387,0.0026798838448918,0.0012515213848853
2025-06-09,0.0271617750788115,0.044669724162315,0.0335911515737086
2025-06-10,0.0080938953239937,0.0072336484670114,0.0152217197652426
2025-06-11,-0.0105096772683657,-0.0155038393428432,-0.0192705444738126
2025-06-12,-0.0172169081587219,-0.0308093935206713,-0.0315798441857991
2025-06-13,-0.0030823083330684,-0.0018267762027357,-0.008935209174299
2025-06-14,-0.0038205776881671,-0.008727616986787,-0.0126192234365211
2025-06-15,0.0031839305890715,0.0042278645560329,0.0105239263087237
2025-06-16,0.0007956331262941,0.0095541113755475,0.0026325384465368
2025-06-17,-0.0099906146912759,-0.0204061135912158,-0.0182348450460674
2025-06-18,3.936445631524954e-05,0.0027552256804601,8.200373797784266e-05
2025-06-19,-0.0011087060325803,-0.0020468709439418,-0.0021007683020297
2025-06-20,-0.0113127526016644,-0.0187561645842827,-0.0239778482599085
2025-06-21,-0.0092410068818212,-0.0171583322841203,-0.0196631394857332
2025-06-22,-0.0081632901133934,-0.0149214341043513,-0.0173698208069802
2025-06-23,0.0258988869861358,0.0517892565877164,0.0551413131224221
2025-06-24,-0.0008244923339253,0.0078724696021232,0.0048287431298603
2025-06-25,0.0,0.0065707944896069,-0.0048581783350752
2025-06-26,0.0,-0.0064659861077853,-0.0146710595630431
2025-06-27,0.0,0.0030369454180139,0.0090040501558801
2025-06-28,0.0,0.0057206797722844,0.0123363476408184
2025-06-29,0.0,0.0123086332378687,0.0149431198343057
2025-06-30,0.0,-0.0084897122135187,-0.0028174476907979
2025-07-01,0.0,-0.0181575660348588,-0.0236577444717639
2025-07-02,0.0,0.0347130063156111,0.0323234866794108
2025-07-03,0.0,0.0070881598312075,0.0078748848850689
2025-07-04,0.0,-0.0176820350197961,-0.0210306945356365
2025-07-05,0.0,0.0020899727638756,0.0028450888111
2025-07-06,0.0,0.0121296701227637,0.0151614133012323
2025-07-07,0.0,-0.0087952593850533,-0.0066275215848375
2025-07-08,0.0,0.0094629704756175,0.0095437602099541
2025-07-09,0.0,0.026903316563984,0.0296971902036826
2025-07-10,0.0,0.0457031915825414,0.0432954575719801
2025-07-11,0.0,0.0148503035030156,0.0237037242884712
2025-07-12,0.0,-0.0019936248970261,-0.0053123855699627
2025-07-13,0.0,0.0142384001492834,0.0131529372711329
2025-07-14,0.0,0.0079679015916296,0.0028899612060577
2025-07-15,0.0,-0.008921714851059,-0.0002498324167499
2025-07-16,0.0,0.0191038696574727,0.0295462446581662
2025-07-17,0.0,0.0154706425938395,0.0273043195648527
2025-07-18,0.0,-0.0051511574757865,0.0131381486998911
2025-07-19,0.0,0.000954871914286,-0.0006472774995174
2025-07-20,0.0,0.0049026265001215,0.0272953196781211
2025-07-21,0.0,0.0046429981244304,0.0049580012163901
2025-07-22,0.0,0.0188603378299034,0.0171214675748341
2025-07-23,0.0,-0.0206024573774155,-0.0398991511126871
2025-07-24,0.0,-0.0026120471393046,-0.0061069425666743
2025-07-25,0.0085263913478512,-0.0022693309986703,0.0185930943621055
2025-07-26,0.0017499327564232,0.0029892712793002,0.0034227115109128
2025-07-27,0.0139181231403391,0.0175260617079879,0.0272062926141836
2025-07-28,-0.009851489091526,-0.0151062561803695,-0.0192543248989102
2025-07-29,0.0011619716177031,-0.0016732198789116,0.0020071918407764
2025-07-30,-0.0106648828385892,-0.0023466078294027,-0.0106655656316971
2025-07-31,-0.0234053969639843,-0.0197881739469732,-0.0234053963894959
2025-08-01,-0.0264641170379336,-0.0285478902054752,-0.0350792058790118
2025-08-02,-0.0148344832379467,-0.0143714959251002,-0.0199587623591953
2025-08-03,0.0181457995174041,0.0209092179658298,0.0244233298721914
2025-08-04,0.0195639534707379,0.0197638928499024,0.02633090414075
2025-08-05,-0.0012533720222009,-0.0144285672794631,-0.0188178231831316
2025-08-06,0.0,0.0109286559928571,0.0129597748111025
2025-08-07,0.0,0.0340338627448573,0.0401824150056855
2025-08-08,0.0010850015619627,-0.0012157185565341,0.0037431161030272
2025-08-09,0.0059985011003123,0.0080884590236594,0.0129301110680093
2025-08-10,0.0041359146211039,0.0168200516019847,0.0089157508742763
2025-08-11,-0.0064644248746129,-0.0077893318153714,-0.0139306609267888
2025-08-12,-0.0007385706690313,0.0286650080968482,0.0420858975930718
2025-08-13,0.0,0.0278449138845209,0.0330507502252244
2025-08-14,0.0,-0.0404843666397569,-0.0312276203084826
2025-08-15,0.0,-0.0100714796519528,-0.0043475824646692
2025-08-16,0.0,0.0007763147119905,-0.0013347519139421
2025-08-17,0.0,0.0028805485054197,0.0088933916345965
2025-08-18,0.0,-0.0155960609133274,-0.0219418892474643
2025-08-19,-0.0328746214481263,-0.0359274419321943,-0.0349561169380828
2025-08-20,0.0300713039726232,0.0246929024665227,0.0336213154904325
2025-08-21,-0.0213567519893107,-0.0199499108875894,-0.0238722467971599
2025-08-22,0.0677718000954827,0.060937107689118,0.0678696049882474
2025-08-23,-0.0096158535611308,-0.0119914152122523,-0.0096157714977995
2025-08-24,-0.0038855241419685,-0.0120870541335962,-0.0038855241925752
2025-08-25,-0.0532016798981573,-0.0423963270090242,-0.0532016798981561
2025-08-26,0.0318563723786684,0.024731471512424,0.0318563723786686
2025-08-27,-0.0075274171504942,-0.0068609260479957,-0.0075274171504942
2025-08-28,0.0082414940294002,0.0110778485044575,0.0082414940293999
2025-08-29,-0.0265730601867555,-0.0367780586190689,-0.0265730601867553
2025-08-30,0.0004964514134093,0.0030164630758262,0.0004964514134093
2025-08-31,-0.0032392481803007,-0.0045444314953494,-0.0032392481803009
2025-09-01,-0.0082987523109976,0.0009557468520053,-0.0082987523109973
2025-09-02,0.0174833639861216,0.0181299396761616,0.0174833639861216
2025-09-03,0.0067372094441533,0.0084052783858123,0.0067372094441533
2025-09-04,-0.0178942312855406,-0.0158116486673292,-0.0178942312855406
2025-09-05,0.0052259943620014,0.0012889220030727,0.0052259943620014
2025-09-06,-0.0106151879400987,-0.0049913068860328,-0.0106151879400987
2025-09-07,0.021328508385972,0.0114867402711533,0.021328508385972
2025-09-08,0.0158938000807606,0.0099195867144987,0.0158938000807604
2025-09-09,0.0009281940523238,-0.0026112978222101,0.0033372013242627
2025-09-10,0.0064536726131538,0.0193340315983678,0.0151765761314661
2025-09-11,0.0069607996730121,0.0165183529570622,0.0163755387348754
2025-09-12,0.0073689622069077,0.017930601136149,0.0197325546088649
2025-09-13,0.0009040575362877,-0.0013255440210089,0.0024131850403257
2025-09-14,-0.0049678968226591,-0.0091208988483989,-0.0132266965092405
2025-09-15,-0.003651395034392,-0.0050386931665142,-0.0097189416038081
2025-09-16,0.0077912992531503,0.0103421229516416,0.0085255366652312
2025-09-17,0.0171596389493282,0.0057927676604856,0.0171597572963599
2025-09-18,0.004785124327546,0.0038301351399174,0.0047851243565564
2025-09-19,-0.0191953201401369,-0.0164263720329648,-0.0191953201401332
2025-09-20,0.0057853594961558,0.0029366976701938,0.0057853594961558
2025-09-21,-0.0088746808387357,-0.0052319771378701,-0.0088746808387358
2025-09-22,-0.0350665722905896,-0.0322755945095165,-0.0350665722905898
2025-09-23,-0.0059943920742867,-0.007326952326347,-0.0087366071141885
2025-09-24,0.0048660677237513,0.0096220782433504,0.0076073535875864
2025-09-25,-0.0296226696528533,-0.0479380514367692,-0.0462940801033826
2025-09-26,0.0234986407279724,0.0161198289841888,0.0239411847188337
2025-09-27,-0.0009024932672387,-0.0004576293433428,-0.0009022958251351
2025-09-28,0.0180087144637586,0.0246643325663966,0.0180087144293406
2025-09-29,0.0065773551759085,0.017730393781524,0.0065773551758718
2025-09-30,-0.0088154126870499,-0.007080430101882,-0.0088154126870497
2025-10-01,0.0321699771961347,0.0416527289039496,0.0321699771961345
2025-10-02,0.0228323889896056,0.0234524467025125,0.0228323889896056
2025-10-03,0.0051756892644885,0.0137013792110618,0.0051756892644885
2025-10-04,-0.0111927597732931,-0.0041329047405244,-0.0111927597732931
2025-10-05,0.0023798363921585,0.0075301891878385,0.0023798363921583
2025-10-06,0.0191982156257757,0.0166343393089327,0.0191982156257757
2025-10-07,-0.0263037645438215,-0.0292677336426286,-0.0281347780939582
2025-10-08,0.014754432294294,0.0165644125482824,0.0158033021943586
2025-10-09,-0.0195032385812553,-0.0196424780262319,-0.0208875711875778
2025-10-10,-0.0043325513771225,-0.0916817904083433,-0.0963313234371257
2025-10-11,-0.0004042831721834,-0.0184083556689115,-0.0144994623349477
2025-10-12,0.001366689763274,0.0531252449526873,0.0495243526697117
2025-10-13,0.00072628500475,0.0147453077940593,0.0261586802152498
2025-10-14,-0.0142831876816734,-0.024563912130909,-0.0232406625113447
2025-10-15,-0.0105005842226537,-0.0250584112054065,-0.0182165680743862
2025-10-16,-0.0096733324067995,-0.0246764466015922,-0.0167818342338588
2025-10-17,-0.0093997044443909,-0.0184094582757498,-0.0171731909229995
2025-10-18,0.0066261965574654,0.0111753298678534,0.012192238691709
2025-10-19,0.0070469630269294,0.0153766988747956,0.0129605959562522
2025-10-20,0.0063107386835525,0.0148234312188013,0.011608208376777
2025-10-21,-0.0012083531650325,-0.0226562483127389,-0.0173291724875028
2025-10-22,0.0,-0.009817101790312,-0.0066686826403111
2025-10-23,0.0,0.0238771355000106,0.0142110318041219
2025-10-24,0.0004887556891173,0.0110333799564468,0.002115725920831
2025-10-25,0.0061474463555877,0.0069397788496934,0.0061482932736651
2025-10-26,0.0211960741626775,0.0297166783661033,0.0211960739200236
2025-10-27,-0.0067128282986912,-0.0051574363943172,-0.006712828298786
2025-10-28,-0.0123272820050907,-0.0156402288001067,-0.0123272820050908
2025-10-29,-0.0051671006347071,-0.0211555663415462,-0.0051671006347071
2025-10-30,-0.0250372371088815,-0.0214457375166521,-0.0250372371088815
2025-10-31,0.0086164262927759,0.0122354965122923,0.0086164262927759
2025-11-01,0.0015523310790599,0.0041425912565327,0.0015523310790601
2025-11-02,0.0019269018123799,0.004577482497668,0.0019269018123797
2025-11-03,-0.0556612382069312,-0.0510455295845861,-0.055661238206931
2025-11-04,-0.0272199445181049,-0.0537317649506705,-0.0272199445181051
2025-11-05,0.0234443408637259,0.0291731712939644,0.0234443408637261
2025-11-06,-0.0216615059093985,-0.0275567023822295,-0.0216615059093985
2025-11-07,0.0335995379975564,0.0270472355297639,0.0335995379975564
2025-11-08,-0.0086045352605028,-0.009992946411745,-0.0086045352605028
2025-11-09,0.0153254892928349,0.0280162120709082,0.0153254892928349
2025-11-10,0.0113070619571968,0.0117552496898312,0.0113070619571971
2025-11-11,-0.0014534699369215,-0.0336758428764057,-0.0269600328406468
2025-11-12,0.0,-0.0102441306819471,-0.0055768755989591
2025-11-13,0.0,-0.0267815735617015,-0.0177323901925041
2025-11-14,-0.0031069921818029,-0.0456669889681203,-0.0215647545734867
2025-11-15,0.0012287375555559,0.0117795063727097,0.0091356147980137
2025-11-16,-0.0014080720104774,-0.0151648884712825,-0.0104307429353722
2025-11-17,-0.0018887312316873,-0.0227164597311952,-0.0139934925744855
2025-11-18,0.0133400052710515,0.0163909351731501,0.0147420629623828
2025-11-19,-0.0159280915247532,-0.0212618637898442,-0.0160535616283017
2025-11-20,-0.0273625819587725,-0.0529131620586857,-0.0275798822423248
2025-11-21,-0.0236681666724031,-0.0212412660002971,-0.0236678922863684
2025-11-22,-0.0067766525855283,-0.0036657219597205,-0.0067766512288851
2025-11-23,0.0143293626514124,0.0235825605666677,0.0143293626519456
2025-11-24,0.0228647396184833,0.0280598936168845,0.0228647396184835
2025-11-25,-0.0016046150825429,-0.0077177052722898,-0.0015234677580695
2025-11-26,0.0046085106713344,0.0322525634405048,0.017044097901361
2025-11-27,-0.0004532553347212,0.0047910592813182,-0.001662718729805
2025-11-28,-0.0054580600506952,-0.0043408543870102,-0.0052020832735394
2025-11-29,-0.0041285469804258,-0.0035304461766494,-0.0046595447950307
2025-11-30,-0.005057244034065,-0.0053528385901924,-0.0057072188046066
2025-12-01,-0.0284399659658869,-0.0492850615436903,-0.0320961797146871
2025-12-02,0.0420647010054446,0.0614168834842732,0.0422031003053637
2025-12-03,0.0225803488378155,0.0311207033288791,0.0225804815472028
2025-12-04,-0.0107101004201649,-0.0176087053615265,-0.0107101002880767
2025-12-05,-0.0199558586849176,-0.0307163684121598,-0.0199558586848415
2025-12-06,0.0029775240761218,0.000293715220478,0.002977524076122
2025-12-07,0.001548696093564,0.0104516144303234,0.0015486960935635
2025-12-08,0.000981072987251,0.0059725504122079,0.0009810729872512
2025-12-09,-0.0012516197492008,0.0269597238479197,0.0133595076758599
2025-12-10,0.0,-0.0073605366877205,-0.0075488171421962
2025-12-11,0.0,-0.0008793587550177,-0.0053163770811712
2025-12-12,-0.0133621590466724,-0.0261726246521896,-0.0180536297950933
2025-12-13,0.0026858495095583,0.0027836436948023,0.0038827579233451
2025-12-14,-0.0081485113277771,-0.0220888007574198,-0.0117681372433363
2025-12-15,-0.0114149960291911,-0.0224676426168523,-0.0164826791426633
2025-12-16,0.0068621460398581,0.013636757042329,0.0072676441339938
2025-12-17,-0.024657440938363,-0.0250519064760881,-0.0246571651471131
2025-12-18,-0.0139999255729251,-0.0103251825621598,-0.0139999257017248
2025-12-19,0.0400170919857341,0.0370898586812842,0.0400170919859543
2025-12-20,-0.0034080967818638,0.0018161586032854,-0.0034080967818638
2025-12-21,0.0061642903008825,0.0038234911239203,0.0061642903008825
2025-12-22,-0.0022726627546131,-0.0009352952179969,-0.0022726627546132
2025-12-23,-0.0100458281784875,-0.0136397481907382,-0.0132438925625802
2025-12-24,-0.0022258746777747,3.942060651374035e-05,-0.0030485233884766
2025-12-25,-0.0078400437669591,-0.008415099938831,-0.0107506611461638
2025-12-26,0.0069278466163518,0.0035335548531647,0.0072389329754023
2025-12-27,0.0162312868690608,0.0079940206859669,0.0162313315514091
2025-12-28,0.0001139897900268,0.0011212481873881,0.000113989790567
2025-12-29,-0.0080816664500611,-0.0083416981739038,-0.0080816664500611
2025-12-30,0.0067798983089855,0.0137203555875182,0.0067798983089855
2025-12-31,-0.0102386138801968,-0.0090739377586198,-0.0102386138801967
2026-01-01,0.0131576901008636,0.0138936878612794,0.0131576901008634
2026-01-02,0.0309175108721888,0.0225980805242986,0.0309175108721886
2026-01-03,0.0106087445280771,0.0060848211558861,0.0106087445280773
2026-01-04,0.011369574701852,0.0110769647367647,0.0113695747018518
2026-01-05,0.0220927476907013,0.0294121584170354,0.0220927476907013
2026-01-06,0.0066185811975507,0.0023145702494218,0.0067542686184829
2026-01-07,-0.0207363493903756,-0.0290787682904697,-0.0212038032864777
2026-01-08,-0.0093650893274057,-0.0061873536086212,-0.0095760379407173
2026-01-09,-0.003060262803448,-0.0057939519677079,-0.0030354501205704
2026-01-10,0.0018007866013047,-0.0007790107216565,0.0018007744581538
2026-01-11,0.002474192165131,0.0056366585397888,0.0024741921729201
2026-01-12,-0.0058817691242011,0.0004364707155091,-0.0058817691242013
2026-01-13,0.0472397976418539,0.0504511465733554,0.0472397976418539
2026-01-14,-4.331269229984613e-05,0.0125267691691515,-4.331269230006818e-05
2026-01-15,-0.01308535232805,-0.0150446840226097,-0.01308535232805
2026-01-16,0.0006568318722373,-0.0010583458011508,0.0006568318722373
2026-01-17,0.0065167771561203,-0.0018280201269516,0.0065167771561203
2026-01-18,-0.0202770594806297,-0.0164206134514907,-0.0202770594806299
2026-01-19,-0.0170707291260411,-0.0142668068013381,-0.0170707291260409
2026-01-20,-0.052874958463711,-0.0510874320769955,-0.052874958463711
2026-01-21,0.0168238851580224,0.013452119055308,0.0168238851580226
2026-01-22,0.0016923551608081,-0.0011865800493867,0.0016923551608079
2026-01-23,-0.0008778695152558,0.000116877406417,-0.0008778695152557
2026-01-24,-0.0025669023417791,-0.0038297143770618,-0.002566902341779
2026-01-25,-0.0317494321745829,-0.0321755872850826,-0.031749432174583
2026-01-26,0.0274546837365736,0.0240645757745565,0.0274546837365736
2026-01-27,0.0047843935722129,0.0148344692319315,0.0281931875870362
2026-01-28,0.0005607982413786,-0.0004430764963982,0.0026651783426545
2026-01-29,-0.0100376928856564,-0.0531022422287424,-0.04759172879797
2026-01-30,-0.0003067540401439,-0.0119828756818894,-0.0128918429080365
2026-01-31,0.0,-0.0704362097848962,-0.0643162282695324
2026-02-01,0.0,-0.0304319041306135,-0.0210345029670767
2026-02-02,0.0,0.0248976183835896,0.0254919253412981
2026-02-03,0.0,-0.0382444225610001,-0.0234533149476388
2026-02-04,0.0,-0.0375654950907697,-0.0248598398561645
2026-02-05,0.0,-0.1420785223969266,-0.1203691657321672
2026-02-06,0.0,0.1240381631601628,0.075953471791865
2026-02-07,0.0,-0.0133162635846152,-0.0035519015173614
2026-02-08,0.0,0.0101144410653153,-0.0001993087044754
2026-02-09,0.0,-0.0011469227188122,-0.0003074961023598
2026-02-10,0.0,-0.0229555252824157,-0.0186476205260803
2026-02-11,0.0,-0.0271479282643328,-0.012126734954171
2026-02-12,0.0,-0.0078153884947704,0.0043144507541004
2026-02-13,0.0,0.0401543337215797,0.026358124420593
2026-02-14,0.0,0.0196521196482484,0.0249104303902176
2026-02-15,0.0,-0.0221437318593035,-0.0203750274037436
2026-02-16,0.0,0.004705878928779,0.0079293431413804
2026-02-17,-0.0069051950905618,-0.0168506190937364,-0.0099702897933702
2026-02-18,-0.0085244588403223,-0.0177824085892719,-0.0144311036442367
2026-02-19,0.0030572992788022,0.0057101405198896,0.0051818517506241
2026-02-20,0.0085811852988253,0.0156350187735183,0.0125320481651871
2026-02-21,0.0002760435786475,0.0001419806362699,0.0003995610267779
2026-02-22,-0.0056984796019413,-0.0078994091792685,-0.0082117807012308
2026-02-23,-0.0239458768807618,-0.0445627728282317,-0.0345077617693463
2026-02-24,-0.0008912077558228,-0.0073172707189455,-0.0021393543344225
2026-02-25,0.0,0.0703392841776844,0.0448488587776063
2026-02-26,0.0,-0.0097521497753406,-0.0094235001359357
2026-02-27,0.0,-0.0282701736341665,-0.0188365046311325
2026-02-28,0.0,0.0168239904487066,0.0145074896267369
2026-03-01,0.0,-0.0162081494089101,-0.0076073570442858
2026-03-02,0.0,0.0431922393400114,0.0144189897250852
2026-03-03,0.0,-0.0097549412405393,-0.0088287231925817
2026-03-04,0.0,0.0619465487518935,0.0300927943256161
2026-03-05,0.0,-0.0240089093977876,-0.0125555668018004
2026-03-06,0.0,-0.0384311097719283,-0.0161611336882244
2026-03-07,0.0,-0.0108152420624776,-0.0033390008856901
2026-03-08,0.0,-0.0176801280461512,-0.0058145613260592
2026-03-09,0.0,0.0342705635140085,0.0113622468501284
2026-03-10,0.0,0.0208405969799811,0.0076521528401098
2026-03-11,0.0,0.0044596745770344,0.0046609679703593
2026-03-12,0.0,0.0048108905038566,0.0001236102892794
2026-03-13,0.0,0.0070053080512106,0.0064086400798806
2026-03-14,0.0,0.003635500306518,0.0035125904411734
2026-03-15,0.0,0.0252128203875356,0.0115896841614162
2026-03-16,0.0,0.0356593862004717,0.017320640470066
2026-03-17,0.0,-0.012708240702405,-0.0014756933691362
2026-03-18,0.0,-0.0372433456556648,-0.01793978678143
2026-03-19,0.0,-0.0193025852888097,-0.0064317342224814
2026-03-20,0.0,0.0074433311686048,0.0068617248127194
2026-03-21,0.0,-0.0229341681030508,-0.0095683119680448
2026-03-22,0.0,-0.0146332053452055,-0.0049275205173343
2026-03-23,0.0,0.042795827452805,0.0159445897022318
2026-03-24,0.0,-0.003974226329845,-0.0003342647849507
2026-03-25,0.0,0.0100661567592885,0.0067498635361147
2026-03-26,0.0,-0.0373113026814857,-0.0172035728436927
2026-03-27,0.0,-0.032933266062173,-0.0081978279606759
2026-03-28,0.0,-0.0001057332598169,0.0028995477143081
2026-03-29,0.0,-0.0055907893428183,-0.0033415289410958
2026-03-30,0.0,0.01172537445307,0.0036492839898603
2026-03-31,0.008149848785677,0.0223844744901444,0.0094651124111659
2026-04-01,-0.0012224017150496,0.0001226695142961,-0.0012211086883412
2026-04-02,-0.0092037779949769,-0.0218863015479963,-0.0092037780160842
2026-04-03,0.0008725470999106,0.0013337547442677,0.001644134083079
2026-04-04,0.0020005567445422,0.0050587314404073,0.0034168465103161
2026-04-05,0.0025938411412087,0.0223147230189373,0.004430629403872
2026-04-06,-0.0018798075241498,-0.0027067191906691,-0.0032099868520402
2026-04-07,-0.0007079601751496,0.0460080420320545,0.0266256526950154
2026-04-08,0.0,-0.0146103727947867,-0.0109481754162208
2026-04-09,0.0,0.0077443274890283,0.0027129347781096
2026-04-10,0.0,0.0166267746127359,0.0090509383148933
2026-04-11,0.0,0.0032490797551225,0.0016688119333134
2026-04-12,0.0,-0.0314686971998292,-0.0170239588822189
2026-04-13,0.0,0.0535888609531101,0.0298888834267625
2026-04-14,0.0,-0.0065235942114818,-0.0054644506510261
2026-04-15,0.0,0.0108736302228553,0.0120214634909741
2026-04-16,0.0,0.0070195210756531,0.0145587018316155
2026-04-17,0.0,0.0237788940495391,0.0074803001172909
2026-04-18,0.0,-0.0199213660238253,-0.0147614158104026
2026-04-19,0.0,-0.026531716797751,-0.0186853395419748
2026-04-20,0.0,0.0255838009907056,0.0165067258694131
2026-04-21,0.0,0.0061482845327489,0.0051107228559978
2026-04-22,0.0,0.0207896515536722,0.0058064841099838
2026-04-23,0.0,-0.0015149897252297,0.0005346520721132
2026-04-24,-0.0035156696739874,-0.0089333014988879,-0.0063175449334849
2026-04-25,-0.0004156471717962,0.0011455072471651,-0.0007811318526982
2026-04-26,0.004337252110655,0.0134790226789813,0.0081499370034681
2026-04-27,-0.0047846049593404,-0.0178766389885591,-0.0089883675389448
2026-04-28,-0.0061863453228867,-0.0117190796876921,-0.0058977043114902
2026-04-29,-0.0013999089860249,-0.0084163461078299,-0.001519001436785
2026-04-30,0.0022413387129136,0.0056003287575374,0.0024320144611327
2026-05-01,0.0081230432933601,0.0217825608790478,0.0104830915615588
2026-05-02,0.0019785754750278,0.0060139821674041,0.0025418661247971
2026-05-03,0.0032489590231257,-0.0007619524327102,0.0041717742424405
2026-05-04,0.0047718667479781,0.0141097662844384,0.0061266272273297
2026-05-05,-0.0007228381850246,0.0130515474064529,0.0166254454511955
2026-05-06,0.0,0.0063447012720974,0.0060743285953035
2026-05-07,0.0,-0.0184738235584992,-0.0120430766564051
2026-05-08,0.0,0.0054639301908017,0.0084257560388278
2026-05-09,0.0,0.0056241759896751,0.0016172066339237
2026-05-10,0.0,0.0198198760945458,0.0115882715356228
2026-05-11,0.0,-0.0055100231378111,-0.0079674171868185
2026-05-12,-0.0050024018565889,-0.0172462650865555,-0.0116103645446095
2026-05-13,-0.0020117483960203,-0.0124807397399712,-0.0050075056772727
2026-05-14,0.0091803829148797,0.0213313504568837,0.0228588519013734
2026-05-15,-0.011992288873892,-0.0243902293582517,-0.0147899369011976
2026-05-16,-0.0142745165833905,-0.0141513480959045,-0.0182185448078792
2026-05-17,-0.0011629368998169,-0.0102641382119537,-0.0014812951543652
2026-05-18,-0.0066697343927398,-0.0054557593891282,-0.0085122263670913
2026-05-19,-0.0083822975216441,-0.0044112770324242,-0.0082745549794804
2026-05-20,0.01490397859743,0.010049740737543,0.0149041739405519
2026-05-21,0.0092371537925337,0.0027386807519176,0.009237153787579
2026-05-22,-0.0200827067918747,-0.0273470453041331,-0.0225519666462591
2026-05-23,0.0110875417995759,0.0168911155964384,0.0125765238614674
2026-05-24,-0.0006809250513841,0.0018871665981037,-0.0007712588822547
2026-05-25,0.0043400535980673,0.0039519297583898,0.0049198594347859
2026-05-26,-0.0082040698181079,-0.0175500051983754,-0.0080774725258405
2026-05-27,-0.0146040432407719,-0.0195967395384631,-0.0146040366061649
2026-05-28,-0.0186735942957103,-0.0102518052600827,-0.0186735942704324
2026-05-29,0.0002160246953117,-0.0004528723846589,0.000216024695272
2026-05-30,0.0237625230275653,0.0102563059027396,0.0237625230275655
2026-05-31,-0.0016718834545896,-0.0033413542142005,-0.0016718834545897
2026-06-01,-0.0140910923446453,-0.0252945012514799,-0.0140910923446451
2026-06-02,-0.0270262203252277,-0.0649790179080735,-0.0485545420433896
2026-06-03,-0.0083835385587771,-0.0343568469229202,-0.0152001669835739
2026-06-04,-0.0148112111164075,-0.011271897051277,-0.0269453366110986
2026-06-05,-0.0605802531119799,-0.0535312487002401,-0.0598587525011534
2026-06-06,-0.0073239208803246,-0.0043389815198735,-0.007322703329303
2026-06-07,0.0451624372221211,0.046911927332407,0.0451624372024854
2026-06-08,0.0003396733662268,-0.0017415916218177,0.0003396733662268
2026-06-09,-0.0019879320021279,-0.0233729264125968,-0.0201541982267974
2026-06-10,0.0,-0.007745235187418,-0.0125338364623015
2026-06-11,0.0,0.0344435755951257,0.0243869543290482
2026-06-12,0.0,-0.0013917833009725,-0.0007088356453536
2026-06-13,0.0,0.0135844499212163,0.0137753440980974
2026-06-14,0.0,0.0216022258677381,0.0209513203773645
2026-06-15,0.0,0.0145459118027109,0.0137834384701913
2026-06-16,0.0,-0.0088132879461254,-0.0041729317817162
2026-06-17,0.0,-0.0179886689723736,-0.0111791706229567
2026-06-18,0.0,-0.0251272094589237,-0.0208044315021328
2026-06-19,0.0,0.0073740243512014,0.0016801605820644
2026-06-20,0.0,0.0131114466738826,0.01094517420958
2026-06-21,0.0,-0.0159476299050095,-0.0099267827386985
2026-06-22,0.0,0.0105250348087924,0.0055274810767902
2026-06-23,0.0,-0.0228839936252879,-0.0222882798422613
2026-06-24,0.0,-0.0257734550553995,-0.0181432926676688
2026-06-25,0.0,-0.0211928019279783,-0.0132508060803153
2026-06-26,0.0,0.0067470619241372,0.0059887147693322
2026-06-27,0.0,-0.003213661578954,-0.0053285631319964
2026-06-28,0.0,-0.0062663432191789,-0.0033882909874075
2026-06-29,0.0,0.0150618792251013,0.0185024605562429
2026-06-30,0.0,-0.0260538379084325,-0.0238848581731021
2026-07-01,0.0,0.0226341792522244,0.0095770404476887
2026-07-02,0.0,0.0293022395460174,0.0178832202099854
2026-07-03,0.0,0.021333264030886,0.0260121790294969
2026-07-04,0.0,0.008631450471215,0.0024385594749225
2026-07-05,0.0,0.0058753641641493,0.0030932722935237
2026-07-06,0.0,0.0066869661400295,0.0082421153245584
2026-07-07,-0.0066946612465357,-0.0119904585568066,-0.0089551287510151
2026-07-08,-0.0081029564314587,-0.0171596583453688,-0.0126892920018993
2026-07-09,0.0042421114802371,0.011548259875342,0.0066497316575457
2026-07-10,0.0003175020118841,0.0155457714294575,0.0063794768788016
2026-07-11,-2.008025947097813e-05,-0.0053695243359863,-0.0005593848303019
2026-07-12,4.137168382745138e-05,0.0006009159621807,0.0011584592695286
2026-07-13,-0.0006516848297518,-0.021949157908283,-0.018294833269511
2026-07-14,-5.09196066648121e-05,0.0445021481207457,0.0339211038977753
2026-07-15,0.0,-0.0014321145616266,0.00211738985384
2026-07-16,0.0,-0.0175468150454014,-0.0206862686165433
2026-07-17,0.0,-0.0004208561741193,-0.00094659406736
2026-07-18,0.0,0.0124127416919921,0.0064623034605324
2026-07-19,0.0,-8.182639599518815e-05,0.0017535752433617
2026-07-20,0.0,0.0091807933466876,0.003890701996039
2026-07-21,0.0,0.017447633225414,0.0080994992099781
2026-07-22,0.0,-0.0052591186126961,-0.0048081033002463
2026-07-23,0.0,-0.0177597119560561,-0.0162485838014918
2026-07-24,0.0,-0.0133301565042401,-0.0062606669417123
2026-07-25,0.0,0.0043682422718982,0.0061010664020308
2026-07-26,0.0,0.0193099831350223,0.0162196204135536
2026-07-27,0.0,-0.0268384856052594,-0.0259231311628244
2026-07-28,-0.0003143477578875,0.0037230566031678,0.0012447798815815
2026-07-29,-0.0005122698636754,-0.0002617400531943,-0.0014580142003532
2026-07-30,0.0045940655539187,0.012741190045524,0.0130777155511778
2026-07-31,-0.002160403689977,-0.0274453378404251,-0.0172146931858107
2026-08-01,-0.0004344648860806,-0.0031335187671245,-0.0039487669598727
2026-08-02,0.0014426461868064,0.0142233830776639,0.0132033513544369
2026-08-03,-3.666176321226455e-05,-0.002179399060165,-0.0003210620601923
2026-08-04,-9.604241796745684e-05,0.0079125104234618,0.0039201005838986
2026-08-05,0.0,0.0089312500202487,0.0038971133868217
2026-08-06,0.0,-0.0058957948468958,-0.0070714959680768
2026-08-07,0.0,0.0074254656973575,0.0009486369390643
2026-08-08,0.0,0.0026605850580634,0.0078564550626725
2026-08-09,0.0,-0.0014298179758448,-0.0022289678373521
2026-08-10,0.0,-0.0138867859875463,-0.0051232699655993
2026-08-11,0.0,-0.001702245386237,0.0035303732484761
2026-08-12,0.0,-0.0029640234291621,-0.0103761194759911
2026-08-13,0.0,0.0013505576576857,0.010567360002863
2026-08-14,0.0,-0.0065579039151144,-0.0083364315966939
2026-08-15,0.0,0.0003198633970324,-0.0059200396461097
2026-08-16,0.0,-0.0032740048847327,0.0032585255394546
2026-08-17,0.0,0.0233407729974852,0.0155798441811603
2026-08-18,0.0,0.0026242121331609,0.0004779829152872
2026-08-19,0.0,0.0848767431469339,0.0715836365896998
2026-08-20,0.0,0.052224527794711,0.0429299692251077
2026-08-21,0.0,0.0753216405782926,0.0688184378485847
2026-08-22,0.0,-0.0148181658211113,0.0079512137692345
2026-08-23,0.0,0.0114947665105773,0.0147338121578906
2026-08-24,0.0,0.0119655641157281,-0.0039832813701373
2026-08-25,0.0,-0.0096784676183473,-0.0197081354391545
2026-08-26,0.0,0.0105287627452919,0.0143571361381884
2026-08-27,0.0,0.0148976219321623,0.0159386687733498
2026-08-28,0.0,-0.0301580492286605,-0.0184854824258409
2026-08-29,0.0,0.0057949951774394,0.0096251357373478
2026-08-30,0.0,-0.0106014980116083,-0.0173061875226868
2026-08-31,0.0,0.0126233182975543,0.0062303656459576
2026-09-01,0.0,-0.016526475829188,-0.0202757079371073
2026-09-02,0.0,-0.001955921565236,0.0024238744024296
2026-09-03,0.0,0.0519254773435648,0.0432501723046048
2026-09-04,0.0,-0.0189213624587127,-0.0103941947264728
2026-09-05,0.0,0.0068707945674018,0.0251208077090105
2026-09-06,0.0,0.0083758276889698,0.0109853382869287
2026-09-07,0.0,-0.015594766854944,-0.0174720918397454
2026-09-08,0.0,-0.004700880286881,0.0021926876534295
2026-09-09,0.0,-0.0050445865540427,-0.0081376411363133
2026-09-10,0.0,-0.0226632171851436,-0.0235012698899853
2026-09-11,0.0,0.0140873919822079,0.017485655144144
2026-09-12,0.0,0.0011670657517386,0.0039729499042344
2026-09-13,0.0,-0.0097785623158148,-0.0182752497802806
2026-09-14,0.0,0.0194198806397605,0.0169651109306303
2026-09-15,0.0,-0.0372158172768041,-0.0332908054331938
