time,equity,relative_return,volatility,underwater,max_drawdown,sharpe_ratio,mean_return,bias,instruments,avg_turnover,avg_holding_time
2014-01-01,,,,,,,,0.0,0.0,,
2014-01-02,,,,,,,,0.0,0.0,,
2014-01-03,,,,,,,,0.0,0.0,,
2014-01-04,,,,,,,,0.0,0.0,,
2014-01-05,,,,,,,,0.0,0.0,,
2014-01-06,,,,,,,,0.0,0.0,,
2014-01-07,,,,,,,,0.0,0.0,,
2014-01-08,,,,,,,,0.0,0.0,,
2014-01-09,,,,,,,,0.0,0.0,,
2014-01-10,,,,,,,,0.0,0.0,,
2014-01-11,,,,,,,,0.0,0.0,,
2014-01-12,,,,,,,,0.0,0.0,,
2014-01-13,,,,,,,,0.0,0.0,,
2014-01-14,,,,,,,,0.0,0.0,,
2014-01-15,,,,,,,,0.0,0.0,,
2014-01-16,,,,,,,,0.0,0.0,,
2014-01-17,,,,,,,,0.0,0.0,,
2014-01-18,,,,,,,,0.0,0.0,,
2014-01-19,,,,,,,,0.0,0.0,,
2014-01-20,,,,,,,,0.0,0.0,,
2014-01-21,,,,,,,,0.0,0.0,,
2014-01-22,,,,,,,,0.0,0.0,,
2014-01-23,,,,,,,,0.0,0.0,,
2014-01-24,,,,,,,,0.0,0.0,,
2014-01-25,,,,,,,,0.0,0.0,,
2014-01-26,,,,,,,,0.0,0.0,,
2014-01-27,,,,,,,,0.0,0.0,,
2014-01-28,,,,,,,,0.0,0.0,,
2014-01-29,,,,,,,,0.0,0.0,,
2014-01-30,,,,,,,,0.0,0.0,,
2014-01-31,,,,,,,,0.0,0.0,,
2014-02-01,,,,,,,,0.0,0.0,,
2014-02-02,,,,,,,,0.0,0.0,,
2014-02-03,,,,,,,,0.0,0.0,,
2014-02-04,,,,,,,,0.0,0.0,,
2014-02-05,,,,,,,,0.0,0.0,,
2014-02-06,,,,,,,,0.0,0.0,,
2014-02-07,,,,,,,,0.0,0.0,,
2014-02-08,,,,,,,,0.0,0.0,,
2014-02-09,,,,,,,,0.0,0.0,,
2014-02-10,,,,,,,,0.0,0.0,,
2014-02-11,,,,,,,,0.0,0.0,,
2014-02-12,,,,,,,,0.0,0.0,,
2014-02-13,,,,,,,,0.0,0.0,,
2014-02-14,,,,,,,,0.0,0.0,,
2014-02-15,,,,,,,,0.0,0.0,,
2014-02-16,,,,,,,,0.0,0.0,,
2014-02-17,,,,,,,,0.0,0.0,,
2014-02-18,,,,,,,,0.0,0.0,,
2014-02-19,,,,,,,,0.0,0.0,,
2014-02-20,,,,,,,,0.0,0.0,,
2014-02-21,,,,,,,,0.0,0.0,,
2014-02-22,,,,,,,,0.0,0.0,,
2014-02-23,,,,,,,,0.0,0.0,,
2014-02-24,,,,,,,,0.0,0.0,,
2014-02-25,,,,,,,,0.0,0.0,,
2014-02-26,,,,,,,,0.0,0.0,,
2014-02-27,,,,,,,,0.0,0.0,,
2014-02-28,,,,,,,,0.0,0.0,,
2014-03-01,,,,,,,,0.0,0.0,,
2014-03-02,,,,,,,,0.0,0.0,,
2014-03-03,,,,,,,,0.0,0.0,,
2014-03-04,,,,,,,,0.0,0.0,,
2014-03-05,,,,,,,,0.0,0.0,,
2014-03-06,,,,,,,,0.0,0.0,,
2014-03-07,,,,,,,,0.0,0.0,,
2014-03-08,,,,,,,,0.0,0.0,,
2014-03-09,,,,,,,,0.0,0.0,,
2014-03-10,,,,,,,,0.0,0.0,,
2014-03-11,,,,,,,,0.0,0.0,,
2014-03-12,,,,,,,,0.0,0.0,,
2014-03-13,,,,,,,,0.0,0.0,,
2014-03-14,,,,,,,,0.0,0.0,,
2014-03-15,,,,,,,,0.0,0.0,,
2014-03-16,,,,,,,,0.0,0.0,,
2014-03-17,,,,,,,,0.0,0.0,,
2014-03-18,,,,,,,,0.0,0.0,,
2014-03-19,,,,,,,,0.0,0.0,,
2014-03-20,,,,,,,,0.0,0.0,,
2014-03-21,,,,,,,,0.0,0.0,,
2014-03-22,,,,,,,,0.0,0.0,,
2014-03-23,,,,,,,,0.0,0.0,,
2014-03-24,,,,,,,,0.0,0.0,,
2014-03-25,,,,,,,,0.0,0.0,,
2014-03-26,,,,,,,,0.0,0.0,,
2014-03-27,,,,,,,,0.0,0.0,,
2014-03-28,,,,,,,,0.0,0.0,,
2014-03-29,,,,,,,,0.0,0.0,,
2014-03-30,,,,,,,,0.0,0.0,,
2014-03-31,,,,,,,,0.0,0.0,,
2014-04-01,,,,,,,,0.0,0.0,,
2014-04-02,,,,,,,,0.0,0.0,,
2014-04-03,,,,,,,,0.0,0.0,,
2014-04-04,,,,,,,,0.0,0.0,,
2014-04-05,,,,,,,,0.0,0.0,,
2014-04-06,,,,,,,,0.0,0.0,,
2014-04-07,,,,,,,,0.0,0.0,,
2014-04-08,,,,,,,,0.0,0.0,,
2014-04-09,,,,,,,,0.0,0.0,,
2014-04-10,,,,,,,,0.0,0.0,,
2014-04-11,,,,,,,,0.0,0.0,,
2014-04-12,,,,,,,,0.0,0.0,,
2014-04-13,,,,,,,,0.0,0.0,,
2014-04-14,,,,,,,,0.0,0.0,,
2014-04-15,,,,,,,,0.0,0.0,,
2014-04-16,,,,,,,,0.0,0.0,,
2014-04-17,,,,,,,,0.0,0.0,,
2014-04-18,,,,,,,,0.0,0.0,,
2014-04-19,,,,,,,,0.0,0.0,,
2014-04-20,,,,,,,,0.0,0.0,,
2014-04-21,,,,,,,,0.0,0.0,,
2014-04-22,,,,,,,,0.0,0.0,,
2014-04-23,,,,,,,,0.0,0.0,,
2014-04-24,,,,,,,,0.0,0.0,,
2014-04-25,,,,,,,,0.0,0.0,,
2014-04-26,,,,,,,,0.0,0.0,,
2014-04-27,,,,,,,,0.0,0.0,,
2014-04-28,,,,,,,,0.0,0.0,,
2014-04-29,,,,,,,,0.0,0.0,,
2014-04-30,,,,,,,,0.0,0.0,,
2014-05-01,,,,,,,,0.0,0.0,,
2014-05-02,,,,,,,,0.0,0.0,,
2014-05-03,,,,,,,,0.0,0.0,,
2014-05-04,,,,,,,,0.0,0.0,,
2014-05-05,,,,,,,,0.0,0.0,,
2014-05-06,,,,,,,,0.0,0.0,,
2014-05-07,,,,,,,,0.0,0.0,,
2014-05-08,,,,,,,,0.0,0.0,,
2014-05-09,,,,,,,,0.0,0.0,,
2014-05-10,,,,,,,,0.0,0.0,,
2014-05-11,,,,,,,,0.0,0.0,,
2014-05-12,,,,,,,,0.0,0.0,,
2014-05-13,,,,,,,,0.0,0.0,,
2014-05-14,,,,,,,,0.0,0.0,,
2014-05-15,,,,,,,,0.0,0.0,,
2014-05-16,,,,,,,,0.0,0.0,,
2014-05-17,,,,,,,,0.0,0.0,,
2014-05-18,,,,,,,,0.0,0.0,,
2014-05-19,,,,,,,,0.0,0.0,,
2014-05-20,,,,,,,,0.0,0.0,,
2014-05-21,,,,,,,,0.0,0.0,,
2014-05-22,,,,,,,,0.0,0.0,,
2014-05-23,,,,,,,,0.0,0.0,,
2014-05-24,,,,,,,,0.0,0.0,,
2014-05-25,,,,,,,,0.0,0.0,,
2014-05-26,,,,,,,,0.0,0.0,,
2014-05-27,,,,,,,,0.0,0.0,,
2014-05-28,,,,,,,,0.0,0.0,,
2014-05-29,,,,,,,,0.0,0.0,,
2014-05-30,,,,,,,,0.0,0.0,,
2014-05-31,,,,,,,,0.0,0.0,,
2014-06-01,,,,,,,,0.0,0.0,,
2014-06-02,,,,,,,,0.0,0.0,,
2014-06-03,,,,,,,,0.0,0.0,,
2014-06-04,,,,,,,,0.0,0.0,,
2014-06-05,,,,,,,,0.0,0.0,,
2014-06-06,,,,,,,,0.0,0.0,,
2014-06-07,,,,,,,,0.0,0.0,,
2014-06-08,,,,,,,,0.0,0.0,,
2014-06-09,,,,,,,,0.0,0.0,,
2014-06-10,,,,,,,,0.0,0.0,,
2014-06-11,,,,,,,,0.0,0.0,,
2014-06-12,,,,,,,,0.0,0.0,,
2014-06-13,,,,,,,,0.0,0.0,,
2014-06-14,,,,,,,,0.0,0.0,,
2014-06-15,,,,,,,,0.0,0.0,,
2014-06-16,,,,,,,,0.0,0.0,,
2014-06-17,,,,,,,,0.0,0.0,,
2014-06-18,,,,,,,,0.0,0.0,,
2014-06-19,,,,,,,,0.0,0.0,,
2014-06-20,,,,,,,,0.0,0.0,,
2014-06-21,,,,,,,,0.0,0.0,,
2014-06-22,,,,,,,,0.0,0.0,,
2014-06-23,,,,,,,,0.0,0.0,,
2014-06-24,,,,,,,,0.0,0.0,,
2014-06-25,,,,,,,,0.0,0.0,,
2014-06-26,,,,,,,,0.0,0.0,,
2014-06-27,,,,,,,,0.0,0.0,,
2014-06-28,,,,,,,,0.0,0.0,,
2014-06-29,,,,,,,,0.0,0.0,,
2014-06-30,,,,,,,,0.0,0.0,,
2014-07-01,,,,,,,,0.0,0.0,,
2014-07-02,,,,,,,,0.0,0.0,,
2014-07-03,,,,,,,,0.0,0.0,,
2014-07-04,,,,,,,,0.0,0.0,,
2014-07-05,,,,,,,,0.0,0.0,,
2014-07-06,,,,,,,,0.0,0.0,,
2014-07-07,,,,,,,,0.0,0.0,,
2014-07-08,,,,,,,,0.0,0.0,,
2014-07-09,,,,,,,,0.0,0.0,,
2014-07-10,,,,,,,,0.0,0.0,,
2014-07-11,,,,,,,,0.0,0.0,,
2014-07-12,,,,,,,,0.0,0.0,,
2014-07-13,,,,,,,,0.0,0.0,,
2014-07-14,,,,,,,,0.0,0.0,,
2014-07-15,,,,,,,,0.0,0.0,,
2014-07-16,,,,,,,,0.0,0.0,,
2014-07-17,,,,,,,,0.0,0.0,,
2014-07-18,,,,,,,,0.0,0.0,,
2014-07-19,,,,,,,,0.0,0.0,,
2014-07-20,,,,,,,,0.0,0.0,,
2014-07-21,,,,,,,,0.0,0.0,,
2014-07-22,,,,,,,,0.0,0.0,,
2014-07-23,,,,,,,,0.0,0.0,,
2014-07-24,,,,,,,,0.0,0.0,,
2014-07-25,,,,,,,,0.0,0.0,,
2014-07-26,,,,,,,,0.0,0.0,,
2014-07-27,,,,,,,,0.0,0.0,,
2014-07-28,,,,,,,,0.0,0.0,,
2014-07-29,,,,,,,,0.0,0.0,,
2014-07-30,,,,,,,,0.0,0.0,,
2014-07-31,,,,,,,,0.0,0.0,,
2014-08-01,,,,,,,,0.0,0.0,,
2014-08-02,,,,,,,,0.0,0.0,,
2014-08-03,,,,,,,,0.0,0.0,,
2014-08-04,,,,,,,,0.0,0.0,,
2014-08-05,,,,,,,,0.0,0.0,,
2014-08-06,,,,,,,,0.0,0.0,,
2014-08-07,,,,,,,,0.0,0.0,,
2014-08-08,,,,,,,,0.0,0.0,,
2014-08-09,,,,,,,,0.0,0.0,,
2014-08-10,,,,,,,,0.0,0.0,,
2014-08-11,,,,,,,,0.0,0.0,,
2014-08-12,,,,,,,,0.0,0.0,,
2014-08-13,,,,,,,,0.0,0.0,,
2014-08-14,,,,,,,,0.0,0.0,,
2014-08-15,,,,,,,,0.0,0.0,,
2014-08-16,,,,,,,,0.0,0.0,,
2014-08-17,,,,,,,,0.0,0.0,,
2014-08-18,,,,,,,,0.0,0.0,,
2014-08-19,,,,,,,,0.0,0.0,,
2014-08-20,,,,,,,,0.0,0.0,,
2014-08-21,,,,,,,,0.0,0.0,,
2014-08-22,,,,,,,,0.0,0.0,,
2014-08-23,,,,,,,,0.0,0.0,,
2014-08-24,,,,,,,,0.0,0.0,,
2014-08-25,,,,,,,,0.0,0.0,,
2014-08-26,,,,,,,,0.0,0.0,,
2014-08-27,,,,,,,,0.0,0.0,,
2014-08-28,,,,,,,,0.0,0.0,,
2014-08-29,,,,,,,,0.0,0.0,,
2014-08-30,,,,,,,,0.0,0.0,,
2014-08-31,,,,,,,,0.0,0.0,,
2014-09-01,,,,,,,,0.0,0.0,,
2014-09-02,,,,,,,,0.0,0.0,,
2014-09-03,,,,,,,,0.0,0.0,,
2014-09-04,,,,,,,,0.0,0.0,,
2014-09-05,,,,,,,,0.0,0.0,,
2014-09-06,,,,,,,,0.0,0.0,,
2014-09-07,,,,,,,,0.0,0.0,,
2014-09-08,,,,,,,,0.0,0.0,,
2014-09-09,,,,,,,,0.0,0.0,,
2014-09-10,,,,,,,,0.0,0.0,,
2014-09-11,,,,,,,,0.0,0.0,,
2014-09-12,,,,,,,,0.0,0.0,,
2014-09-13,,,,,,,,0.0,0.0,,
2014-09-14,,,,,,,,0.0,0.0,,
2014-09-15,,,,,,,,0.0,0.0,,
2014-09-16,,,,,,,,0.0,0.0,,
2014-09-17,,,,,,,,0.0,0.0,,
2014-09-18,,,,,,,,0.0,0.0,,
2014-09-19,,,,,,,,0.0,0.0,,
2014-09-20,,,,,,,,0.0,0.0,,
2014-09-21,,,,,,,,0.0,0.0,,
2014-09-22,,,,,,,,0.0,0.0,,
2014-09-23,,,,,,,,0.0,0.0,,
2014-09-24,,,,,,,,0.0,0.0,,
2014-09-25,,,,,,,,0.0,0.0,,
2014-09-26,,,,,,,,0.0,0.0,,
2014-09-27,,,,,,,,0.0,0.0,,
2014-09-28,,,,,,,,0.0,0.0,,
2014-09-29,,,,,,,,0.0,0.0,,
2014-09-30,,,,,,,,0.0,0.0,,
2014-10-01,,,,,,,,0.0,0.0,,
2014-10-02,,,,,,,,0.0,0.0,,
2014-10-03,,,,,,,,0.0,0.0,,
2014-10-04,,,,,,,,0.0,0.0,,
2014-10-05,,,,,,,,0.0,0.0,,
2014-10-06,,,,,,,,0.0,0.0,,
2014-10-07,,,,,,,,0.0,0.0,,
2014-10-08,,,,,,,,0.0,0.0,,
2014-10-09,,,,,,,,0.0,0.0,,
2014-10-10,,,,,,,,0.0,0.0,,
2014-10-11,,,,,,,,0.0,0.0,,
2014-10-12,,,,,,,,0.0,0.0,,
2014-10-13,,,,,,,,0.0,0.0,,
2014-10-14,,,,,,,,0.0,0.0,,
2014-10-15,,,,,,,,0.0,0.0,,
2014-10-16,,,,,,,,0.0,0.0,,
2014-10-17,,,,,,,,0.0,0.0,,
2014-10-18,,,,,,,,0.0,0.0,,
2014-10-19,,,,,,,,0.0,0.0,,
2014-10-20,,,,,,,,0.0,0.0,,
2014-10-21,,,,,,,,0.0,0.0,,
2014-10-22,,,,,,,,0.0,0.0,,
2014-10-23,,,,,,,,0.0,0.0,,
2014-10-24,,,,,,,,0.0,0.0,,
2014-10-25,,,,,,,,0.0,0.0,,
2014-10-26,,,,,,,,0.0,0.0,,
2014-10-27,,,,,,,,0.0,0.0,,
2014-10-28,,,,,,,,0.0,0.0,,
2014-10-29,,,,,,,,0.0,0.0,,
2014-10-30,,,,,,,,0.0,0.0,,
2014-10-31,,,,,,,,0.0,0.0,,
2014-11-01,,,,,,,,0.0,0.0,,
2014-11-02,,,,,,,,0.0,0.0,,
2014-11-03,,,,,,,,0.0,0.0,,
2014-11-04,,,,,,,,0.0,0.0,,
2014-11-05,,,,,,,,0.0,0.0,,
2014-11-06,,,,,,,,0.0,0.0,,
2014-11-07,,,,,,,,0.0,0.0,,
2014-11-08,,,,,,,,0.0,0.0,,
2014-11-09,,,,,,,,0.0,0.0,,
2014-11-10,,,,,,,,0.0,0.0,,
2014-11-11,,,,,,,,0.0,0.0,,
2014-11-12,,,,,,,,0.0,0.0,,
2014-11-13,,,,,,,,0.0,0.0,,
2014-11-14,,,,,,,,0.0,0.0,,
2014-11-15,,,,,,,,0.0,0.0,,
2014-11-16,,,,,,,,0.0,0.0,,
2014-11-17,,,,,,,,0.0,0.0,,
2014-11-18,,,,,,,,0.0,0.0,,
2014-11-19,,,,,,,,0.0,0.0,,
2014-11-20,,,,,,,,0.0,0.0,,
2014-11-21,,,,,,,,0.0,0.0,,
2014-11-22,,,,,,,,0.0,0.0,,
2014-11-23,,,,,,,,0.0,0.0,,
2014-11-24,,,,,,,,0.0,0.0,,
2014-11-25,,,,,,,,0.0,0.0,,
2014-11-26,,,,,,,,0.0,0.0,,
2014-11-27,,,,,,,,0.0,0.0,,
2014-11-28,,,,,,,,0.0,0.0,,
2014-11-29,,,,,,,,0.0,0.0,,
2014-11-30,,,,,,,,0.0,0.0,,
2014-12-01,,,,,,,,0.0,0.0,,
2014-12-02,,,,,,,,0.0,0.0,,
2014-12-03,,,,,,,,0.0,0.0,,
2014-12-04,,,,,,,,0.0,0.0,,
2014-12-05,,,,,,,,0.0,0.0,,
2014-12-06,,,,,,,,0.0,0.0,,
2014-12-07,,,,,,,,0.0,0.0,,
2014-12-08,,,,,,,,0.0,0.0,,
2014-12-09,,,,,,,,0.0,0.0,,
2014-12-10,,,,,,,,0.0,0.0,,
2014-12-11,,,,,,,,0.0,0.0,,
2014-12-12,,,,,,,,0.0,0.0,,
2014-12-13,,,,,,,,0.0,0.0,,
2014-12-14,,,,,,,,0.0,0.0,,
2014-12-15,,,,,,,,0.0,0.0,,
2014-12-16,,,,,,,,0.0,0.0,,
2014-12-17,,,,,,,,0.0,0.0,,
2014-12-18,,,,,,,,0.0,0.0,,
2014-12-19,,,,,,,,0.0,0.0,,
2014-12-20,,,,,,,,0.0,0.0,,
2014-12-21,,,,,,,,0.0,0.0,,
2014-12-22,,,,,,,,0.0,0.0,,
2014-12-23,,,,,,,,0.0,0.0,,
2014-12-24,,,,,,,,0.0,0.0,,
2014-12-25,,,,,,,,0.0,0.0,,
2014-12-26,,,,,,,,0.0,0.0,,
2014-12-27,,,,,,,,0.0,0.0,,
2014-12-28,,,,,,,,0.0,0.0,,
2014-12-29,,,,,,,,0.0,0.0,,
2014-12-30,,,,,,,,0.0,0.0,,
2014-12-31,,,,,,,,0.0,0.0,,
2015-01-01,,,,,,,,0.0,0.0,,
2015-01-02,,,,,,,,0.0,0.0,,
2015-01-03,,,,,,,,0.0,0.0,,
2015-01-04,,,,,,,,0.0,0.0,,
2015-01-05,,,,,,,,0.0,0.0,,
2015-01-06,,,,,,,,0.0,0.0,,
2015-01-07,,,,,,,,0.0,0.0,,
2015-01-08,,,,,,,,0.0,0.0,,
2015-01-09,,,,,,,,0.0,0.0,,
2015-01-10,,,,,,,,0.0,0.0,,
2015-01-11,,,,,,,,0.0,0.0,,
2015-01-12,,,,,,,,0.0,0.0,,
2015-01-13,,,,,,,,0.0,0.0,,
2015-01-14,,,,,,,,0.0,0.0,,
2015-01-15,,,,,,,,0.0,0.0,,
2015-01-16,,,,,,,,0.0,0.0,,
2015-01-17,,,,,,,,0.0,0.0,,
2015-01-18,,,,,,,,0.0,0.0,,
2015-01-19,,,,,,,,0.0,0.0,,
2015-01-20,,,,,,,,0.0,0.0,,
2015-01-21,,,,,,,,0.0,0.0,,
2015-01-22,,,,,,,,0.0,0.0,,
2015-01-23,,,,,,,,0.0,0.0,,
2015-01-24,,,,,,,,0.0,0.0,,
2015-01-25,,,,,,,,0.0,0.0,,
2015-01-26,,,,,,,,0.0,0.0,,
2015-01-27,,,,,,,,0.0,0.0,,
2015-01-28,,,,,,,,0.0,0.0,,
2015-01-29,,,,,,,,0.0,0.0,,
2015-01-30,,,,,,,,0.0,0.0,,
2015-01-31,,,,,,,,0.0,0.0,,
2015-02-01,,,,,,,,0.0,0.0,,
2015-02-02,,,,,,,,0.0,0.0,,
2015-02-03,,,,,,,,0.0,0.0,,
2015-02-04,,,,,,,,0.0,0.0,,
2015-02-05,,,,,,,,0.0,0.0,,
2015-02-06,,,,,,,,0.0,0.0,,
2015-02-07,,,,,,,,0.0,0.0,,
2015-02-08,,,,,,,,0.0,0.0,,
2015-02-09,,,,,,,,0.0,0.0,,
2015-02-10,,,,,,,,0.0,0.0,,
2015-02-11,,,,,,,,0.0,0.0,,
2015-02-12,,,,,,,,0.0,0.0,,
2015-02-13,,,,,,,,0.0,0.0,,
2015-02-14,,,,,,,,0.0,0.0,,
2015-02-15,,,,,,,,0.0,0.0,,
2015-02-16,,,,,,,,0.0,0.0,,
2015-02-17,,,,,,,,0.0,0.0,,
2015-02-18,,,,,,,,0.0,0.0,,
2015-02-19,,,,,,,,0.0,0.0,,
2015-02-20,,,,,,,,0.0,0.0,,
2015-02-21,,,,,,,,0.0,0.0,,
2015-02-22,,,,,,,,0.0,0.0,,
2015-02-23,,,,,,,,0.0,0.0,,
2015-02-24,,,,,,,,0.0,0.0,,
2015-02-25,,,,,,,,0.0,0.0,,
2015-02-26,,,,,,,,0.0,0.0,,
2015-02-27,,,,,,,,0.0,0.0,,
2015-02-28,,,,,,,,0.0,0.0,,
2015-03-01,,,,,,,,0.0,0.0,,
2015-03-02,,,,,,,,0.0,0.0,,
2015-03-03,,,,,,,,0.0,0.0,,
2015-03-04,,,,,,,,0.0,0.0,,
2015-03-05,,,,,,,,0.0,0.0,,
2015-03-06,,,,,,,,0.0,0.0,,
2015-03-07,,,,,,,,0.0,0.0,,
2015-03-08,,,,,,,,0.0,0.0,,
2015-03-09,,,,,,,,0.0,0.0,,
2015-03-10,,,,,,,,0.0,0.0,,
2015-03-11,,,,,,,,0.0,0.0,,
2015-03-12,,,,,,,,0.0,0.0,,
2015-03-13,,,,,,,,0.0,0.0,,
2015-03-14,,,,,,,,0.0,0.0,,
2015-03-15,,,,,,,,0.0,0.0,,
2015-03-16,,,,,,,,0.0,0.0,,
2015-03-17,,,,,,,,0.0,0.0,,
2015-03-18,,,,,,,,0.0,0.0,,
2015-03-19,,,,,,,,0.0,0.0,,
2015-03-20,,,,,,,,0.0,0.0,,
2015-03-21,,,,,,,,0.0,0.0,,
2015-03-22,,,,,,,,0.0,0.0,,
2015-03-23,,,,,,,,0.0,0.0,,
2015-03-24,,,,,,,,0.0,0.0,,
2015-03-25,,,,,,,,0.0,0.0,,
2015-03-26,,,,,,,,0.0,0.0,,
2015-03-27,,,,,,,,0.0,0.0,,
2015-03-28,,,,,,,,0.0,0.0,,
2015-03-29,,,,,,,,0.0,0.0,,
2015-03-30,,,,,,,,0.0,0.0,,
2015-03-31,,,,,,,,0.0,0.0,,
2015-04-01,,,,,,,,0.0,0.0,,
2015-04-02,,,,,,,,0.0,0.0,,
2015-04-03,,,,,,,,0.0,0.0,,
2015-04-04,,,,,,,,0.0,0.0,,
2015-04-05,,,,,,,,0.0,0.0,,
2015-04-06,,,,,,,,0.0,0.0,,
2015-04-07,,,,,,,,0.0,0.0,,
2015-04-08,,,,,,,,0.0,0.0,,
2015-04-09,,,,,,,,0.0,0.0,,
2015-04-10,,,,,,,,0.0,0.0,,
2015-04-11,,,,,,,,0.0,0.0,,
2015-04-12,,,,,,,,0.0,0.0,,
2015-04-13,,,,,,,,0.0,0.0,,
2015-04-14,,,,,,,,0.0,0.0,,
2015-04-15,,,,,,,,0.0,0.0,,
2015-04-16,,,,,,,,0.0,0.0,,
2015-04-17,,,,,,,,0.0,0.0,,
2015-04-18,,,,,,,,0.0,0.0,,
2015-04-19,,,,,,,,0.0,0.0,,
2015-04-20,,,,,,,,0.0,0.0,,
2015-04-21,,,,,,,,0.0,0.0,,
2015-04-22,,,,,,,,0.0,0.0,,
2015-04-23,,,,,,,,0.0,0.0,,
2015-04-24,,,,,,,,0.0,0.0,,
2015-04-25,,,,,,,,0.0,0.0,,
2015-04-26,,,,,,,,0.0,0.0,,
2015-04-27,,,,,,,,0.0,0.0,,
2015-04-28,,,,,,,,0.0,0.0,,
2015-04-29,,,,,,,,0.0,0.0,,
2015-04-30,,,,,,,,0.0,0.0,,
2015-05-01,,,,,,,,0.0,0.0,,
2015-05-02,,,,,,,,0.0,0.0,,
2015-05-03,,,,,,,,0.0,0.0,,
2015-05-04,,,,,,,,0.0,0.0,,
2015-05-05,,,,,,,,0.0,0.0,,
2015-05-06,,,,,,,,0.0,0.0,,
2015-05-07,,,,,,,,0.0,0.0,,
2015-05-08,,,,,,,,0.0,0.0,,
2015-05-09,,,,,,,,0.0,0.0,,
2015-05-10,,,,,,,,0.0,0.0,,
2015-05-11,,,,,,,,0.0,0.0,,
2015-05-12,,,,,,,,0.0,0.0,,
2015-05-13,,,,,,,,0.0,0.0,,
2015-05-14,,,,,,,,0.0,0.0,,
2015-05-15,,,,,,,,0.0,0.0,,
2015-05-16,,,,,,,,0.0,0.0,,
2015-05-17,,,,,,,,0.0,0.0,,
2015-05-18,,,,,,,,0.0,0.0,,
2015-05-19,,,,,,,,0.0,0.0,,
2015-05-20,,,,,,,,0.0,0.0,,
2015-05-21,,,,,,,,0.0,0.0,,
2015-05-22,,,,,,,,0.0,0.0,,
2015-05-23,,,,,,,,0.0,0.0,,
2015-05-24,,,,,,,,0.0,0.0,,
2015-05-25,,,,,,,,0.0,0.0,,
2015-05-26,,,,,,,,0.0,0.0,,
2015-05-27,,,,,,,,0.0,0.0,,
2015-05-28,,,,,,,,0.0,0.0,,
2015-05-29,,,,,,,,0.0,0.0,,
2015-05-30,,,,,,,,0.0,0.0,,
2015-05-31,,,,,,,,0.0,0.0,,
2015-06-01,,,,,,,,0.0,0.0,,
2015-06-02,,,,,,,,0.0,0.0,,
2015-06-03,,,,,,,,0.0,0.0,,
2015-06-04,,,,,,,,0.0,0.0,,
2015-06-05,,,,,,,,0.0,0.0,,
2015-06-06,,,,,,,,0.0,0.0,,
2015-06-07,,,,,,,,0.0,0.0,,
2015-06-08,,,,,,,,0.0,0.0,,
2015-06-09,,,,,,,,0.0,0.0,,
2015-06-10,,,,,,,,0.0,0.0,,
2015-06-11,,,,,,,,0.0,0.0,,
2015-06-12,,,,,,,,0.0,0.0,,
2015-06-13,,,,,,,,0.0,0.0,,
2015-06-14,,,,,,,,0.0,0.0,,
2015-06-15,,,,,,,,0.0,0.0,,
2015-06-16,,,,,,,,0.0,0.0,,
2015-06-17,,,,,,,,0.0,0.0,,
2015-06-18,,,,,,,,0.0,0.0,,
2015-06-19,,,,,,,,0.0,0.0,,
2015-06-20,,,,,,,,0.0,0.0,,
2015-06-21,,,,,,,,0.0,0.0,,
2015-06-22,,,,,,,,0.0,0.0,,
2015-06-23,,,,,,,,0.0,0.0,,
2015-06-24,,,,,,,,0.0,0.0,,
2015-06-25,,,,,,,,0.0,0.0,,
2015-06-26,,,,,,,,0.0,0.0,,
2015-06-27,,,,,,,,0.0,0.0,,
2015-06-28,,,,,,,,0.0,0.0,,
2015-06-29,,,,,,,,0.0,0.0,,
2015-06-30,,,,,,,,0.0,0.0,,
2015-07-01,,,,,,,,0.0,0.0,,
2015-07-02,,,,,,,,0.0,0.0,,
2015-07-03,,,,,,,,0.0,0.0,,
2015-07-04,,,,,,,,0.0,0.0,,
2015-07-05,,,,,,,,0.0,0.0,,
2015-07-06,,,,,,,,0.0,0.0,,
2015-07-07,,,,,,,,0.0,0.0,,
2015-07-08,,,,,,,,0.0,0.0,,
2015-07-09,,,,,,,,0.0,0.0,,
2015-07-10,,,,,,,,0.0,0.0,,
2015-07-11,,,,,,,,0.0,0.0,,
2015-07-12,,,,,,,,0.0,0.0,,
2015-07-13,,,,,,,,0.0,0.0,,
2015-07-14,,,,,,,,0.0,0.0,,
2015-07-15,,,,,,,,0.0,0.0,,
2015-07-16,,,,,,,,0.0,0.0,,
2015-07-17,,,,,,,,0.0,0.0,,
2015-07-18,,,,,,,,0.0,0.0,,
2015-07-19,,,,,,,,0.0,0.0,,
2015-07-20,,,,,,,,0.0,0.0,,
2015-07-21,,,,,,,,0.0,0.0,,
2015-07-22,,,,,,,,0.0,0.0,,
2015-07-23,,,,,,,,0.0,0.0,,
2015-07-24,,,,,,,,0.0,0.0,,
2015-07-25,,,,,,,,0.0,0.0,,
2015-07-26,,,,,,,,0.0,0.0,,
2015-07-27,,,,,,,,0.0,0.0,,
2015-07-28,,,,,,,,0.0,0.0,,
2015-07-29,,,,,,,,0.0,0.0,,
2015-07-30,,,,,,,,0.0,0.0,,
2015-07-31,,,,,,,,0.0,0.0,,
2015-08-01,,,,,,,,0.0,0.0,,
2015-08-02,,,,,,,,0.0,0.0,,
2015-08-03,,,,,,,,0.0,0.0,,
2015-08-04,,,,,,,,0.0,0.0,,
2015-08-05,,,,,,,,0.0,0.0,,
2015-08-06,,,,,,,,0.0,0.0,,
2015-08-07,,,,,,,,0.0,0.0,,
2015-08-08,,,,,,,,0.0,0.0,,
2015-08-09,,,,,,,,0.0,0.0,,
2015-08-10,,,,,,,,0.0,0.0,,
2015-08-11,,,,,,,,0.0,0.0,,
2015-08-12,,,,,,,,0.0,0.0,,
2015-08-13,,,,,,,,0.0,0.0,,
2015-08-14,,,,,,,,0.0,0.0,,
2015-08-15,,,,,,,,0.0,0.0,,
2015-08-16,,,,,,,,0.0,0.0,,
2015-08-17,,,,,,,,0.0,0.0,,
2015-08-18,,,,,,,,0.0,0.0,,
2015-08-19,,,,,,,,0.0,0.0,,
2015-08-20,,,,,,,,0.0,0.0,,
2015-08-21,,,,,,,,0.0,0.0,,
2015-08-22,,,,,,,,0.0,0.0,,
2015-08-23,,,,,,,,0.0,0.0,,
2015-08-24,,,,,,,,0.0,0.0,,
2015-08-25,,,,,,,,0.0,0.0,,
2015-08-26,,,,,,,,0.0,0.0,,
2015-08-27,,,,,,,,0.0,0.0,,
2015-08-28,,,,,,,,0.0,0.0,,
2015-08-29,,,,,,,,0.0,0.0,,
2015-08-30,,,,,,,,0.0,0.0,,
2015-08-31,,,,,,,,0.0,0.0,,
2015-09-01,,,,,,,,0.0,0.0,,
2015-09-02,,,,,,,,0.0,0.0,,
2015-09-03,,,,,,,,0.0,0.0,,
2015-09-04,,,,,,,,0.0,0.0,,
2015-09-05,,,,,,,,0.0,0.0,,
2015-09-06,,,,,,,,0.0,0.0,,
2015-09-07,,,,,,,,0.0,0.0,,
2015-09-08,,,,,,,,0.0,0.0,,
2015-09-09,,,,,,,,0.0,0.0,,
2015-09-10,,,,,,,,0.0,0.0,,
2015-09-11,,,,,,,,0.0,0.0,,
2015-09-12,,,,,,,,0.0,0.0,,
2015-09-13,,,,,,,,0.0,0.0,,
2015-09-14,,,,,,,,0.0,0.0,,
2015-09-15,,,,,,,,0.0,0.0,,
2015-09-16,,,,,,,,0.0,0.0,,
2015-09-17,,,,,,,,0.0,0.0,,
2015-09-18,,,,,,,,0.0,0.0,,
2015-09-19,,,,,,,,0.0,0.0,,
2015-09-20,,,,,,,,0.0,0.0,,
2015-09-21,,,,,,,,0.0,0.0,,
2015-09-22,,,,,,,,0.0,0.0,,
2015-09-23,,,,,,,,0.0,0.0,,
2015-09-24,,,,,,,,0.0,0.0,,
2015-09-25,,,,,,,,0.0,0.0,,
2015-09-26,,,,,,,,0.0,0.0,,
2015-09-27,,,,,,,,0.0,0.0,,
2015-09-28,,,,,,,,0.0,0.0,,
2015-09-29,,,,,,,,0.0,0.0,,
2015-09-30,,,,,,,,0.0,0.0,,
2015-10-01,,,,,,,,0.0,0.0,,
2015-10-02,,,,,,,,0.0,0.0,,
2015-10-03,,,,,,,,0.0,0.0,,
2015-10-04,,,,,,,,0.0,0.0,,
2015-10-05,,,,,,,,0.0,0.0,,
2015-10-06,,,,,,,,0.0,0.0,,
2015-10-07,,,,,,,,0.0,0.0,,
2015-10-08,,,,,,,,0.0,0.0,,
2015-10-09,,,,,,,,0.0,0.0,,
2015-10-10,,,,,,,,0.0,0.0,,
2015-10-11,,,,,,,,0.0,0.0,,
2015-10-12,,,,,,,,0.0,0.0,,
2015-10-13,,,,,,,,0.0,0.0,,
2015-10-14,,,,,,,,0.0,0.0,,
2015-10-15,,,,,,,,0.0,0.0,,
2015-10-16,,,,,,,,0.0,0.0,,
2015-10-17,,,,,,,,0.0,0.0,,
2015-10-18,,,,,,,,0.0,0.0,,
2015-10-19,,,,,,,,0.0,0.0,,
2015-10-20,,,,,,,,0.0,0.0,,
2015-10-21,,,,,,,,0.0,0.0,,
2015-10-22,,,,,,,,0.0,0.0,,
2015-10-23,,,,,,,,0.0,0.0,,
2015-10-24,,,,,,,,0.0,0.0,,
2015-10-25,,,,,,,,0.0,0.0,,
2015-10-26,,,,,,,,0.0,0.0,,
2015-10-27,,,,,,,,0.0,0.0,,
2015-10-28,,,,,,,,0.0,0.0,,
2015-10-29,,,,,,,,0.0,0.0,,
2015-10-30,,,,,,,,0.0,0.0,,
2015-10-31,,,,,,,,0.0,0.0,,
2015-11-01,,,,,,,,0.0,0.0,,
2015-11-02,,,,,,,,0.0,0.0,,
2015-11-03,,,,,,,,0.0,0.0,,
2015-11-04,,,,,,,,0.0,0.0,,
2015-11-05,,,,,,,,0.0,0.0,,
2015-11-06,,,,,,,,0.0,0.0,,
2015-11-07,,,,,,,,0.0,0.0,,
2015-11-08,,,,,,,,0.0,0.0,,
2015-11-09,,,,,,,,0.0,0.0,,
2015-11-10,,,,,,,,0.0,0.0,,
2015-11-11,,,,,,,,0.0,0.0,,
2015-11-12,,,,,,,,0.0,0.0,,
2015-11-13,,,,,,,,0.0,0.0,,
2015-11-14,,,,,,,,0.0,0.0,,
2015-11-15,,,,,,,,0.0,0.0,,
2015-11-16,,,,,,,,0.0,0.0,,
2015-11-17,,,,,,,,0.0,0.0,,
2015-11-18,,,,,,,,0.0,0.0,,
2015-11-19,,,,,,,,0.0,0.0,,
2015-11-20,,,,,,,,0.0,0.0,,
2015-11-21,,,,,,,,0.0,0.0,,
2015-11-22,,,,,,,,0.0,0.0,,
2015-11-23,,,,,,,,0.0,0.0,,
2015-11-24,,,,,,,,0.0,0.0,,
2015-11-25,,,,,,,,0.0,0.0,,
2015-11-26,,,,,,,,0.0,0.0,,
2015-11-27,,,,,,,,0.0,0.0,,
2015-11-28,,,,,,,,0.0,0.0,,
2015-11-29,,,,,,,,0.0,0.0,,
2015-11-30,,,,,,,,0.0,0.0,,
2015-12-01,,,,,,,,0.0,0.0,,
2015-12-02,,,,,,,,0.0,0.0,,
2015-12-03,,,,,,,,0.0,0.0,,
2015-12-04,,,,,,,,0.0,0.0,,
2015-12-05,,,,,,,,0.0,0.0,,
2015-12-06,,,,,,,,0.0,0.0,,
2015-12-07,,,,,,,,0.0,0.0,,
2015-12-08,,,,,,,,0.0,0.0,,
2015-12-09,,,,,,,,0.0,0.0,,
2015-12-10,,,,,,,,0.0,0.0,,
2015-12-11,,,,,,,,0.0,0.0,,
2015-12-12,,,,,,,,0.0,0.0,,
2015-12-13,,,,,,,,0.0,0.0,,
2015-12-14,,,,,,,,0.0,0.0,,
2015-12-15,,,,,,,,0.0,0.0,,
2015-12-16,,,,,,,,0.0,0.0,,
2015-12-17,,,,,,,,0.0,0.0,,
2015-12-18,,,,,,,,0.0,0.0,,
2015-12-19,,,,,,,,0.0,0.0,,
2015-12-20,,,,,,,,0.0,0.0,,
2015-12-21,,,,,,,,0.0,0.0,,
2015-12-22,,,,,,,,0.0,0.0,,
2015-12-23,,,,,,,,0.0,0.0,,
2015-12-24,,,,,,,,0.0,0.0,,
2015-12-25,,,,,,,,0.0,0.0,,
2015-12-26,,,,,,,,0.0,0.0,,
2015-12-27,,,,,,,,0.0,0.0,,
2015-12-28,,,,,,,,0.0,0.0,,
2015-12-29,,,,,,,,0.0,0.0,,
2015-12-30,,,,,,,,0.0,0.0,,
2015-12-31,,,,,,,,0.0,0.0,,
2016-01-01,1.0,0.0,0.0,0.0,0.0,,0.0,1.0,8.0,0.0,
2016-01-02,0.9982866993786638,-0.0017133006213362334,0.016366281205278124,-0.0017133006213362334,-0.0017133006213362334,-19.104973174542803,-0.3126773633938626,1.0,8.0,0.34108932540040776,
2016-01-03,0.9931667334263213,-0.005128753048126433,0.04072981446407614,-0.006833266573678665,-0.006833266573678665,-20.438341644108935,-0.8324498631179578,1.0,8.0,0.2307424390764441,
2016-01-04,0.9916325794989057,-0.0015447093381016908,0.03579466668724226,-0.008367420501094291,-0.008367420501094291,-21.380060083448377,-0.7652921244402476,1.0,8.0,0.1763373273825207,
2016-01-05,0.9853768444895952,-0.0063085210577407125,0.045398173739442195,-0.014623155510404828,-0.014623155510404828,-23.629931523770832,-1.0727557367672702,1.0,8.0,0.1526266708671335,3.0
2016-01-06,0.9814802627508878,-0.003954407656824643,0.04206849111349134,-0.018519737249112156,-0.018519737249112156,-26.968471724729472,-1.1345229130962242,1.0,8.0,0.12903057051078007,3.0
2016-01-07,0.9999345609563278,0.018802515858766577,0.15157080495200875,-6.543904367217745e-05,-0.018519737249112156,0.052574023916806344,0.007968687124636498,1.0,8.0,0.11263781382247302,3.0
2016-01-08,1.0070135099951223,0.007079412308765631,0.14862866990818793,0.0,-0.018519737249112156,2.2201018688071485,0.32997078782148886,1.0,8.0,0.11329884623711999,5.707260801933196
2016-01-09,1.022040914466301,0.014922743659369075,0.16346426185086757,0.0,-0.018519737249112156,5.496660348247997,0.8985075264712915,1.0,8.0,0.10408656416354661,5.707260801933196
2016-01-10,1.015861195319034,-0.006046449863011616,0.16256215585621225,-0.006046449863011616,-0.018519737249112156,3.6168402831978663,0.5879613538242384,1.0,8.0,0.09601987982381499,5.707260801933196
2016-01-11,1.0221903039319598,0.006230288785603388,0.1570597093512152,0.0,-0.018519737249112156,4.719495753713336,0.7412426313625109,1.0,8.0,0.08843565102944881,5.707260801933196
2016-01-12,1.032734883542267,0.010315671719587138,0.15660746161561875,0.0,-0.018519737249112156,6.342231398000553,0.9932407602197437,1.0,8.0,0.09530671935718486,6.80982223084925
2016-01-13,1.0278213008334758,-0.0047578355172216424,0.15520629507530592,-0.0047578355172216424,-0.018519737249112156,5.046523677461068,0.7832522429885406,1.0,8.0,0.09005139069925401,6.80982223084925
2016-01-14,1.0429701713601376,0.014738817452389252,0.16188725723322103,0.0,-0.018519737249112156,6.866307451485009,1.111567680640936,1.0,8.0,0.08500763190439466,6.80982223084925
2016-01-15,0.9657410069390341,-0.07404733763420002,0.39929814751785514,-0.07404733763420002,-0.07404733763420002,-1.9142472492098925,-0.7643553805006601,1.0,8.0,0.08919084727418224,8.582708660025931
2016-01-16,1.0056069090161943,0.0412801173303361,0.4355564689800399,-0.03582390308940264,-0.07404733763420002,0.5168549279180601,0.2251195073789233,1.0,8.0,0.09015893033593447,8.582708660025931
2016-01-17,1.015732989987434,0.010069621519552152,0.4246831055476917,-0.026115014715313967,-0.07404733763420002,1.0079936667010767,0.42807788074701814,1.0,8.0,0.08714396357140934,8.582708660025931
2016-01-18,1.032455059880665,0.016463056785659624,0.41810689050120503,-0.010081890899870882,-0.07404733763420002,1.7654097554306813,0.738129983303615,1.0,8.0,0.08516873305569693,8.582708660025931
2016-01-19,1.0266563681338108,-0.005616410798087834,0.4082580026813266,-0.015641677657043607,-0.07404733763420002,1.4485615113309085,0.5913868293770006,1.0,8.0,0.08797552013622947,11.613193587819046
2016-01-20,1.071949264204893,0.044116899750412664,0.43549030656399235,0.0,-0.07404733763420002,3.138877921619864,1.3669509083531817,1.0,8.0,0.08578055646478863,11.613193587819046
2016-01-21,1.075487226794492,0.003300494442918689,0.4249988710650235,0.0,-0.07404733763420002,3.198182012331562,1.3592237447013789,1.0,8.0,0.08462577511779969,11.613193587819046
2016-01-22,1.0531148204216894,-0.0208021125824841,0.4265443460136269,-0.0208021125824841,-0.07404733763420002,2.232628089811039,0.9523148884601027,1.0,8.0,0.08292119891882525,12.501992309475426
2016-01-23,1.0974543121816802,0.04210318846546701,0.4446420135697478,0.0,-0.07404733763420002,3.5513270008948723,1.5790691885225097,1.0,8.0,0.08142523011653025,12.501992309475426
2016-01-24,1.1244113687723911,0.024563260895227312,0.4420832748910331,0.0,-0.07404733763420002,4.268066687015167,1.886840898448987,1.0,8.0,0.08018336174343535,12.501992309475426
2016-01-25,1.132612224300682,0.007293465502082652,0.43322436541843695,0.0,-0.07404733763420002,4.426925196114132,1.9178518588414342,1.0,8.0,0.0779194353143288,12.501992309475426
2016-01-26,1.1962772873407037,0.05621082103306008,0.4642353415298312,0.0,-0.07404733763420002,5.6721269135814465,2.6332017749270302,1.0,8.0,0.07971300476984546,14.821185270476834
2016-01-27,1.286132971331079,0.07511275599833733,0.5172497827422501,0.0,-0.07404733763420002,6.86532712952939,3.5510889662035523,1.0,8.0,0.07896762550110802,14.821185270476834
2016-01-28,1.2274688595909329,-0.04561278891671039,0.5445097515599878,-0.04561278891671039,-0.07404733763420002,5.196728007291047,2.829669076174879,1.0,8.0,0.08003304836185818,14.821185270476834
2016-01-29,1.230579839068011,0.002534467129467366,0.5353484166600964,-0.04319392590143578,-0.07404733763420002,5.1629808216349184,2.763993608108697,1.0,8.0,0.0830992123095461,16.26205660653417
2016-01-30,1.2061268512778274,-0.019871110361033728,0.5346986248424906,-0.06220672499395574,-0.07404733763420002,4.544794392345802,2.430095311779163,1.0,8.0,0.08118746969974315,16.26205660653417
2016-01-31,1.190707721299078,-0.012784003575091352,0.5300819207917395,-0.07419547757432965,-0.07419547757432965,4.152535149146991,2.20118380801505,1.0,8.0,0.07904041520177839,16.26205660653417
2016-02-01,1.1951611451054083,0.0037401485911854326,0.5217892056145484,-0.07073283109406614,-0.07419547757432965,4.1684608659565265,2.1750578838827885,1.0,8.0,0.07724722207814741,16.26205660653417
2016-02-02,1.2057250355052098,0.008838883729666236,0.5139090402104789,-0.06251914663431046,-0.07419547757432965,4.294360046599121,2.206910449865982,1.0,8.0,0.07552943331780951,16.381640216151418
2016-02-03,1.2081239710991218,0.0019896207868876914,0.5064644650533024,-0.06065391524114494,-0.07419547757432965,4.271495104971903,2.163360483317395,1.0,8.0,0.07362939539851167,16.381640216151418
2016-02-04,1.2309326250148829,0.01887939852315834,0.5008762907987332,-0.042919626155813906,-0.07419547757432965,4.588828383463737,2.298435339821263,1.0,8.0,0.07185608704515793,16.381640216151418
2016-02-05,1.2345269977612343,0.002920040198226115,0.4939844812766541,-0.040124912991255646,-0.07419547757432965,4.583536452368767,2.2641958768360206,1.0,8.0,0.07010068972578708,16.381640216151418
2016-02-06,1.2365014423044698,0.0015993530694882185,0.4874720095093148,-0.03858973382452302,-0.07419547757432965,4.551602455725412,2.2187787955799987,1.0,8.0,0.06853416078698013,16.381640216151418
2016-02-07,1.2514525250370125,0.012091439784072122,0.4813664622728098,-0.02696489948327352,-0.07419547757432965,4.7293102436797705,2.276531340990691,1.0,8.0,0.06727882022990625,16.381640216151418
2016-02-08,1.2487974823668706,-0.0021215688306381875,0.47582497931493983,-0.02902926042364662,-0.07419547757432965,4.619982409040346,2.1983030342170085,1.0,8.0,0.06603435289374412,16.381640216151418
2016-02-09,1.2606657634659333,0.009503767637782712,0.4699542355662561,-0.019801380131627022,-0.07419547757432965,4.745286177428113,2.2300673380563505,1.0,8.0,0.06562505762318713,16.400467773282863
2016-02-10,1.2761870382358156,0.012311966597085888,0.4645474434737092,-0.007733207465297931,-0.07419547757432965,4.919372640552512,2.2852819836631797,1.0,8.0,0.06472559987523153,16.400467773282863
2016-02-11,1.2973587807416573,0.016589842923893983,0.4599686830551332,0.0,-0.07419547757432965,5.163490972951383,2.3750441427955162,1.0,8.0,0.06347890971439475,16.400467773282863
2016-02-12,1.3592437594895945,0.04770074374689126,0.46980857439142126,0.0,-0.07419547757432965,5.799622162380569,2.7247122201169067,1.0,8.0,0.06391350757356219,16.767006465082833
2016-02-13,1.3918696279597318,0.02400295623383153,0.4668201104863119,0.0,-0.07419547757432965,6.130632143931979,2.8619023747812613,1.0,8.0,0.06357959501408829,16.767006465082833
2016-02-14,1.4121961970548556,0.014603788089635472,0.4619968237987307,0.0,-0.07419547757432965,6.313371308672478,2.9167574920687205,1.0,8.0,0.06299108401499158,16.767006465082833
2016-02-15,1.403113637788554,-0.0064315137551306245,0.45871090349276084,-0.0064315137551306245,-0.07419547757432965,6.109113682872021,2.8023170570102125,1.0,8.0,0.062103580828124325,16.767006465082833
2016-02-16,1.4154967022570066,0.008825418080868674,0.4538157969128172,0.0,-0.07419547757432965,6.1946523903093,2.811231111106103,1.0,8.0,0.06332030816829276,18.800584075570914
2016-02-17,1.376068557942025,-0.027854635233069414,0.4594253428520792,-0.027854635233069414,-0.07419547757432965,5.530501412409031,2.540852507539927,1.0,8.0,0.06308326384367087,18.800584075570914
2016-02-18,1.3918433065857043,0.011463635697970709,0.45487578729998523,-0.016710314925910463,-0.07419547757432965,5.65954670477469,2.5743907630954244,1.0,8.0,0.06265381584420056,18.800584075570914
2016-02-19,1.4048079839513017,0.009314753538888443,0.45034468429419694,-0.0075512138521141026,-0.07419547757432965,5.753150284715789,2.5909006486674016,1.0,8.0,0.06278415037373947,19.87572641204686
2016-02-20,1.4283029293103926,0.016724666735596694,0.4466361541020442,0.0,-0.07419547757432965,5.955171329100691,2.6597948194482917,1.0,8.0,0.06185844757805576,19.87572641204686
2016-02-21,1.4396411813869758,0.007938268447056585,0.4423240273433872,0.0,-0.07419547757432965,6.023560314402422,2.6643654572122792,1.0,8.0,0.061085875482168144,19.87572641204686
2016-02-22,1.445790442566912,0.004271384605719408,0.43820199414115557,0.0,-0.07419547757432965,6.032630123686857,2.643510550115587,1.0,8.0,0.0602441181788845,19.87572641204686
2016-02-23,1.4135079030751196,-0.022328643585772134,0.440756436402679,-0.022328643585772134,-0.07419547757432965,5.544176688784685,2.4436315601355423,1.0,8.0,0.05957605564664433,19.97862219658664
2016-02-24,1.4338936428878126,0.01442209114525883,0.4371763648521566,-0.008228578173457346,-0.07419547757432965,5.7068779038094775,2.494912136642523,1.0,8.0,0.05905831141704044,19.97862219658664
2016-02-25,1.428839343804138,-0.003524877252050196,0.4340476478371635,-0.011724450697487176,-0.07419547757432965,5.592440138595478,2.427385487827508,1.0,8.0,0.058330949241407415,19.97862219658664
2016-02-26,1.4307228825637042,0.0013182299099852024,0.43043119367994814,-0.010421676309089634,-0.07419547757432965,5.560101380770919,2.3932410743067547,1.0,8.0,0.0591177278802793,22.027556416472688
2016-02-27,1.4381907945782963,0.005219677483043084,0.4267174035949046,-0.005256396615212711,-0.07419547757432965,5.588771977519218,2.3848262675309613,1.0,8.0,0.058248639657982514,22.027556416472688
2016-02-28,1.4387458337144845,0.0003859287225871366,0.42335725926986606,-0.004872496487056677,-0.07419547757432965,5.543292236280713,2.3467930084837296,1.0,8.0,0.05739931430132816,22.027556416472688
2016-02-29,1.4375637870750384,-0.0008215812770726583,0.42018889241169616,-0.0056900746122430235,-0.07419547757432965,5.480111160698337,2.302681838906809,1.0,8.0,0.05654639046139527,22.027556416472688
2016-03-01,1.4405801872070798,0.0020982722013183075,0.4168556558487624,-0.0036037417363069535,-0.07419547757432965,5.463493561020641,2.27748819160475,1.0,8.0,0.05680036488048235,23.585022636211832
2016-03-02,1.432241182736132,-0.005788643037715868,0.4144923766551764,-0.009371523999511244,-0.07419547757432965,5.323804088142431,2.2066762093407006,1.0,8.0,0.056013558833982235,23.585022636211832
2016-03-03,1.4597240200059716,0.01918869363701492,0.41238548150572973,0.0,-0.07419547757432965,5.535651217950854,2.2828221929624424,1.0,8.0,0.055462050992248525,23.585022636211832
2016-03-04,1.449903459273736,-0.006727683176848243,0.4103056316392132,-0.006727683176848243,-0.07419547757432965,5.383265809087537,2.2087842780794418,1.0,8.0,0.055611749615935215,24.65197070825913
2016-03-05,1.434110890932466,-0.010892151639655179,0.409081896174297,-0.01754655587115761,-0.07419547757432965,5.166787825407196,2.1136393607478485,1.0,8.0,0.05490093524425605,24.65197070825913
2016-03-06,1.440124660141103,0.004193378103925394,0.40598807876306475,-0.013426757110421628,-0.07419547757432965,5.1844014237973495,2.1048051735839834,1.0,8.0,0.054390596821022166,24.65197070825913
2016-03-07,1.4505139584449487,0.007214165961735297,0.4029608802926906,-0.006309454002808801,-0.07419547757432965,5.24291892263154,2.1126912243668103,1.0,8.0,0.053713025847165155,24.65197070825913
2016-03-08,1.4501382714875242,-0.0002590026488454855,0.40022864443405065,-0.006566822486354762,-0.07419547757432965,5.197608991501498,2.0802320009668773,1.0,8.0,0.05416386343326516,25.630081362473415
2016-03-09,1.46664623509167,0.011383716938393906,0.3975297841496826,0.0,-0.07419547757432965,5.30853789585047,2.1103019238878473,1.0,8.0,0.05361321269814409,25.630081362473415
2016-03-10,1.4778879283407689,0.007664897628429257,0.39470316415807305,0.0,-0.07419547757432965,5.371433300450803,2.1201217197519733,1.0,8.0,0.05298290424319363,25.630081362473415
2016-03-11,1.5058368827668005,0.01891141668462648,0.39302230129209215,0.0,-0.07419547757432965,5.5657948836644655,2.1874815136975605,1.0,8.0,0.052888499490719734,25.663288771029812
2016-03-12,1.4975418201735995,-0.005508606335873356,0.3911297476592062,-0.005508606335873356,-0.07419547757432965,5.443652048875747,2.1291742522212918,1.0,8.0,0.05247468495311812,25.663288771029812
2016-03-13,1.5047094736294955,0.004786279327454901,0.38844849830359257,-0.0007486927370470298,-0.07419547757432965,5.467748974589225,2.1239388782801925,1.0,8.0,0.05205962592773989,25.663288771029812
2016-03-14,1.4907192867018113,-0.009297600083515545,0.38725319859542806,-0.010039331774908011,-0.07419547757432965,5.29208596542023,2.049377217350958,1.0,8.0,0.05155843789452341,25.663288771029812
2016-03-15,1.4907425926862086,1.5634053040836093e-05,0.38485846905879567,-0.010023854677312705,-0.07419547757432965,5.254212745938435,2.0221282735110773,1.0,8.0,0.051509718538374355,26.41058915296224
2016-03-16,1.4928416068742356,0.0014080326129575216,0.38242393509873196,-0.008629935978648362,-0.07419547757432965,5.235769523468938,2.0022835844350038,1.0,8.0,0.050973621678051105,26.41058915296224
2016-03-17,1.4905252020335829,-0.0015516748930269886,0.3802373627278895,-0.010168220016688823,-0.07419547757432965,5.1781459490710375,1.9689245594948757,1.0,8.0,0.0503833761105094,26.41058915296224
2016-03-18,1.4566079584897544,-0.02275522983278222,0.3826059704070598,-0.03269206966600102,-0.07419547757432965,4.801804657449122,1.8371991306684607,1.0,8.0,0.05003996961399639,26.41058915296224
2016-03-19,1.4626949046055144,0.0041788499645925015,0.38018108299004805,-0.028649834955574827,-0.07419547757432965,4.822046314943114,1.8332507902432431,1.0,8.0,0.0497326571011384,26.41058915296224
2016-03-20,1.4728891754150848,0.006969512765425012,0.37782008009130114,-0.021879997580599886,-0.07419547757432965,4.875689923395014,1.842133557357454,1.0,8.0,0.04923626221308303,26.41058915296224
2016-03-21,1.4764527390213233,0.002419437704967997,0.3755215270883745,-0.019513497166762983,-0.07419547757432965,4.874004391771432,1.8302935722334523,1.0,8.0,0.04880914110058468,26.41058915296224
2016-03-22,1.4812973014747048,0.00328121742426557,0.37324243397916324,-0.01629630776940927,-0.07419547757432965,4.883095200364934,1.8225783379361777,1.0,8.0,0.04926245434075285,26.48196006617543
2016-03-23,1.4996252882716357,0.012372929309115932,0.3713059120073031,-0.004125011524323763,-0.07419547757432965,4.99596310606671,1.8550306374529384,1.0,8.0,0.048740965882567246,26.48196006617543
2016-03-24,1.4966324824990616,-0.0019957023904441096,0.369380412134992,-0.006112481619408139,-0.07419547757432965,4.938743575465003,1.824275137334307,1.0,8.0,0.048350832678763334,26.48196006617543
2016-03-25,1.4976820499264205,0.000701286013521818,0.367307820432737,-0.005415482203753985,-0.07419547757432965,4.916379072500771,1.8058244815413793,1.0,8.0,0.051287552515223066,31.98273123960352
2016-03-26,1.49640557523709,-0.0008523001857392298,0.3653592181230862,-0.006263166773005091,-0.07419547757432965,4.875227210766206,1.7812092018979353,1.0,8.0,0.050751945950644806,31.98273123960352
2016-03-27,1.498301515929073,0.0012669965438230069,0.36332789322540865,-0.005004105639836776,-0.07419547757432965,4.860763861109709,1.7660510931231934,1.0,8.0,0.0502099538361583,31.98273123960352
2016-03-28,1.4938480730589778,-0.002972327547391962,0.36160371908805067,-0.007961559346185365,-0.07419547757432965,4.794347610809272,1.7336539266695428,0.0,8.0,0.04973456899695006,31.98273123960352
2016-03-29,1.492883394434595,-0.000645767559486532,0.3597306149677388,-0.008602185588923117,-0.07419547757432965,4.75779993494461,1.711526296491092,0.0,8.0,0.053426242663153746,36.85068201367197
2016-03-30,1.492883394434595,0.0,0.3578497610495147,-0.008602185588923117,-0.07419547757432965,4.729664573974671,1.6925093376411908,0.0,8.0,0.05283261774467426,36.85068201367197
2016-03-31,1.492883394434595,0.0,0.3559979407212732,-0.008602185588923117,-0.07419547757432965,4.7020225188365,1.673910333930848,0.0,8.0,0.052252039527699815,36.85068201367197
2016-04-01,1.492883394434595,0.0,0.3541744193840974,-0.008602185588923117,-0.07419547757432965,4.67485952053618,1.6557156563881215,0.0,8.0,0.051684082576311775,36.85068201367197
2016-04-02,1.492883394434595,0.0,0.35237848800734795,-0.008602185588923117,-0.07419547757432965,4.648161899710677,1.6379122622334104,0.0,8.0,0.051128339752910576,36.85068201367197
2016-04-03,1.492883394434595,0.0,0.35060946200569854,-0.008602185588923117,-0.07419547757432965,4.621916517679932,1.6204876636990126,0.0,8.0,0.05058442124490089,36.85068201367197
2016-04-04,1.492883394434595,0.0,0.3488666801752424,-0.008602185588923117,-0.07419547757432965,4.596110749276877,1.6034298988179703,0.0,8.0,0.0500519536528493,36.85068201367197
2016-04-05,1.492883394434595,0.0,0.3471495036850781,-0.008602185588923117,-0.07419547757432965,4.5707324573277806,1.5867275040386164,0.0,8.0,0.049530579135632115,36.85068201367197
2016-04-06,1.492883394434595,0.0,0.3454573151210298,-0.008602185588923117,-0.07419547757432965,4.545769968665709,1.5703694885330637,0.0,8.0,0.049019954608460654,36.85068201367197
2016-04-07,1.492883394434595,0.0,0.3437895175783846,-0.008602185588923117,-0.07419547757432965,4.5212120515694645,1.5543453100786448,0.0,8.0,0.04851975099000697,36.85068201367197
2016-04-08,1.492883394434595,0.0,0.34214553380073753,-0.008602185588923117,-0.07419547757432965,4.497047894528927,1.5386448524010825,0.0,8.0,0.04802965249515841,36.85068201367197
2016-04-09,1.492883394434595,0.0,0.3405248053622313,-0.008602185588923117,-0.07419547757432965,4.473267086245639,1.5232584038770718,0.0,8.0,0.04754935597020683,36.85068201367197
2016-04-10,1.492883394434595,0.0,0.33892679189065783,-0.008602185588923117,-0.07419547757432965,4.449859596784572,1.5081766375020513,0.0,8.0,0.04707857026753152,36.85068201367197
2016-04-11,1.492883394434595,0.0,0.33735097032905376,-0.008602185588923117,-0.07419547757432965,4.426815759799608,1.493390592036345,0.0,8.0,0.046617015657065525,36.85068201367197
2016-04-12,1.492883394434595,0.0,0.3357968342335794,-0.008602185588923117,-0.07419547757432965,4.404126255761158,1.4788916542495842,0.0,8.0,0.046164423272045466,36.85068201367197
2016-04-13,1.492883394434595,0.0,0.33426389310561255,-0.008602185588923117,-0.07419547757432965,4.381782096119849,1.4646715421894922,0.0,8.0,0.04572053458673734,36.85068201367197
2016-04-14,1.492883394434595,0.0,0.3327516717561217,-0.008602185588923117,-0.07419547757432965,4.359774608345137,1.450722289406735,0.0,8.0,0.045285100924006505,36.85068201367197
2016-04-15,1.492883394434595,0.0,0.33125970970050855,-0.008602185588923117,-0.07419547757432965,4.338095421782298,1.4370362300727093,0.0,8.0,0.04485788299076116,36.85068201367197
2016-04-16,1.492883394434595,0.0,0.3297875605822228,-0.008602185588923117,-0.07419547757432965,4.316736454275414,1.4236059849318428,0.0,8.0,0.044438650439445636,36.85068201367197
2016-04-17,1.492883394434595,0.0,0.3283347916235603,-0.008602185588923117,-0.07419547757432965,4.295689899507799,1.4104244480343258,0.0,8.0,0.04402718145389522,36.85068201367197
2016-04-18,1.492883394434595,0.0,0.3269009831021544,-0.008602185588923117,-0.07419547757432965,4.274948215014832,1.3974847741991485,0.0,8.0,0.04362326235798792,36.85068201367197
2016-04-19,1.492883394434595,0.0,0.3254857278517643,-0.008602185588923117,-0.07419547757432965,4.2545041108273844,1.3847803671609744,0.0,8.0,0.043226687245642575,36.85068201367197
2016-04-20,1.492883394434595,0.0,0.32408863078604716,-0.008602185588923117,-0.07419547757432965,4.234350538707029,1.3723048683577224,0.0,8.0,0.042837257630816965,36.85068201367197
2016-04-21,1.492883394434595,0.0,0.3227093084440849,-0.008602185588923117,-0.07419547757432965,4.214480681936906,1.3600521463188142,0.0,8.0,0.0424547821162561,36.85068201367197
2016-04-22,1.492883394434595,0.0,0.3213473885565083,-0.008602185588923117,-0.07419547757432965,4.1948879456346715,1.3480162866168777,0.0,8.0,0.04207907607982905,36.85068201367197
2016-04-23,1.492883394434595,0.0,0.32000250963113314,-0.008602185588923117,-0.07419547757432965,4.175565947556276,1.3361915823483086,0.0,8.0,0.04170996137737441,36.85068201367197
2016-04-24,1.492883394434595,0.0,0.31867432055708467,-0.008602185588923117,-0.07419547757432965,4.156508509361438,1.3245725251104972,0.0,8.0,0.041347266061049416,36.85068201367197
2016-04-25,1.492883394434595,0.0,0.31736248022645336,-0.008602185588923117,-0.07419547757432965,4.137709648313668,1.3131537964457516,0.0,8.0,0.04099082411224727,36.85068201367197
2016-04-26,1.492883394434595,0.0,0.3160666571725732,-0.008602185588923117,-0.07419547757432965,4.119163569389528,1.301930259723993,0.0,8.0,0.04064047518821097,36.85068201367197
2016-04-27,1.492883394434595,0.0,0.31478652922407657,-0.008602185588923117,-0.07419547757432965,4.100864657773487,1.2908969524381964,0.0,8.0,0.040296064381531216,36.85068201367197
2016-04-28,1.492883394434595,0.0,0.3135217831739196,-0.008602185588923117,-0.07419547757432965,4.082807471716297,1.2800490788882957,0.0,8.0,0.03995744199177045,36.85068201367197
2016-04-29,1.492883394434595,0.0,0.3122721144626254,-0.008602185588923117,-0.07419547757432965,4.064986735736278,1.2693820032308931,0.0,8.0,0.03962446330850569,36.85068201367197
2016-04-30,1.492883394434595,0.0,0.3110372268750335,-0.008602185588923117,-0.07419547757432965,4.0473973341441924,1.258891242873613,0.0,8.0,0.039296988405129615,36.85068201367197
2016-05-01,1.492883394434595,0.0,0.3098168322498813,-0.008602185588923117,-0.07419547757432965,4.030034304873697,1.2485724621943213,0.0,8.0,0.038974881942792486,36.85068201367197
2016-05-02,1.492883394434595,0.0,0.30861065020158773,-0.008602185588923117,-0.07419547757432965,4.012892833600445,1.238421466566725,0.0,8.0,0.038658012983907995,36.85068201367197
2016-05-03,1.492883394434595,0.0,0.3074184078536384,-0.008602185588923117,-0.07419547757432965,3.9959682481340355,1.2284341966750578,0.0,8.0,0.03834625481468293,36.85068201367197
2016-05-04,1.492883394434595,0.0,0.30623983958300904,-0.008602185588923117,-0.07419547757432965,3.9792560130679644,1.2186067231016575,0.0,8.0,0.038039484776165464,36.85068201367197
2016-05-05,1.492883394434595,0.0,0.30507468677509436,-0.008602185588923117,-0.07419547757432965,3.962751724673651,1.2089352411722791,0.0,8.0,0.03773758410333876,36.85068201367197
2016-05-06,1.492883394434595,0.0,0.30392269758863666,-0.008602185588923117,-0.07419547757432965,3.946451106025532,1.1994160660449384,0.0,8.0,0.0374404377718164,36.85068201367197
2016-05-07,1.492883394434595,0.0,0.3027836267301798,-0.008602185588923117,-0.07419547757432965,3.93035000234491,1.1900456280289624,0.0,8.0,0.03714793435172409,36.85068201367197
2016-05-08,1.492883394434595,0.0,0.3016572352375972,-0.008602185588923117,-0.07419547757432965,3.914444376551088,1.1808204681217611,0.0,8.0,0.03685996586837739,36.85068201367197
2016-05-09,1.492883394434595,0.0,0.3005432902722663,-0.008602185588923117,-0.07419547757432965,3.898730305008975,1.1717372337515937,0.0,8.0,0.03657642766938987,36.85068201367197
2016-05-10,1.492883394434595,0.0,0.29944156491948914,-0.008602185588923117,-0.07419547757432965,3.8832039734629427,1.1627926747153219,0.0,8.0,0.03629721829786781,36.85068201367197
2016-05-11,1.492883394434595,0.0,0.2983518379967731,-0.008602185588923117,-0.07419547757432965,3.8678616731474373,1.153983639300812,0.0,8.0,0.036022239371368815,36.85068201367197
2016-05-12,1.492883394434595,0.0,0.2972738938696136,-0.008602185588923117,-0.07419547757432965,3.852699797065275,1.1453070705842645,1.0,9.0,0.035751395466320925,36.85068201367197
2016-05-13,1.494633275497028,0.0011721485207460969,0.2961802211726535,-0.007440120107290227,-0.07419547757432965,3.8488484848598317,1.1399527955058173,1.0,9.0,0.037783714132800655,36.85068201367197
2016-05-14,1.4951925098307661,0.0003741615705379342,0.29511558067866595,-0.007068742343776635,-0.07419547757432965,3.837548394239051,1.1325203227483396,1.0,9.0,0.03754795302410229,36.85068201367197
2016-05-15,1.4937857321275432,-0.0009408672756006098,0.29410266204296903,-0.008002958871026422,-0.07419547757432965,3.8138649881986617,1.121667845701703,1.0,9.0,0.03729822636577122,36.85068201367197
2016-05-16,1.4934836976078658,-0.00020219400492416106,0.2930757356862486,-0.008203534725645167,-0.07419547757432965,3.797454587978162,1.1129417971068198,1.0,9.0,0.03704331717636915,36.85068201367197
2016-05-17,1.4950762621707543,0.001066342113703156,0.2920296120461572,-0.007145940386501071,-0.07419547757432965,3.793099581011358,1.1076973990951882,1.0,9.0,0.039162592255512,36.85068201367197
2016-05-18,1.5026603190447119,0.005072688976377693,0.29099585364054703,-0.0021095005431478464,-0.07419547757432965,3.8249642029851065,1.1130487233921857,1.0,9.0,0.038961537066959095,36.85068201367197
2016-05-19,1.4998743663434861,-0.0018540136223180737,0.29006202443620543,-0.003959603122722699,-0.07419547757432965,3.793204915859193,1.100264696995484,1.0,9.0,0.03875026666394619,36.85068201367197
2016-05-20,1.4982624730316274,-0.001074685552356236,0.28910594313371596,-0.005030033346809737,-0.07419547757432965,3.7691352935811215,1.0896794138493455,1.0,9.0,0.042265824520192494,28.54156357967355
2016-05-21,1.4992492188112574,0.0006585934022851347,0.2881101483806627,-0.0043747526913001655,-0.07419547757432965,3.7614033541477854,1.0836984784830408,1.0,9.0,0.041986021549991086,28.54156357967355
2016-05-22,1.4976710257887893,-0.001052655557639337,0.28717238810047696,-0.00542280314120569,-0.07419547757432965,3.7379405674874766,1.0734333193430308,1.0,9.0,0.04170324024412513,28.54156357967355
2016-05-23,1.497158184051633,-0.00034242615923352204,0.2862209313287349,-0.005763372390787391,-0.07419547757432965,3.721289568698386,1.0651109660967581,0.0,9.0,0.041421528269282186,28.54156357967355
2016-05-24,1.497063679596957,-6.312255824580948e-05,0.2852712001914511,-0.00582613115022379,-0.07419547757432965,3.7073720649044164,1.057606478511541,0.0,9.0,0.04181699909480075,27.64406753177357
2016-05-25,1.497063679596957,0.0,0.284329225543726,-0.00582613115022379,-0.07419547757432965,3.6941773977441663,1.050362598521736,0.0,9.0,0.04153058129278157,27.64406753177357
2016-05-26,1.497063679596957,0.0,0.2833965025192419,-0.00582613115022379,-0.07419547757432965,3.6811226160119475,1.0432172747222683,0.0,9.0,0.04124806033160618,27.64406753177357
2016-05-27,1.497063679596957,0.0,0.282472880986118,-0.00582613115022379,-0.07419547757432965,3.668205265352341,1.0361685093525232,0.0,9.0,0.04096935722125749,27.64406753177357
2016-05-28,1.497063679596957,0.0,0.28155821419331517,-0.00582613115022379,-0.07419547757432965,3.655422951277829,1.0292143582830433,0.0,9.0,0.04069439509225576,27.64406753177357
2016-05-29,1.497063679596957,0.0,0.28065235867362537,-0.00582613115022379,-0.07419547757432965,3.6427733373042193,1.022352929227823,0.0,9.0,0.040423099124974056,27.64406753177357
2016-05-30,1.497063679596957,0.0,0.2797551741500319,-0.00582613115022379,-0.07419547757432965,3.630254143156561,1.0155823800276387,1.0,9.0,0.04015539648176231,27.64406753177357
2016-05-31,1.496812414937826,-0.0001678383241511261,0.27887063874415435,-0.005992991626286415,-0.07419547757432965,3.6163645220051626,1.0084978841832781,1.0,9.0,0.041334262859878214,27.64406753177357
2016-06-01,1.4988782525353799,0.0013801579790075902,0.2779659552361079,-0.004621104922490016,-0.07419547757432965,3.6162663432329785,1.0051989284849416,1.0,9.0,0.041092710676746386,27.64406753177357
2016-06-02,1.4967542744793183,-0.0014170450818595803,0.2771359184238857,-0.006031601690346444,-0.07419547757432965,3.5914257794522646,0.9953130818397229,0.0,9.0,0.04084599029368306,27.64406753177357
2016-06-03,1.4954069549510391,-0.000900160802111527,0.2762961901363303,-0.006926333081042291,-0.07419547757432965,3.5714280863935763,0.9867719736164298,0.0,9.0,0.041986505055658006,25.3776354173603
2016-06-04,1.4954069549510391,0.0,0.2754400470889668,-0.006926333081042291,-0.07419547757432965,3.559564132409587,0.9804465122470938,0.0,9.0,0.04171736079248071,25.3776354173603
2016-06-05,1.4954069549510391,0.0,0.2745918001650782,-0.006926333081042291,-0.07419547757432965,3.547817631181318,0.9742016300034817,0.0,9.0,0.04145164511864325,25.3776354173603
2016-06-06,1.4954069549510391,0.0,0.2737513289529879,-0.006926333081042291,-0.07419547757432965,3.5361866574479253,0.9680357969021938,0.0,9.0,0.041189292934348046,25.3776354173603
2016-06-07,1.4954069549510391,0.0,0.2729185155910526,-0.006926333081042291,-0.07419547757432965,3.5246693298426957,0.9619475214499787,0.0,9.0,0.04093024077752824,25.3776354173603
2016-06-08,1.4954069549510391,0.0,0.27209324469879553,-0.006926333081042291,-0.07419547757432965,3.513263809614704,0.9559353494409163,0.0,9.0,0.04067442677266869,25.3776354173603
2016-06-09,1.4954069549510391,0.0,0.27127540331029354,-0.006926333081042291,-0.07419547757432965,3.501968299395681,0.9499978627984261,1.0,9.0,0.040421790581534105,25.3776354173603
2016-06-10,1.4918091835575125,-0.002405881142664934,0.27054067270820586,-0.00931555028955977,-0.07419547757432965,3.469766711723022,0.9387130203300859,1.0,9.0,0.04445623565677337,25.3776354173603
2016-06-11,1.4959463083752602,0.002773226538183682,0.269709683970059,-0.006568157882656966,-0.07419547757432965,3.4821294390595905,0.939164030551601,1.0,9.0,0.04425116951325945,25.3776354173603
2016-06-12,1.549238250625882,0.03562423460806019,0.2733425422927723,0.0,-0.07419547757432965,3.7049595581126584,1.0127230647064203,1.0,9.0,0.044103996688258235,25.3776354173603
2016-06-13,1.5675079822669133,0.011792719185477418,0.27284085954675014,0.0,-0.07419547757432965,3.7848886531769064,1.0326722734215286,1.0,9.0,0.04401497771089924,25.3776354173603
2016-06-14,1.6078953704894308,0.025765347723530896,0.2741230185059107,0.0,-0.07419547757432965,3.9511606300678297,1.0831040785159094,1.0,9.0,0.046296050977170766,22.142524063086043
2016-06-15,1.6017839609876303,-0.0038008751153628673,0.27348307442408565,-0.0038008751153628673,-0.07419547757432965,3.9063153202515344,1.0683111234522964,1.0,9.0,0.046191244921793474,22.142524063086043
2016-06-16,1.6209234262930712,0.011948843147136845,0.272990082418612,0.0,-0.07419547757432965,3.985171927308639,1.0879124128883242,0.0,9.0,0.04597159239162494,22.142524063086043
2016-06-17,1.6208286601871353,-5.8464270673463936e-05,0.27221764501135565,-5.8464270673463936e-05,-0.07419547757432965,3.972368478541153,1.0813487923458145,0.0,9.0,0.047365959690830496,20.821011859487147
2016-06-18,1.6208286601871353,0.0,0.2714503331862335,-5.8464270673463936e-05,-0.07419547757432965,3.960164294067033,1.0749879170967214,0.0,9.0,0.04708733639853149,20.821011859487147
2016-06-19,1.6208286601871353,0.0,0.27068945636631125,-5.8464270673463936e-05,-0.07419547757432965,3.9480719064400835,1.0687014380493722,0.0,9.0,0.0468119718581892,20.821011859487147
2016-06-20,1.6208286601871353,0.0,0.2699349253699346,-5.8464270673463936e-05,-0.07419547757432965,3.936089619153584,1.0624880575955968,0.0,9.0,0.046539809231106705,20.821011859487147
2016-06-21,1.6208286601871353,0.0,0.26918665273063924,-5.8464270673463936e-05,-0.07419547757432965,3.9242157715254775,1.0563465081297263,0.0,9.0,0.04627079299277661,20.821011859487147
2016-06-22,1.6208286601871353,0.0,0.2684445526551236,-5.8464270673463936e-05,-0.07419547757432965,3.9124487377315607,1.0502755511864519,0.0,9.0,0.04600486889511698,20.821011859487147
2016-06-23,1.6208286601871353,0.0,0.26770854098246777,-5.8464270673463936e-05,-0.07419547757432965,3.9007869258703747,1.0442739766082436,1.0,9.0,0.04574198393000202,20.821011859487147
2016-06-24,1.638888790961099,0.011142529261469525,0.26721168286954566,0.0,-0.07419547757432965,3.972313922036996,1.061448687993631,1.0,9.0,0.04862536451494739,20.821011859487147
2016-06-25,1.6305767494469305,-0.005071754447288579,0.26670068020956283,-0.005071754447288579,-0.07419547757432965,3.918224352693167,1.0449931000769417,1.0,9.0,0.0485057705879655,20.821011859487147
2016-06-26,1.6283187666548413,-0.0013847755359293057,0.2660196267917226,-0.006449506741735056,-0.07419547757432965,3.8955125116486555,1.0362827845112612,1.0,9.0,0.04827778373063788,20.821011859487147
2016-06-27,1.6916538058123383,0.03889597077334561,0.27019867038751916,0.0,-0.07419547757432965,4.1073722037568805,1.1098065082417634,1.0,9.0,0.048221339953202595,20.821011859487147
2016-06-28,1.683275225961829,-0.00495289273829036,0.2696860602058781,-0.00495289273829036,-0.07419547757432965,4.055076298211468,1.093597550698887,1.0,9.0,0.0490871102396259,19.963336206271933
2016-06-29,1.6790804161617163,-0.0024920522416147506,0.2690523169555002,-0.007432602112454223,-0.07419547757432965,4.023493193865303,1.082530166064145,1.0,9.0,0.04890975863340332,19.963336206271933
2016-06-30,1.6997290355405679,0.01229757620903782,0.26863560510611706,0.0,-0.07419547757432965,4.099400446943162,1.101244919636863,1.0,9.0,0.048698006102704944,19.963336206271933
2016-07-01,1.6909532796965678,-0.005163032260144362,0.2681482389564209,-0.005163032260144362,-0.07419547757432965,4.046005824347928,1.084929336606319,1.0,9.0,0.050497030078354425,19.963336206271933
2016-07-02,1.715849287382948,0.014723060645914332,0.2679274417182448,0.0,-0.07419547757432965,4.136340218824975,1.1082390529060604,1.0,9.0,0.05033452286577091,19.963336206271933
2016-07-03,1.6665069712616565,-0.028756789121350823,0.27088851028902833,-0.028756789121350823,-0.07419547757432965,3.8595664419194757,1.0455122038130924,1.0,9.0,0.050280190110568716,19.963336206271933
2016-07-04,1.6980558723674224,0.018931154594499677,0.2710902200918251,-0.010370033747348906,-0.07419547757432965,3.972998422724792,1.077041016840938,1.0,10.0,0.05026743181214131,19.963336206271933
2016-07-05,1.67096798442046,-0.0159522948495191,0.27164432590186566,-0.026156902760930745,-0.07419547757432965,3.8290680416922234,1.0401446070178608,1.0,10.0,0.05083184157798195,19.761229444603266
2016-07-06,1.6872502517074806,0.009744212599422042,0.2710902664192315,-0.016667568582953707,-0.07419547757432965,3.8862708792674727,1.0535302080379203,1.0,10.0,0.05068719276616153,19.761229444603266
2016-07-07,1.6579249235406115,-0.017380544550040566,0.27182741606904515,-0.03375842171469745,-0.07419547757432965,3.7317441591928695,1.0143903722241492,1.0,10.0,0.050543723238766526,19.761229444603266
2016-07-08,1.7128234993443716,0.03311282376195934,0.27433477123557404,-0.0017634346214587815,-0.07419547757432965,3.910051022420516,1.0726629527551546,1.0,10.0,0.0505142026790067,19.71774038834205
2016-07-09,1.7240208188587427,0.006537345802797079,0.27366065565400344,0.0,-0.07419547757432965,3.944811676985786,1.079539749955499,1.0,10.0,0.05041702274888096,19.71774038834205
2016-07-10,1.727545801764486,0.002044628966880291,0.27294995513866943,0.0,-0.07419547757432965,3.9487241219823366,1.0778040719500606,1.0,10.0,0.05036043931029902,19.71774038834205
2016-07-11,1.7925254220395064,0.037613833571678024,0.2763619525168897,0.0,-0.07419547757432965,4.137163436235599,1.143354565119555,1.0,10.0,0.050247509610319124,19.71774038834205
2016-07-12,1.8844690684309984,0.05129279912073992,0.28341417573994765,0.0,-0.07419547757432965,4.353929985528714,1.2339654780780627,1.0,10.0,0.05056956116362333,19.64705605617364
2016-07-13,1.8998095007395313,0.008140453226597844,0.2827611486211391,0.0,-0.07419547757432965,4.395493209197092,1.2428747085889866,1.0,10.0,0.05063566935938899,19.64705605617364
2016-07-14,1.8989143952807017,-0.0004711553755685216,0.2820882449305808,-0.0004711553755685216,-0.07419547757432965,4.380388501144279,1.2356561044018872,1.0,10.0,0.05049961391334024,19.64705605617364
2016-07-15,1.9194012299242114,0.01078870890358452,0.28155085756004483,0.0,-0.07419547757432965,4.4374681769732405,1.2493729706222245,1.0,10.0,0.050788448055685664,19.599283659313567
2016-07-16,1.9209421157590298,0.0008027950648334947,0.28086138740773436,0.0,-0.07419547757432965,4.4311641326141,1.244542906117386,1.0,10.0,0.050616280587137234,19.599283659313567
2016-07-17,1.9168431319512185,-0.0021338403558254226,0.28025489086467487,-0.0021338403558254226,-0.07419547757432965,4.404472978393971,1.234375093876212,1.0,10.0,0.05041328250265008,19.599283659313567
2016-07-18,1.8988503870761153,-0.00938665484680934,0.28008238159410564,-0.011500465579716512,-0.07419547757432965,4.3239869870375705,1.2110725733114038,1.0,10.0,0.050221531248155114,19.599283659313567
2016-07-19,1.907265827679265,0.004431860804003485,0.2793888024297085,-0.007119573238343557,-0.07419547757432965,4.341960853526319,1.2130952430633932,1.0,10.0,0.05040870081634065,19.599194341603244
2016-07-20,1.8968230729980937,-0.005475248667291321,0.27894600662226243,-0.012555840471749957,-0.07419547757432965,4.291857197368342,1.1971964261989143,1.0,10.0,0.050277751310291954,19.599194341603244
2016-07-21,1.9025267558101533,0.0030069661705687256,0.2782583389193825,-0.009586629288722781,-0.07419547757432965,4.300699578513888,1.196705520908563,1.0,10.0,0.050122175273562684,19.599194341603244
2016-07-22,1.9249281430417229,0.011774545174283446,0.2778068910171009,0.0,-0.07419547757432965,4.3624062522792935,1.2119065182992732,1.0,10.0,0.050468060915481755,19.619484246970586
2016-07-23,1.9507283163549503,0.013403187753522339,0.27745328808869957,0.0,-0.07419547757432965,4.432670450580783,1.2298589915272558,1.0,10.0,0.05034835518761522,19.619484246970586
2016-07-24,1.9379539884938242,-0.006548491532124556,0.2770921859880609,-0.006548491532124556,-0.07419547757432965,4.375027351174419,1.2122858924944755,1.0,10.0,0.050222219851412786,19.619484246970586
2016-07-25,1.9223274824491134,-0.008063404052670808,0.2768331635649463,-0.014559092451636446,-0.07419547757432965,4.306605985875914,1.1922113592977637,1.0,10.0,0.050045198767479745,19.619484246970586
2016-07-26,1.8778360267487586,-0.023144576616920154,0.2783636330193003,-0.0373667050378369,-0.07419547757432965,4.116433171981557,1.1458652928339483,1.0,10.0,0.050259591421997304,19.642314617453554
2016-07-27,1.8931641204217682,0.00816263691540109,0.2777758470944734,-0.029509078968384506,-0.07419547757432965,4.1567257149874255,1.1546380066200126,1.0,10.0,0.050162758666704596,19.642314617453554
2016-07-28,1.8887582769757483,-0.0023272379813739086,0.27720776374669776,-0.031767642300387866,-0.07419547757432965,4.1308178157341136,1.1450947691446722,1.0,10.0,0.050005493327531465,19.642314617453554
2016-07-29,1.9048694470877976,0.00853003283080045,0.27664060364132687,-0.023508588501366834,-0.07419547757432965,4.1730082587970365,1.1544235237138545,1.0,10.0,0.049998699610528635,19.698744028655923
2016-07-30,1.9017784286914248,-0.0016226930412992502,0.27605846392050715,-0.025093134319694066,-0.07419547757432965,4.15196232677946,1.1461843421865523,1.0,10.0,0.04982310727734673,19.698744028655923
2016-07-31,1.8699638789706203,-0.016728841404881956,0.2766293822420671,-0.041402196660190516,-0.07419547757432965,4.0203119136138215,1.112136401083414,1.0,10.0,0.0496586711296593,19.698744028655923
2016-08-01,1.8336827432599814,-0.01940205162177311,0.2775279526365685,-0.060000960725107744,-0.07419547757432965,3.86932994497676,1.0738472177047664,1.0,10.0,0.049502283650261415,19.698744028655923
2016-08-02,1.7167516877784263,-0.06376842227007662,0.2901439668430322,-0.11994321639505545,-0.11994321639505545,3.3107514546386447,0.9605945602801955,1.0,10.0,0.04991161670474722,19.874701522943475
2016-08-03,1.7367777799151456,0.011665107003700825,0.2897085355815618,-0.10967725984497101,-0.11994321639505545,3.368417267769388,0.9758592338731149,1.0,10.0,0.04999066150164956,19.874701522943475
2016-08-04,1.7927832705419307,0.03224677979788604,0.29156223137211695,-0.08096721849414124,-0.11994321639505545,3.5176097985048096,1.025602161948485,1.0,10.0,0.049898119835674624,19.874701522943475
2016-08-05,1.826697074576493,0.018916845439053365,0.2916349934602318,-0.06358201741297165,-0.11994321639505545,3.609204273873321,1.0525702648076867,1.0,10.0,0.05025831803004465,20.114163649795678
2016-08-06,1.8532280836909378,0.014524033285921778,0.2913544310242917,-0.049981451464341964,-0.11994321639505545,3.6792669542224465,1.0719707300339596,1.0,10.0,0.050136382141692366,20.114163649795678
2016-08-07,1.8714648407637637,0.009840535675730289,0.29082686543607505,-0.04063276004487126,-0.11994321639505545,3.7253246100981774,1.0834244790867213,1.0,10.0,0.05000031413800198,20.114163649795678
2016-08-08,1.844863767759207,-0.014214038343194568,0.29100334020094515,-0.0542692427787983,-0.11994321639505545,3.62554749702503,1.05504643169146,1.0,10.0,0.04989265697099581,20.114163649795678
2016-08-09,1.8607765997353551,0.008625478072820547,0.29043987477822736,-0.0461118628695949,-0.11994321639505545,3.665045993991435,1.0644754995513162,1.0,10.0,0.050256048648289094,20.36123460008904
2016-08-10,1.8567825101840831,-0.002146463767783824,0.2898599868115475,-0.048159349194464074,-0.11994321639505545,3.64378956938276,1.0561887965253411,1.0,10.0,0.050087908189770755,20.36123460008904
2016-08-11,1.8777533191079863,0.011294165476507079,0.28941009528172723,-0.03740910337700021,-0.11994321639505545,3.6967511662261288,1.0698771072503401,1.0,10.0,0.04990258920131767,20.36123460008904
2016-08-12,1.8859141204785692,0.004346045504241003,0.28877184353440527,-0.03322563953830848,-0.11994321639505545,3.712870120430594,1.072172349480552,1.0,10.0,0.049880900821495475,20.46540732878246
2016-08-13,1.8926276004749087,0.0035598015431561603,0.2881333401615019,-0.029784114678053197,-0.11994321639505545,3.724586194865143,1.0731774610459122,1.0,10.0,0.049748568108674084,20.46540732878246
2016-08-14,1.9001892443973447,0.0039953152540619374,0.2875010840854231,-0.02590779635169327,-0.11994321639505545,3.738678049761832,1.074873992352902,1.0,10.0,0.049566125080665616,20.46540732878246
2016-08-15,1.8802759710157049,-0.01047962640581912,0.2873701147706673,-0.0361159187307486,-0.11994321639505545,3.6655970251948706,1.0533830378332667,1.0,11.0,0.04943954410144227,20.46540732878246
2016-08-16,1.904648970706801,0.012962458738400073,0.2870228105886695,-0.023621611098695205,-0.11994321639505545,3.7259888760035875,1.0694437994126673,1.0,11.0,0.049581038558104015,20.59623702203236
2016-08-17,1.890893340393462,-0.007222134117571555,0.2866823330596557,-0.030673146772838833,-0.11994321639505545,3.6742160553894476,1.053332830924292,1.0,11.0,0.04946187303085504,20.59623702203236
2016-08-18,1.9034318136335406,0.006630978581515068,0.28609970230915494,-0.02424556117060206,-0.11994321639505545,3.702382282328355,1.059250468808832,1.0,11.0,0.04931499176310782,20.59623702203236
2016-08-19,1.912623808464332,0.00482916948479728,0.2854926311297715,-0.01953347760995172,-0.11994321639505545,3.720874845736006,1.062282349813755,1.0,11.0,0.049658556307318774,21.033048331498968
2016-08-20,1.9144848409726913,0.0009730259030151789,0.28488960220709236,-0.018579458286626993,-0.11994321639505545,3.7180980209074894,1.059247466143312,1.0,11.0,0.04949341525586079,21.033048331498968
2016-08-21,1.912821103469143,-0.000869026209005197,0.2843190575020277,-0.01943233845943204,-0.11994321639505545,3.7048703118607462,1.0533652352354907,1.0,11.0,0.0493299395643949,21.033048331498968
2016-08-22,1.969491847698987,0.029626787433003843,0.2856558375230018,0.0,-0.11994321639505545,3.8329302617142393,1.0948989040772394,1.0,11.0,0.049199945640856974,21.033048331498968
2016-08-23,1.976809672535546,0.003715590315902295,0.28505137637262057,0.0,-0.11994321639505545,3.844942219387332,1.0960060717095574,1.0,11.0,0.04946039916522867,21.168772282494984
2016-08-24,1.9627636348380653,-0.007105407208709447,0.2847246673499762,-0.007105407208709447,-0.11994321639505545,3.794678757056225,1.0804386468028548,1.0,11.0,0.04937380463381166,21.168772282494984
2016-08-25,1.9342434121634715,-0.01453064554915029,0.28494686395969987,-0.021532806604227628,-0.11994321639505545,3.6975827022536496,1.05361459523881,1.0,11.0,0.04920626860743522,21.168772282494984
2016-08-26,1.9369784053579129,0.0014139860460387066,0.28435591521190057,-0.02014926764625935,-0.11994321639505545,3.6973579394086413,1.051365600726531,1.0,11.0,0.0495181804234118,21.60548682508586
2016-08-27,1.9290869688912082,-0.0040740962547005655,0.28389192797986734,-0.024141273845107447,-0.11994321639505545,3.666144707749338,1.0407888893361468,1.0,11.0,0.04934068020783884,21.60548682508586
2016-08-28,1.947182434620169,0.009380326559025765,0.2834157709676475,-0.014987400318299593,-0.11994321639505545,3.707193069389002,1.0506769818868034,1.0,11.0,0.04921802267923077,21.60548682508586
2016-08-29,1.9671878293129337,0.010274021754241636,0.28297478699262424,-0.004867359440967722,-0.11994321639505545,3.7523883122333395,1.061831283367842,1.0,11.0,0.04911245851065024,21.60548682508586
2016-08-30,1.9666548659695116,-0.00027092651524196487,0.28241871723061385,-0.005136967259477987,-0.11994321639505545,3.742863328731203,1.0570546600697717,1.0,11.0,0.049090023938864254,21.721954346987562
2016-08-31,1.9562979642749367,-0.0052662528000149145,0.2820154220641069,-0.01037616749127901,-0.11994321639505545,3.704920337320144,1.0448446726432337,1.0,11.0,0.048939858424382386,21.721954346987562
2016-09-01,1.9680612582103842,0.006013037967765422,0.28146545328325984,-0.004425521812598476,-0.11994321639505545,3.728834880759351,1.0495381999313609,1.0,11.0,0.048770723122047346,21.721954346987562
2016-09-02,1.974873937672157,0.0034616196184704684,0.2808936902491454,-0.0009792216672565024,-0.11994321639505545,3.7395212633030144,1.0504079274143299,1.0,11.0,0.049064011027709825,21.74258464313986
2016-09-03,1.984976565501449,0.00511558111967414,0.28033764772892905,0.0,-0.11994321639505545,3.7587342772382004,1.0537147257190533,1.0,11.0,0.048897746104910836,21.74258464313986
2016-09-04,2.000055156109372,0.007596356989793218,0.27982997657469283,0.0,-0.11994321639505545,3.7903230067920264,1.060645998201132,1.0,11.0,0.04874779307387362,21.74258464313986
2016-09-05,1.99662400972896,-0.001715525879339319,0.27932332502016766,-0.001715525879339319,-0.11994321639505545,3.772945381312882,1.0538716490277986,1.0,11.0,0.04860056243784159,21.74258464313986
2016-09-06,1.9982872176471438,0.0008330100760480796,0.2787751255917022,-0.0008839448536345218,-0.11994321639505545,3.769605896194051,1.0508723571427177,1.0,11.0,0.0490023825500589,21.854864331827066
2016-09-07,2.0030261009035586,0.0023714725363626066,0.27821991318722894,0.0,-0.11994321639505545,3.7744752283696483,1.0501341703643496,1.0,11.0,0.04884001256136556,21.854864331827066
2016-09-08,1.996777989022104,-0.003119336227638825,0.277760735297484,-0.003119336227638825,-0.11994321639505545,3.74944602575836,1.0414488850728714,1.0,11.0,0.048675397390185164,21.854864331827066
2016-09-09,1.9893690475022017,-0.003710448312549186,0.27732289909006375,-0.006818210404345826,-0.11994321639505545,3.7212198177185942,1.0319794680011192,1.0,11.0,0.04879150221352095,22.06930057772511
2016-09-10,2.002895536920159,0.006799386687422748,0.2768172422754812,-6.518336597838292e-05,-0.11994321639505545,3.748636899884297,1.0376873289180804,1.0,11.0,0.04863871865291494,22.06930057772511
2016-09-11,1.9722395542082465,-0.01530583205505176,0.2771225363784837,-0.015370017735377717,-0.11994321639505545,3.6507663080083494,1.0117096190003865,1.0,11.0,0.04851847810943931,22.06930057772511
2016-09-12,1.9762540762945107,0.0020355144372286027,0.276582143698237,-0.013365789191149946,-0.11994321639505545,3.6541036709967236,1.0106598266198712,1.0,11.0,0.04840584394736758,22.06930057772511
2016-09-13,1.9914777469560037,0.007703296273542604,0.2761059055833741,-0.005765453551676347,-0.11994321639505545,3.685787796189247,1.0176677772549807,1.0,11.0,0.04844809231906299,22.079764003943176
2016-09-14,1.9892498898313289,-0.001118695465254449,0.2756093220008589,-0.0068776992301874396,-0.11994321639505545,3.6723746156215524,1.012140677944621,1.0,11.0,0.04830284323761348,22.079764003943176
2016-09-15,2.1242651211335937,0.0678724337210912,0.2856860840234205,0.0,-0.11994321639505545,3.8639723863728546,1.103883139837492,1.0,11.0,0.04828904478877637,22.079764003943176
2016-09-16,2.12776603522766,0.0016480589259961764,0.2851408032849442,0.0,-0.11994321639505545,3.8645856501178546,1.1019510566380732,1.0,11.0,0.0491282456265639,22.543250420468866
2016-09-17,2.1206232001154364,-0.0033569645317980124,0.2846935158595121,-0.0033569645317980124,-0.11994321639505545,3.8393372362804454,1.0930344163670223,1.0,11.0,0.04902257424669506,22.543250420468866
2016-09-18,2.1201643617955246,-0.00021636956527060214,0.2841748656007019,-0.0035726077521123223,-0.11994321639505545,3.830603020072469,1.0885610983987366,1.0,11.0,0.04887450869590379,22.543250420468866
2016-09-19,2.119942027360274,-0.00010486660339026344,0.2836573227473613,-0.0036770997082623547,-0.11994321639505545,3.822487411967492,1.0842765455141885,1.0,11.0,0.048712594577196344,22.543250420468866
2016-09-20,2.1189428345771195,-0.00047133023934564644,0.28314839889185206,-0.0041466968193223375,-0.11994321639505545,3.8125512694028294,1.0795177876245092,1.0,11.0,0.0487629882636451,22.641193792531112
2016-09-21,2.1083706983198773,-0.0049893447264007795,0.2827669236250776,-0.009115352245815722,-0.11994321639505545,3.7789851994545676,1.0685720192744683,1.0,11.0,0.048628444204615734,22.641193792531112
2016-09-22,2.1032777293198874,-0.002415594659918363,0.2823040389289189,-0.011508927909525846,-0.11994321639505545,3.7592101178867767,1.0612401994618945,1.0,11.0,0.048495029893668586,22.641193792531112
2016-09-23,2.1093327998251596,0.002878873493910916,0.28177488573299037,-0.008663187163116981,-0.11994321639505545,3.7661307287121057,1.0612010557383573,1.0,11.0,0.04847920033565546,22.715850761047967
2016-09-24,2.11557336885805,0.002958551174763624,0.2812487013223726,-0.0057302664709120155,-0.11994321639505545,3.7734244296479655,1.061270720376605,1.0,11.0,0.04832480551670037,22.715850761047967
2016-09-25,2.113016122169186,-0.0012087723954684604,0.280766242494481,-0.0069321122784518074,-0.11994321639505545,3.760015131559491,1.05568532021035,1.0,11.0,0.048176677797336184,22.715850761047967
2016-09-26,2.1154920918053675,0.0011717703477054364,0.28025293583359734,-0.005768464774361104,-0.11994321639505545,3.758602675691053,1.053359434494432,1.0,11.0,0.04802197274111757,22.715850761047967
2016-09-27,2.1098960235338775,-0.00264527969315842,0.27980875666179056,-0.008398485264791145,-0.11994321639505545,3.737944734849623,1.0459096687287595,1.0,11.0,0.049518235160352655,22.715850761047967
2016-09-28,2.1191232975396277,0.00437333115131211,0.27929937035677704,-0.004061883470711458,-0.11994321639505545,3.7520064430435265,1.0479330371166276,1.0,11.0,0.0493938433085862,22.715850761047967
2016-09-29,2.128930862038907,0.004628123578588328,0.27879473952569955,0.0,-0.11994321639505545,3.7672240180055834,1.0502822388348259,1.0,11.0,0.049266859921391834,22.715850761047967
2016-09-30,2.1262642268247225,-0.0012525701335507344,0.2783261986810845,-0.0012525701335507344,-0.11994321639505545,3.753798698165157,1.0447805222743118,1.0,11.0,0.04953554112609326,22.784361916210354
2016-10-01,2.08987837635801,-0.017112572373495394,0.27876771034554776,-0.018343707809982845,-0.11994321639505545,3.652748263090128,1.0182682697703114,1.0,11.0,0.049430116273809076,22.784361916210354
2016-10-02,2.0986345909581927,0.004189820182474824,0.2782668790145066,-0.014230744464711731,-0.11994321639505545,3.6659762778104525,1.0201197773675323,1.0,11.0,0.049333990199314594,22.784361916210354
2016-10-03,2.0935517707562687,-0.0024219653215585835,0.2778284507715909,-0.016618243416676837,-0.11994321639505545,3.6470189907730486,1.0132456361410471,1.0,11.0,0.049193866753873626,22.784361916210354
2016-10-04,2.078709075454875,-0.007089719733098243,0.27755778558226,-0.023590144461494433,-0.11994321639505545,3.60390691471326,1.0002924226924073,1.0,11.0,0.04920093584937412,22.82963015524615
2016-10-05,2.0726339462157903,-0.0029225490525919273,0.2771353583962879,-0.026443750159739876,-0.11994321639505545,3.582667128693472,0.9928837387250651,1.0,11.0,0.049089709158508056,22.82963015524615
2016-10-06,2.062323821602067,-0.004974406905062789,0.2767789954346513,-0.031286615091412395,-0.11994321639505545,3.5510398074589555,0.9828532306569473,1.0,11.0,0.04897904174514261,22.82963015524615
2016-10-07,2.051695557591389,-0.005153537916475992,0.2764302336635616,-0.03627891625073654,-0.11994321639505545,3.5186506994649984,0.9726614350335641,1.0,11.0,0.04888780300656316,22.84398628729607
2016-10-08,2.0475641069241264,-0.0020136762747163806,0.27599082204246983,-0.038219538532526354,-0.11994321639505545,3.5023118515744116,0.9666059269651064,1.0,11.0,0.048768990833387135,22.84398628729607
2016-10-09,2.031976065884689,-0.007612968495943173,0.2757482543488642,-0.0455415428856919,-0.11994321639505545,3.457398177466139,0.9533715120252324,1.0,11.0,0.04863219326393398,22.84398628729607
2016-10-10,2.0129996453920933,-0.009338899611661344,0.2755944039331523,-0.054455134600183586,-0.11994321639505545,3.403596363665857,0.9380121110735365,1.0,11.0,0.04850855060276972,22.84398628729607
2016-10-11,2.0252702233649647,0.00609566822376717,0.27513931179822165,-0.04869140681001971,-0.11994321639505545,3.4256376064061658,0.9425275734966997,1.0,11.0,0.0485219725480743,22.915722032902423
2016-10-12,2.0018073257633198,-0.01158507014568233,0.2751221719077867,-0.05971238359231601,-0.11994321639505545,3.3601322429263396,0.9244468805712773,1.0,11.0,0.04847408217847559,22.915722032902423
2016-10-13,2.007772807214137,0.002980047766856231,0.27464290840953026,-0.056910281580837774,-0.11994321639505545,3.368067185411688,0.9250157675201667,1.0,11.0,0.04838243644560106,22.915722032902423
2016-10-14,2.0055324618364794,-0.0011158360993872574,0.27419636903057537,-0.057962615133610895,-0.11994321639505545,3.3566809917709315,0.92038973993754,1.0,11.0,0.048693410931446475,23.116517240926367
2016-10-15,1.9605326340684093,-0.022437845621737562,0.27515009945091773,-0.07909990454514826,-0.11994321639505545,3.2304787335485416,0.888866544809956,1.0,11.0,0.04863200278784425,23.116517240926367
2016-10-16,1.98657670027017,0.013284178875265784,0.27494389335373753,-0.0668665029508767,-0.11994321639505545,3.2825651049292826,0.9025212301363769,1.0,11.0,0.048581307702691895,23.116517240926367
2016-10-17,1.9554761053737475,-0.015655370815631175,0.27521836397072125,-0.08147505386766729,-0.11994321639505545,3.1966737547635677,0.8797833209341717,1.0,11.0,0.04851417638428973,23.116517240926367
2016-10-18,1.9503168669494886,-0.002638354112372454,0.27480447506956557,-0.08389844793661227,-0.11994321639505545,3.178523280940198,0.8734724217151644,1.0,11.0,0.04889588618466766,23.33638393419003
2016-10-19,1.9341777796249053,-0.008275110366976701,0.2745925234228688,-0.09147928938729544,-0.11994321639505545,3.132578745629368,0.8601827025832132,1.0,11.0,0.048792858647929316,23.33638393419003
2016-10-20,1.949207096311497,0.0077703905219643765,0.27419126590129156,-0.08441972866854208,-0.11994321639505545,3.161675561150191,0.8669038244809472,1.0,11.0,0.04868831789282466,23.33638393419003
2016-10-21,1.9681463925281577,0.009716410458642244,0.27384750818090337,-0.07552357494445061,-0.11994321639505545,3.1988137217270722,0.8759871668298403,1.0,11.0,0.0488007972819911,23.407516316039185
2016-10-22,1.9845182103137535,0.00831839432663628,0.27346325528326765,-0.06783341549515953,-0.11994321639505545,3.2299960347555574,0.8832852302163012,1.0,11.0,0.048685345195579176,23.407516316039185
2016-10-23,1.9627884616161229,-0.010949634316630985,0.27340316687694016,-0.07804029871767049,-0.11994321639505545,3.1706091574429225,0.866854584573922,1.0,11.0,0.04861766637334527,23.407516316039185
2016-10-24,1.929841226528842,-0.01678593273375606,0.2737638216089042,-0.09351625224662952,-0.11994321639505545,3.0807055528676193,0.8433857254048116,1.0,11.0,0.04853118330056446,23.407516316039185
2016-10-25,1.90907943354651,-0.010758290732380993,0.27368553709253973,-0.10326846794913858,-0.11994321639505545,3.023294601743967,0.8274320068672736,1.0,11.0,0.0487867640280574,23.71873013190409
2016-10-26,1.9234862295116004,0.007546462295875633,0.2732908588824838,-0.09650131725299393,-0.11994321639505545,3.0511647287219588,0.8338554293043647,1.0,11.0,0.04871329633317455,23.71873013190409
2016-10-27,1.9296105258782754,0.0031839564394646747,0.27283830140866655,-0.0936246168040138,-0.11994321639505545,3.060223161595746,0.8349460893412426,1.0,11.0,0.04862978590234587,23.71873013190409
2016-10-28,1.8958237294274347,-0.01750964559828072,0.27325146916605775,-0.10949492854278142,-0.11994321639505545,2.9680317901129905,0.811019047179939,1.0,11.0,0.04865832835479481,23.836052420316307
2016-10-29,1.873957686005175,-0.01153379561762502,0.27321626794757803,-0.11976583203342761,-0.11994321639505545,2.9077645208431515,0.7944485704551433,1.0,11.0,0.04859318502695026,23.836052420316307
2016-10-30,1.8946515470144787,0.011042864608868497,0.27293891978030377,-0.11004552529247269,-0.11994321639505545,2.9497220697230113,0.8050939553623205,1.0,11.0,0.04857908722159064,23.836052420316307
2016-10-31,1.889852651979953,-0.002532864178686367,0.2725402527492481,-0.11229965910212103,-0.11994321639505545,2.933229724577468,0.7994231705079505,0.0,11.0,0.04855949699798781,23.836052420316307
2016-11-01,1.881480874028756,-0.004429857503666201,0.2721902909218141,-0.11623204511825458,-0.11994321639505545,2.9079901911650707,0.7915266961310025,0.0,11.0,0.051671757977827415,27.552055583314292
2016-11-02,1.881480874028756,0.0,0.2717568763708763,-0.11623204511825458,-0.11994321639505545,2.9031406447299957,0.7889484332771556,0.0,11.0,0.05150344606259019,27.552055583314292
2016-11-03,1.881480874028756,0.0,0.2713255241245043,-0.11623204511825458,-0.11994321639505545,2.898315279874073,0.7863869123898921,0.0,11.0,0.0513362270818675,27.552055583314292
2016-11-04,1.881480874028756,0.0,0.2708962178921122,-0.11623204511825458,-0.11994321639505545,2.8935138962996594,0.7838419709258471,0.0,11.0,0.05117009042464462,27.552055583314292
2016-11-05,1.881480874028756,0.0,0.2704689415625554,-0.11623204511825458,-0.11994321639505545,2.888736296024153,0.7813134484389894,0.0,11.0,0.051005025616823185,27.552055583314292
2016-11-06,1.881480874028756,0.0,0.27004367920159905,-0.11623204511825458,-0.11994321639505545,2.883982283345705,0.7788011865469028,0.0,11.0,0.0508410223190199,27.552055583314292
2016-11-07,1.881480874028756,0.0,0.2696204150494306,-0.11623204511825458,-0.11994321639505545,2.879251664809547,0.776305028897714,0.0,11.0,0.05067807032440765,27.552055583314292
2016-11-08,1.881480874028756,0.0,0.2691991335182147,-0.11623204511825458,-0.11994321639505545,2.8745442491749267,0.7738248211376573,0.0,11.0,0.05051615955659804,27.552055583314292
2016-11-09,1.881480874028756,0.0,0.2687798191896898,-0.11623204511825458,-0.11994321639505545,2.8698598473826413,0.7713604108792571,0.0,11.0,0.0503552800675643,27.552055583314292
2016-11-10,1.881480874028756,0.0,0.2683624568128059,-0.11623204511825458,-0.11994321639505545,2.8651982725231373,0.7689116476701165,0.0,11.0,0.05019542203560377,27.552055583314292
2016-11-11,1.881480874028756,0.0,0.26794703130140207,-0.11623204511825458,-0.11994321639505545,2.8605593398051923,0.7664783829622999,0.0,11.0,0.050036575763339204,27.552055583314292
2016-11-12,1.881480874028756,0.0,0.26753352773192307,-0.11623204511825458,-0.11994321639505545,2.855942866525144,0.7640604700822925,0.0,11.0,0.04987873167575769,27.552055583314292
2016-11-13,1.881480874028756,0.0,0.2671219313411752,-0.11623204511825458,-0.11994321639505545,2.851348672036671,0.7616577642015306,0.0,11.0,0.049721880318286754,27.552055583314292
2016-11-14,1.881480874028756,0.0,0.26671222752411883,-0.11623204511825458,-0.11994321639505545,2.8467765777210987,0.759270122307482,0.0,11.0,0.04956601235490655,27.552055583314292
2016-11-15,1.881480874028756,0.0,0.2663044018316992,-0.11623204511825458,-0.11994321639505545,2.8422264069582304,0.7568974031752711,0.0,11.0,0.049411118566297464,27.552055583314292
2016-11-16,1.881480874028756,0.0,0.2658984399687118,-0.11623204511825458,-0.11994321639505545,2.8376979850976953,0.754539467339834,0.0,11.0,0.049257189848022395,27.552055583314292
2016-11-17,1.881480874028756,0.0,0.2654943277917051,-0.11623204511825458,-0.11994321639505545,2.8331911394307885,0.7521961770685923,0.0,11.0,0.04910421720874282,27.552055583314292
2016-11-18,1.881480874028756,0.0,0.26509205130691676,-0.11623204511825458,-0.11994321639505545,2.828705699162804,0.7498673963346338,0.0,11.0,0.04895219176846807,27.552055583314292
2016-11-19,1.881480874028756,0.0,0.26469159666824443,-0.11623204511825458,-0.11994321639505545,2.8242414953858503,0.7475529907903911,0.0,11.0,0.048801104756837,27.552055583314292
2016-11-20,1.881480874028756,0.0,0.26429295017525034,-0.11623204511825458,-0.11994321639505545,2.8197983610521384,0.7452528277418053,0.0,11.0,0.04865094751143135,27.552055583314292
2016-11-21,1.881480874028756,0.0,0.2638960982711983,-0.11623204511825458,-0.11994321639505545,2.8153761309477194,0.7429667761229655,0.0,11.0,0.04850171147612021,27.552055583314292
2016-11-22,1.881480874028756,0.0,0.2635010275411231,-0.11623204511825458,-0.11994321639505545,2.8109746416666908,0.7406947064712133,0.0,11.0,0.04835338819943483,27.552055583314292
2016-11-23,1.881480874028756,0.0,0.26310772470993143,-0.11623204511825458,-0.11994321639505545,2.806593731585829,0.7384364909027036,0.0,11.0,0.048205969332973136,27.552055583314292
2016-11-24,1.881480874028756,0.0,0.26271617664053404,-0.11623204511825458,-0.11994321639505545,2.802233240839665,0.7361920030884096,0.0,11.0,0.0480594466298334,27.552055583314292
2016-11-25,1.881480874028756,0.0,0.2623263703320078,-0.11623204511825458,-0.11994321639505545,2.7978930112959812,0.733961118230566,0.0,11.0,0.047913811943076326,27.552055583314292
2016-11-26,1.881480874028756,0.0,0.26193829291778775,-0.11623204511825458,-0.11994321639505545,2.793572886531725,0.7317437130395369,0.0,11.0,0.04776905722421507,27.552055583314292
2016-11-27,1.881480874028756,0.0,0.26155193166388857,-0.11623204511825458,-0.11994321639505545,2.789272711809336,0.7295396657111046,0.0,11.0,0.0476251745217325,27.552055583314292
2016-11-28,1.881480874028756,0.0,0.26116727396715483,-0.11623204511825458,-0.11994321639505545,2.784992334053454,0.7273488559041644,1.0,11.0,0.04748215597962519,27.552055583314292
2016-11-29,1.8770570321030144,-0.002351255325954482,0.26081542965416615,-0.1183100092290782,-0.11994321639505545,2.770548046433729,0.7226016791081238,1.0,11.0,0.047804561363611595,27.552055583314292
2016-11-30,1.8817741152512313,0.0025130206847960856,0.2604264551007036,-0.11609430404469323,-0.11994321639505545,2.776917292078208,0.7231827264837729,1.0,11.0,0.04767441774144553,27.552055583314292
2016-12-01,1.8813632026263967,-0.00021836447929868275,0.2600487033374173,-0.11628731765173961,-0.11994321639505545,2.7717622748224287,0.7207931855271427,1.0,11.0,0.04754558043602861,27.552055583314292
2016-12-02,1.8806470045360577,-0.0003806803967140171,0.25967412423418995,-0.11662372974623714,-0.11994321639505545,2.765936058643743,0.718242023716081,1.0,11.0,0.0476014069465492,27.552055583314292
2016-12-03,1.879412540681044,-0.0006564038078576973,0.25930400362815825,-0.11720358129380293,-0.11994321639505545,2.7589555073314127,0.7154082088829918,1.0,11.0,0.04748000907440664,27.552055583314292
2016-12-04,1.8757722468901556,-0.001936931733768965,0.25895274702300547,-0.11891349769165249,-0.11994321639505545,2.7464948002696814,0.7112123732142347,1.0,11.0,0.047350114170071386,27.552055583314292
2016-12-05,1.8650571921867185,-0.005712343127584729,0.258693098293008,-0.12394656611792121,-0.12394656611792121,2.7174602198422546,0.7029882037589915,0.0,11.0,0.047220643479353126,27.552055583314292
2016-12-06,1.862921220199806,-0.001145258170023311,0.2583329894179076,-0.12494987347045161,-0.12494987347045161,2.708522800360729,0.6997007919237497,0.0,11.0,0.047711721775171585,26.77569850301347
2016-12-07,1.862921220199806,0.0,0.25796261285123817,-0.12494987347045161,-0.12494987347045161,2.704480604628385,0.6976548831754346,0.0,11.0,0.04757221381676465,26.77569850301347
2016-12-08,1.862921220199806,0.0,0.25759382389462776,-0.12494987347045161,-0.12494987347045161,2.7004564527476687,0.6956209039241942,0.0,11.0,0.04743351931584114,26.77569850301347
2016-12-09,1.862921220199806,0.0,0.2572266112448643,-0.12494987347045161,-0.12494987347045161,2.696450210874382,0.693598750133717,0.0,11.0,0.04729563117829509,26.77569850301347
2016-12-10,1.862921220199806,0.0,0.25686096371101264,-0.12494987347045161,-0.12494987347045161,2.692461746550155,0.691588318973909,0.0,11.0,0.04715854239227105,26.77569850301347
2016-12-11,1.862921220199806,0.0,0.2564968702129852,-0.12494987347045161,-0.12494987347045161,2.6884909286840637,0.6895895088034643,0.0,11.0,0.04702224602697547,26.77569850301347
2016-12-12,1.862921220199806,0.0,0.25613431978013534,-0.12494987347045161,-0.12494987347045161,2.6845376275345245,0.6876022191527338,0.0,11.0,0.04688673523150868,26.77569850301347
2016-12-13,1.862921220199806,0.0,0.2557733015498726,-0.12494987347045161,-0.12494987347045161,2.680601714691492,0.6856263507068926,0.0,11.0,0.046752003233716984,26.77569850301347
2016-12-14,1.862921220199806,0.0,0.25541380476629844,-0.12494987347045161,-0.12494987347045161,2.676683063058942,0.6836618052893944,0.0,11.0,0.046618043339064504,26.77569850301347
2016-12-15,1.862921220199806,0.0,0.2550558187788638,-0.12494987347045161,-0.12494987347045161,2.6727815468376326,0.6817084858457104,0.0,11.0,0.04648484892952432,26.77569850301347
2016-12-16,1.862921220199806,0.0,0.25469933304104714,-0.12494987347045161,-0.12494987347045161,2.6688970415081377,0.6797662964273465,0.0,11.0,0.04635241346248864,26.77569850301347
2016-12-17,1.862921220199806,0.0,0.2543443371090522,-0.12494987347045161,-0.12494987347045161,2.6650294238141625,0.6778351421761325,0.0,11.0,0.04622073046969748,26.77569850301347
2016-12-18,1.862921220199806,0.0,0.2539908206405258,-0.12494987347045161,-0.12494987347045161,2.6611785717461145,0.675914929308778,0.0,11.0,0.04608979355618559,26.77569850301347
2016-12-19,1.862921220199806,0.0,0.2536387733932958,-0.12494987347045161,-0.12494987347045161,2.6573443645249326,0.6740055651016911,1.0,11.0,0.04595959639924721,26.77569850301347
2016-12-20,1.8622846359947642,-0.00034171289592888066,0.25329097574713055,-0.12524888938327094,-0.12524888938327094,2.6521103536486947,0.6717556192647454,1.0,11.0,0.04729517101114612,26.77569850301347
2016-12-21,1.8694486529025232,0.0038468968541600645,0.25294311638309175,-0.12188381208766641,-0.12524888938327094,2.6638906991327254,0.6738128151425646,1.0,11.0,0.04718180084138722,26.77569850301347
2016-12-22,1.8792427757993821,0.005239043544551292,0.2526118388994809,-0.11728332314201828,-0.12524888938327094,2.6811167375171623,0.6772818293683872,1.0,11.0,0.04709137498240495,26.77569850301347
2016-12-23,1.9744097023056688,0.05064110275257283,0.2570102732561572,-0.07258157720784364,-0.12524888938327094,2.828763470754073,0.72702127259554,1.0,11.0,0.04835794308891188,26.77569850301347
2016-12-24,1.9530267854900922,-0.010830030256945178,0.25697658984287436,-0.08262554678753109,-0.12524888938327094,2.778405264817808,0.7139851101543685,1.0,11.0,0.04844272379151615,26.77569850301347
2016-12-25,1.9446345066122583,-0.004297062866819745,0.25669644915452433,-0.08656756248539954,-0.12524888938327094,2.7567388493956484,0.7076450738861919,1.0,11.0,0.04838998439389736,26.77569850301347
2016-12-26,1.9524816603130999,0.004035284612177392,0.25634931162679164,-0.08288160262603317,-0.12524888938327094,2.768740944250413,0.7097648351315066,1.0,11.0,0.04829280900265548,26.77569850301347
2016-12-27,1.9636398108000097,0.005714855465080548,0.25602290881181033,-0.0776404035406747,-0.12524888938327094,2.7871192396364877,0.7135663749370946,1.0,11.0,0.04982536464577145,24.859535258913507
2016-12-28,1.9838624993522591,0.010298573313203718,0.2558064970047134,-0.06814141561540132,-0.12524888938327094,2.822273673910631,0.7219559421117013,1.0,11.0,0.049728505485240666,24.859535258913507
2016-12-29,2.0090994018210964,0.012721094570353086,0.2556806720664501,-0.05628715443724941,-0.12524888938327094,2.865795773206771,0.7327285892986992,1.0,11.0,0.04962558179752908,24.859535258913507
2016-12-30,2.0227326075490004,0.006785729822798459,0.2553747681328919,-0.049883374036956196,-0.12524888938327094,2.8879393564464997,0.7375068435343779,1.0,11.0,0.05047593129331207,24.859535258913507
2016-12-31,2.0262023263026308,0.0017153620506640266,0.2550258385035132,-0.04825358003307423,-0.12524888938327094,2.890697182327827,0.737202472782897,1.0,11.0,0.050383509149164465,24.859535258913507
2017-01-01,2.035542036888943,0.0046094659279929395,0.2546912141273575,-0.04386653733814738,-0.12524888938327094,2.904607822678012,0.7397780929216832,1.0,11.0,0.050280521274340954,24.859535258913507
2017-01-02,2.060956633830936,0.012485419844650458,0.2545575382755076,-0.031928809629294785,-0.12524888938327094,2.946883710368229,0.7501514628955303,1.0,11.0,0.05032849211355774,24.70835454501508
2017-01-03,2.124610954390268,0.03088581269224,0.2558200480015489,-0.0020291441707513957,-0.12524888938327094,3.043817501088349,0.778669539236376,1.0,11.0,0.05099755035239055,24.70835454501508
2017-01-04,2.336804894034072,0.09987425660464067,0.2732503227087071,0.0,-0.12524888938327094,3.202520029187313,0.8750896314565313,1.0,11.0,0.051052483555909654,24.70835454501508
2017-01-05,2.150636670932065,-0.0796678505669427,0.28473220674777133,-0.07966785056694281,-0.12524888938327094,2.789819552387834,0.7943514775794677,1.0,11.0,0.05145237622062337,24.70835454501508
2017-01-06,1.9470870999942087,-0.09464619184124667,0.300046594523769,-0.16677378373985075,-0.16677378373985075,2.3308076871929377,0.6993509090320631,1.0,11.0,0.051811316088427116,24.407002318084544
2017-01-07,2.0440608243959817,0.04980451280379872,0.30335573382979125,-0.1252753579836614,-0.16677378373985075,2.459858871622627,0.7462122931188043,1.0,11.0,0.051914833324874364,24.407002318084544
2017-01-08,2.050476907775399,0.0031388906351714763,0.3029518308525348,-0.12252969299648264,-0.16677378373985075,2.4666641783104613,0.7472804289175176,1.0,11.0,0.051827421852517715,24.407002318084544
2017-01-09,2.0618110226672575,0.00552755061462995,0.3025670554988884,-0.1176794314616858,-0.16677378373985075,2.4809965815155817,0.7506678303719774,1.0,11.0,0.05172446266568903,24.407002318084544
2017-01-10,2.1079168113637636,0.0223617917401866,0.3028242409114882,-0.09794916265994902,-0.16677378373985075,2.543980499855574,0.7703789637623926,1.0,11.0,0.051766370548632076,24.337080235192857
2017-01-11,1.918698329799772,-0.08976563047645725,0.31561077308727914,-0.1789223247955949,-0.1789223247955949,2.159074427468287,0.6814271492062406,1.0,11.0,0.051941408485850986,24.337080235192857
2017-01-12,1.9673383196322356,0.025350514500911414,0.3160344051039787,-0.15810758328395103,-0.1789223247955949,2.2279318071659033,0.7041031032899084,1.0,11.0,0.05209749869923981,24.337080235192857
2017-01-13,1.9675548586908522,0.00011006701615867698,0.3156222324357251,-0.15801491869771644,-0.1789223247955949,2.225290998218154,0.702351312676737,1.0,11.0,0.05259320938370814,24.0559106451743
2017-01-14,1.9752088033733703,0.0038900794296585772,0.31521253900005924,-0.154739529852863,-0.1789223247955949,2.234173632956925,0.7042395434113387,1.0,11.0,0.05248957383132053,24.0559106451743
2017-01-15,1.9694583267625834,-0.0029113259322083307,0.3148341626754609,-0.15720035857907289,-0.1789223247955949,2.222128863617524,0.6996020801339965,1.0,11.0,0.05238694858688177,24.0559106451743
2017-01-16,2.001740093311083,0.01639119046583981,0.3147391533517252,-0.14338586913200102,-0.1789223247955949,2.2667418179778167,0.7134324006572884,1.0,11.0,0.05229513297953121,24.0559106451743
2017-01-17,2.0665114820153376,0.03235754178111905,0.3157224845662718,-0.11566794160214278,-0.1789223247955949,2.351452655317326,0.7424064746767431,1.0,11.0,0.05230730723723708,24.03256212496977
2017-01-18,2.036109288652771,-0.014711843426544635,0.3157324117941738,-0.12867809638236594,-0.1789223247955949,2.300964942687616,0.7264892108086038,1.0,11.0,0.052291758114604375,24.03256212496977
2017-01-19,2.05338423695751,0.008484293255284436,0.3153853278930007,-0.1212855458323212,-0.1789223247955949,2.3230179459792186,0.7326457765939809,1.0,11.0,0.052206178656664735,24.03256212496977
2017-01-20,2.051057369873724,-0.0011331863963434108,0.3149912979715051,-0.12228129309805436,-0.1789223247955949,2.3164963568212618,0.7296761941813921,1.0,11.0,0.052149261682080866,24.027153068896045
2017-01-21,2.0657580672645213,0.0071673750362732935,0.31462400417143904,-0.11599035394933521,-0.1789223247955949,2.334693613965029,0.7345506533391655,1.0,11.0,0.052064980069793626,24.027153068896045
2017-01-22,2.0565738442138892,-0.004445933527343682,0.31428057029930506,-0.1199206020732071,-0.1789223247955949,2.3179132420979904,0.7284750956308675,1.0,11.0,0.051961497934020745,24.027153068896045
2017-01-23,2.059882209705413,0.0016086781910757963,0.31387657419968773,-0.11850483753934715,-0.1789223247955949,2.3197393401815862,0.7281118371324403,1.0,11.0,0.051845997046783915,24.027153068896045
2017-01-24,2.0116890619431205,-0.023396069704968547,0.3144323711705328,-0.13912835980486915,-0.1789223247955949,2.240063767718539,0.7043485620569379,1.0,11.0,0.051926881155148735,24.041428183587733
2017-01-25,2.005858950224658,-0.0028981177204547848,0.31406457922831776,-0.14162326716035567,-0.1789223247955949,2.228337104408113,0.6998417550747821,1.0,11.0,0.05184547318011229,24.041428183587733
2017-01-26,2.0403990470064755,0.017219603989577115,0.3140102065646784,-0.12684235974698999,-0.1789223247955949,2.2740980687366616,0.7140900043123353,1.0,11.0,0.05175091494065527,24.041428183587733
2017-01-27,2.0272824259638798,-0.006428458718327423,0.3137142711411903,-0.13245541759194857,-0.1789223247955949,2.251419826550773,0.7063025299192008,1.0,11.0,0.05176252892256971,24.056342563937644
2017-01-28,2.047513787934368,0.009979547847591697,0.3134113170906897,-0.12379771492188862,-0.1789223247955949,2.2773743562603053,0.7137548965041038,1.0,11.0,0.051670276314926544,24.056342563937644
2017-01-29,2.0401086780921664,-0.0036166349090483996,0.31306005248131175,-0.12696661869349013,-0.1789223247955949,2.2634825577056317,0.7086059683058588,1.0,11.0,0.051575330181486134,24.056342563937644
2017-01-30,2.0736524526998363,0.016442150836316616,0.31297352460801603,-0.11261207215290892,-0.1789223247955949,2.306813565029234,0.7219715720607822,1.0,11.0,0.05147916145446234,24.056342563937644
2017-01-31,2.0792716159276816,0.0027097902642891913,0.3125798884398574,-0.11020743698538116,-0.1789223247955949,2.3118709791561654,0.7226443727519781,1.0,11.0,0.05143597312551858,24.056342563937644
2017-02-01,2.0879823112845064,0.004189301335188134,0.31219410532576136,-0.1064798278131035,-0.1789223247955949,2.3212181723335945,0.7246706305775855,1.0,11.0,0.051339164716761795,24.056342563937644
2017-02-02,2.0983543034712633,0.0049674712906815355,0.3118156513163868,-0.10204129201012024,-0.1789223247955949,2.332784093374526,0.7273985914560847,1.0,11.0,0.05123367517371523,24.056342563937644
2017-02-03,2.1098584022657403,0.005482438678466206,0.3114434325876236,-0.09711828845777093,-0.1789223247955949,2.3457961986917084,0.7305828202715448,1.0,11.0,0.05137917380356538,24.127501768359075
2017-02-04,2.118159828680024,0.003934589356977325,0.3110603099535776,-0.09356581968492739,-0.1789223247955949,2.3543417592416884,0.7323422773663707,1.0,11.0,0.05127956455495498,24.127501768359075
2017-02-05,2.104080571171125,-0.006646928771977034,0.31078230788728545,-0.09959082311796719,-0.1789223247955949,2.3311667532243443,0.7244853836371717,1.0,11.0,0.051176150669192504,24.127501768359075
2017-02-06,2.116765974639165,0.0060289532833714965,0.3104202826222687,-0.09416229825462641,-0.1789223247955949,2.3456847386998807,0.7281481195299594,1.0,11.0,0.05107741799579351,24.127501768359075
2017-02-07,2.1126730748322915,-0.0019335627348087137,0.3100582910398196,-0.09591379227850616,-0.1789223247955949,2.336976261280276,0.7245988657731892,1.0,11.0,0.05106777631534826,24.13236715845659
2017-02-08,2.1042529891764485,-0.003985512834971616,0.30972700855098273,-0.09951703946330093,-0.1789223247955949,2.3221024675838127,0.7192178508335897,1.0,11.0,0.05096822911096808,24.13236715845659
2017-02-09,2.04531052811959,-0.028011109576670745,0.31064556333824633,-0.12474056634281927,-0.1789223247955949,2.228468900018082,0.6922639768278793,1.0,11.0,0.05088897439928275,24.13236715845659
2017-02-10,2.0471719518553577,0.0009100934602233046,0.3102651032505051,-0.12394399845624904,-0.1789223247955949,2.228350054435476,0.6913792597176917,1.0,11.0,0.05095401239405344,24.17325652830026
2017-02-11,2.0598878713560866,0.006211456487182021,0.3099114802569233,-0.11850241472232548,-0.1789223247955949,2.2433551665235125,0.6952415203993184,1.0,11.0,0.05085656198688506,24.17325652830026
2017-02-12,2.0483415448869384,-0.005605317954295641,0.3096134802869262,-0.12344348896375068,-0.1789223247955949,2.2238675198485653,0.6885393625173692,1.0,11.0,0.05075893825536149,24.17325652830026
2017-02-13,2.0360070196578097,-0.006021713156147301,0.3093254591813637,-0.12872186083836423,-0.1789223247955949,2.2031785117288805,0.6814992047990495,0.0,11.0,0.05064547848766636,24.17325652830026
2017-02-14,2.031129287127959,-0.0023957346329142037,0.3089749747571022,-0.13080921205125473,-0.1789223247955949,2.1934250744151575,0.6777134569990184,0.0,11.0,0.05221322721548865,25.28528174455983
2017-02-15,2.031129287127959,0.0,0.3086047138041133,-0.13080921205125473,-0.1789223247955949,2.190726489851715,0.6760685214237782,0.0,11.0,0.05208649608147047,25.28528174455983
2017-02-16,2.031129287127959,0.0,0.3082357804650799,-0.13080921205125473,-0.1789223247955949,2.188037841098901,0.6744315516382483,1.0,11.0,0.05196037865754439,25.28528174455983
2017-02-17,2.0271523515542014,-0.001957992334097658,0.3078839780430853,-0.13251108095092667,-0.1789223247955949,2.179640021882993,0.6710762406392534,1.0,11.0,0.05278762801057808,25.28528174455983
2017-02-18,2.017301533660049,-0.004859436384542115,0.3075768052098147,-0.13672658816734085,-0.1789223247955949,2.1626638162194554,0.6651852273356459,1.0,11.0,0.05267492211525217,25.28528174455983
2017-02-19,2.02279550723809,0.002723427056575689,0.3072080556117693,-0.13437552600033342,-0.1789223247955949,2.1678330290957546,0.6659757697594788,1.0,11.0,0.05258540587263842,25.28528174455983
2017-02-20,2.016810587217678,-0.002958737054238325,0.3068720339635028,-0.13693668120661184,-0.1789223247955949,2.1565631614644816,0.6617889237293674,1.0,11.0,0.05248497049340691,25.28528174455983
2017-02-21,2.0135113545246055,-0.0016358664090632136,0.30652164598909265,-0.13834853749872056,-0.1789223247955949,2.1492030247078193,0.6587772486981773,1.0,11.0,0.053149306302810534,24.442523926744983
2017-02-22,2.014409983182649,0.000446299275156381,0.3061582694390003,-0.13796398307556867,-0.1789223247955949,2.1478883133154523,0.6575937689529122,1.0,11.0,0.05302629117298697,24.442523926744983
2017-02-23,2.0183897413751475,0.001975644593565029,0.3057936210288508,-0.13626090627927356,-0.1789223247955949,2.150944145009126,0.6577449987331463,1.0,11.0,0.0529033252012979,24.442523926744983
2017-02-24,1.998221185294608,-0.009992399221568804,0.3056271320279811,-0.14489173212700712,-0.1789223247955949,2.1186581531273196,0.6475194150880019,1.0,11.0,0.05431060812544742,24.442523926744983
2017-02-25,1.990256397671447,-0.003985938934976674,0.3053116864899883,-0.1483001414655426,-0.1789223247955949,2.10452951362546,0.6425374550729439,1.0,11.0,0.05422001534205044,24.442523926744983
2017-02-26,2.015140865312519,0.01250314666501584,0.30511343216683545,-0.13765121321971296,-0.1789223247955949,2.136278355839713,0.651807221213979,1.0,11.0,0.05414105175390355,24.442523926744983
2017-02-27,2.0128672714092173,-0.0011282555688478801,0.304765380899842,-0.13862416304068703,-0.1789223247955949,2.130487000763401,0.6492986822898199,1.0,11.0,0.05404892354503894,24.442523926744983
2017-02-28,2.026239827821731,0.006643536115101822,0.30443992448926693,-0.13290158155917176,-0.1789223247955949,2.1464876754087383,0.6534765458185784,1.0,11.0,0.054098869118477805,24.38670050416764
2017-03-01,2.069200612210516,0.021202220881705314,0.3046115647454335,-0.11451716936521195,-0.1789223247955949,2.199879659833751,0.6701087854336109,1.0,11.0,0.05402819685477129,24.38670050416764
2017-03-02,2.1194800945339844,0.024298988714175573,0.3049610080219374,-0.09300083205702103,-0.1789223247955949,2.2603225468140637,0.6893102423311296,1.0,11.0,0.05414651447834796,24.22372618011537
2017-03-03,2.1633517171166305,0.02069923784412442,0.3050983079155291,-0.07422664055534645,-0.1789223247955949,2.3118846401168582,0.7053520917955555,1.0,11.0,0.0544260330442013,24.171361620743333
2017-03-04,2.144370352577446,-0.008774053885460487,0.30490211151620983,-0.08234942589683758,-0.1789223247955949,2.28349619109386,0.6962428103037405,1.0,11.0,0.05437672462231739,24.171361620743333
2017-03-05,2.1732394726734863,0.013462749128825058,0.30473295740588574,-0.06999532642976436,-0.1789223247955949,2.316950976973208,0.7060513233775019,1.0,11.0,0.05430682091833718,24.171361620743333
2017-03-06,2.186421407008995,0.006065569165874196,0.30440291969631106,-0.06435431875763786,-0.1789223247955949,2.3309562499268957,0.7095498881621112,1.0,11.0,0.054228256671991416,24.171361620743333
2017-03-07,2.15502572247272,-0.014359393132371556,0.30441862697523525,-0.07778962292720248,-0.1789223247955949,2.2855863350383268,0.6957750539457275,1.0,11.0,0.05432106202996892,24.171361620743333
2017-03-08,2.064947316765238,-0.041799225303039145,0.30669716124578034,-0.11633730225526906,-0.1789223247955949,2.1484818043001837,0.6589332703670785,1.0,11.0,0.05427923721948244,24.171361620743333
2017-03-09,2.1071980424559156,0.02046092185870574,0.30681988029880874,-0.0982567488472611,-0.1789223247955949,2.198758791113275,0.6746229090953285,1.0,11.0,0.05429340209201914,24.171361620743333
2017-03-10,2.065735202817545,-0.019676764500998645,0.3070991764495829,-0.11600013844055845,-0.1789223247955949,2.1379466751404435,0.6565616632287542,1.0,11.0,0.05433092188128294,24.14065578497717
2017-03-11,2.1500514452313437,0.04081657818426887,0.30881248254471316,-0.0799182889763348,-0.1789223247955949,2.2318580648149693,0.68922562968295,1.0,11.0,0.05434506094853831,24.14065578497717
2017-03-12,2.2241707032882725,0.03447324863845469,0.3098898742505587,-0.0482000833845212,-0.1789223247955949,2.3119242012045635,0.7164418999881056,1.0,11.0,0.05432263408610742,24.14065578497717
2017-03-13,2.4179054934049504,0.08710428108339685,0.3191231378065641,0.0,-0.1789223247955949,2.4673644606358307,0.787393088790507,1.0,11.0,0.05429290445575103,24.14065578497717
2017-03-14,2.4386539727526855,0.008581178794757838,0.31881315675781224,0.0,-0.1789223247955949,2.4865165032799177,0.7927341757410675,1.0,11.0,0.054594849418170055,24.075227918128583
2017-03-15,2.547187848990917,0.044505648382628715,0.3207711248610045,0.0,-0.1789223247955949,2.5808182261915498,0.8278519654772458,1.0,11.0,0.05460452701210345,24.075227918128583
2017-03-16,2.7014987518079745,0.06058088840137499,0.324759585678052,0.0,-0.1789223247955949,2.69773528902023,0.8761153947312699,1.0,11.0,0.054596270710362,24.075227918128583
2017-03-17,2.6820490600711246,-0.007199593086553602,0.324509017871012,-0.007199593086553602,-0.1789223247955949,2.675389034082761,0.8681878678730722,1.0,11.0,0.05481479813302589,24.00218662601486
2017-03-18,2.630417302337089,-0.019250862522502188,0.32473524954042937,-0.02631185723232865,-0.1789223247955949,2.6186462877457046,0.8503667557092204,1.0,11.0,0.05482771895450659,24.00218662601486
2017-03-19,2.7760331121279704,0.05535844432801729,0.32790542641884257,0.0,-0.1789223247955949,2.7262743287510403,0.8939601463038537,1.0,11.0,0.05495773931003671,24.00218662601486
2017-03-20,2.8119119535169577,0.012924500515588022,0.3276738450784888,0.0,-0.1789223247955949,2.754422592646678,0.902552241903597,1.0,11.0,0.05498087404808866,24.00218662601486
2017-03-21,2.9053215070105867,0.03321923126959869,0.3284833812310027,0.0,-0.1789223247955949,2.824236406950828,0.9277147243509061,1.0,11.0,0.05506625502817409,23.98012313721329
2017-03-22,2.9458016679414354,0.013933108894547352,0.32827681088923827,0.0,-0.1789223247955949,2.85434857386777,0.9370164469955569,1.0,11.0,0.05508366549464363,23.98012313721329
2017-03-23,3.048180426845338,0.03475412483402063,0.3291918813967862,0.0,-0.1789223247955949,2.9260751842919555,0.9632401950255167,1.0,11.0,0.055076165526528734,23.98012313721329
2017-03-24,3.120653766530531,0.023775934996143944,0.32937565190913826,0.0,-0.1789223247955949,2.9766097285211712,0.9804227698107438,1.0,11.0,0.05528281793168437,23.952962023493615
2017-03-25,3.1447341486753446,0.007716454290148889,0.32904059646143136,0.0,-0.1789223247955949,2.9920409972056974,0.9845029543576186,1.0,11.0,0.05527014549088311,23.952962023493615
2017-03-26,3.116729021993057,-0.008905403559815728,0.32884093780258083,-0.008905403559815728,-0.1789223247955949,2.965302227396192,0.9751127653250456,1.0,11.0,0.0552637600990319,23.952962023493615
2017-03-27,3.07232773194191,-0.014246118202073887,0.32882781204360717,-0.023024654330139338,-0.1789223247955949,2.9238748833171617,0.9614513805704394,1.0,11.0,0.05519946695100194,23.952962023493615
2017-03-28,3.1665358636058385,0.03066343824080997,0.32942474658290927,0.0,-0.1789223247955949,2.987133557468064,0.9840357151782213,1.0,11.0,0.055249194414392036,23.961817537813157
2017-03-29,3.192204584151791,0.008106246589837385,0.3290974206770191,0.0,-0.1789223247955949,3.003321539778691,0.9883853722049006,1.0,11.0,0.05517813591054409,23.961817537813157
2017-03-30,3.6882582084584348,0.1553953110553694,0.35598872072173315,0.0,-0.1789223247955949,3.1205226710831444,1.1108708736620543,1.0,11.0,0.05524701312331415,23.961817537813157
2017-03-31,3.8230338127572336,0.03654180284604602,0.35685611876441586,0.0,-0.1789223247955949,3.188075425601668,1.1376842227084245,1.0,11.0,0.05575454623934288,24.05548438357815
2017-04-01,3.828340313955445,0.0013880340740131114,0.3564688128905224,0.0,-0.1789223247955949,3.1876655806023955,1.1363033654093138,1.0,11.0,0.05575232048000886,24.05548438357815
2017-04-02,4.337663785685098,0.13304028115604472,0.37445485603368445,0.0,-0.1789223247955949,3.311074446739818,1.23984790527077,1.0,11.0,0.05577630618875935,24.05548438357815
2017-04-03,4.152101871179866,-0.04277922948238011,0.3763015103222255,-0.04277922948238011,-0.1789223247955949,3.1972456581950803,1.2031283700499866,1.0,11.0,0.05603574122168087,24.05548438357815
2017-04-04,4.215076814031339,0.015167003316702843,0.37604064186448016,-0.028261058881122514,-0.1789223247955949,3.224511996883257,1.2125475610076966,1.0,11.0,0.05607007346704739,24.13455772823772
2017-04-05,4.263638602454435,0.011520973535154022,0.37570325247651953,-0.017065680257413396,-0.1789223247955949,3.244686091954776,1.2190391180127367,1.0,11.0,0.05598839108155365,24.13455772823772
2017-04-06,4.234150674873666,-0.006916141429950007,0.3754068845060701,-0.023863793029104796,-0.1789223247955949,3.2256639503740443,1.2109364540734628,1.0,11.0,0.05593275018727644,24.13455772823772
2017-04-07,4.18511011783296,-0.011582147355247097,0.37523403273786776,-0.03516954641703374,-0.1789223247955949,3.1958465955015445,1.1991904060416299,1.0,11.0,0.055987129885071096,24.233106912073232
2017-04-08,4.237337245178065,0.012479271960506466,0.37491796182146353,-0.02312916479099314,-0.1789223247955949,3.217830926996166,1.2064226126354731,1.0,11.0,0.05590878276597123,24.233106912073232
2017-04-09,4.196422512603404,-0.009655764978636072,0.374690231130632,-0.03256159999025521,-0.1789223247955949,3.192634340674494,1.196248899022919,1.0,11.0,0.055835319600688355,24.233106912073232
2017-04-10,4.2080160542132985,0.0027627202873576895,0.3742882636418312,-0.029888838295779374,-0.1789223247955949,3.194986032787618,1.1958457745719804,1.0,11.0,0.055763711241078,24.233106912073232
2017-04-11,4.196616459255134,-0.002709018884742731,0.3739246736060916,-0.03251688775313577,-0.1789223247955949,3.185582106953609,1.191167749588034,1.0,11.0,0.05581284812923973,24.233106912073232
2017-04-12,4.293581297133869,0.023105480050455984,0.3739348899189088,-0.01016272600396273,-0.1789223247955949,3.226879468849628,1.2066428189658724,1.0,11.0,0.055727315169342616,24.233106912073232
2017-04-13,4.3111024376961185,0.004080775313127338,0.3735366501269334,-0.006123422492226416,-0.1789223247955949,3.2319342406729645,1.2072458896915133,1.0,11.0,0.055664534368534774,24.233106912073232
2017-04-14,4.307182055759472,-0.0009093687736034806,0.3731575238652727,-0.0070272228166278206,-0.1789223247955949,3.2264418978467058,1.2039710694956478,1.0,11.0,0.055609712902541665,24.261300419098248
2017-04-15,4.363230158293829,0.013012708032485332,0.372859048299527,0.0,-0.1789223247955949,3.249214498626779,1.2114990256790055,1.0,11.0,0.05552706801874448,24.261300419098248
2017-04-16,4.405213108067725,0.009621988355139388,0.3725050101814838,0.0,-0.1789223247955949,3.265387014211938,1.216373022975503,1.0,11.0,0.05544436922815907,24.261300419098248
2017-04-17,4.451947066427118,0.010608784912994107,0.3721658097965987,0.0,-0.1789223247955949,3.283450173887171,1.2219878928915018,1.0,11.0,0.05535741389530103,24.261300419098248
2017-04-18,4.4705669576747615,0.0041824152376068735,0.3717737422421153,0.0,-0.1789223247955949,3.288641333825395,1.2226304955683687,1.0,11.0,0.055394431511369115,24.327791628891152
2017-04-19,4.4698541373740195,-0.000159447405103319,0.3713949075100374,-0.000159447405103319,-0.1789223247955949,3.2847354371828357,1.2199340138874615,1.0,11.0,0.05531518421663787,24.327791628891152
2017-04-20,4.50205921899325,0.00720495135399446,0.37101996780314184,0.0,-0.1789223247955949,3.2960380533680786,1.2228959324385549,1.0,11.0,0.05524209541378808,24.327791628891152
2017-04-21,4.491438791774741,-0.0023590154420234377,0.37066443195854387,-0.0023590154420234377,-0.1789223247955949,3.287413055072977,1.2185270926717264,1.0,11.0,0.0552088951514256,24.347368500293534
2017-04-22,4.520080220492743,0.006376893918815796,0.3702860041829328,0.0,-0.1789223247955949,3.2970386256706212,1.2208472583363625,1.0,11.0,0.05512309308527797,24.347368500293534
2017-04-23,4.537243657780171,0.003797153247328211,0.3698994927394343,0.0,-0.1789223247955949,3.301415620374726,1.2211919632986559,1.0,11.0,0.055031688211954366,24.347368500293534
2017-04-24,4.608790693689813,0.015768832645114417,0.3696724151884838,0.0,-0.1789223247955949,3.3289979072549327,1.2306386965323393,1.0,11.0,0.05496343377470422,24.347368500293534
2017-04-25,4.6270749204978,0.003967250418427826,0.36928830415184305,0.0,-0.1789223247955949,3.3336844783995936,1.2310906876055074,1.0,11.0,0.05499289858873,24.40786511330914
2017-04-26,4.695995376703221,0.014895037878056794,0.3690409791923638,0.0,-0.1789223247955949,3.359561850444962,1.2398159949455183,1.0,11.0,0.05489800394488963,24.40786511330914
2017-04-27,4.915653256602536,0.046775574138985476,0.3705783802222179,0.0,-0.1789223247955949,3.4340834684460035,1.272597089284616,1.0,11.0,0.054827391874445894,24.40786511330914
2017-04-28,5.033840914064565,0.02404312332308689,0.3706246300463724,0.0,-0.1789223247955949,3.4754825941706384,1.2880994506970995,1.0,11.0,0.05484940564200777,24.421987147426854
2017-04-29,5.179373224572708,0.028910788599124215,0.37089517404381717,0.0,-0.1789223247955949,3.524449145778546,1.3072011793321165,1.0,11.0,0.054788268647657144,24.421987147426854
2017-04-30,5.301268614333505,0.023534776212396524,0.3709158614708816,0.0,-0.1789223247955949,3.5646541364399806,1.322186759863377,1.0,11.0,0.05473324519846779,24.421987147426854
2017-05-01,5.323462943722846,0.004186607207439241,0.3705351699228764,0.0,-0.1789223247955949,3.569457667988657,1.3226096035406911,1.0,11.0,0.05468297127685686,24.421987147426854
2017-05-02,5.303986909049607,-0.0036585273306360966,0.3702087913685739,-0.0036585273306360966,-0.1789223247955949,3.5578921142706657,1.317162939443923,1.0,11.0,0.05485003211717486,24.59896597574319
2017-05-03,5.448669128526371,0.02727801217418313,0.37039383422041977,0.0,-0.1789223247955949,3.603813346252964,1.3348302431333565,1.0,11.0,0.054767795539808276,24.59896597574319
2017-05-04,5.657882598062065,0.03839716903350987,0.3712260406780935,0.0,-0.1789223247955949,3.6654434859849854,1.360708072631515,1.0,11.0,0.05470572801942595,24.59896597574319
2017-05-05,5.836635249425742,0.03159355965160948,0.37162367628925785,0.0,-0.1789223247955949,3.7172626735929337,1.3814228204934416,1.0,11.0,0.05470671030692542,24.606042617533294
2017-05-06,6.01877166097435,0.03120572106446584,0.3719948169855389,0.0,-0.1789223247955949,3.7682396965671345,1.4017656362821338,1.0,11.0,0.05464963250929636,24.606042617533294
2017-05-07,6.235507501621344,0.03600997892183,0.37264472035197915,0.0,-0.1789223247955949,3.8255817202851574,1.4255828303393059,1.0,11.0,0.054599139463713794,24.606042617533294
2017-05-08,6.580861447660376,0.05538505822488937,0.3748827947489289,0.0,-0.1789223247955949,3.9042047649091307,1.4636191935412197,1.0,11.0,0.05456785022556611,24.606042617533294
2017-05-09,6.4546773985329144,-0.019174396867498666,0.37503165630386237,-0.019174396867498666,-0.1789223247955949,3.857070906135794,1.4465236904095462,1.0,11.0,0.05473479080129491,24.68762959020489
2017-05-10,6.485002821724492,0.004698208960601136,0.37465393912154377,-0.014566273230074422,-0.1789223247955949,3.862403440215977,1.4470646633535178,1.0,11.0,0.0546945179936696,24.68762959020489
2017-05-11,6.474657953973115,-0.0015951986507579674,0.3743070983861617,-0.016138235781429255,-0.1789223247955949,3.8550739392727045,1.4429815402732762,1.0,11.0,0.05462519978196517,24.68762959020489
2017-05-12,6.3529709217389945,-0.018794356875554863,0.3744368674256389,-0.03462928489436612,-0.1789223247955949,3.8092109261166516,1.426309006538636,1.0,11.0,0.05456123251408399,24.69201159324116
2017-05-13,6.426737646439433,0.011611374522118245,0.3741193963259262,-0.023420003968589453,-0.1789223247955949,3.8275052721132323,1.4319439618373024,1.0,11.0,0.0545116075658651,24.69201159324116
2017-05-14,6.476188593489322,0.0076945644540642455,0.37375895251685337,-0.01590564624457591,-0.1789223247955949,3.8385625181791516,1.4346971059650946,1.0,11.0,0.054434262509983705,24.69201159324116
2017-05-15,6.454566713150862,-0.0033386736699109187,0.37343720038180234,-0.019191216152167234,-0.1789223247955949,3.827687950157498,1.4294010720419759,1.0,11.0,0.05434892898303128,24.69201159324116
2017-05-16,6.36711498996235,-0.013548813897969803,0.373361598031967,-0.0324800118340155,-0.1789223247955949,3.7944513784676044,1.4167024303192648,1.0,11.0,0.054287556899019915,24.699827526531646
2017-05-17,6.4701689297015985,0.016185342953866977,0.37313721785620674,-0.01682036901082773,-0.1789223247955949,3.8206608390671977,1.4256307558616945,1.0,11.0,0.05424941014185196,24.699827526531646
2017-05-18,6.7438278857829745,0.042295488580697205,0.3741928955902164,0.0,-0.1789223247955949,3.8841805975231214,1.4534327847825137,1.0,11.0,0.05420422164515569,24.699827526531646
2017-05-19,7.064595994935272,0.04756469390752471,0.37565037838845416,0.0,-0.1789223247955949,3.9529659162376976,1.4849331421913534,1.0,11.0,0.0541584181505014,24.703450700391855
2017-05-20,7.280314260828925,0.030535117089258268,0.375950294381357,0.0,-0.1789223247955949,4.000594849452476,1.504024811352199,1.0,11.0,0.054135271317452716,24.703450700391855
2017-05-21,7.59416976343718,0.04311015862281198,0.37703064026065297,0.0,-0.1789223247955949,4.0635800977339835,1.5320942059990907,1.0,11.0,0.054089259288502736,24.703450700391855
2017-05-22,7.8408464681845915,0.032482379566369346,0.37742015354002245,0.0,-0.1789223247955949,4.113232893271857,1.552416990124535,1.0,11.0,0.054108307733015976,24.703450700391855
2017-05-23,8.54576294685805,0.08990310950912783,0.38394831131335,0.0,-0.1789223247955949,4.203263403973672,1.6138358859608946,1.0,11.0,0.05412614128152736,24.77204961724003
2017-05-24,8.875713211996674,0.03860980782996504,0.38465846996931086,0.0,-0.1789223247955949,4.259113315577975,1.6383040113961422,1.0,11.0,0.05414832316104691,24.77204961724003
2017-05-25,8.73296234165609,-0.016083312622994228,0.38467424963990426,-0.016083312622994228,-0.1789223247955949,4.220739646817335,1.6236098565648527,1.0,11.0,0.05419567581691056,24.77204961724003
2017-05-26,8.410714169655755,-0.03690021316858516,0.3858778448637103,-0.05239004812733383,-0.1789223247955949,4.131185422418852,1.5941329275353633,1.0,11.0,0.05438439576664857,25.139540324590744
2017-05-27,8.132196527760367,-0.03311462454641789,0.3867933554343862,-0.0837697959000464,-0.1789223247955949,4.052459397967568,1.5674643683014884,1.0,11.0,0.05433521522645095,25.139540324590744
2017-05-28,8.350245170514732,0.026813007040597858,0.3868816636333384,-0.05920290898670577,-0.1789223247955949,4.092866993953581,1.5834551916507422,1.0,11.0,0.054324469090282344,25.139540324590744
2017-05-29,8.576314379630157,0.02707336185932485,0.3869785669496696,-0.033732368905502796,-0.1789223247955949,4.133480700602502,1.5995684380332724,1.0,11.0,0.05426184871959981,25.139540324590744
2017-05-30,8.58564585601285,0.0010880520430613938,0.3866133149366029,-0.0326810194353464,-0.1789223247955949,4.131358353962272,1.597238148416381,1.0,11.0,0.05425312751138977,25.20947563269877
2017-05-31,8.798540656614247,0.024796597037868517,0.3866194213431827,-0.008694800467202835,-0.1789223247955949,4.168582656584712,1.6116550145100086,1.0,11.0,0.05420193926987667,25.20947563269877
2017-06-01,8.991643375932876,0.02194713042252805,0.38652577245107733,0.0,-0.1789223247955949,4.2015526621601245,1.6240083882353225,1.0,11.0,0.054136100807259384,25.20947563269877
2017-06-02,9.10063319734611,0.012121234890716037,0.38620670753710956,0.0,-0.1789223247955949,4.218994164917529,1.629403845551076,1.0,11.0,0.05417641581619734,25.33148127889657
2017-06-03,9.079789813057028,-0.002290322424505553,0.385876593112252,-0.002290322424505553,-0.1789223247955949,4.21031691336964,1.6246627464539691,1.0,11.0,0.05411338754571924,25.33148127889657
2017-06-04,9.14147608072302,0.00679379907861799,0.385511069339528,0.0,-0.1789223247955949,4.218566190516822,1.626303963185719,1.0,11.0,0.05402938921887207,25.33148127889657
2017-06-05,9.396596703371937,0.02790803371316586,0.3856396333313326,0.0,-0.1789223247955949,4.259683223672777,1.6427026764847987,1.0,11.0,0.053950006137866144,25.33148127889657
2017-06-06,9.66338375145173,0.028391880220213883,0.3857864252140574,0.0,-0.1789223247955949,4.301282383336826,1.6593763545037152,1.0,11.0,0.054007226394242755,25.54297138309736
2017-06-07,9.499395939392798,-0.016970019640821676,0.38583545163941163,-0.016970019640821676,-0.1789223247955949,4.261891640492357,1.6443888859476015,1.0,11.0,0.053972466596136096,25.54297138309736
2017-06-08,9.648688910312917,0.01571604888064715,0.3855809245834187,-0.0015206724183551845,-0.1789223247955949,4.284919214596785,1.6521831125294846,1.0,11.0,0.053916239374239415,25.54297138309736
2017-06-09,9.654081208635386,0.0005588633204565152,0.3852283801867593,-0.0009626589459357238,-0.1789223247955949,4.281693585482685,1.6494298843915325,1.0,11.0,0.05387206190995349,25.603708085064472
2017-06-10,9.702867938608076,0.005053482451447655,0.3848629713901107,0.0,-0.1789223247955949,4.286720726815018,1.6498000764416028,1.0,11.0,0.053789098021732526,25.603708085064472
2017-06-11,9.987656959695391,0.029351014863773228,0.38505117050342386,0.0,-0.1789223247955949,4.329205008546604,1.6669654558901552,1.0,11.0,0.05373253341924866,25.603708085064472
2017-06-12,9.719134519189192,-0.026885428843802517,0.3855715359268849,-0.026885428843802517,-0.1789223247955949,4.267078094422415,1.645263854786416,1.0,11.0,0.053704909491962126,25.603708085064472
2017-06-13,9.85168209228658,0.01363779592058223,0.3852819866100592,-0.013614290915029303,-0.1789223247955949,4.286604896573385,1.651551650364201,1.0,11.0,0.05367491691803702,25.65996175955067
2017-06-14,9.596204785049968,-0.025932353971982014,0.3857448615951147,-0.03919359427592528,-0.1789223247955949,4.227187721453113,1.6306159425484992,1.0,11.0,0.0536186049422015,25.65996175955067
2017-06-15,9.542356823770314,-0.005611381007994409,0.38547239142779155,-0.044585045093364695,-0.1789223247955949,4.212236718981668,1.6237009613258178,1.0,11.0,0.05356366208773278,25.65996175955067
2017-06-16,9.668680166925746,0.01323817013850892,0.3851791706634677,-0.03193709936743494,-0.1789223247955949,4.231070319565333,1.6297201567089883,1.0,11.0,0.053497470894851525,25.736047353287002
2017-06-17,9.965248182479609,0.030673060897013826,0.38542673249156933,-0.0022436470641924444,-0.1789223247955949,4.274830405813622,1.6476339152683537,1.0,11.0,0.05341431042987989,25.736047353287002
2017-06-18,9.91347590148186,-0.005195282651241251,0.385149699911412,-0.007427273334765561,-0.1789223247955949,4.260706371863396,1.641009780533828,1.0,11.0,0.053375717029899065,25.736047353287002
2017-06-19,10.029380419136745,0.011691612387695338,0.3848359787973641,0.0,-0.1789223247955949,4.276912567527128,1.6459098341550498,1.0,11.0,0.05330204935092272,25.736047353287002
2017-06-20,9.998337471070247,-0.0030952009764496635,0.38452850980194636,-0.0030952009764496635,-0.1789223247955949,4.26689040964483,1.640741010708943,1.0,11.0,0.05331606569167162,25.859890574028874
2017-06-21,9.87843698886549,-0.011992041932139652,0.3844104762907565,-0.015050125128691305,-0.1789223247955949,4.239102578765085,1.6295554413484603,1.0,11.0,0.05324205870487546,25.859890574028874
2017-06-22,9.891482201409167,0.0013205745563169557,0.3840624128630416,-0.013749425384688596,-0.1789223247955949,4.237400900263545,1.6274264140232417,1.0,11.0,0.05316637083429853,25.859890574028874
2017-06-23,10.007016424067354,0.011680172931183952,0.38375247953503494,-0.0022298481197022824,-0.1789223247955949,4.253542791660694,1.6323075931081659,1.0,11.0,0.0531481390985564,25.94808760242356
2017-06-24,9.861572865945448,-0.014534158030570232,0.38371476706563973,-0.01673159718531647,-0.1789223247955949,4.22054263336299,1.6194845334514811,1.0,11.0,0.05308156899207957,25.94808760242356
2017-06-25,9.737713481930674,-0.012559800114897657,0.3836138106556546,-0.02908125178396359,-0.1789223247955949,4.1918156801629145,1.6080383866334202,1.0,11.0,0.053006631534868065,25.94808760242356
2017-06-26,9.497884802927986,-0.024628849416006626,0.38399759952716395,-0.05299386342895407,-0.1789223247955949,4.136801084157112,1.5885216860377003,1.0,11.0,0.05293296612481951,25.94808760242356
2017-06-27,9.550780670491745,0.005569226060464727,0.38364579120454984,-0.04771977217374246,-0.1789223247955949,4.142723185895667,1.5893383143943767,1.0,11.0,0.05285655489431851,25.99372261359129
2017-06-28,9.741583086992508,0.019977677541090255,0.38350645704481723,-0.02869542485347354,-0.1789223247955949,4.171511622360923,1.5998016428129154,1.0,11.0,0.052781599636638775,25.99372261359129
2017-06-29,9.590305871182517,-0.015529017661614408,0.38350019200881486,-0.04377883075573075,-0.1789223247955949,4.1368701147149185,1.5864904833086992,1.0,11.0,0.052726879669370716,25.99372261359129
2017-06-30,9.516298615619677,-0.007716881667478526,0.3832759516028917,-0.05115787636672675,-0.1789223247955949,4.118288241535184,1.578440844749397,1.0,11.0,0.052691812931156726,26.116687168456238
2017-07-01,9.39159902265273,-0.013103791505898021,0.383189680709196,-0.0635913057268307,-0.1789223247955949,4.08892166672312,1.5668325879165461,1.0,11.0,0.05260794401102824,26.116687168456238
2017-07-02,9.484187808336447,0.009858681728254215,0.3828673832412626,-0.05435955044242147,-0.1789223247955949,4.102029000251741,1.5705331093061567,1.0,11.0,0.05264370837791003,26.218861637932896
2017-07-03,9.529733199775938,0.004802244784678056,0.3825193795927164,-0.04981835352535291,-0.1789223247955949,4.1066273308837875,1.5708645388281592,1.0,12.0,0.05256393849273686,26.218861637932896
2017-07-04,9.619339042662919,0.009402765115091194,0.38219460003130623,-0.040884018686881074,-0.1789223247955949,4.1189548382593015,1.5742422969555274,1.0,12.0,0.05266166344979373,26.218861637932896
2017-07-05,9.648937977495368,0.003077023764436859,0.38184957259992286,-0.03793279601952937,-0.1789223247955949,4.120536325978784,1.573425034957455,1.0,12.0,0.052593474679223526,26.218861637932896
2017-07-06,9.69987189347866,0.00527870695221444,0.38150497262179645,-0.032854325181380095,-0.1789223247955949,4.12593290308232,1.5740639192297894,1.0,13.0,0.052517000182256975,26.218861637932896
2017-07-07,9.368891062990675,-0.03412218574871151,0.3824327797843276,-0.0658554495436039,-0.1789223247955949,4.049708882246634,1.5487414251548626,1.0,13.0,0.05256339354733265,26.28487019685339
2017-07-08,9.510667234491066,0.015132652364850285,0.38218994560467134,-0.05171936480302797,-0.1789223247955949,4.071020241810076,1.5559030047729088,1.0,13.0,0.05253694104542392,26.28487019685339
2017-07-09,9.387922112929209,-0.01290604733984535,0.38209893959830726,-0.06395791957233865,-0.1789223247955949,4.042492566431414,1.544632122967483,1.0,13.0,0.052478863353122775,26.28487019685339
2017-07-10,8.994515395796668,-0.04190562218137006,0.38357513698204615,-0.1031833453406038,-0.1789223247955949,3.9481140799958516,1.514398399055154,1.0,13.0,0.05239961598752565,26.28487019685339
2017-07-11,8.821396676882719,-0.019247142430247166,0.38369730832560006,-0.12044450322665101,-0.1789223247955949,3.906971496078918,1.4990944467503236,1.0,13.0,0.052379163710380885,26.28842981984871
2017-07-12,9.222092422647352,0.04542316375078026,0.38480236507078974,-0.08049230986881628,-0.1789223247955949,3.9658587733454316,1.526071835520063,1.0,13.0,0.05234895669883029,26.28842981984871
2017-07-13,9.046580347832975,-0.019031697663684066,0.3849143008833078,-0.09799210222682542,-0.1789223247955949,3.9253987579033027,1.5109421185865546,1.0,13.0,0.05235520845163518,26.28842981984871
2017-07-14,8.826877763092716,-0.024285705348639053,0.3852527552868608,-0.11989800025428998,-0.1789223247955949,3.873944927479946,1.4924479571412075,1.0,13.0,0.05231332574590483,26.339735601838886
2017-07-15,8.507065599539557,-0.036231629363937756,0.386276560403631,-0.15178552971153703,-0.1789223247955949,3.795884316414911,1.46626113743484,1.0,13.0,0.05224056109819311,26.339735601838886
2017-07-16,8.368042614160697,-0.016342061049392287,0.38628072945886366,-0.16564710236796898,-0.1789223247955949,3.761673546936896,1.4530620016968951,1.0,13.0,0.05220487458262382,26.339735601838886
2017-07-17,8.899274731390971,0.0634834383289713,0.38889006839868623,-0.11267951164654744,-0.1789223247955949,3.835453543015755,1.4915697906833802,1.0,13.0,0.05217951722501544,26.339735601838886
2017-07-18,9.067239995905103,0.018874039692432287,0.3887271890895253,-0.09593218952945604,-0.1789223247955949,3.8616357434689093,1.5011228078463084,1.0,13.0,0.052333709385401106,26.554738605229627
2017-07-19,8.87549495250198,-0.021147013147299387,0.38891205696480347,-0.11505052340352684,-0.1789223247955949,3.81791567705953,1.4848334392833922,1.0,13.0,0.05228658418601034,26.554738605229627
2017-07-20,9.321518149034741,0.05025333222763306,0.3903287775340826,-0.07057886335145425,-0.1789223247955949,3.880228159638231,1.514564714104914,0.0,13.0,0.05225325861847737,26.554738605229627
2017-07-21,9.322593801999984,0.00011539461148335484,0.38999841091674287,-0.07047161316048633,-0.1789223247955949,3.876868053399377,1.5119723801596432,0.0,13.0,0.05277002357520852,27.35457824147364
2017-07-22,9.322593801999984,0.0,0.38966965448179863,-0.07047161316048633,-0.1789223247955949,3.8733196640894683,1.5093151352032994,0.0,13.0,0.052677281881754724,27.35457824147364
2017-07-23,9.322593801999984,0.0,0.3893417260134772,-0.07047161316048633,-0.1789223247955949,3.8697810002037007,1.5066672139134691,0.0,13.0,0.05258486559775165,27.35457824147364
2017-07-24,9.322593801999984,0.0,0.389014622051624,-0.07047161316048633,-0.1789223247955949,3.8662520173973616,1.5040285673041636,1.0,13.0,0.05249277301351741,27.35457824147364
2017-07-25,9.087440531405267,-0.02522401764885107,0.38937941878584326,-0.0939180535952342,-0.1789223247955949,3.81454008492726,1.4853034012042776,1.0,13.0,0.05292235886908874,27.35457824147364
2017-07-26,9.103224355068203,0.0017368832960600322,0.38904394385188357,-0.09234429499766228,-0.1789223247955949,3.8140103804441505,1.4838176403000152,1.0,13.0,0.05287217025052898,27.35457824147364
2017-07-27,9.160064353032235,0.006243941239609807,0.3887087834709659,-0.08667694610983101,-0.1789223247955949,3.8208630875894256,1.485203042586004,1.0,13.0,0.05279877525658319,27.35457824147364
2017-07-28,9.085545656215059,-0.008135171757009396,0.388492119970283,-0.09410698602286383,-0.1789223247955949,3.8030527243016534,1.4774560152227094,1.0,13.0,0.05286734585861321,27.15686649339286
2017-07-29,9.123108056171901,0.0041343031423926035,0.3881547468255988,-0.09036174968850652,-0.1789223247955949,3.8064994103871355,1.4775108149306098,1.0,13.0,0.052794116595523376,27.15686649339286
2017-07-30,9.039275465979394,-0.009189038393093818,0.3879608733102152,-0.09872045049444556,-0.1789223247955949,3.7868182474852645,1.469137314361442,1.0,13.0,0.05271423061824284,27.15686649339286
2017-07-31,9.088363518533976,0.005430529552875374,0.38762672804406656,-0.09382602526545347,-0.1789223247955949,3.7923723045740494,1.470024867946975,1.0,13.0,0.052640493530568384,27.15686649339286
2017-08-01,9.215345011012664,0.013971876479162981,0.38737218093154396,-0.08116507442183019,-0.1789223247955949,3.811047540032834,1.4762937972163144,1.0,13.0,0.05269628554181859,27.15686649339286
2017-08-02,9.193966102012762,-0.0023199249701831848,0.38707096919996653,-0.08329670250915544,-0.1789223247955949,3.803665548318652,1.4722885103002228,1.0,13.0,0.05267462166214684,27.115549741441484
2017-08-03,9.342496322461793,0.016155184694069513,0.3868568339432975,-0.06848719142852833,-0.1789223247955949,3.825455433148398,1.479903577258975,1.0,14.0,0.052597721905412606,27.115549741441484
2017-08-04,9.38724090690959,0.004789360670147458,0.3865247771367228,-0.0640258406194174,-0.1789223247955949,3.8299341000074794,1.480364424453726,1.0,14.0,0.052592979030144434,27.110433199046412
2017-08-05,9.66972591261428,0.030092442338063963,0.3867412971371462,-0.03586009219833941,-0.1789223247955949,3.869939036157381,1.496665242685183,1.0,14.0,0.05252137248071515,27.110433199046412
2017-08-06,9.643152897894783,-0.0027480628675145002,0.3864479053612864,-0.03850960927805802,-0.1789223247955949,3.8618010338236064,1.4923849204431832,1.0,14.0,0.052485590487938556,27.110433199046412
2017-08-07,9.771889423158994,0.013350045014044687,0.38618664207879533,-0.02567366928134862,-0.1789223247955949,3.879376413202269,1.4981633503742655,1.0,14.0,0.052416910101409725,27.110433199046412
2017-08-08,9.934729606790931,0.016664145139220654,0.3859840703618998,-0.009437353893288702,-0.1789223247955949,3.901679933427045,1.5059863019535171,1.0,14.0,0.052370746321480366,27.096804877043322
2017-08-09,9.912655398781194,-0.0022219233822577955,0.38568758197559155,-0.01163830819826428,-0.1789223247955949,3.8944451491860184,1.5020391327261273,1.0,14.0,0.05231331888186972,27.096804877043322
2017-08-10,10.029410549716241,0.011778392997440656,0.38540669134518374,0.0,-0.1789223247955949,3.909626105784204,1.5067960618270453,1.0,14.0,0.052247520012394175,27.096804877043322
2017-08-11,10.091336103840264,0.006174396173838526,0.38508274516101487,0.0,-0.1789223247955949,3.916207858918218,1.5080640729333679,1.0,14.0,0.05223832851955877,27.081448967995737
2017-08-12,10.084461651325173,-0.0006812232239966631,0.38477485602110956,-0.0006812232239966631,-0.1789223247955949,3.9116033022252443,1.505086597425415,1.0,14.0,0.05217107121103982,27.081448967995737
2017-08-13,10.083595160797762,-8.592333010626341e-05,0.38446339789748796,-0.0007670880211350095,-0.1789223247955949,3.9080101299530066,1.5024868535795364,1.0,14.0,0.05210270572839484,27.081448967995737
2017-08-14,10.16380443228476,0.007954431946934015,0.3841503462247201,0.0,-0.1789223247955949,3.917354809342907,1.5048532062941502,1.0,14.0,0.052043915497719216,27.081448967995737
2017-08-15,10.05848255455248,-0.010362446309743145,0.3839942253601925,-0.010362446309743145,-0.1789223247955949,3.8957285764723233,1.4959372769360553,1.0,14.0,0.05199051275356126,27.077299881855158
2017-08-16,10.19954389511627,0.014024117435084138,0.38374961345587943,0.0,-0.1789223247955949,3.914105251400711,1.5020363772506506,1.0,14.0,0.05192801943954745,27.077299881855158
2017-08-17,10.142299174434378,-0.005612478486346939,0.3835025615328816,-0.005612478486346939,-0.1789223247955949,3.9010665049986093,1.4960689973770924,1.0,14.0,0.05187014925458643,27.077299881855158
2017-08-18,10.038096064099166,-0.010274111278227305,0.38334546720394885,-0.01582892653605883,-0.1789223247955949,3.879703584622011,1.48726678325976,1.0,14.0,0.05183124947252516,27.07464966200237
2017-08-19,10.263336919863367,0.022438603329346885,0.38329287633793396,0.0,-0.1789223247955949,3.909528159022881,1.4984942931960277,1.0,14.0,0.051778759059143954,27.07464966200237
2017-08-20,10.264179826081591,8.212789123129838e-05,0.38298514078948237,0.0,-0.1789223247955949,3.9062574987645022,1.4960385781242942,1.0,14.0,0.051735079019579126,27.07464966200237
2017-08-21,10.53248321316181,0.02613977849437621,0.3830512751061477,0.0,-0.1789223247955949,3.9406454478857724,1.5094692635538818,1.0,14.0,0.05166638899450838,27.07464966200237
2017-08-22,10.597667732037209,0.00618890318229437,0.38273527782104355,0.0,-0.1789223247955949,3.9471626607069425,1.5107183975505212,1.0,14.0,0.05172121706131978,27.06205894714043
2017-08-23,10.799262679609102,0.019022576728128904,0.382592298097895,0.0,-0.1789223247955949,3.9722637998449164,1.5197575358337434,1.0,14.0,0.051669582956197266,27.06205894714043
2017-08-24,10.769299188291207,-0.002774586766416176,0.3823125096913952,-0.002774586766416176,-0.1789223247955949,3.9641673164586853,1.5155507555919232,1.0,14.0,0.05161682640263153,27.06205894714043
2017-08-25,10.840264472058395,0.006589591627684133,0.38200006856070806,0.0,-0.1789223247955949,3.9712718763499084,1.5170261290388767,1.0,14.0,0.05157597704549662,27.05584874412488
2017-08-26,10.994511330220991,0.014229067801821538,0.38176389126713656,0.0,-0.1789223247955949,3.989673258397097,1.5231131880101116,1.0,14.0,0.05150651758436606,27.05584874412488
2017-08-27,11.071291369730183,0.006983488142682903,0.3814544899275785,0.0,-0.1789223247955949,3.997354506528185,1.524808824347416,1.0,14.0,0.05144895867804459,27.05584874412488
2017-08-28,11.099104600699707,0.0025121939293881734,0.3811418163463886,0.0,-0.1789223247955949,3.9980020373564766,1.5238057582746096,1.0,14.0,0.05139716990029564,27.05584874412488
2017-08-29,11.115482071570206,0.001475566855137611,0.38083347418991653,0.0,-0.1789223247955949,3.996977046096996,1.522182654722469,1.0,14.0,0.05137924506636224,27.05817000951534
2017-08-30,11.138607938321408,0.0020805095633549264,0.38052359939441094,0.0,-0.1789223247955949,3.996934900664485,1.5209280549459923,1.0,14.0,0.0513136638959731,27.05817000951534
2017-08-31,11.331893821539797,0.01735278629867243,0.38034784164104457,0.0,-0.1789223247955949,4.019559842271475,1.528830910354973,1.0,14.0,0.051241999166188025,27.05817000951534
2017-09-01,11.64811009345962,0.027904980129513257,0.38047776884297235,0.0,-0.1789223247955949,4.05548496847796,1.5430218723827063,1.0,14.0,0.05120014279066343,27.057486061714975
2017-09-02,11.321054228895381,-0.02807801969075474,0.38098403775754164,-0.02807801969075474,-0.1789223247955949,3.999441006031438,1.5237231832509417,1.0,14.0,0.051260481228053344,27.025981192017753
2017-09-03,11.308103894256385,-0.0011439159619907047,0.38069477057122336,-0.02918981675784016,-0.1789223247955949,3.994147856943026,1.5205512020264689,1.0,14.0,0.05122139495212315,27.025981192017753
2017-09-04,10.836506247317706,-0.04170439636464729,0.38202470976187425,-0.06967686943460694,-0.1789223247955949,3.908748600666196,1.4932385497016356,1.0,15.0,0.051157403428779065,27.025981192017753
2017-09-05,11.0535413830413,0.020028146597277585,0.38191089126060174,-0.05104422139280507,-0.1789223247955949,3.9347203297736497,1.5027125480050634,1.0,15.0,0.051273058184635234,27.03367497384161
2017-09-06,11.347409529724548,0.026585881981145976,0.38199202061793064,-0.025815395057427803,-0.1789223247955949,3.968794226115865,1.5160477258507756,1.0,15.0,0.05120656326786214,27.03367497384161
2017-09-07,11.358605081936876,0.0009866174462991317,0.3816896085256204,-0.02485424753027532,-0.1789223247955949,3.9670223617865026,1.5141712122826723,1.0,15.0,0.05117077212851341,27.03367497384161
2017-09-08,10.979431849268861,-0.03338202445923566,0.3824692597244661,-0.057406586890539346,-0.1789223247955949,3.90088670663008,1.4919692509538174,1.0,15.0,0.05110844149683571,27.036139379089157
2017-09-09,10.911757298280058,-0.006163757097623401,0.3822407598596719,-0.06321650373076582,-0.1789223247955949,3.88737887365233,1.485914654527302,1.0,15.0,0.051075847773216485,27.036139379089157
2017-09-10,10.802116559334452,-0.010047945161214988,0.38208548193930847,-0.07262925292921041,-0.1789223247955949,3.8671693566836147,1.4775892673893845,1.0,15.0,0.051004371139470164,27.036139379089157
2017-09-11,10.863650834141707,0.005696501650325203,0.38177931554138644,-0.06734648393805831,-0.1789223247955949,3.872812340411604,1.478559644542577,1.0,15.0,0.050945355079238835,27.036139379089157
2017-09-12,10.8266791141465,-0.0034032500270547716,0.3815145350667221,-0.07052053704182881,-0.1789223247955949,3.8640163760584247,1.4741784112021303,1.0,15.0,0.050900098159514705,27.03855505452226
2017-09-13,10.627469002019234,-0.018399927625727064,0.38159444205903803,-0.08762289188985883,-0.1789223247955949,3.8287008489485475,1.4610109642654863,1.0,15.0,0.05082822480712873,27.03855505452226
2017-09-14,9.761622249136362,-0.0814725267811518,0.38685156509160545,-0.16195656026487204,-0.1789223247955949,3.6472209740634716,1.4109331420513838,1.0,15.0,0.05076625020148691,27.03855505452226
2017-09-15,10.231146216328064,0.04809896912710809,0.3880166887978485,-0.12164753472987666,-0.1789223247955949,3.702951152360041,1.4368068449189206,1.0,15.0,0.05078347397786319,27.06258263502355
2017-09-16,10.256829218126422,0.002510276097644759,0.3877076806246137,-0.11944262753100165,-0.1789223247955949,3.703754212180319,1.4359739552080748,1.0,15.0,0.05077940023268487,27.06258263502355
2017-09-17,10.260831351314792,0.0003901920470019693,0.3874073227717337,-0.11909904104733526,-0.1789223247955949,3.701291872812676,1.433907575243135,1.0,15.0,0.05071263296362849,27.06258263502355
2017-09-18,10.65151905739531,0.038075638581707816,0.387972639713976,-0.08555817450797376,-0.1789223247955949,3.7471350725492765,1.4537858854617638,1.0,15.0,0.050651107346869756,27.06258263502355
2017-09-19,10.621552615557029,-0.0028133491267121613,0.38769819008013073,-0.08813081861915095,-0.1789223247955949,3.739599073962923,1.4498357926007581,1.0,15.0,0.051075716757053094,27.32175014882578
2017-09-20,10.613505768998056,-0.0007575960737780107,0.3874066091669536,-0.08882164713076424,-0.1789223247955949,3.7353291102278185,1.4470911847159729,1.0,15.0,0.0509986519149614,27.32175014882578
2017-09-21,10.56414569506375,-0.004650685174967029,0.38715447409748444,-0.09305925078820398,-0.1789223247955949,3.7248691839549535,1.442099769996006,0.0,15.0,0.05092000133827988,27.32175014882578
2017-09-22,10.56150859166843,-0.0002496277002836944,0.38686074490342165,-0.09328564832172337,-0.1789223247955949,3.7214164863892325,1.4396699540204125,0.0,15.0,0.0509163314401435,27.378800934542713
2017-09-23,10.56150859166843,0.0,0.38656616630678925,-0.09328564832172337,-0.1789223247955949,3.7183595475131495,1.4373919952324057,0.0,15.0,0.050835767624573654,27.378800934542713
2017-09-24,10.56150859166843,0.0,0.38627225822999534,-0.09328564832172337,-0.1789223247955949,3.715310129603034,1.4351212337865407,0.0,15.0,0.05075545835502457,27.378800934542713
2017-09-25,10.56150859166843,0.0,0.38597901813891294,-0.09328564832172337,-0.1789223247955949,3.71226820186975,1.432857635625994,0.0,15.0,0.050675402427019796,27.378800934542713
2017-09-26,10.56150859166843,0.0,0.3856864435127698,-0.09328564832172337,-0.1789223247955949,3.7092337337003314,1.430601166908473,0.0,15.0,0.05059559864367016,27.378800934542713
2017-09-27,10.56150859166843,0.0,0.3853945318440583,-0.09328564832172337,-0.1789223247955949,3.706206694656687,1.4283517940045287,0.0,15.0,0.05051604581561407,27.378800934542713
2017-09-28,10.56150859166843,0.0,0.3851032806384458,-0.09328564832172337,-0.1789223247955949,3.70318705447433,1.4261094834958874,0.0,15.0,0.050436742760958476,27.378800934542713
2017-09-29,10.56150859166843,0.0,0.3848126874146863,-0.09328564832172337,-0.1789223247955949,3.700174783061094,1.4238742021737936,0.0,15.0,0.0503576883052203,27.378800934542713
2017-09-30,10.56150859166843,0.0,0.38452274970453265,-0.09328564832172337,-0.1789223247955949,3.6971698504958788,1.4216459170373712,0.0,15.0,0.050278881281268464,27.378800934542713
2017-10-01,10.56150859166843,0.0,0.3842334650526489,-0.09328564832172337,-0.1789223247955949,3.6941722270274053,1.4194245952920006,0.0,15.0,0.050200320529266484,27.378800934542713
2017-10-02,10.56150859166843,0.0,0.3839448310165241,-0.09328564832172337,-0.1789223247955949,3.691181883072971,1.417210204347707,1.0,15.0,0.05012200489661552,27.378800934542713
2017-10-03,10.492606961496822,-0.006523843594272272,0.38372580334109435,-0.09920091093675443,-0.1789223247955949,3.677870137285171,1.4112936730139733,1.0,15.0,0.05046724719300148,27.378800934542713
2017-10-04,10.45501728567644,-0.003582491554131262,0.38346830841045787,-0.10242801606529262,-0.1789223247955949,3.6693128923699923,1.4070652078658055,1.0,15.0,0.050398319216293,27.378800934542713
2017-10-05,10.51223059202005,0.00547233015310189,0.38317240051851204,-0.09751620583302723,-0.1789223247955949,3.67453886469362,1.4079818775832222,1.0,15.0,0.050337358530413115,27.378800934542713
2017-10-06,10.536681689116131,0.00232596658549733,0.38287698310544793,-0.09541705868384198,-0.1789223247955949,3.6751104576399545,1.4071152046004678,1.0,15.0,0.05036645883515506,27.378800934542713
2017-10-07,10.59239304457951,0.005287371974131538,0.3825820363598321,-0.09063419219164937,-0.1789223247955949,3.6800589700933206,1.407924454702569,1.0,15.0,0.05030122183438242,27.378800934542713
2017-10-08,10.618714083612817,0.002484900146976443,0.3822876512149988,-0.08837450896217114,-0.1789223247955949,3.6808675513823896,1.4071502106514777,1.0,15.0,0.05023281107264255,27.378800934542713
2017-10-09,10.410039658184013,-0.019651572100508607,0.3823991155013941,-0.10628938302796254,-0.1789223247955949,3.6451692838367062,1.3939095099920067,1.0,15.0,0.05018311655256053,27.378800934542713
2017-10-10,10.4613131062288,0.004925384506530461,0.38210529508852586,-0.10188751460180667,-0.1789223247955949,3.649600782639307,1.3945317840057074,1.0,15.0,0.050145769722635194,27.364260566007964
2017-10-11,10.490968390146469,0.0028347573212401667,0.38181196844025045,-0.09934158365852697,-0.1789223247955949,3.650954634689508,1.3939781757568566,1.0,15.0,0.0500755819717323,27.364260566007964
2017-10-12,10.518760821842806,0.002649176955145549,0.3815196095922034,-0.09695558013749717,-0.1789223247955949,3.6520330353530412,1.3933222178657219,1.0,15.0,0.05000384131259075,27.364260566007964
2017-10-13,10.707057160687771,0.017901000130543743,0.3813723042389648,-0.08079018185965181,-0.1789223247955949,3.6741170515926505,1.4012064860095605,1.0,15.0,0.049970734267304084,27.342169119034157
2017-10-14,10.773878695841766,0.006240887122498817,0.38108440153691164,-0.07505349714274523,-0.1789223247955949,3.680415885846741,1.4025490852648477,1.0,15.0,0.04991985712827339,27.342169119034157
2017-10-15,10.710779420470114,-0.005856690719564628,0.3808617702964451,-0.08047062274212313,-0.1789223247955949,3.668354194059822,1.3971358724240128,1.0,15.0,0.049859826678083634,27.342169119034157
2017-10-16,10.705097380959222,-0.0005304972950925801,0.38058480994815697,-0.08095843058951657,-0.1789223247955949,3.6646423700347186,1.394707219927627,1.0,15.0,0.049797906038126526,27.342169119034157
2017-10-17,10.69916769938889,-0.0005539119691596595,0.38030860016202217,-0.08146749871496828,-0.1789223247955949,3.660903127840591,1.3922729438778236,1.0,15.0,0.04977267741750586,27.3215272172116
2017-10-18,10.60959296085687,-0.008372122117231151,0.3801274373924282,-0.08915756498437233,-0.1789223247955949,3.6448372091399177,1.3855026280229268,1.0,15.0,0.04972627310163137,27.3215272172116
2017-10-19,10.537760259142459,-0.006770542656955092,0.37991987017343787,-0.0953244625444104,-0.1789223247955949,3.6314007586498462,1.3796413047739733,1.0,15.0,0.049662475446560536,27.3215272172116
2017-10-20,10.525268634616344,-0.00118541551704765,0.3796494626847327,-0.09639687896440363,-0.1789223247955949,3.626743448807474,1.376891201635132,1.0,15.0,0.04962306126416579,27.3145303444756
2017-10-21,10.434801126628813,-0.008595268313627114,0.3794730447790712,-0.10416359023873556,-0.1789223247955949,3.6104054763687006,1.3700515590046638,1.0,15.0,0.04956038459490871,27.3145303444756
2017-10-22,10.423421643192095,-0.001090531894055835,0.3792029510262564,-0.10514052841543664,-0.1789223247955949,3.605923095464574,1.3673766789738997,1.0,15.0,0.04949791439510305,27.3145303444756
2017-10-23,10.345696119609947,-0.007456814685503299,0.3790076001436879,-0.1118133296646101,-0.1789223247955949,3.5914840996146244,1.3611997695491524,1.0,15.0,0.04943000547669974,27.3145303444756
2017-10-24,10.47839499798677,0.012826481354434538,0.3787817198598053,-0.10042101989829588,-0.1789223247955949,3.6068478021730046,1.3662080137796495,1.0,15.0,0.04938472110878469,27.312014754368278
2017-10-25,10.469751735349941,-0.0008248651285325259,0.3785115139439349,-0.10116305122934255,-0.1789223247955949,3.6027888029447688,1.3636970442228813,1.0,15.0,0.049341582133868536,27.312014754368278
2017-10-26,10.45649638719878,-0.0012660613628885375,0.3782449397584297,-0.10230103396171775,-0.1789223247955949,3.5980691955437196,1.3609514661150959,1.0,15.0,0.04927648961256666,27.312014754368278
2017-10-27,10.457368582723337,8.341183243998351e-05,0.37797048445149783,-0.10222615524598111,-0.1789223247955949,3.5953963736329544,1.3589537091372064,1.0,15.0,0.04925644814174389,27.302951495373545
2017-10-28,10.45848869070962,0.00010711183960121495,0.37769650035346897,-0.1021299930379237,-0.1789223247955949,3.5927653828787602,1.3569749117043988,1.0,15.0,0.049192254297929505,27.302951495373545
2017-10-29,10.587312204044057,0.01231760315894137,0.3774671403157577,-0.09107038660384892,-0.1789223247955949,3.6073972899275004,1.3616739390117478,1.0,15.0,0.04913705128105755,27.302951495373545
2017-10-30,10.58329781000476,-0.00037917027116318724,0.37719711915355697,-0.09141502569182858,-0.1789223247955949,3.6040351616044193,1.359431680285311,1.0,15.0,0.049082440787040126,27.302951495373545
2017-10-31,10.558784385383095,-0.002316236872640154,0.3769418539512351,-0.09351952371124805,-0.1789223247955949,3.5977454692992814,1.3561408472423275,1.0,15.0,0.049031473005034056,27.302294232341858
2017-11-01,10.51466875982238,-0.00417809701861005,0.3767057907668913,-0.09730688708665824,-0.1789223247955949,3.5886016906304423,1.3518470376163438,1.0,15.0,0.0489682564329561,27.302294232341858
2017-11-02,10.497404472545266,-0.0016419240274198055,0.37644598439071136,-0.09878904059813709,-0.1789223247955949,3.5833654695670587,1.348943541622855,1.0,15.0,0.04891965521729843,27.302294232341858
2017-11-03,10.842059356198938,0.0328323905737915,0.3767767923116605,-0.06920013038967388,-0.1789223247955949,3.6221597697106076,1.3647457392719056,1.0,15.0,0.048898533600840524,27.30266874072804
2017-11-04,10.752991471583913,-0.008215033850013098,0.3765997855093361,-0.0768466828261104,-0.1789223247955949,3.606672525925033,1.3582720996657829,1.0,15.0,0.04887742418914286,27.30266874072804
2017-11-05,10.792348080457812,0.0036600613864432585,0.37632072199886013,-0.0734678850161552,-0.1789223247955949,3.6092590963212783,1.3582389890085769,1.0,15.0,0.048820688477227835,27.30266874072804
2017-11-06,10.955968231456083,0.015160755544434856,0.3761360747534448,-0.05942095811681691,-0.1789223247955949,3.6274523030983685,1.3644156706427635,1.0,15.0,0.04876849359152012,27.30266874072804
2017-11-07,11.03800994127365,0.0074883121312832035,0.3758682477063121,-0.05237760866705232,-0.1789223247955949,3.635416311703174,1.3664375587628161,1.0,15.0,0.048883604835359064,27.2962079582602
2017-11-08,11.407222839276924,0.03344922680516005,0.3762218962924247,-0.020680372373708344,-0.1789223247955949,3.6745056703816315,1.3824294912482447,1.0,15.0,0.048833385639115524,27.2962079582602
2017-11-09,11.557478391590255,0.013171966080646413,0.37600761876603894,-0.007780807456503558,-0.1789223247955949,3.690016112978617,1.3874741718494048,1.0,15.0,0.04880142923635869,27.2962079582602
2017-11-10,11.437607606334462,-0.010371707494864713,0.3758742856807588,-0.018071814692355526,-0.1789223247955949,3.6710853992935593,1.3798666021325299,1.0,15.0,0.048824186300390884,27.294491302758544
2017-11-11,11.869869558010713,0.0377930391174508,0.3764215109008655,0.0,-0.1789223247955949,3.714178140294196,1.398096547324508,1.0,15.0,0.04882533995904189,27.294491302758544
2017-11-12,12.119108547411052,0.020997618228427273,0.37635473848811307,0.0,-0.1789223247955949,3.739249534285554,1.4072842806178383,1.0,15.0,0.0488057106497214,27.294491302758544
2017-11-13,12.08453986044727,-0.0028524116958393853,0.37611104381880056,-0.0028524116958393853,-0.1789223247955949,3.732141103869268,1.403699486255321,1.0,15.0,0.04882047240157854,27.294491302758544
2017-11-14,12.225063022779658,0.011628341993584757,0.375878941801951,0.0,-0.1789223247955949,3.7454944130983576,1.4078524765205302,1.0,15.0,0.0489510458070879,27.300788474714754
2017-11-15,12.411714531705092,0.015267938380165047,0.37569668922167854,0.0,-0.1789223247955949,3.7634952045375676,1.413932688246428,1.0,15.0,0.04889726471409983,27.300788474714754
2017-11-16,12.524841628528248,0.009114542276506432,0.37544219189347433,0.0,-0.1789223247955949,3.773473431361237,1.4167211361220526,1.0,15.0,0.04885835401551847,27.300788474714754
2017-11-17,12.86289398870585,0.026990549677499143,0.37554623901951634,0.0,-0.1789223247955949,3.8051210738930354,1.4289989083144325,1.0,15.0,0.04888611983977511,27.301005476418485
2017-11-18,13.102413280178341,0.018620948884660038,0.3754258258741606,0.0,-0.1789223247955949,3.827122756141187,1.436800721446099,1.0,15.0,0.04887418944336907,27.301005476418485
2017-11-19,13.120845930056095,0.0014068133467930455,0.3751577958364145,0.0,-0.1789223247955949,3.826284990530941,1.435460643289544,1.0,15.0,0.04882978773823525,27.301005476418485
2017-11-20,13.366433830199142,0.01871738312089133,0.37503980655322194,0.0,-0.1789223247955949,3.8483421352377403,1.4432814899501751,1.0,15.0,0.04877591416434813,27.301005476418485
2017-11-21,13.156074328583772,-0.01573789271601367,0.3750411173812576,-0.01573789271601367,-0.1789223247955949,3.820593713820349,1.4328797354909926,1.0,15.0,0.04882680506408258,27.29380808139828
2017-11-22,13.61676059156106,0.035017000624294914,0.3754486903328177,0.0,-0.1789223247955949,3.860125463486413,1.4492790497863346,1.0,15.0,0.04880720016459758,27.29380808139828
2017-11-23,13.738217735153654,0.00891967974144059,0.37519487324434025,0.0,-0.1789223247955949,3.8696842547207067,1.4518856934455548,1.0,15.0,0.048778506779541715,27.29380808139828
2017-11-24,14.139205114616873,0.029187729237771798,0.3753693191854217,0.0,-0.1789223247955949,3.9032080122368886,1.465144534192444,1.0,15.0,0.048784772004720256,27.29207461153655
2017-11-25,14.615640796861358,0.033696072613866646,0.3757145419447676,0.0,-0.1789223247955949,3.941111524358257,1.4807329111275074,1.0,15.0,0.04875891987206169,27.29207461153655
2017-11-26,14.662001101817715,0.0031719652665733733,0.37544508107423863,0.0,-0.1789223247955949,3.9427041522921833,1.480268880109076,1.0,15.0,0.04874307493066039,27.29207461153655
2017-11-27,15.134273717423783,0.032210652033542564,0.37572769094790465,0.0,-0.1789223247955949,3.9789799619745754,1.4950129534406886,1.0,15.0,0.04870960274158198,27.29207461153655
2017-11-28,15.988165573489727,0.05642106598632979,0.3773575438752501,0.0,-0.1789223247955949,4.034303748098548,1.5223749536291837,1.0,15.0,0.04874300713390374,27.293028595236386
2017-11-29,14.747859403976056,-0.07757651519260256,0.3816798521913287,-0.07757651519260256,-0.1789223247955949,3.876779273749021,1.4796885401829332,1.0,15.0,0.04883789217045201,27.293028595236386
2017-11-30,15.196614014201137,0.03042845730574939,0.3818816458132325,-0.049508591567320126,-0.1789223247955949,3.910742982304406,1.4934409664349557,1.0,15.0,0.048901371177379624,27.293028595236386
2017-12-01,15.796875667032433,0.039499697252977306,0.3824623154998038,-0.011964468692673313,-0.1789223247955949,3.953010142437261,1.511877412270764,1.0,15.0,0.04894860058007137,27.29624210193156
2017-12-02,15.82411576527367,0.0017243978376106917,0.38219377982971947,-0.010260702359004337,-0.1789223247955949,3.952498468278623,1.5106203293625835,1.0,15.0,0.04899981338136401,27.302681847242077
2017-12-03,16.04497615206259,0.013957202415922687,0.3819872813879163,0.0,-0.1789223247955949,3.9679806384772522,1.515718136691814,1.0,15.0,0.048944811528728094,27.302681847242077
2017-12-04,16.43180491394121,0.024109026913629483,0.38198587389181227,0.0,-0.1789223247955949,3.9950818625382296,1.5260648365309946,1.0,16.0,0.04890139664504225,27.302681847242077
2017-12-05,16.711884329478934,0.017044957447133413,0.38182691368367416,0.0,-0.1789223247955949,4.014187698429564,1.5327248998383318,1.0,16.0,0.04890228317363178,27.314678062731904
2017-12-06,16.748984044600874,0.00221996002308944,0.3815590525258863,0.0,-0.1789223247955949,4.0143238754263795,1.5317016144397333,1.0,16.0,0.04889035655570387,27.314678062731904
2017-12-07,16.91206666656074,0.009736866518326837,0.38130986474842227,0.0,-0.1789223247955949,4.024448586895042,1.5345619463559277,1.0,16.0,0.048889471709286175,27.314678062731904
2017-12-08,17.77963373398584,0.05129870195819941,0.38253579658437475,0.0,-0.1789223247955949,4.075019552702118,1.5588408506898073,1.0,16.0,0.0489562937770367,27.346698254924945
2017-12-09,18.004576387485574,0.012651703452684515,0.3823131573407568,0.0,-0.1789223247955949,4.088678068686123,1.5631554217892996,1.0,16.0,0.04897183514044723,27.346698254924945
2017-12-10,17.57726655418089,-0.023733401114712893,0.3825708060361265,-0.023733401114712893,-0.1789223247955949,4.048277589889918,1.5487528206221735,1.0,16.0,0.048958803789975365,27.346698254924945
2017-12-11,18.967475347621292,0.07909129608720233,0.3860395072759326,0.0,-0.1789223247955949,4.111436627979123,1.5871769700612826,1.0,16.0,0.04897754659490752,27.346698254924945
2017-12-12,20.934598853685266,0.10371034995496498,0.3922642960536649,0.0,-0.1789223247955949,4.17604642027312,1.6381139093358628,1.0,16.0,0.04912923963266348,27.437166914789934
2017-12-13,21.062287674208537,0.006099415680983711,0.3919908126013424,0.0,-0.1789223247955949,4.181064411350995,1.6389388361440298,1.0,16.0,0.0492036003989329,27.437166914789934
2017-12-14,22.82843702404845,0.08385363343045693,0.39579910027695253,0.0,-0.1789223247955949,4.243338996095394,1.679509756824664,1.0,16.0,0.04918900843752051,27.437166914789934
2017-12-15,22.738252780019916,-0.003950522058673189,0.3955693488823222,-0.003950522058673189,-0.1789223247955949,4.234767169880576,1.675144092057894,1.0,16.0,0.04933693841487075,27.50201289396288
2017-12-16,23.346250875265486,0.026738997984041113,0.3956087938484857,0.0,-0.1789223247955949,4.262886582242689,1.6864354191139235,1.0,16.0,0.049300464388763156,27.50201289396288
2017-12-17,23.804936720057988,0.019647087973275523,0.39547797182868094,0.0,-0.1789223247955949,4.283639352222561,1.6940850030625032,1.0,16.0,0.04927321169913706,27.50201289396288
2017-12-18,24.59658955465236,0.033255826045835546,0.3957280028364733,0.0,-0.1789223247955949,4.317691338020657,1.7086313700592546,1.0,16.0,0.04922668561754033,27.50201289396288
2017-12-19,24.94567192593367,0.01419230786063519,0.395510692262223,0.0,-0.1789223247955949,4.332271470981769,1.7134596885558786,1.0,16.0,0.049197997273204445,27.507880974503593
2017-12-20,26.05274373298703,0.044379313988429425,0.3962432577096633,0.0,-0.1789223247955949,4.375034013519561,1.7335777301075739,1.0,16.0,0.049172964567379254,27.507880974503593
2017-12-21,25.409747851069806,-0.024680543765648988,0.396520890100731,-0.024680543765648988,-0.1789223247955949,4.334397138422225,1.7186790113772419,1.0,16.0,0.049208899574677875,27.507880974503593
2017-12-22,23.37323650181354,-0.08014685392364185,0.40080685028125157,-0.10284932975334937,-0.1789223247955949,4.181019148010934,1.6757811156798645,1.0,16.0,0.04916436323272258,27.52609488657294
2017-12-23,24.084370178392895,0.030425126469934005,0.40094937158544236,-0.075553407148509,-0.1789223247955949,4.212060845139416,1.6888231489382963,1.0,16.0,0.04921472033987247,27.52609488657294
2017-12-24,23.554534832616017,-0.021999136446267387,0.40111752770861653,-0.09589043388193585,-0.1789223247955949,4.176830179883673,1.675399795413675,1.0,16.0,0.049198742860832353,27.52609488657294
2017-12-25,23.860587697491425,0.012993373337673253,0.40088508101581755,-0.08414300075120207,-0.1789223247955949,4.189805183801165,1.6796303905486225,1.0,16.0,0.049166679581479085,27.52609488657294
2017-12-26,24.425150709472575,0.02366090136331822,0.4008364521043732,-0.06247299862907163,-0.1789223247955949,4.2142187254317784,1.6892124822938877,1.0,16.0,0.04919968437241225,27.646948088931605
2017-12-27,24.36411751034685,-0.002498784955380251,0.4005924643628274,-0.06481567699536006,-0.1789223247955949,4.207853481043107,1.68563439564876,1.0,16.0,0.04916704353537205,27.646948088931605
2017-12-28,23.912408714549912,-0.018539920257941267,0.40065247632813367,-0.08215391977034281,-0.1789223247955949,4.178243329671026,1.6740235367342031,1.0,16.0,0.04911863895883001,27.646948088931605
2017-12-29,24.333955303744847,0.017628779861831312,0.4004837868928176,-0.06597341327492945,-0.1789223247955949,4.196308924740885,1.6805536891523571,1.0,16.0,0.049085762775950864,27.70270162722262
2017-12-30,23.551701888148347,-0.032146578960639216,0.40105104645063394,-0.09599917269642333,-0.1789223247955949,4.144555377778657,1.662178271330733,1.0,16.0,0.04905586343702302,27.70270162722262
2017-12-31,24.20338746946157,0.027670424176061914,0.40110892269957366,-0.07098508634942235,-0.1789223247955949,4.172733690517253,1.6737207153155917,1.0,16.0,0.049052313303399556,27.70270162722262
2018-01-01,24.400973285819056,0.008163560435777262,0.4008427995304195,-0.06340101695609746,-0.1789223247955949,4.179954938399521,1.6755048394190661,1.0,16.0,0.049022630876163376,27.70270162722262
2018-01-02,25.138226544625134,0.030214092289283512,0.4009766135864487,-0.03510252884435994,-0.1789223247955949,4.210380806181635,1.688264237572094,1.0,16.0,0.04907224877581853,27.789376342379438
2018-01-03,25.96174609969035,0.032759652062301026,0.4011935578015881,-0.0034928234135070957,-0.1789223247955949,4.2429761884931745,1.7022547127289984,1.0,16.0,0.04903398396695711,27.789376342379438
2018-01-04,25.648167543739277,-0.012078484811729018,0.4010938674153069,-0.015529120210685976,-0.1789223247955949,4.223302070695602,1.6939405607983726,1.0,16.0,0.04902256738393603,27.789376342379438
2018-01-05,25.602428085128487,-0.0017833421640274238,0.40084678891474457,-0.017284768639871495,-0.1789223247955949,4.217957224196945,1.6907546090990948,1.0,16.0,0.04899519332922855,27.798171309188106
2018-01-06,26.045554735147537,0.017307993153838686,0.4006739303888623,-0.00027594014331744354,-0.1789223247955949,4.23544477856995,1.6970323063746064,1.0,16.0,0.0489545511281246,27.798171309188106
2018-01-07,26.18610590500565,0.005396359236244042,0.40040272318673326,0.0,-0.1789223247955949,4.239236242335497,1.697401735663027,1.0,16.0,0.048909259326347494,27.798171309188106
2018-01-08,25.942400961700226,-0.00930665079372639,0.400251769786521,-0.00930665079372639,-0.1789223247955949,4.223612033530048,1.6905081913120488,1.0,16.0,0.04885967720067874,27.798171309188106
2018-01-09,25.949765540666704,0.00028388193434181197,0.39999287673039446,-0.009025410849414217,-0.1789223247955949,4.220984527100072,1.6883637436292414,1.0,16.0,0.04882349499910337,27.814324767883818
2018-01-10,25.980227827401755,0.0011738944880759217,0.3997302161028757,-0.007862111241387026,-0.1789223247955949,4.219504596422769,1.6866634841751507,1.0,16.0,0.048782733930914306,27.814324767883818
2018-01-11,25.25780068647107,-0.027806805457214923,0.4001068405138269,-0.03545029650082976,-0.1789223247955949,4.1756641820844695,1.6707118029405703,1.0,16.0,0.048750324832960185,27.814324767883818
2018-01-12,26.0193841166147,0.0301524047797066,0.400238571519627,-0.006366803410776778,-0.1789223247955949,4.2056806604852,1.6832756198203178,1.0,16.0,0.048733658222580474,27.873130946650654
2018-01-13,26.346124881522467,0.012557590273596375,0.4000081706359554,0.0,-0.1789223247955949,4.2178483396300575,1.687173798355321,1.0,16.0,0.0487003912305869,27.873130946650654
2018-01-14,25.809078206871185,-0.02038427575464552,0.40012213501051946,-0.02038427575464552,-0.1789223247955949,4.186027369985727,1.6749222084911586,1.0,16.0,0.04866137056480019,27.873130946650654
2018-01-15,25.49676272374838,-0.012100993325660836,0.400024024229423,-0.032238599095450904,-0.1789223247955949,4.166640442087542,1.6667562771609208,1.0,16.0,0.048619197886629335,27.873130946650654
2018-01-16,23.874916410283188,-0.06360989161790964,0.40258301246301254,-0.09379779691898571,-0.1789223247955949,4.057408835814746,1.633443871916345,1.0,16.0,0.04860450634872279,27.931561121550416
2018-01-17,23.983576340006067,0.00455121717938578,0.40231381966995083,-0.08967347388432612,-0.1789223247955949,4.060215909857958,1.6334809713796599,1.0,16.0,0.048628503169088365,27.931561121550416
2018-01-18,24.191805012691262,0.008682136047319045,0.40205587374799756,-0.08176989513710653,-0.1789223247955949,4.067919767305716,1.6355310363808504,1.0,16.0,0.048577236202450864,27.931561121550416
2018-01-19,24.329462432701277,0.005690250063515201,0.40178863164688866,-0.0765449362245888,-0.1789223247955949,4.072090284528396,1.6361195833632536,1.0,16.0,0.04856520300985366,27.99216613045431
2018-01-20,24.982039240033927,0.026822491830132744,0.4018225754288716,-0.05177557032097824,-0.1789223247955949,4.098767284692375,1.6469772264186933,1.0,16.0,0.04851002567907301,27.99216613045431
2018-01-21,24.22900988353957,-0.03014282978499283,0.40227952727029076,-0.0803577379027649,-0.1789223247955949,4.052298192627521,1.6301566012884525,1.0,16.0,0.048492064142617544,27.99216613045431
2018-01-22,23.864371837836305,-0.015049646991600274,0.4022415665655757,-0.09419802930588506,-0.1789223247955949,4.029162751408811,1.6206967370743455,1.0,16.0,0.0484617515717104,27.99216613045431
2018-01-23,23.76853302238085,-0.004015978970940526,0.40201773761850096,-0.09783571097202914,-0.1789223247955949,4.021223557899622,1.616603197205025,1.0,16.0,0.04841927702060911,28.015767004808747
2018-01-24,23.78099857964879,0.0005244563160966553,0.40176057320985076,-0.09736256521249154,-0.1789223247955949,4.019099069684926,1.6147155460237936,1.0,16.0,0.048361636174653805,28.015767004808747
2018-01-25,24.008429469575443,0.009563555086424369,0.4015106323058157,-0.0887301423818323,-0.1789223247955949,4.027781268178341,1.6171970037758057,0.0,16.0,0.048310204514596694,28.015767004808747
2018-01-26,23.958031367501963,-0.0020991836278730913,0.4012709305919597,-0.09064306514751863,-0.1789223247955949,4.0223410199023935,1.6140485242144456,0.0,16.0,0.048571325079739526,28.706706092657893
2018-01-27,23.958031367501963,0.0,0.40101787758159896,-0.09064306514751863,-0.1789223247955949,4.019569357656366,1.6119191725993869,0.0,16.0,0.04850724681446282,28.706706092657893
2018-01-28,23.958031367501963,0.0,0.4007653013507488,-0.09064306514751863,-0.1789223247955949,4.0168034171080516,1.6097954319240257,0.0,16.0,0.048443337398369986,28.706706092657893
2018-01-29,23.958031367501963,0.0,0.40051320040888255,-0.09064306514751863,-0.1789223247955949,4.014043178598465,1.607677280039915,0.0,16.0,0.04837959616495108,28.706706092657893
2018-01-30,23.958031367501963,0.0,0.4002615732719655,-0.09064306514751863,-0.1789223247955949,4.011288622563062,1.6055646949150266,0.0,16.0,0.0483160224511995,28.706706092657893
2018-01-31,23.958031367501963,0.0,0.400010418462419,-0.09064306514751863,-0.1789223247955949,4.008539729531147,1.6034576546329862,0.0,16.0,0.048252615597589005,28.706706092657893
2018-02-01,23.958031367501963,0.0,0.39975973450908453,-0.09064306514751863,-0.1789223247955949,4.005796480125296,1.6013561373923135,0.0,16.0,0.04818937494805088,28.706706092657893
2018-02-02,23.958031367501963,0.0,0.39950951994718786,-0.09064306514751863,-0.1789223247955949,4.003058855060788,1.5992601215056748,0.0,16.0,0.048126299849951336,28.706706092657893
2018-02-03,23.958031367501963,0.0,0.3992597733183036,-0.09064306514751863,-0.1789223247955949,4.000326835145029,1.5971695853991312,0.0,16.0,0.04806338965406905,28.706706092657893
2018-02-04,23.958031367501963,0.0,0.39901049317032017,-0.09064306514751863,-0.1789223247955949,3.997600401276996,1.595084507611404,0.0,16.0,0.048000643714572876,28.706706092657893
2018-02-05,23.958031367501963,0.0,0.39876167805740487,-0.09064306514751863,-0.1789223247955949,3.994879534446664,1.593004866793136,1.0,16.0,0.04793806138899977,28.706706092657893
2018-02-06,24.089164581617954,0.005473455314607634,0.39850271553656913,-0.08566574059957499,-0.1789223247955949,3.998798242099708,1.5935319583595926,1.0,16.0,0.04792753430639268,28.706706092657893
2018-02-07,24.04487053983406,-0.0018387537531165954,0.39826643738108247,-0.08734697615065057,-0.1789223247955949,3.9937761392301456,1.590586994668764,1.0,16.0,0.04787259692446038,28.706706092657893
2018-02-08,24.151897033533707,0.0044511154061877,0.3980077439727867,-0.08328465221569092,-0.1789223247955949,3.9964831480710283,1.5906312415890105,1.0,16.0,0.047812752397739675,28.706706092657893
2018-02-09,24.534783084870448,0.01585324957311318,0.3978280791198338,-0.06875173501976306,-0.1789223247955949,4.011967367312062,1.5960732712292145,1.0,16.0,0.04798347207407525,28.706706092657893
2018-02-10,24.46485090608361,-0.0028503279831303407,0.39760131647846064,-0.07140609800867781,-0.1789223247955949,4.005666288402779,1.592658189642334,1.0,16.0,0.04794462406228795,28.706706092657893
2018-02-11,24.13348063246657,-0.01354474935854355,0.3975343155160024,-0.0839836696670222,-0.1789223247955949,3.985070276995719,1.5842021848486592,1.0,16.0,0.04789346491162419,28.706706092657893
2018-02-12,24.562903206504192,0.017793644463365288,0.3973846952926549,-0.06768440076244064,-0.1789223247955949,4.002535806156831,1.5905464717275732,1.0,16.0,0.04785350646046275,28.706706092657893
2018-02-13,24.422871212448033,-0.005700954519866297,0.39718814725175006,-0.07299948959185587,-0.1789223247955949,3.9925894037751957,1.5858091880224394,1.0,16.0,0.04780935170933648,28.706706092657893
2018-02-14,25.209261041047498,0.03219890985621099,0.3973909791360156,-0.04315108372056242,-0.1789223247955949,4.023520435096945,1.5989107252769426,1.0,16.0,0.047765382494001946,28.706706092657893
2018-02-15,25.320459377686614,0.004411011352457139,0.39713517600089976,-0.038930412288267546,-0.1789223247955949,4.026148068591282,1.5989250218256814,1.0,16.0,0.047743712810849985,28.706706092657893
2018-02-16,25.457005515255375,0.005392719600067375,0.39688047033668195,-0.03374763348558574,-0.1789223247955949,4.029928331646844,1.5993998516871195,1.0,16.0,0.04770358036161177,28.69472512809502
2018-02-17,25.71006453302354,0.009940643553560058,0.39664387889826686,-0.024142463127282077,-0.1789223247955949,4.038898555712501,1.6020043896144138,1.0,16.0,0.04764922593446194,28.69472512809502
2018-02-18,25.278364475999393,-0.016791091927040758,0.39665390226421104,-0.04052817673660747,-0.1789223247955949,4.013809416230441,1.5920931678926393,1.0,16.0,0.0476069601904236,28.69472512809502
2018-02-19,25.50870398232304,0.00911212062561817,0.3964131655793212,-0.03178535374614966,-0.1789223247955949,4.0218472044654066,1.5943131817984753,1.0,16.0,0.04757099794274703,28.69472512809502
2018-02-20,25.20393814227882,-0.011947523490625778,0.396316206678697,-0.04335312097623534,-0.1789223247955949,4.003615955879306,1.5866978886323921,1.0,16.0,0.04753291634634199,28.68943690218253
2018-02-21,24.811228343822183,-0.01558128718773033,0.3962963955675463,-0.05825891073555056,-0.1789223247955949,3.980374700918197,1.5774081469821317,1.0,16.0,0.047489304283219076,28.68943690218253
2018-02-22,24.411984181663865,-0.016091269510150163,0.39628810164745193,-0.07341272041168712,-0.1789223247955949,3.9564767883259897,1.567904675657914,1.0,16.0,0.04744383174827975,28.68943690218253
2018-02-23,24.652970993802402,0.009871660179083142,0.39605383668824745,-0.06426576566133024,-0.1789223247955949,3.9653633091712757,1.570497352460089,1.0,16.0,0.047439454850336266,28.612889058282658
2018-02-24,24.487712225482703,-0.006703401726357638,0.3958727782250646,-0.07053836814320802,-0.1789223247955949,3.9542662377713125,1.5653863613881034,1.0,16.0,0.04739351219696637,28.612889058282658
2018-02-25,24.538948669481105,0.002092332820911036,0.39562401487376714,-0.06859362506509648,-0.1789223247955949,3.9541778134251273,1.5643677020720226,1.0,16.0,0.04734281816175732,28.612889058282658
2018-02-26,24.70774913672232,0.006878879348696465,0.3953768380525012,-0.06218659298731255,-0.1789223247955949,3.95968755916497,1.565568746818472,1.0,16.0,0.04728820104323285,28.612889058282658
2018-02-27,24.824472536166,0.004724161589863218,0.39512631354443356,-0.05775621091144456,-0.1789223247955949,3.9627073609059513,1.5657699511701597,1.0,16.0,0.04730753536913477,28.612889058282658
2018-02-28,24.52592744878818,-0.012026240917823228,0.395031667808927,-0.06908786172234604,-0.1789223247955949,3.9445737218163215,1.558231536124368,1.0,16.0,0.047257779051298535,28.612889058282658
2018-03-01,24.683094659390964,0.006408206618524703,0.3947845556191345,-0.06312238439657014,-0.1789223247955949,3.94954304366178,1.5592185953906599,1.0,16.0,0.04721489331091381,28.612889058282658
2018-03-02,24.554544521442946,-0.005208023536834361,0.3945876618982746,-0.06800166506976613,-0.1789223247955949,3.940441815135831,1.5548497226806408,1.0,16.0,0.04716660408127282,28.612889058282658
2018-03-03,24.58985734597526,0.001438138040046999,0.3943434300390457,-0.06666132281104242,-0.1789223247955949,3.939588765469144,1.553550946718392,1.0,16.0,0.047116420128721706,28.612889058282658
2018-03-04,24.745485964524143,0.0063289760635538705,0.3940975270879547,-0.06075424466392443,-0.1789223247955949,3.9444646122761586,1.5545037493839822,1.0,16.0,0.04706562000703183,28.612889058282658
2018-03-05,24.602739620381147,-0.005768581160525255,0.39390811805596493,-0.06617236003325944,-0.1789223247955949,3.934673746570597,1.5498999306758365,1.0,16.0,0.04701689794742743,28.612889058282658
2018-03-06,24.152827593277845,-0.018287070222479995,0.39395584801011524,-0.0832493316610241,-0.1789223247955949,3.907969446788391,1.5395674174071416,1.0,16.0,0.046982522656344325,28.612396340672728
2018-03-07,23.670046793420074,-0.019988583034151075,0.3940488440786902,-0.10157387851673128,-0.1789223247955949,3.878914043934846,1.5284815952931237,1.0,16.0,0.046938203950490365,28.612396340672728
2018-03-08,23.242087844302965,-0.018080190244324945,0.39408936648634774,-0.11781759371361977,-0.1789223247955949,3.8526704162505,1.5182964436208533,1.0,16.0,0.04689838624860519,28.612396340672728
2018-03-09,23.31727312019109,0.003234876160514766,0.39384317058315504,-0.11496384287829842,-0.1789223247955949,3.8540060373753877,1.5178739572065443,1.0,16.0,0.046870127256649234,28.604247969329073
2018-03-10,22.948554109846643,-0.01581312739460783,0.39382776517184537,-0.12895903237969808,-0.1789223247955949,3.831019569501158,1.5087618753862462,1.0,16.0,0.04682193535974685,28.604247969329073
2018-03-11,23.3496487628687,0.017477992343315263,0.3936847956563306,-0.11373498501691648,-0.1789223247955949,3.8478566426405343,1.514842656072793,1.0,16.0,0.04678918268226304,28.604247969329073
2018-03-12,23.099045031562117,-0.010732655289663384,0.39356721017001955,-0.1232469619180182,-0.1789223247955949,3.8317960015262487,1.5080692622613217,1.0,16.0,0.04675729958109472,28.604247969329073
2018-03-13,23.044261143877044,-0.0023716949168338664,0.39334648084587437,-0.12532635264175584,-0.1789223247955949,3.826431018189038,1.505113175204154,1.0,16.0,0.046719441107037116,28.60024849025563
2018-03-14,22.31883413995113,-0.0314797250125185,0.39383214984329146,-0.15286083853628996,-0.1789223247955949,3.7806714758830133,1.4889499751982167,1.0,16.0,0.04667058685519023,28.60024849025563
2018-03-15,22.215205259768283,-0.004643113503735807,0.39363122356010344,-0.15679420181642556,-0.1789223247955949,3.772554097270537,1.484995085255283,1.0,16.0,0.04665077642816762,28.60024849025563
2018-03-16,22.15281726240032,-0.0028083466543947777,0.39341414469830444,-0.1591622159987207,-0.1789223247955949,3.766719904899915,1.4818808897042788,1.0,16.0,0.046613667799708755,28.599408333597744
2018-03-17,21.714643695407155,-0.01977958657822143,0.3934966694932107,-0.1757936397456138,-0.1789223247955949,3.738528334865848,1.47109844857571,1.0,16.0,0.046562103311539205,28.599408333597744
2018-03-18,21.82454414582728,0.005061121516047207,0.3932537031139285,-0.17162223120206732,-0.1789223247955949,3.7420221207804096,1.4715640561311323,1.0,16.0,0.0465325516821298,28.599408333597744
2018-03-19,22.550299094217785,0.03325407135842817,0.3934998324254052,-0.14407529776672545,-0.1789223247955949,3.773186986059367,1.4847484467240806,1.0,16.0,0.046485839508652496,28.599408333597744
2018-03-20,22.613690300484258,0.002811102682124922,0.39325775998760304,-0.1416692055405805,-0.1789223247955949,3.7740695961159405,1.4841821554058725,1.0,16.0,0.04670673053725979,28.61034477714268
2018-03-21,22.62084313701303,0.00031630558452544477,0.39302327442524837,-0.14139771071692286,-0.1789223247955949,3.772027115386115,1.482494448109875,1.0,16.0,0.04665419668981722,28.61034477714268
2018-03-22,22.555337376716107,-0.0028958142674062604,0.39280885382750974,-0.14388406347625649,-0.1789223247955949,3.766124443747136,1.4793670261200802,1.0,16.0,0.04660058921412499,28.61034477714268
2018-03-23,22.448561748543177,-0.004733940636292733,0.3926112937621771,-0.14793686549754415,-0.1789223247955949,3.7579715255806803,1.4754220625796535,1.0,16.0,0.04682547600982319,28.61034477714268
2018-03-24,22.309798025930725,-0.0061814081528611675,0.39242970491595214,-0.15320381550391005,-0.1789223247955949,3.748028563325005,1.4708377431221917,1.0,16.0,0.04677778993119575,28.61034477714268
2018-03-25,22.253135770843745,-0.0025397923827513713,0.39221348740248746,-0.15535450200303613,-0.1789223247955949,3.7425933282561155,1.4678955812046135,1.0,16.0,0.046733597374892646,28.61034477714268
2018-03-26,21.79541340047973,-0.02056889307994636,0.39231753884858495,-0.17272792494179368,-0.1789223247955949,3.7135636283298656,1.4568961430239942,1.0,16.0,0.04668401554761771,28.61034477714268
2018-03-27,21.53625583848481,-0.011890463247153593,0.3922208735269222,-0.18256457314566976,-0.18256457314566976,3.696388625395429,1.4498007755475744,1.0,16.0,0.04674218106805161,28.471655727745787
2018-03-28,21.560662474825996,0.0011332813152029608,0.391985637532796,-0.1816381888500307,-0.18256457314566976,3.6953754067088433,1.4485340847217814,1.0,16.0,0.04669925484392244,28.471655727745787
2018-03-29,21.0766909683652,-0.022446968270380174,0.3921424833710316,-0.200007930458605,-0.200007930458605,3.6638763858650925,1.4367615847176174,1.0,16.0,0.046651829085690426,28.471655727745787
2018-03-30,21.035343493533343,-0.001961763110438719,0.3919230303301312,-0.20157732538927486,-0.20157732538927486,3.6592292405271434,1.4341362126200226,1.0,16.0,0.04675242175354753,28.471655727745787
2018-03-31,21.083127061114393,0.002271584849362629,0.3916858285895687,-0.19976364053824147,-0.20157732538927486,3.6595638451841666,1.4333992969773883,1.0,16.0,0.046704763127352354,28.471655727745787
2018-04-01,20.820948164607664,-0.01243548434474362,0.3915991429347103,-0.20971496725842287,-0.20971496725842287,3.641820184714933,1.4261336630566963,1.0,16.0,0.04665830685052329,28.471655727745787
2018-04-02,21.054617241868645,0.011222787522144673,0.39139144671913495,-0.20084576625403294,-0.20971496725842287,3.6520422885557906,1.4293781147973115,1.0,16.0,0.04662038421777302,28.471655727745787
2018-04-03,21.138604546092072,0.003989020710213342,0.39115388281684804,-0.1976579234649657,-0.20971496725842287,3.6543428984690873,1.4294104138803583,1.0,16.0,0.04688763400695882,28.18873929460179
2018-04-04,21.02073922593755,-0.005575832590912988,0.3909676678618385,-0.2021316485643705,-0.20971496725842287,3.6453421314383303,1.4252109116869476,1.0,16.0,0.04683697035164061,28.18873929460179
2018-04-05,21.018641512537947,-9.979256091119382e-05,0.39073998957203987,-0.20221126989043026,-0.20971496725842287,3.6429375429678403,1.4234413775508465,0.0,16.0,0.046787025869378815,28.18873929460179
2018-04-06,21.013505717926616,-0.0002443447455092729,0.3905133721753149,-0.20240620537465903,-0.20971496725842287,3.640367847518323,1.4216123240929728,0.0,16.0,0.04679916111330346,28.1409301324693
2018-04-07,21.013505717926616,0.0,0.39028604037321435,-0.20240620537465903,-0.20971496725842287,3.638089129804527,1.419895400996242,0.0,16.0,0.04674264038732121,28.1409301324693
2018-04-08,21.013505717926616,0.0,0.39005910437609986,-0.20240620537465903,-0.20971496725842287,3.635814685885958,1.4181826200541476,0.0,16.0,0.04668625602014712,28.1409301324693
2018-04-09,21.013505717926616,0.0,0.389832563039114,-0.20240620537465903,-0.20971496725842287,3.6335445024199373,1.4164739662950463,0.0,16.0,0.04663000751891803,28.1409301324693
2018-04-10,21.013505717926616,0.0,0.3896064152220196,-0.20240620537465903,-0.20971496725842287,3.631278566122031,1.41476942481936,0.0,16.0,0.046573894393143155,28.1409301324693
2018-04-11,21.013505717926616,0.0,0.3893806597891758,-0.20240620537465903,-0.20971496725842287,3.629016863765728,1.4130689807991446,0.0,16.0,0.04651791615468986,28.1409301324693
2018-04-12,21.013505717926616,0.0,0.38915529560951434,-0.20240620537465903,-0.20971496725842287,3.626759382182106,1.411372619477657,0.0,16.0,0.046462072317769464,28.1409301324693
2018-04-13,21.013505717926616,0.0,0.3889303215565159,-0.20240620537465903,-0.20971496725842287,3.624506108259519,1.4096803261689308,0.0,16.0,0.04640636239892322,28.1409301324693
2018-04-14,21.013505717926616,0.0,0.388705736508187,-0.20240620537465903,-0.20971496725842287,3.6222570289432707,1.4079920862573514,0.0,16.0,0.04635078591700834,28.1409301324693
2018-04-15,21.013505717926616,0.0,0.3884815393470363,-0.20240620537465903,-0.20971496725842287,3.6200121312353004,1.406307885197235,0.0,16.0,0.04629534239318417,28.1409301324693
2018-04-16,21.013505717926616,0.0,0.3882577289600514,-0.20240620537465903,-0.20971496725842287,3.617771402193867,1.4046277085124115,0.0,16.0,0.0462400313508984,28.1409301324693
2018-04-17,21.013505717926616,0.0,0.3880343042386765,-0.20240620537465903,-0.20971496725842287,3.6155348289332334,1.4029515417958096,0.0,16.0,0.046184852315873465,28.1409301324693
2018-04-18,21.013505717926616,0.0,0.3878112640787887,-0.20240620537465903,-0.20971496725842287,3.61330239862336,1.4012793707090445,0.0,16.0,0.046129804816092926,28.1409301324693
2018-04-19,21.013505717926616,0.0,0.38758860738067596,-0.20240620537465903,-0.20971496725842287,3.6110740984895893,1.3996111809820098,0.0,16.0,0.046074888381788054,28.1409301324693
2018-04-20,21.013505717926616,0.0,0.38736633304901397,-0.20240620537465903,-0.20971496725842287,3.608849915812346,1.3979469584124713,0.0,16.0,0.04602010254542445,28.1409301324693
2018-04-21,21.013505717926616,0.0,0.3871444399928442,-0.20240620537465903,-0.20971496725842287,3.606629837926825,1.396286688865663,0.0,16.0,0.045965446841688795,28.1409301324693
2018-04-22,21.013505717926616,0.0,0.3869229271255515,-0.20240620537465903,-0.20971496725842287,3.604413852222692,1.394630358273889,0.0,16.0,0.045910920807475636,28.1409301324693
2018-04-23,21.013505717926616,0.0,0.3867017933648415,-0.20240620537465903,-0.20971496725842287,3.6022019461437846,1.3929779526361237,1.0,16.0,0.04585652398187436,28.1409301324693
2018-04-24,21.68111067694014,0.03177027993211001,0.3869088340799162,-0.17706642724729804,-0.20971496725842287,3.631482642082811,1.405052715029714,1.0,16.0,0.046269631712366754,28.1409301324693
2018-04-25,20.618804826608642,-0.04899683720822279,0.3882331449564128,-0.21738756954464344,-0.21738756954464344,3.560367312264744,1.3822525988405523,1.0,16.0,0.04627836969509521,28.1409301324693
2018-04-26,21.30732157585106,0.03339266048795819,0.38848975266347224,-0.1912540583607918,-0.21738756954464344,3.5908557160878036,1.3950106489931664,1.0,16.0,0.046292780987751095,28.1409301324693
2018-04-27,21.06028373786227,-0.011594035276060843,0.38839217552914707,-0.20063068733752787,-0.21738756954464344,3.574673537666505,1.3883752321007663,1.0,16.0,0.04631260435909711,28.091652905731614
2018-04-28,21.64044950990069,0.027547861142791508,0.3884750937347068,-0.17860977251049337,-0.21738756954464344,3.60018764938306,1.3985832345566178,1.0,16.0,0.04628625612449838,28.091652905731614
2018-04-29,21.99716489254525,0.016483732580571342,0.38833492020086036,-0.1650701956562617,-0.21738756954464344,3.615477460760212,1.4040161512123261,1.0,16.0,0.046257403475765506,28.091652905731614
2018-04-30,21.53934961471053,-0.02081246742801246,0.38844214704667396,-0.18244714501384263,-0.21738756954464344,3.5872515447315583,1.3934396920320242,1.0,16.0,0.04623214260368793,28.091652905731614
2018-05-01,21.635073434608913,0.004444136968416501,0.3882143374210261,-0.17881382814736424,-0.21738756954464344,3.5900479453264045,1.3937080844046064,1.0,16.0,0.04620063275891904,28.07887305284009
2018-05-02,21.82943407861056,0.008983590676920672,0.3880014069897522,-0.17143662770989265,-0.21738756954464344,3.5977144966481083,1.3959182866468942,1.0,16.0,0.046189512166873,28.031093443134317
2018-05-03,22.130719665746547,0.013801804758245995,0.38782896556351204,-0.16000095781571066,-0.21738756954464344,3.6103095540896453,1.4001826197266516,1.0,17.0,0.04614216518461621,28.031093443134317
2018-05-04,22.115540567035964,-0.0006858836467968921,0.3876133461773065,-0.16057709942206988,-0.21738756954464344,3.6073375411233126,1.3982521751058241,1.0,17.0,0.04615413543782545,28.019255641101555
2018-05-05,22.3921523339888,0.012507574305695934,0.3874282538450885,-0.15007795511918864,-0.21738756954464344,3.6186105223027982,1.4019519560012368,1.0,17.0,0.04610989359402934,28.019255641101555
2018-05-06,22.168314710508803,-0.009996253157863566,0.38730731648419625,-0.15857399104426628,-0.21738756954464344,3.604524278120723,1.3960586253610718,1.0,17.0,0.046075460402194214,28.019255641101555
2018-05-07,21.840560593470588,-0.014784800798720354,0.3872715827377921,-0.17101430697353903,-0.21738756954464344,3.5844146791183853,1.3881419459707522,1.0,17.0,0.0460291463138791,28.019255641101555
2018-05-08,21.71057068909437,-0.005951765927431296,0.3870982666232498,-0.17594823577562202,-0.21738756954464344,3.5753117149537186,1.383996967496383,1.0,17.0,0.046001577541989455,28.018728200606418
2018-05-09,21.63304072887135,-0.003571069656955972,0.3869028446049676,-0.17889098202660458,-0.21738756954464344,3.569040805853827,1.3808720402960515,1.0,17.0,0.045955649760883024,28.018728200606418
2018-05-10,21.17387397116228,-0.021225252772545722,0.38702038162636937,-0.19631922848690675,-0.21738756954464344,3.5405636902177497,1.37027031056054,1.0,17.0,0.04590856976692957,28.018728200606418
2018-05-11,20.415760811366532,-0.03580417833922411,0.38765043359796103,-0.22509435815796663,-0.22509435815796663,3.4915992619985197,1.3535199678640468,1.0,17.0,0.0458794564402476,28.007056871171045
2018-05-12,20.6461955512757,0.011287100296593966,0.38745708837524623,-0.21634792045809903,-0.22509435815796663,3.501614557652943,1.356725381120585,1.0,17.0,0.045872486240817155,28.007056871171045
2018-05-13,20.989721001048256,0.01663868042513683,0.3873237620355821,-0.2033089839421075,-0.22509435815796663,3.5169135044182003,1.362184169285,1.0,17.0,0.045832208011202774,28.007056871171045
2018-05-14,20.941366762344547,-0.0023037104066935266,0.3871196428252748,-0.20514432932671933,-0.22509435815796663,3.512188878046825,1.3596373040043894,1.0,17.0,0.04579949108674528,28.007056871171045
2018-05-15,20.546852427257836,-0.01883899649740639,0.38717297055187894,-0.2201186125224769,-0.22509435815796663,3.487141828112216,1.3501270603259163,1.0,17.0,0.045756895515012046,28.004995294830817
2018-05-16,20.461313460154088,-0.0041631178014531756,0.38698320803618386,-0.22336535060970653,-0.22509435815796663,3.4802987659364293,1.3468171813664511,1.0,17.0,0.04572432796327439,28.004995294830817
2018-05-17,20.074393069088956,-0.018909851110908038,0.3870374652161947,-0.23805139619724924,-0.23805139619724924,3.4552567793834195,1.3373138255636312,1.0,17.0,0.045679318174224603,28.004995294830817
2018-05-18,20.254449454205297,0.008969455987867248,0.38682997485107756,-0.23121713173042358,-0.23805139619724924,3.462870975379378,1.3395422923185312,1.0,17.0,0.045652441455694165,28.002886500793092
2018-05-19,20.20940332347469,-0.002224011609520904,0.38662642189293467,-0.2329269137546559,-0.23805139619724924,3.458298374037652,1.3370695261923313,1.0,17.0,0.04561119601550423,28.002886500793092
2018-05-20,20.62214434733949,0.020423216720375503,0.38655652737933005,-0.21726081387389995,-0.23805139619724924,3.477092889658326,1.3440929528016825,1.0,17.0,0.04556969858814514,28.002886500793092
2018-05-21,20.466303841342125,-0.007556949625244447,0.38640316334542885,-0.22317593447315975,-0.23805139619724924,3.4662976811135158,1.3393883890791871,1.0,17.0,0.04554433720735092,28.002886500793092
2018-05-22,19.92670732124931,-0.026365118209709326,0.3866692432681447,-0.24365699278892194,-0.24365699278892194,3.4314364514447573,1.326830936002872,1.0,17.0,0.04551491519095069,28.00221306246521
2018-05-23,19.282011513474423,-0.03235335358628966,0.387146364269251,-0.2681272255337397,-0.2681272255337397,3.3883862329768477,1.3118014108369698,1.0,17.0,0.045479103985032264,28.00221306246521
2018-05-24,19.598331536966317,0.016404928669959906,0.387013432263214,-0.256120904873135,-0.2681272255337397,3.4033583804537946,1.3171454080411964,1.0,17.0,0.04547104430553198,28.00221306246521
2018-05-25,19.412239181396075,-0.00949531623236577,0.3868848422306247,-0.2631842721200106,-0.2681272255337397,3.3903769092286047,1.3116854356292618,1.0,17.0,0.04546551469229191,28.00252363958245
2018-05-26,19.37286470551603,-0.00202833251291179,0.3866811968707086,-0.2646787794168943,-0.2681272255337397,3.3861114036797795,1.3093456103124523,1.0,17.0,0.045425444906615424,28.00252363958245
2018-05-27,19.293237885676284,-0.004110224329243017,0.3864927591457367,-0.26770111458754375,-0.2681272255337397,3.379482810587913,1.3061456359497117,1.0,17.0,0.0453781291011416,28.00252363958245
2018-05-28,18.710071406762307,-0.030226470143040696,0.38688590662207023,-0.2898359249832454,-0.2898359249832454,3.339765782284076,1.2921083125843424,1.0,17.0,0.04533612071709117,28.00252363958245
2018-05-29,19.341179712681814,0.03373094052924941,0.3871540329618919,-0.2658814228028459,-0.2898359249832454,3.3697974728546507,1.3046306818804694,1.0,17.0,0.04534223352600335,28.006195248065413
2018-05-30,19.283016540195746,-0.003007219484545298,0.38695740965374054,-0.2680890784921598,-0.2898359249832454,3.364463117868379,1.3019039329658955,1.0,17.0,0.04533125528915527,28.006195248065413
2018-05-31,19.471264045062078,0.009762347321225828,0.3867584965941143,-0.2609439098682018,-0.2898359249832454,3.372822669860838,1.3044678250739246,1.0,17.0,0.04529055908505911,28.006195248065413
2018-06-01,19.491024056710454,0.0010148294226119958,0.38654292963480663,-0.26019389400297555,-0.2898359249832454,3.371967005776312,1.3034100050446826,1.0,17.0,0.045329357355221984,28.02518086922541
2018-06-02,19.720978284362975,0.011797955150198991,0.386360361440348,-0.25146569474457925,-0.2898359249832454,3.3823523771988406,1.3068068869731644,1.0,17.0,0.04531984509479574,28.032284802177283
2018-06-03,19.869830095304753,0.007547891833530551,0.3861504142121554,-0.24581583877482427,-0.2898359249832454,3.388428946863777,1.308443241359905,1.0,17.0,0.04527971908594367,28.032284802177283
2018-06-04,19.633158420958644,-0.011911107101113871,0.3860604283925965,-0.25479900709314107,-0.2898359249832454,3.3726831382659324,1.3020594971914328,1.0,17.0,0.0452420688357028,28.032284802177283
2018-06-05,19.724848365114717,0.004670157607356451,0.3858433934557882,-0.2513188010071076,-0.2898359249832454,3.3757564602815333,1.3025133281153265,1.0,17.0,0.045292710868881446,28.08966945396968
2018-06-06,19.66621037169698,-0.0029727981849251295,0.3856488559675108,-0.2535444791165612,-0.2898359249832454,3.370487391655962,1.2998246066450414,1.0,17.0,0.045248068397290175,28.08966945396968
2018-06-07,19.696247595167147,0.0015273518843974543,0.3854340951872792,-0.252404378870121,-0.2898359249832454,3.3701989352488595,1.298989577208776,1.0,17.0,0.04520071898471402,28.08966945396968
2018-06-08,19.61359597741413,-0.004196312894304777,0.38524947587784536,-0.25554152401479413,-0.2898359249832454,3.363558316653903,1.2958090785754839,1.0,17.0,0.045262699615311625,28.08966945396968
2018-06-09,19.54560178929714,-0.003466686486011339,0.38505938766830416,-0.2581223281528886,-0.2898359249832454,3.3577537738034415,1.2929346120816907,1.0,17.0,0.045215679854170576,28.08966945396968
2018-06-10,18.72792940732937,-0.04183408578473724,0.3859353558921841,-0.28915810231872185,-0.2898359249832454,3.302021715846104,1.2743669260687864,1.0,17.0,0.0451767286668678,28.08966945396968
2018-06-11,18.809236276765414,0.004341476714677439,0.3857195885688619,-0.2860719987721214,-0.2898359249832454,3.304769612376364,1.2747143752006884,1.0,17.0,0.04517396990445161,28.08966945396968
2018-06-12,18.44432379078606,-0.01940070721691778,0.3857809181562653,-0.2999227068979028,-0.2999227068979028,3.2800161704373085,1.265367649798702,1.0,17.0,0.04520786115672741,28.095356361767877
2018-06-13,18.242198441063618,-0.01095867498397618,0.3856752516778761,-0.30759462641667046,-0.30759462641667046,3.2656610591824924,1.2594846508948472,1.0,17.0,0.045175796645904515,28.095356361767877
2018-06-14,18.59664969457949,0.019430292607605537,0.3855947273683011,-0.29414098740486794,-0.30759462641667046,3.283224920288684,1.2659942180275272,1.0,17.0,0.045142711677101634,28.095356361767877
2018-06-15,18.265181846815008,-0.017824062570856447,0.3856187424207863,-0.30672226261156643,-0.30759462641667046,3.2605521756172036,1.2573300295588647,1.0,17.0,0.045230978388729255,28.095356361767877
2018-06-16,18.272429589584483,0.00039680649392170864,0.3854088660641276,-0.30644716550327944,-0.30759462641667046,3.259113323150935,1.2560911702500925,1.0,17.0,0.045200085130552806,28.095356361767877
2018-06-17,18.19179709607122,-0.004412795414969084,0.3852269249504272,-0.3095076722713854,-0.3095076722713854,3.2523747832809495,1.2529023365496323,1.0,17.0,0.045154026221658726,28.095356361767877
2018-06-18,18.418292975747946,0.01245044007915208,0.3850556306668131,-0.30091073891988607,-0.3095076722713854,3.2633195515399747,1.2565595679855666,1.0,17.0,0.045114165603770094,28.095356361767877
2018-06-19,18.54934478641365,0.007115307093782386,0.3848489804260792,-0.29593650414133565,-0.3095076722713854,3.268937827198904,1.2580473898737408,1.0,17.0,0.0450755868672444,28.09535719772349
2018-06-20,18.472695985583815,-0.004132156780328633,0.38466577012595154,-0.29884580488952983,-0.3095076722713854,3.262522046290888,1.2549805554893798,1.0,17.0,0.045035565187472884,28.09535719772349
2018-06-21,18.389750386405378,-0.004490172914834334,0.38448572532890307,-0.3019941084655374,-0.3095076722713854,3.2557146290006744,1.2517758005952448,1.0,17.0,0.044989708043407475,28.09535719772349
2018-06-22,17.819132628316385,-0.0310291192702008,0.3848956219139887,-0.323652616525263,-0.323652616525263,3.216099826097869,1.2378627427034101,1.0,17.0,0.0451172587494981,28.0799083203092
2018-06-23,17.8497346187752,0.001717367006415671,0.3846843810655963,-0.32249107984400793,-0.323652616525263,3.2161107629912595,1.2371875782996955,1.0,17.0,0.04510203137662364,28.0799083203092
2018-06-24,17.706438377586647,-0.008027919980268416,0.3845402411190531,-0.3279300672409383,-0.3279300672409383,3.20535457963059,1.2325878229232081,1.0,17.0,0.04505841928657038,28.0799083203092
2018-06-25,17.778333009228785,0.004060366636643664,0.38432844221309437,-0.32520121690847215,-0.3279300672409383,3.2078366070869255,1.2328628460758562,0.0,17.0,0.04501859043148874,28.0799083203092
2018-06-26,17.76616486348796,-0.0006844368217486796,0.3841253739434478,-0.3256630740428912,-0.3279300672409383,3.2052814512860017,1.2312299360692325,0.0,17.0,0.04526099533739338,28.133696810303498
2018-06-27,17.76616486348796,0.0,0.38391996968079667,-0.3256630740428912,-0.3279300672409383,3.203468287188281,1.2298754476907185,0.0,17.0,0.04521120326331484,28.133696810303498
2018-06-28,17.76616486348796,0.0,0.38371489420834776,-0.3256630740428912,-0.3279300672409383,3.2016581966262727,1.2285239362097398,0.0,17.0,0.04516152062236614,28.133696810303498
2018-06-29,17.76616486348796,0.0,0.3835101466509244,-0.3256630740428912,-0.3279300672409383,3.1998511709264132,1.227175391823121,0.0,17.0,0.04511194705417474,28.133696810303498
2018-06-30,17.76616486348796,0.0,0.38330572613660424,-0.3256630740428912,-0.3279300672409383,3.1980472014493633,1.2258298047706833,0.0,17.0,0.04506248219994868,28.133696810303498
2018-07-01,17.76616486348796,0.0,0.38310163179670265,-0.3256630740428912,-0.3279300672409383,3.1962462795898436,1.224487165335009,0.0,17.0,0.0450131257024679,28.133696810303498
2018-07-02,17.76616486348796,0.0,0.38289786276575805,-0.3256630740428912,-0.3279300672409383,3.194448396776455,1.223147463841207,0.0,17.0,0.0449638772060757,28.133696810303498
2018-07-03,17.76616486348796,0.0,0.3826944181815163,-0.3256630740428912,-0.3279300672409383,3.192653544471512,1.221810690656681,0.0,17.0,0.044914736356670155,28.133696810303498
2018-07-04,17.76616486348796,0.0,0.3824912971849153,-0.3256630740428912,-0.3279300672409383,3.1908617141708704,1.2204768361908986,0.0,17.0,0.04486570280169562,28.133696810303498
2018-07-05,17.76616486348796,0.0,0.3822884989200703,-0.3256630740428912,-0.3279300672409383,3.189072897403757,1.2191458908951616,0.0,17.0,0.04481677619013434,28.133696810303498
2018-07-06,17.76616486348796,0.0,0.3820860225342582,-0.3256630740428912,-0.3279300672409383,3.187287085732605,1.2178178452623782,0.0,17.0,0.04476795617249803,28.133696810303498
2018-07-07,17.76616486348796,0.0,0.38188386717790324,-0.3256630740428912,-0.3279300672409383,3.1855042707528822,1.2164926898268371,0.0,17.0,0.04471924240081958,28.133696810303498
2018-07-08,17.76616486348796,0.0,0.38168203200456147,-0.3256630740428912,-0.3279300672409383,3.1837244440929284,1.2151704151639817,0.0,17.0,0.044670634528644775,28.133696810303498
2018-07-09,17.76616486348796,0.0,0.3814805161709064,-0.3256630740428912,-0.3279300672409383,3.1819475974137896,1.213851011890188,1.0,17.0,0.044622132211024096,28.133696810303498
2018-07-10,17.218709205975095,-0.030814509587151373,0.38187754651834266,-0.3464424357127668,-0.3464424357127668,3.1432475645765603,1.2003356680602526,1.0,17.0,0.04506677381491076,28.133696810303498
2018-07-11,17.315957866954573,0.005647848501078689,0.38167350326640304,-0.34275124160293835,-0.3464424357127668,3.147372362280055,1.2012686355952833,1.0,17.0,0.04505281975534993,28.133696810303498
2018-07-12,17.069520693101612,-0.01423179565037258,0.3816256910247376,-0.3521050716239066,-0.3521050716239066,3.129628644177141,1.1943466939849139,1.0,17.0,0.04501834370168922,28.133696810303498
2018-07-13,17.204769353000213,0.007923401150523146,0.3814305293847134,-0.34697154020299326,-0.3521050716239066,3.1360416838268312,1.1961820396345961,1.0,17.0,0.04510458898715098,27.874002877072932
2018-07-14,17.23622383434843,0.001828241966099542,0.3812256019666551,-0.3457776461677351,-0.3521050716239066,3.1362292971352925,1.1956109017058616,1.0,17.0,0.04506485062291638,27.874002877072932
2018-07-15,17.41576773427921,0.010416660961027002,0.3810462423120754,-0.33896283371473934,-0.3521050716239066,3.145084493704988,1.198422628080262,1.0,17.0,0.045018762388096774,27.874002877072932
2018-07-16,17.84719789748336,0.02477238843481877,0.3810790048700901,-0.322587364261669,-0.3521050716239066,3.166993350867513,1.206874674578784,1.0,17.0,0.044974740028818794,27.874002877072932
2018-07-17,18.006968906452947,0.008952162120201335,0.3808902696075011,-0.3165230565242665,-0.3521050716239066,3.1743862325879593,1.2090928279687676,1.0,17.0,0.045137453140197195,27.611795827139968
2018-07-18,18.00678058688497,-1.0458149228398383e-05,0.3806911209166981,-0.3165302044281355,-0.3521050716239066,3.1726209445152604,1.207788623611308,1.0,17.0,0.04509910575988294,27.611795827139968
2018-07-19,17.976114755346874,-0.0017030157828675785,0.38049954103103006,-0.3176941642771077,-0.3521050716239066,3.1690541540681862,1.2058236511254241,1.0,17.0,0.045056737499849765,27.611795827139968
2018-07-20,17.77554198480947,-0.011157737546026003,0.38040290717447256,-0.3253071537182256,-0.3521050716239066,3.1549709833387523,1.2001601341131658,1.0,17.0,0.04504821568399963,27.611795827139968
2018-07-21,17.85944623922357,0.0047202079399775165,0.38020004646274264,-0.3221224631881604,-0.3521050716239066,3.1581279328574206,1.2007203868076766,1.0,17.0,0.04501266087716306,27.611795827139968
2018-07-22,17.829726776659015,-0.001664075255552011,0.38000906327757306,-0.32325050242346354,-0.3521050716239066,3.1546208419881743,1.198784511159835,1.0,17.0,0.04496981772886515,27.611795827139968
2018-07-23,17.8141094842389,-0.0008759131654534347,0.3798146805551097,-0.3238432762181048,-0.3521050716239066,3.151959405365434,1.1971604546715457,1.0,17.0,0.04492438292266693,27.611795827139968
2018-07-24,18.372596871889623,0.03135084513457409,0.38001581298938153,-0.3026451914841176,-0.3521050716239066,3.179096462884041,1.208106926914546,1.0,17.0,0.04520949700063835,27.611795827139968
2018-07-25,18.351403012604255,-0.00115355817324847,0.3798231808474856,-0.30344963082313536,-0.3521050716239066,3.176131143134054,1.2063682335739372,1.0,17.0,0.04519227257262573,27.611795827139968
2018-07-26,17.99705656147092,-0.01930895697129864,0.37988239333084,-0.3168992919299135,-0.3521050716239066,3.1524717502549913,1.1975685133947283,1.0,17.0,0.045154126567188244,27.611795827139968
2018-07-27,18.100532686275418,0.0057496138021828624,0.3796831752987885,-0.3129717266705129,-0.3521050716239066,3.1566531412010415,1.1985280879681064,1.0,17.0,0.04517140489494939,27.496848970328177
2018-07-28,18.101426770273704,4.9395452265565964e-05,0.3794865083707907,-0.31293779059823257,-0.3521050716239066,3.15497972082441,1.1972722382363072,1.0,17.0,0.045130652227599426,27.496848970328177
2018-07-29,18.12697348305477,0.0014113093462344573,0.3792865988262408,-0.3119681332806594,-0.3521050716239066,3.1547313500410703,1.1965473239675923,1.0,17.0,0.04508583181128965,27.496848970328177
2018-07-30,17.865653711949932,-0.014416072895407583,0.3792450297672364,-0.3218868508256487,-0.3521050716239066,3.1369989448611406,1.1896912582236525,1.0,17.0,0.045045183753259915,27.496848970328177
2018-07-31,17.44029061432244,-0.023808985917094017,0.3794174110020792,-0.3380320372445371,-0.3521050716239066,3.1079598727767266,1.179214088427297,1.0,17.0,0.04510735792571827,27.496848970328177
2018-08-01,17.307628339145396,-0.007606655078791991,0.37927620292538683,-0.3430673992104285,-0.3521050716239066,3.0980688463249857,1.1750237884355743,1.0,17.0,0.04508067459199019,27.496848970328177
2018-08-02,17.066869475524424,-0.01391056353321607,0.37922477634397883,-0.3522057018907526,-0.3522057018907526,3.0810421331643263,1.1684075138556171,1.0,17.0,0.045039360414033607,27.496848970328177
2018-08-03,17.09228909970784,0.001489413405303841,0.37902577712709523,-0.3512408683792694,-0.3522057018907526,3.0809173127736793,1.1677470787383657,1.0,17.0,0.04520045439239333,27.26492541419744
2018-08-04,16.855104216661537,-0.013876718423301071,0.3789737556568759,-0.3602435161733155,-0.3602435161733155,3.063973398558472,1.161165506084466,1.0,17.0,0.045161513986437835,27.26492541419744
2018-08-05,16.965467502723744,0.00654776645955768,0.37877957621861985,-0.3560545401262306,-0.3602435161733155,3.0689660931195784,1.1624616761811473,1.0,17.0,0.045130152736915126,27.26492541419744
2018-08-06,16.803483423652775,-0.009547870051029417,0.37866221323430926,-0.3622028476970557,-0.3622028476970557,3.056984417084742,1.157564485196103,1.0,17.0,0.045092373114480964,27.26492541419744
2018-08-07,16.643658317602135,-0.00951142700719243,0.3785444187334005,-0.3682692087565803,-0.3682692087565803,3.045063006726517,1.1526916058878702,1.0,17.0,0.04515851494369652,27.175155937339227
2018-08-08,16.333424185767747,-0.018639780144145912,0.3785860141288657,-0.3800445318156449,-0.3800445318156449,3.022630024178074,1.1443254530398141,1.0,17.0,0.045120344565194266,27.175155937339227
2018-08-09,16.47206574544029,0.008488211540685242,0.37840162680361217,-0.37478221865589156,-0.3800445318156449,3.029526720128434,1.1463778393416109,1.0,17.0,0.04509123156919527,27.175155937339227
2018-08-10,16.38414478070633,-0.005337579760346656,0.37823940004108686,-0.3781193684314027,-0.3800445318156449,3.0222410085563283,1.1431306258559149,1.0,17.0,0.04516819754741443,27.113501152705048
2018-08-11,16.354275970208132,-0.0018230314061536967,0.3780535196764604,-0.3792530763536309,-0.3800445318156449,3.0187124977676247,1.1412348846723697,1.0,17.0,0.04512539399003568,27.113501152705048
2018-08-12,16.356869929359775,0.00015861045492737702,0.37785998468580767,-0.3791546194016766,-0.3800445318156449,3.0172565004990286,1.1401004950717166,1.0,17.0,0.04508055293328925,27.113501152705048
2018-08-13,16.277816870650707,-0.0048330187285510195,0.37769427296261876,-0.38215517675364263,-0.38215517675364263,3.0105372525424703,1.1370626788259082,0.0,17.0,0.04503437322202659,27.113501152705048
2018-08-14,16.274983220397985,-0.00017408048482414618,0.37750234895693835,-0.38226273148001944,-0.38226273148001944,3.0087445398989203,1.1358081312232051,0.0,17.0,0.04504796034362566,27.09602139881745
2018-08-15,16.274983220397985,0.0,0.3773101551984065,-0.38226273148001944,-0.38226273148001944,3.0071348785968977,1.1346225277459367,0.0,17.0,0.04500093742051123,27.09602139881745
2018-08-16,16.274983220397985,0.0,0.3771182544380255,-0.38226273148001944,-0.38226273148001944,3.0055277980127206,1.1334393968515197,0.0,17.0,0.044954012563972634,27.09602139881745
2018-08-17,16.274983220397985,0.0,0.37692664593277303,-0.38226273148001944,-0.38226273148001944,3.003923291257783,1.1322587308131327,0.0,17.0,0.044907185467551826,27.09602139881745
2018-08-18,16.274983220397985,0.0,0.3767353289422595,-0.38226273148001944,-0.38226273148001944,3.0023213514691944,1.131080521936116,0.0,17.0,0.04486045582606634,27.09602139881745
2018-08-19,16.274983220397985,0.0,0.37654430272871603,-0.38226273148001944,-0.38226273148001944,3.000721971809654,1.129904762557804,0.0,17.0,0.04481382333560266,27.09602139881745
2018-08-20,16.274983220397985,0.0,0.37635356655698265,-0.38226273148001944,-0.38226273148001944,2.9991251454673318,1.1287314450473598,0.0,17.0,0.044767287693509614,27.09602139881745
2018-08-21,16.274983220397985,0.0,0.3761631196944965,-0.38226273148001944,-0.38226273148001944,2.9975308656557442,1.1275605618056095,0.0,17.0,0.044720848598391864,27.09602139881745
2018-08-22,16.274983220397985,0.0,0.3759729614112797,-0.38226273148001944,-0.38226273148001944,2.9959391256136345,1.1263921052648782,0.0,17.0,0.04467450575010337,27.09602139881745
2018-08-23,16.274983220397985,0.0,0.37578309097992824,-0.38226273148001944,-0.38226273148001944,2.994349918604852,1.1252260678888277,1.0,17.0,0.04462825884974095,27.09602139881745
2018-08-24,16.309137137510774,0.0020985531382904377,0.3755892234436601,-0.3809663769965279,-0.38226273148001944,2.994906359230407,1.1248545537498278,1.0,17.0,0.04470392546404734,27.09602139881745
2018-08-25,16.317543280043086,0.0005154253386574492,0.3753984749645044,-0.380647311381751,-0.38226273148001944,2.9938503704849215,1.123886863351956,1.0,17.0,0.0446601860071095,27.09602139881745
2018-08-26,16.299533286214725,-0.001103719691087801,0.37521349422724276,-0.38133090313990714,-0.38226273148001944,2.991127165860213,1.12231127558044,1.0,17.0,0.044615247628465145,27.09602139881745
2018-08-27,16.42047810700245,0.00742014011468739,0.37502949826773063,-0.3767402917565782,-0.38226273148001944,2.9969545686875905,1.1239463682260902,0.0,17.0,0.0445718382489616,27.09602139881745
2018-08-28,16.416666592013367,-0.0002321196109056345,0.3748418260737866,-0.3768849625575488,-0.38226273148001944,2.995134272176917,1.1227015999189773,0.0,17.0,0.04465498381936731,26.90968277391246
2018-08-29,16.416666592013367,0.0,0.3746536931693645,-0.3768849625575488,-0.38226273148001944,2.9935553220710003,1.1215465571207066,0.0,17.0,0.044609042477989365,26.90968277391246
2018-08-30,16.416666592013367,0.0,0.3744658430136172,-0.3768849625575488,-0.38226273148001944,2.991978866468697,1.1203938885111273,1.0,17.0,0.04456319556896779,26.90968277391246
2018-08-31,16.443963008391805,0.0016627258783288301,0.37427455255401976,-0.37584889305961733,-0.38226273148001944,2.992099448285612,1.1198666822042267,1.0,17.0,0.0447328946640087,26.90968277391246
2018-09-01,16.62504960074158,0.011012344910856342,0.374114112536119,-0.368975525793497,-0.38226273148001944,3.0013320361696323,1.122840671137825,1.0,17.0,0.04468971767728634,26.90968277391246
2018-09-02,16.623320881686777,-0.00010398279080781059,0.37392745912155545,-0.36904114147939304,-0.38226273148001944,2.9996495450179808,1.1216513326237034,1.0,17.0,0.044671658748227705,26.882443242061928
2018-09-03,16.56833940388183,-0.003307490614917863,0.3737563712519778,-0.3711280319823492,-0.38226273148001944,2.994644929048444,1.119267621869283,1.0,17.0,0.04462905007150253,26.882443242061928
2018-09-04,16.612977655112974,0.00269418981244951,0.37356530955838424,-0.36943373153278103,-0.38226273148001944,2.9958046106021476,1.119128676736026,1.0,17.0,0.04462218814859317,26.880477421323036
2018-09-05,16.04871036998197,-0.03396545139861429,0.37405781408974664,-0.39085119947800995,-0.39085119947800995,2.954950227293517,1.105322222765413,1.0,17.0,0.04458778781202796,26.880477421323036
2018-09-06,16.073915768792855,0.0015705560278558295,0.37386797692475593,-0.38989449715748903,-0.39085119947800995,2.9549984570049905,1.1047792949362312,1.0,17.0,0.04457716877709291,26.880477421323036
2018-09-07,15.924778711049706,-0.009278203263494489,0.37375267005913054,-0.3955551800250383,-0.3955551800250383,2.9436605318683253,1.100200983533467,1.0,17.0,0.044565034407122776,26.87996846292595
2018-09-08,15.699673486573198,-0.0141355323399448,0.3737084628415812,-0.4040993293255065,-0.4040993293255065,2.926951574911565,1.0938265738719462,1.0,17.0,0.0445261610618021,26.87996846292595
2018-09-09,15.733872150751967,0.0021783041671545877,0.3735186614239966,-0.4028012764113661,-0.4040993293255065,2.927625242725956,1.0935226618141023,1.0,17.0,0.04449549934860894,26.87996846292595
2018-09-10,15.718181774973818,-0.0009972354947220818,0.3733367306289761,-0.40339682417593137,-0.4040993293255065,2.9250844055673104,1.0920414487883017,1.0,17.0,0.04445517814531689,26.87996846292595
2018-09-11,15.541896218256529,-0.011215391146447207,0.37324727959719495,-0.41008796215201093,-0.41008796215201093,2.9116804851577096,1.086776820141356,1.0,17.0,0.04460436133269021,26.87996846292595
2018-09-12,15.492226156319886,-0.0031958817147612617,0.37307684672913455,-0.41197325124708684,-0.41197325124708684,2.906885169261787,1.0844915527518741,1.0,17.0,0.04457462541699808,26.87996846292595
2018-09-13,15.946738453930534,0.029338088214341917,0.3732320299893273,-0.39472167061978125,-0.41197325124708684,2.931801491233638,1.0942422220988677,1.0,17.0,0.0445448828294708,26.87996846292595
2018-09-14,15.919788841250192,-0.0016899764649804805,0.3730539702653678,-0.39574457675119645,-0.41197325124708684,2.928558447716336,1.0925103560747618,1.0,17.0,0.0447583629443246,26.596653292858225
2018-09-15,15.970694432180125,0.003197629782502487,0.37286534162947804,-0.3938123916135774,-0.41197325124708684,2.930242338465117,1.0925858105889565,1.0,17.0,0.04471808789076272,26.596653292858225
2018-09-16,15.972426403810417,0.00010844685794020315,0.37268109092207424,-0.3937466524721257,-0.41197325124708684,2.92883700857998,1.0915221714905314,1.0,17.0,0.04467618204985278,26.596653292858225
2018-09-17,15.725194052042138,-0.015478697194641566,0.3726614443857986,-0.4031306644617474,-0.41197325124708684,2.9107376654189965,1.0847197026231907,1.0,17.0,0.044635906711621154,26.596653292858225
2018-09-18,16.027664954028253,0.019234796148466904,0.372604042726889,-0.3916500044653982,-0.41197325124708684,2.927245626070307,1.0907035543283996,1.0,17.0,0.04472580709655863,26.596653292858225
2018-09-19,16.057895084706605,0.001886121950081865,0.3724169789573579,-0.39050258218548817,-0.41197325124708684,2.9276281994577364,1.0902984495524195,1.0,17.0,0.04469944248360447,26.596653292858225
2018-09-20,16.610142876122502,0.03439104493476575,0.3727152378426455,-0.3695413291018057,-0.41197325124708684,2.956224914811125,1.1018300722401828,1.0,17.0,0.044664036003047136,26.596653292858225
2018-09-21,17.24266930997248,0.03808073407720358,0.3731320764153042,-0.3455330001086643,-0.41197325124708684,2.987392642715243,1.1146920198441417,1.0,17.0,0.044754234588026916,26.58444376835148
2018-09-22,17.072535972496564,-0.009866995325226058,0.37302664799669677,-0.3519906229371068,-0.41197325124708684,2.975543275926481,1.1099569341879654,1.0,17.0,0.0447522485488818,26.58444376835148
2018-09-23,17.323929919268373,0.01472505005564484,0.37290647787742004,-0.34244865242332845,-0.41197325124708684,2.9879729079070376,1.1142344530807662,1.0,17.0,0.04472313643741038,26.58444376835148
2018-09-24,16.84009496387289,-0.027928706572366235,0.3731897613290047,-0.36081321106606135,-0.41197325124708684,2.955342544910416,1.1029035789805715,1.0,17.0,0.04470619989293981,26.58444376835148
2018-09-25,16.761080829686062,-0.0046920242644912236,0.3730320438418963,-0.3638122909892817,-0.41197325124708684,2.9490369162509777,1.1000852682343054,1.0,17.0,0.04479844524632369,26.430962170305964
2018-09-26,16.794385578168136,0.0019870286898853173,0.37284599682175223,-0.36254816775932486,-0.41197325124708684,2.949503167023734,1.0997104484378792,1.0,17.0,0.04476146043385975,26.430962170305964
2018-09-27,17.089973983342425,0.017600429845944454,0.37276370191939134,-0.3513287415058042,-0.41197325124708684,2.9644237624693703,1.105029575755893,1.0,17.0,0.04472792074003487,26.430962170305964
2018-09-28,17.025059215334874,-0.0037984123364274147,0.3726003992541938,-0.35379266241635443,-0.41197325124708684,2.959049697312368,1.1025430986315896,1.0,17.0,0.0448126390184306,26.349883888966055
2018-09-29,17.035430650753668,0.000609186452018351,0.3724174483238975,-0.3533990016611035,-0.41197325124708684,2.9581469563744043,1.1016655412600593,1.0,17.0,0.04477245008439291,26.349883888966055
2018-09-30,17.045248703149596,0.0005763313295219508,0.3722348442882889,-0.35302634524806065,-0.41197325124708684,2.957213180225303,1.1007777876684413,1.0,17.0,0.04473053224362578,26.349883888966055
2018-10-01,17.02969054824822,-0.0009127561100650272,0.3720571321690888,-0.3536168744044865,-0.41197325124708684,2.9547907911084526,1.099350987899444,1.0,17.0,0.04468769497098035,26.349883888966055
2018-10-02,16.865313815344837,-0.009652361705438706,0.37195032178999965,-0.3598559981330264,-0.41197325124708684,2.9432857833876036,1.0947560942509504,1.0,17.0,0.04494935982093056,26.340908337465645
2018-10-03,16.746879094109197,-0.0070223846726104044,0.3718145024866593,-0.36435133556000043,-0.41197325124708684,2.9345912758833097,1.0911235952442435,1.0,17.0,0.04491341224934255,26.340908337465645
2018-10-04,16.816913215820996,0.0041819207816717885,0.3716307170854995,-0.361693103200337,-0.41197325124708684,2.9372045096582413,1.0915554181510552,1.0,17.0,0.04487866831086983,26.340908337465645
2018-10-05,16.824374675843508,0.000443687847273333,0.37144966892424075,-0.3614098941873961,-0.41197325124708684,2.936155802246973,1.0906341006546267,1.0,17.0,0.04517848237495026,25.97874633312741
2018-10-06,16.7984228694486,-0.001542512390203088,0.3712757172288518,-0.36239492733787315,-0.41197325124708684,2.9331215907225485,1.0889968223149449,1.0,17.0,0.04513506387613031,25.97874633312741
2018-10-07,16.80660875360942,0.00048730075581726595,0.37109508187767,-0.362084221904052,-0.41197325124708684,2.9321207873949806,1.0880956036735585,1.0,17.0,0.04509192352482028,25.97874633312741
2018-10-08,16.838158184402243,0.0018772038580385786,0.3709122810588385,-0.36088672394430654,-0.41197325124708684,2.93249245356727,1.087697465140466,0.0,17.0,0.04504824201641006,25.97874633312741
2018-10-09,16.83511265440874,-0.0001808707318312619,0.37073401009209556,-0.36100232083026984,-0.41197325124708684,2.9308305310625844,1.0865585556811779,0.0,17.0,0.04511561096707397,25.891326787771426
2018-10-10,16.83511265440874,0.0,0.3705554572798352,-0.36100232083026984,-0.41197325124708684,2.929350998871987,1.085486998920151,0.0,17.0,0.04507111825408869,25.891326787771426
2018-10-11,16.83511265440874,0.0,0.370377162004086,-0.36100232083026984,-0.41197325124708684,2.9278737050991674,1.0844175536010179,1.0,17.0,0.04502671321147382,25.891326787771426
2018-10-12,17.010340983736523,0.01040850352028344,0.37022165812496344,-0.35435131123717867,-0.41197325124708684,2.936320620392001,1.087089488868048,1.0,17.0,0.04545013425482859,25.891326787771426
2018-10-13,17.103182747142913,0.005457960160537345,0.3700425755988186,-0.3508273864162079,-0.41197325124708684,2.9401466146090915,1.0879794259080953,1.0,17.0,0.045414003962122945,25.891326787771426
2018-10-14,16.93760435202673,-0.009681145174212813,0.3699384063822971,-0.35711212073143583,-0.41197325124708684,2.9287025289459714,1.083439546326076,1.0,17.0,0.045379673015302414,25.891326787771426
2018-10-15,17.35699756179373,0.024761070163787036,0.36998658062371936,-0.34119352884541865,-0.41197325124708684,2.9494193569368026,1.0912455826984568,1.0,17.0,0.04535498634437678,25.891326787771426
2018-10-16,17.368402763769602,0.0006570953262663437,0.36980780014167436,-0.34076063019230884,-0.41197325124708684,2.948588079330008,1.090410871140995,1.0,17.0,0.04533078452160879,25.883680277963798
2018-10-17,17.349183597144012,-0.001106559243644445,0.3696347522188034,-0.341490117610744,-0.41197325124708684,2.946008984760834,1.0889473011164394,1.0,17.0,0.04529075802565745,25.883680277963798
2018-10-18,17.18734779921453,-0.009328150631602417,0.36952705205915853,-0.34763279698606964,-0.41197325124708684,2.9349686485440465,1.084550312582534,1.0,17.0,0.04525215572793129,25.883680277963798
2018-10-19,17.20722848940726,0.0011567049451131073,0.3693479873823587,-0.3468782006163138,-0.41197325124708684,2.9346385745021815,1.0839028511870148,1.0,17.0,0.045249523720609586,25.883680277963798
2018-10-20,17.251330640190325,0.0025630014043349636,0.3691676773675179,-0.3452042485272916,-0.41197325124708684,2.935679336483443,1.0837579221454086,1.0,17.0,0.04520999322969959,25.883680277963798
2018-10-21,17.24310019871022,-0.0004770902402699839,0.3689932770011576,-0.3455166451896895,-0.41197325124708684,2.9337410032784796,1.08253070667239,1.0,17.0,0.045169108882452215,25.883680277963798
2018-10-22,17.209942858466956,-0.0019229338031535592,0.3688249272507845,-0.3467751733562555,-0.41197325124708684,2.9303646365129614,1.0807915238801644,1.0,17.0,0.045127906659010134,25.883680277963798
2018-10-23,17.186538856330966,-0.0013599116701584757,0.36865431055230585,-0.3476635014212457,-0.41197325124708684,2.927555157997208,1.0792558283753075,1.0,17.0,0.045110560036651697,25.877038642277437
2018-10-24,17.153347813116202,-0.0019312232376873517,0.3684864606880079,-0.34892330882609257,-0.41197325124708684,2.92417873275868,1.07752027165339,1.0,17.0,0.04507132601924377,25.877038642277437
2018-10-25,17.127072382595802,-0.0015317960555961685,0.36831703853903325,-0.3499206255335233,-0.41197325124708684,2.921205531589758,1.075929770358982,1.0,17.0,0.04503125257811951,25.877038642277437
2018-10-26,17.10643283027228,-0.0012050834995300796,0.36814649279260236,-0.3507040254610777,-0.41197325124708684,2.9185613749727652,1.0744581341961787,1.0,17.0,0.0451004666084872,25.780696532986273
2018-10-27,17.060544724897316,-0.002682505805287394,0.3679831233473451,-0.35244576568212804,-0.41197325124708684,2.9144442774924717,1.0724663080534764,1.0,17.0,0.04505869287078432,25.780696532986273
2018-10-28,17.082975909837923,0.0013147988708632763,0.3678060597286925,-0.3515943621060241,-0.41197325124708684,2.914286181755152,1.0718921174331386,1.0,17.0,0.04501824043316835,25.780696532986273
2018-10-29,16.796450504427675,-0.01677256977487407,0.36781443916838524,-0.3624697909100226,-0.41197325124708684,2.8952861500779488,1.064928051522914,1.0,17.0,0.04498266791430264,25.780696532986273
2018-10-30,16.822404698169677,0.0015452189577291886,0.3676374395213119,-0.36148466714481164,-0.41197325124708684,2.8953623470372767,1.0644435997512005,1.0,17.0,0.0451665096330964,25.643374028962164
2018-10-31,16.839467024200825,0.0010142620117208345,0.36746152826810274,-0.36083704529879534,-0.41197325124708684,2.8949230234947643,1.0637728384319027,1.0,17.0,0.045124498921634816,25.643374028962164
2018-11-01,16.86606189887984,0.001579318077038483,0.3672849932897849,-0.35982760369026245,-0.41197325124708684,2.8950337478469774,1.063302450651678,1.0,17.0,0.04508188510703342,25.643374028962164
2018-11-02,17.10185936498439,0.013980588208336364,0.36716651883593576,-0.3508776170351121,-0.41197325124708684,2.9065774666461235,1.0671979301554304,1.0,17.0,0.04544514150497238,25.637997101148066
2018-11-03,17.077464719059503,-0.001426432378156095,0.3669986714490181,-0.3518035462195591,-0.41197325124708684,2.903738614168421,1.0656682136350235,1.0,17.0,0.04541631679406985,25.637997101148066
2018-11-04,17.57804087612856,0.0293120884922915,0.3671550878231285,-0.3328035544059572,-0.41197325124708684,2.92775423528604,1.0749398633809826,1.0,17.0,0.04538954504889611,25.637997101148066
2018-11-05,17.541608587615222,-0.0020726023320843945,0.36699055567281774,-0.3341863873150539,-0.41197325124708684,2.9242683416959165,1.0731788636554136,1.0,17.0,0.04537518801156071,25.637997101148066
2018-11-06,18.005942992211562,0.026470457499785383,0.3670785132440767,-0.31656199637769844,-0.41197325124708684,2.9460431526601103,1.0814291404313658,1.0,17.0,0.04543033197541305,25.627720791478186
2018-11-07,17.88413035746595,-0.006765134977840592,0.3669474574304525,-0.32118554672118915,-0.41197325124708684,2.937809034395023,1.0780215555874664,1.0,17.0,0.04541754384523677,25.627720791478186
2018-11-08,17.61528020614472,-0.015032889268165706,0.36692566229839246,-0.33139008923096,-0.41197325124708684,2.9208291962266997,1.071727187285963,0.0,17.0,0.04538235421799737,25.627720791478186
2018-11-09,17.60592541082711,-0.0005310613971584166,0.36675561425512315,-0.33174516214432703,-0.41197325124708684,2.9188781822316496,1.070514960660246,0.0,17.0,0.045913687509023984,25.08561131160018
2018-11-10,17.60592541082711,0.0,0.3665841852062207,-0.33174516214432703,-0.41197325124708684,2.9174486723378714,1.069490544429949,0.0,17.0,0.04586975096595315,25.08561131160018
2018-11-11,17.60592541082711,0.0,0.36641299613881717,-0.33174516214432703,-0.41197325124708684,2.9160212606806666,1.0684680869304939,0.0,17.0,0.045825898431568875,25.08561131160018
2018-11-12,17.60592541082711,0.0,0.3662420464939717,-0.33174516214432703,-0.41197325124708684,2.9145959421320606,1.0674475825494714,1.0,17.0,0.045782129665158586,25.08561131160018
2018-11-13,17.440710523189455,-0.009384050186652004,0.3661392652989009,-0.33801609908023766,-0.41197325124708684,2.9037058478447966,1.0631607257740159,1.0,17.0,0.04636402061681638,25.08561131160018
2018-11-14,16.219060322129728,-0.07004589632030189,0.3684840954823585,-0.3843853547697723,-0.41197325124708684,2.816335194822065,1.0377747268391406,1.0,17.0,0.046357517503538705,25.08561131160018
2018-11-15,16.091946261482047,-0.007837325845212129,0.36836236286103075,-0.3892101273395262,-0.41197325124708684,2.8071868096914034,1.034061966210244,1.0,17.0,0.04637260019720535,25.08561131160018
2018-11-16,15.869767304850793,-0.013806841821431215,0.3683175147917301,-0.3976432064974815,-0.41197325124708684,2.7918387978985795,1.028283127741136,1.0,17.0,0.04645311831738051,24.929467713778543
2018-11-17,15.945996496045929,0.004803422112675593,0.3681442745522085,-0.39474983255585117,-0.41197325124708684,2.795024478154971,1.0289722588660268,1.0,17.0,0.04642333786542809,24.929467713778543
2018-11-18,15.981378715340028,0.002218877904737626,0.3679695952086965,-0.39340685633247063,-0.41197325124708684,2.795785894672414,1.0287642039527916,1.0,17.0,0.04638482414738878,24.929467713778543
2018-11-19,14.785149741210843,-0.07485142523911048,0.37062146772986415,-0.43881121767625775,-0.43881121767625775,2.703208528671976,1.0018671124762943,1.0,17.0,0.04638578559824393,24.929467713778543
2018-11-20,13.945789981365719,-0.056770460532135525,0.37209456776862637,-0.47067016329424494,-0.47067016329424494,2.6371696750886233,0.9812765103846302,1.0,17.0,0.046395354911780096,24.895277322538956
2018-11-21,14.223305732021373,0.01989960776882982,0.37205583798664005,-0.46013670716346167,-0.47067016329424494,2.6534335690816655,0.9872254500865602,1.0,17.0,0.04640997940563284,24.895277322538956
2018-11-22,13.670007259824308,-0.03890083519412846,0.37268186403086273,-0.48113784014545535,-0.48113784014545535,2.61042577782057,0.9728583447923848,1.0,17.0,0.04640364824156939,24.895277322538956
2018-11-23,13.625738247703898,-0.003238404433808517,0.3725218211290618,-0.4828181256644637,-0.4828181256644637,2.606079818581617,0.9708216000257189,1.0,17.0,0.04639933426284466,24.88391097801536
2018-11-24,12.848096769923623,-0.057071511549938725,0.3739919912524997,-0.5123344769790232,-0.5123344769790232,2.540787899500127,0.9502343258843087,1.0,17.0,0.046386410692155974,24.88391097801536
2018-11-25,12.947504136692936,0.0077371278057321025,0.3738276652566556,-0.5085613465009607,-0.5123344769790232,2.546633560205894,0.9520020780760141,1.0,17.0,0.04640031827238527,24.88391097801536
2018-11-26,12.57662944536765,-0.028644492977935032,0.3741003937886009,-0.5226383575601998,-0.5226383575601998,2.5160376398138657,0.9412506718413091,0.0,17.0,0.04637880609552262,24.88391097801536
2018-11-27,12.533521637358326,-0.0034276121592500264,0.37394078604674963,-0.5242745681301861,-0.5242745681301861,2.511591050930922,0.939186331813091,0.0,17.0,0.04682096068170229,24.526262154167902
2018-11-28,12.533521637358326,0.0,0.37376789365225066,-0.5242745681301861,-0.5242745681301861,2.510388996614081,0.938302807512232,0.0,17.0,0.04677691462273549,24.526262154167902
2018-11-29,12.533521637358326,0.0,0.3735952407493437,-0.5242745681301861,-0.5242745681301861,2.5091886665662346,0.9374209439713371,0.0,17.0,0.04673295135711262,24.526262154167902
2018-11-30,12.533521637358326,0.0,0.3734228267858665,-0.5242745681301861,-0.5242745681301861,2.5079900566690685,0.9365407365122091,0.0,17.0,0.046689070651612985,24.526262154167902
2018-12-01,12.533521637358326,0.0,0.37325065121143697,-0.5242745681301861,-0.5242745681301861,2.506793162818024,0.9356621804742051,0.0,17.0,0.04664527227389102,24.526262154167902
2018-12-02,12.533521637358326,0.0,0.3730787134774452,-0.5242745681301861,-0.5242745681301861,2.505597980922242,0.9347852712141543,0.0,17.0,0.04660155599247219,24.526262154167902
2018-12-03,12.533521637358326,0.0,0.3729070130370464,-0.5242745681301861,-0.5242745681301861,2.5044045069045047,0.9339100041062759,0.0,17.0,0.0465579215767489,24.526262154167902
2018-12-04,12.533521637358326,0.0,0.3727355493451537,-0.5242745681301861,-0.5242745681301861,2.5032127367011747,0.9330363745420979,0.0,17.0,0.04651436879697645,24.526262154167902
2018-12-05,12.533521637358326,0.0,0.3725643218584309,-0.5242745681301861,-0.5242745681301861,2.502022666262137,0.9321643779303763,0.0,17.0,0.046470897424269,24.526262154167902
2018-12-06,12.533521637358326,0.0,0.3723933300352849,-0.5242745681301861,-0.5242745681301861,2.500834291550745,0.9312940096970146,0.0,17.0,0.04642750723059554,24.526262154167902
2018-12-07,12.533521637358326,0.0,0.3722225733358592,-0.5242745681301861,-0.5242745681301861,2.4996476085437576,0.9304252652849838,0.0,17.0,0.04638419798877596,24.526262154167902
2018-12-08,12.533521637358326,0.0,0.37205205122202584,-0.5242745681301861,-0.5242745681301861,2.4984626132312857,0.9295581401542429,0.0,17.0,0.046340969472477005,24.526262154167902
2018-12-09,12.533521637358326,0.0,0.3718817631573792,-0.5242745681301861,-0.5242745681301861,2.4972793016167345,0.9286926297816598,0.0,17.0,0.04629782145620841,24.526262154167902
2018-12-10,12.533521637358326,0.0,0.3717117086072282,-0.5242745681301861,-0.5242745681301861,2.4960976697167467,0.9278287296609327,0.0,17.0,0.04625475371531891,24.526262154167902
2018-12-11,12.533521637358326,0.0,0.37154188703858987,-0.5242745681301861,-0.5242745681301861,2.494917713561145,0.9269664353025118,0.0,17.0,0.046211766025992404,24.526262154167902
2018-12-12,12.533521637358326,0.0,0.37137229792018167,-0.5242745681301861,-0.5242745681301861,2.4937394291928787,0.9261057422335216,0.0,17.0,0.046168858165244034,24.526262154167902
2018-12-13,12.533521637358326,0.0,0.3712029407224153,-0.5242745681301861,-0.5242745681301861,2.4925628126679653,0.9252466459976834,0.0,17.0,0.046126029910916355,24.526262154167902
2018-12-14,12.533521637358326,0.0,0.3710338149173892,-0.5242745681301861,-0.5242745681301861,2.4913878600554358,0.9243891421552389,0.0,17.0,0.046083281041675465,24.526262154167902
2018-12-15,12.533521637358326,0.0,0.3708649199788816,-0.5242745681301861,-0.5242745681301861,2.4902145674372824,0.9235332262828729,0.0,17.0,0.04604061133700725,24.526262154167902
2018-12-16,12.533521637358326,0.0,0.3706962553823443,-0.5242745681301861,-0.5242745681301861,2.489042930908397,0.9226788939736379,0.0,17.0,0.045998020577213534,24.526262154167902
2018-12-17,12.533521637358326,0.0,0.37052782060489503,-0.5242745681301861,-0.5242745681301861,2.487872946576526,0.9218261408368785,0.0,17.0,0.045955508543408345,24.526262154167902
2018-12-18,12.533521637358326,0.0,0.3703596151253112,-0.5242745681301861,-0.5242745681301861,2.486704610562207,0.9209749624981558,0.0,17.0,0.045913075017514154,24.526262154167902
2018-12-19,12.533521637358326,0.0,0.370191638424023,-0.5242745681301861,-0.5242745681301861,2.4855379189987192,0.9201253545991723,0.0,17.0,0.045870719782258144,24.526262154167902
2018-12-20,12.533521637358326,0.0,0.3700238899831066,-0.5242745681301861,-0.5242745681301861,2.4843728680320285,0.9192773127976983,0.0,17.0,0.0458284426211685,24.526262154167902
2018-12-21,12.533521637358326,0.0,0.3698563692862776,-0.5242745681301861,-0.5242745681301861,2.4832094538207365,0.9184308327674979,0.0,17.0,0.045786243318570743,24.526262154167902
2018-12-22,12.533521637358326,0.0,0.369689075818884,-0.5242745681301861,-0.5242745681301861,2.4820476725360234,0.9175859101982545,0.0,17.0,0.04574412165958402,24.526262154167902
2018-12-23,12.533521637358326,0.0,0.3695220090679,-0.5242745681301861,-0.5242745681301861,2.480887520361599,0.9167425407954988,0.0,17.0,0.04570207743011749,24.526262154167902
2018-12-24,12.533521637358326,0.0,0.36935516852191935,-0.5242745681301861,-0.5242745681301861,2.479728993493646,0.9159007202805352,0.0,17.0,0.04566011041686669,24.526262154167902
2018-12-25,12.533521637358326,0.0,0.36918855367114856,-0.5242745681301861,-0.5242745681301861,2.47857208814077,0.9150604443903695,0.0,17.0,0.04561822040730994,24.526262154167902
2018-12-26,12.533521637358326,0.0,0.3690221640074004,-0.5242745681301861,-0.5242745681301861,2.4774168005239483,0.9142217088776377,0.0,17.0,0.0455764071897047,24.526262154167902
2018-12-27,12.533521637358326,0.0,0.36885599902408767,-0.5242745681301861,-0.5242745681301861,2.476263126876476,0.9133845095105336,0.0,17.0,0.04553467055308409,24.526262154167902
2018-12-28,12.533521637358326,0.0,0.3686900582162163,-0.5242745681301861,-0.5242745681301861,2.4751110634439146,0.912548842072738,0.0,17.0,0.04549301028725327,24.526262154167902
2018-12-29,12.533521637358326,0.0,0.36852434108037957,-0.5242745681301861,-0.5242745681301861,2.4739606064840425,0.911714702363348,0.0,17.0,0.04545142618278595,24.526262154167902
2018-12-30,12.533521637358326,0.0,0.36835884711475086,-0.5242745681301861,-0.5242745681301861,2.472811752266802,0.9108820861968061,0.0,17.0,0.045409918031020846,24.526262154167902
2018-12-31,12.533521637358326,0.0,0.36819357581907797,-0.5242745681301861,-0.5242745681301861,2.4716644970742494,0.9100509894028309,0.0,17.0,0.045368485624058236,24.526262154167902
2019-01-01,12.533521637358326,0.0,0.3680285266946765,-0.5242745681301861,-0.5242745681301861,2.4705188372005047,0.9092214078263471,0.0,17.0,0.04532712875475645,24.526262154167902
2019-01-02,12.533521637358326,0.0,0.36786369924442347,-0.5242745681301861,-0.5242745681301861,2.4693747689517003,0.908393337327416,0.0,17.0,0.04528584721672844,24.526262154167902
2019-01-03,12.533521637358326,0.0,0.3676990929727512,-0.5242745681301861,-0.5242745681301861,2.468232288645932,0.9075667737811671,0.0,17.0,0.045244640804338335,24.526262154167902
2019-01-04,12.533521637358326,0.0,0.3675347073856411,-0.5242745681301861,-0.5242745681301861,2.4670913926132094,0.9067417130777298,0.0,17.0,0.04520350931269802,24.526262154167902
2019-01-05,12.533521637358326,0.0,0.36737054199061725,-0.5242745681301861,-0.5242745681301861,2.4659520771954044,0.9059181511221641,0.0,17.0,0.04516245253766379,24.526262154167902
2019-01-06,12.533521637358326,0.0,0.36720659629674024,-0.5242745681301861,-0.5242745681301861,2.464814338746205,0.9050960838343944,0.0,17.0,0.045121470275832874,24.526262154167902
2019-01-07,12.533521637358326,0.0,0.36704286981460127,-0.5242745681301861,-0.5242745681301861,2.4636781736310636,0.9042755071491411,0.0,17.0,0.04508056232454019,24.526262154167902
2019-01-08,12.533521637358326,0.0,0.36687936205631577,-0.5242745681301861,-0.5242745681301861,2.4625435782271503,0.903456417015854,0.0,17.0,0.04503972848185492,24.526262154167902
2019-01-09,12.533521637358326,0.0,0.36671607253551736,-0.5242745681301861,-0.5242745681301861,2.4614105489233014,0.9026388093986449,0.0,17.0,0.04499896854657722,24.526262154167902
2019-01-10,12.533521637358326,0.0,0.3665530007673519,-0.5242745681301861,-0.5242745681301861,2.4602790821199747,0.901822680276223,0.0,17.0,0.04495828231823493,24.526262154167902
2019-01-11,12.533521637358326,0.0,0.3663901462684713,-0.5242745681301861,-0.5242745681301861,2.4591491742292004,0.9010080256418271,0.0,17.0,0.04491766959708024,24.526262154167902
2019-01-12,12.533521637358326,0.0,0.36622750855702735,-0.5242745681301861,-0.5242745681301861,2.4580208216745327,0.9001948415031613,0.0,17.0,0.04487713018408649,24.526262154167902
2019-01-13,12.533521637358326,0.0,0.36606508715266645,-0.5242745681301861,-0.5242745681301861,2.4568940208909997,0.8993831238823289,0.0,17.0,0.04483666388094484,24.526262154167902
2019-01-14,12.533521637358326,0.0,0.3659028815765228,-0.5242745681301861,-0.5242745681301861,2.4557687683250617,0.8985728688157683,0.0,17.0,0.04479627049006111,24.526262154167902
2019-01-15,12.533521637358326,0.0,0.36574089135121285,-0.5242745681301861,-0.5242745681301861,2.45464506043456,0.8977640723541878,0.0,17.0,0.0447559498145525,24.526262154167902
2019-01-16,12.533521637358326,0.0,0.36557911600082976,-0.5242745681301861,-0.5242745681301861,2.453522893688672,0.8969567305625025,0.0,17.0,0.04471570165824445,24.526262154167902
2019-01-17,12.533521637358326,0.0,0.3654175550509367,-0.5242745681301861,-0.5242745681301861,2.452402264567863,0.8961508395197689,0.0,17.0,0.04467552582566741,24.526262154167902
2019-01-18,12.533521637358326,0.0,0.365256208028562,-0.5242745681301861,-0.5242745681301861,2.45128316956384,0.8953463953191227,0.0,17.0,0.04463542212205371,24.526262154167902
2019-01-19,12.533521637358326,0.0,0.3650950744621924,-0.5242745681301861,-0.5242745681301861,2.4501656051795084,0.8945433940677154,0.0,17.0,0.044595390353334374,24.526262154167902
2019-01-20,12.533521637358326,0.0,0.3649341538817681,-0.5242745681301861,-0.5242745681301861,2.449049567928923,0.8937418318866512,0.0,17.0,0.04455543032613605,24.526262154167902
2019-01-21,12.533521637358326,0.0,0.3647734458186764,-0.5242745681301861,-0.5242745681301861,2.447935054337242,0.8929417049109245,0.0,17.0,0.04451554184777782,24.526262154167902
2019-01-22,12.533521637358326,0.0,0.36461294980574627,-0.5242745681301861,-0.5242745681301861,2.446822060940684,0.8921430092893583,0.0,17.0,0.04447572472626818,24.526262154167902
2019-01-23,12.533521637358326,0.0,0.3644526653772427,-0.5242745681301861,-0.5242745681301861,2.4457105842864824,0.8913457411845421,0.0,17.0,0.0444359787703019,24.526262154167902
2019-01-24,12.533521637358326,0.0,0.3642925920688606,-0.5242745681301861,-0.5242745681301861,2.4446006209328393,0.8905498967727702,0.0,17.0,0.04439630378925699,24.526262154167902
2019-01-25,12.533521637358326,0.0,0.36413272941772007,-0.5242745681301861,-0.5242745681301861,2.443492167448879,0.889755472243981,0.0,17.0,0.04435669959319164,24.526262154167902
2019-01-26,12.533521637358326,0.0,0.36397307696235964,-0.5242745681301861,-0.5242745681301861,2.4423852204146077,0.8889624638016957,0.0,17.0,0.044317165992841204,24.526262154167902
2019-01-27,12.533521637358326,0.0,0.3638136342427315,-0.5242745681301861,-0.5242745681301861,2.4412797764208674,0.8881708676629587,0.0,17.0,0.04427770279961516,24.526262154167902
2019-01-28,12.533521637358326,0.0,0.36365440080019573,-0.5242745681301861,-0.5242745681301861,2.440175832069289,0.8873806800582763,0.0,17.0,0.04423830982559415,24.526262154167902
2019-01-29,12.533521637358326,0.0,0.36349537617751465,-0.5242745681301861,-0.5242745681301861,2.4390733839722536,0.886591897231558,0.0,17.0,0.044198986883526956,24.526262154167902
2019-01-30,12.533521637358326,0.0,0.3633365599188474,-0.5242745681301861,-0.5242745681301861,2.4379724287528437,0.8858045154400556,0.0,17.0,0.044159733786827554,24.526262154167902
2019-01-31,12.533521637358326,0.0,0.3631779515697445,-0.5242745681301861,-0.5242745681301861,2.436872963044805,0.8850185309543058,1.0,18.0,0.044120550349572164,24.526262154167902
2019-02-01,12.534910246408886,0.0001107916107490059,0.3630193169022164,-0.524221861743315,-0.5242745681301861,2.4358753074799346,0.8842697901803421,1.0,18.0,0.04409254017142769,24.526262154167902
2019-02-02,12.538330036834084,0.00027282129332983907,0.3628605680985043,-0.5240920593362977,-0.5242745681301861,2.435025563107069,0.8835747591634114,1.0,18.0,0.04405361899252002,24.526262154167902
2019-02-03,12.534260692771829,-0.0003245523167998421,0.3627033277727159,-0.5242465163610235,-0.5242745681301861,2.433636346122625,0.8826880013273093,1.0,18.0,0.044014898560477224,24.526262154167902
2019-02-04,12.5343645845016,8.288620471308406e-06,0.3625455288796274,-0.5242425730209598,-0.5242745681301861,2.432550278090674,0.881910227096668,0.0,18.0,0.04397625959900129,24.526262154167902
2019-02-05,12.534016824702272,-2.7744509662475103e-05,0.3623880133999105,-0.5242557726774896,-0.5242745681301861,2.431433093778458,0.8811222085691738,0.0,18.0,0.04394847766492163,24.511436576786853
2019-02-06,12.534016824702272,0.0,0.36223064311669956,-0.5242557726774896,-0.5242745681301861,2.430342478731375,0.8803445190646997,0.0,18.0,0.043909688187724,24.511436576786853
2019-02-07,12.534016824702272,0.0,0.36207347760020986,-0.5242557726774896,-0.5242745681301861,2.4292533299493555,0.8795682011466532,0.0,18.0,0.04387096712230273,24.511436576786853
2019-02-08,12.534016824702272,0.0,0.361916516406929,-0.5242557726774896,-0.5242745681301861,2.428165644149837,0.8787932511896959,0.0,18.0,0.04383231428783373,24.511436576786853
2019-02-09,12.534016824702272,0.0,0.3617597590946881,-0.5242557726774896,-0.5242745681301861,2.427079418060533,0.8780196655812541,0.0,18.0,0.04379372950412966,24.511436576786853
2019-02-10,12.534016824702272,0.0,0.3616032052226558,-0.5242557726774896,-0.5242745681301861,2.4259946484193975,0.8772474407214642,0.0,18.0,0.04375521259163702,24.511436576786853
2019-02-11,12.534016824702272,0.0,0.3614468543513338,-0.5242557726774896,-0.5242745681301861,2.42491133197458,0.8764765730231148,0.0,18.0,0.04371676337143347,24.511436576786853
2019-02-12,12.534016824702272,0.0,0.36129070604255115,-0.5242557726774896,-0.5242745681301861,2.423829465484386,0.8757070589115933,0.0,18.0,0.043678381665225016,24.511436576786853
2019-02-13,12.534016824702272,0.0,0.36113475985945953,-0.5242557726774896,-0.5242745681301861,2.4227490457172363,0.8749388948248288,0.0,18.0,0.04364006729534324,24.511436576786853
2019-02-14,12.534016824702272,0.0,0.360979015366528,-0.5242557726774896,-0.5242745681301861,2.4216700694516224,0.8741720772132382,0.0,18.0,0.04360182008474259,24.511436576786853
2019-02-15,12.534016824702272,0.0,0.3608234721295376,-0.5242557726774896,-0.5242745681301861,2.420592533476075,0.8734066025396713,0.0,18.0,0.04356363985699763,24.511436576786853
2019-02-16,12.534016824702272,0.0,0.36066812971557655,-0.5242557726774896,-0.5242745681301861,2.4195164345891165,0.8726424672793568,0.0,18.0,0.043525526436300345,24.511436576786853
2019-02-17,12.534016824702272,0.0,0.36051298769303536,-0.5242557726774896,-0.5242745681301861,2.4184417695992213,0.8718796679198467,0.0,18.0,0.043487479647457424,24.511436576786853
2019-02-18,12.534016824702272,0.0,0.36035804563160134,-0.5242557726774896,-0.5242745681301861,2.417368535324781,0.8711182009609647,0.0,18.0,0.04344949931588759,24.511436576786853
2019-02-19,12.534016824702272,0.0,0.3602033031022539,-0.5242557726774896,-0.5242745681301861,2.416296728594061,0.870358062914751,0.0,18.0,0.04341158526761893,24.511436576786853
2019-02-20,12.534016824702272,0.0,0.36004875967725963,-0.5242557726774896,-0.5242745681301861,2.41522634624516,0.8695992503054095,0.0,18.0,0.04337373732928622,24.511436576786853
2019-02-21,12.534016824702272,0.0,0.3598944149301673,-0.5242557726774896,-0.5242745681301861,2.414157385125974,0.8688417596692549,0.0,18.0,0.043335955328128305,24.511436576786853
2019-02-22,12.534016824702272,0.0,0.3597402684358024,-0.5242557726774896,-0.5242745681301861,2.4130898420941573,0.8680855875546603,0.0,18.0,0.043298239091985456,24.511436576786853
2019-02-23,12.534016824702272,0.0,0.35958631977026334,-0.5242557726774896,-0.5242745681301861,2.4120237140170806,0.8673307305220042,0.0,18.0,0.043260588449296776,24.511436576786853
2019-02-24,12.534016824702272,0.0,0.3594325685109153,-0.5242557726774896,-0.5242745681301861,2.410958997771795,0.8665771851436184,0.0,18.0,0.043223003229097556,24.511436576786853
2019-02-25,12.534016824702272,0.0,0.3592790142363863,-0.5242557726774896,-0.5242745681301861,2.4098956902449924,0.8658249480037367,1.0,18.0,0.04318548326101675,24.511436576786853
2019-02-26,12.512835969417166,-0.0016898697026928033,0.35913044447550907,-0.5250597184334729,-0.5250597184334729,2.4073120911405868,0.8645390612825862,1.0,18.0,0.04342621935637589,24.511436576786853
2019-02-27,12.457419987685363,-0.004428730774322154,0.35899514503552277,-0.5271631010744118,-0.5271631010744118,2.402230608162188,0.8623891255859568,1.0,18.0,0.043394243981894495,24.511436576786853
2019-02-28,12.4544879531266,-0.00023536451060179875,0.35884267188123464,-0.5272743900997219,-0.5272743900997219,2.40096330951017,0.8615680890734412,1.0,18.0,0.04336144170791972,24.511436576786853
2019-03-01,12.446480615577642,-0.0006429278810252681,0.3586913962716692,-0.5275783185744014,-0.5275783185744014,2.3993321175767184,0.8606197873730539,1.0,18.0,0.04347185858352435,24.301455655677735
2019-03-02,12.435836872978749,-0.0008551608223750229,0.3585408913214073,-0.5279823150879972,-0.5279823150879972,2.397512229076481,0.8596061715670557,1.0,18.0,0.04344787631315986,24.284300791246995
2019-03-03,12.445817524166246,0.0008025717359789741,0.3583871064884609,-0.5276034870352047,-0.5279823150879972,2.3971755843075355,0.8591168214047632,1.0,18.0,0.04341180986475148,24.284300791246995
2019-03-04,12.383399182836262,-0.0050152062095386585,0.35825630978854456,-0.5299726529603901,-0.5299726529603901,2.391573069015854,0.856796142295284,0.0,18.0,0.043375947293254204,24.284300791246995
2019-03-05,12.381874011266149,-0.00012316259434064225,0.35810453489558003,-0.5300305427478625,-0.5300305427478625,2.390415891922414,0.8560187711838791,0.0,18.0,0.04345084751197578,24.152185447966875
2019-03-06,12.381874011266149,0.0,0.3579526925296304,-0.5300305427478625,-0.5300305427478625,2.3893700967481735,0.8552814595807923,0.0,18.0,0.04341342214805505,24.152185447966875
2019-03-07,12.381874011266149,0.0,0.35780104308631633,-0.5300305427478625,-0.5300305427478625,2.388325672964731,0.8545454170166091,0.0,18.0,0.04337606119956274,24.152185447966875
2019-03-08,12.381874011266149,0.0,0.35764958615759757,-0.5300305427478625,-0.5300305427478625,2.387282617577443,0.8538106402177986,0.0,18.0,0.04333876450033698,24.152185447966875
2019-03-09,12.381874011266149,0.0,0.3574983213366408,-0.5300305427478625,-0.5300305427478625,2.386240927600812,0.8530771259220788,0.0,18.0,0.04330153188478686,24.152185447966875
2019-03-10,12.381874011266149,0.0,0.3573472482178147,-0.5300305427478625,-0.5300305427478625,2.385200600058454,0.852344870878369,0.0,18.0,0.04326436318789005,24.152185447966875
2019-03-11,12.381874011266149,0.0,0.35719636639668567,-0.5300305427478625,-0.5300305427478625,2.384161631983059,0.8516138718467409,1.0,19.0,0.04322725824519032,24.152185447966875
2019-03-12,12.480858511541049,0.007994306854102629,0.3570573179038238,-0.5262734626945329,-0.5300305427478625,2.390049004515021,0.8533844872108375,1.0,19.0,0.043725491263231386,24.152185447966875
2019-03-13,12.467911717247949,-0.001037332029774074,0.35690941881523847,-0.5267648744050337,-0.5300305427478625,2.388084030893354,0.852329683548099,1.0,19.0,0.04369696546733821,24.152185447966875
2019-03-14,12.49656586260778,0.0022982313325325965,0.3567567308827584,-0.5256772706117364,-0.5300305427478625,2.3890737934546493,0.8523181563905511,1.0,19.0,0.043666433974778464,24.152185447966875
2019-03-15,12.65769332544524,0.012893739336787391,0.3566529577714479,-0.5195614769774906,-0.5300305427478625,2.3990045969100895,0.8556120851952835,1.0,19.0,0.04365244624375104,24.152185447966875
2019-03-16,12.930841745973563,0.02157963647130101,0.356662217859542,-0.509193788303856,-0.5300305427478625,2.4157528719366144,0.861607777105471,1.0,19.0,0.043624714306671135,24.152185447966875
2019-03-17,12.846983190602446,-0.006485158276508196,0.35654417168217745,-0.5123767442697988,-0.5300305427478625,2.408826142457999,0.8588529216890621,1.0,19.0,0.043606477971917516,24.152185447966875
2019-03-18,12.88901797230323,0.003271957398647052,0.35639252799367466,-0.5107812617504601,-0.5300305427478625,2.410653415934229,0.8591388650213871,1.0,19.0,0.04357582153851249,24.152185447966875
2019-03-19,12.870129947745825,-0.0014654355047059031,0.35624706970548464,-0.5114981802590584,-0.5300305427478625,2.408304586934103,0.8579514520535517,1.0,19.0,0.04357958397811626,24.15152564051779
2019-03-20,12.891405623743584,0.0016531049868291348,0.3560956549277356,-0.5106906354647696,-0.5300305427478625,2.4087202032790125,0.8577347983243083,1.0,19.0,0.04354569355798456,24.15152564051779
2019-03-21,12.662705052493028,-0.017740545750056236,0.3561200052089944,-0.5193712506322377,-0.5300305427478625,2.3910457507092637,0.851499225197527,1.0,19.0,0.04352099373318235,24.15152564051779
2019-03-22,12.741235819532323,0.00620173704700111,0.3559752044420189,-0.5163905175114298,-0.5300305427478625,2.3953887496543964,0.8526989998763358,1.0,19.0,0.04350773988639922,24.14808041967734
2019-03-23,12.939979577588723,0.015598467909347269,0.3559005869669795,-0.5088469505181759,-0.5300305427478625,2.407437131874788,0.8568082883203386,1.0,19.0,0.04347787603938298,24.14808041967734
2019-03-24,12.887483606639782,-0.004056882055661126,0.3557674524237693,-0.5108395005112019,-0.5300305427478625,2.4027650942728433,0.8548256163622073,1.0,19.0,0.04345693135081693,24.14808041967734
2019-03-25,12.708542949789809,-0.013884840695958633,0.3557310720714921,-0.5176314161213594,-0.5300305427478625,2.3889009631931994,0.8498063007093369,0.0,19.0,0.043431980811809816,24.14808041967734
2019-03-26,12.694411597284587,-0.0011119569380261263,0.3555855731995973,-0.5181677892148892,-0.5300305427478625,2.386888383853532,0.8487430741360187,0.0,19.0,0.043975163016646564,23.735868299478486
2019-03-27,12.694411597284587,0.0,0.35543747129921405,-0.5181677892148892,-0.5300305427478625,2.385862734983918,0.8480250173897107,0.0,19.0,0.04393795898702165,23.735868299478486
2019-03-28,12.694411597284587,0.0,0.35528955423697545,-0.5181677892148892,-0.5300305427478625,2.3848384071467827,0.847308174602399,1.0,19.0,0.04390081785516449,23.735868299478486
2019-03-29,12.785455669641935,0.007171980493906771,0.3551496877234168,-0.5147120979978024,-0.5300305427478625,2.3899880215684206,0.8488034995227314,1.0,19.0,0.04440458468822628,23.735868299478486
2019-03-30,12.811363293822847,0.002026335615274766,0.35499984269837154,-0.5137287418383134,-0.5300305427478625,2.3907372712277306,0.8487113552189783,1.0,19.0,0.04437396468598581,23.735868299478486
2019-03-31,12.883397546224822,0.005622684389623656,0.35485485954463664,-0.510994592025925,-0.5300305427478625,2.394573853384621,0.8497261684120591,1.0,19.0,0.04434106180792102,23.735868299478486
2019-04-01,12.910025415960137,0.002066835991032301,0.3547053820835388,-0.5099838980489148,-0.5300305427478625,2.395356537422391,0.8496458558327117,0.0,19.0,0.04430811710509545,23.735868299478486
2019-04-02,12.901680833284889,-0.0006463645427786657,0.35455989320528225,-0.5103006270826065,-0.5300305427478625,2.3937622205741738,0.8487320772856183,0.0,19.0,0.044812586079334416,23.07087766649891
2019-04-03,12.901680833284889,0.0,0.3544131015169927,-0.5103006270826065,-0.5300305427478625,2.3927395843269577,0.8480182572037969,0.0,19.0,0.04477489677228704,23.07087766649891
2019-04-04,12.901680833284889,0.0,0.3542664919363765,-0.5103006270826065,-0.5300305427478625,2.3917182575984683,0.8473056368195921,0.0,19.0,0.044737270808612846,23.07087766649891
2019-04-05,12.901680833284889,0.0,0.3541200640873431,-0.5103006270826065,-0.5300305427478625,2.390698237596287,0.8465942131110953,0.0,19.0,0.04469970802875675,23.07087766649891
2019-04-06,12.901680833284889,0.0,0.3539738175948881,-0.5103006270826065,-0.5300305427478625,2.3896795215363262,0.845883983066539,0.0,19.0,0.044662208273699065,23.07087766649891
2019-04-07,12.901680833284889,0.0,0.35382775208508915,-0.5103006270826065,-0.5300305427478625,2.3886621066427947,0.8451749436842536,0.0,19.0,0.0446247713849533,23.07087766649891
2019-04-08,12.901680833284889,0.0,0.3536818671851021,-0.5103006270826065,-0.5300305427478625,2.387645990148166,0.8444670919726253,0.0,19.0,0.044587397204563894,23.07087766649891
2019-04-09,12.901680833284889,0.0,0.35353616252315667,-0.5103006270826065,-0.5300305427478625,2.3866311692931483,0.843760424950054,0.0,19.0,0.04455008557510401,23.07087766649891
2019-04-10,12.901680833284889,0.0,0.3533906377285527,-0.5103006270826065,-0.5300305427478625,2.3856176413266534,0.8430549396449118,0.0,19.0,0.04451283633967332,23.07087766649891
2019-04-11,12.901680833284889,0.0,0.35324529243165625,-0.5103006270826065,-0.5300305427478625,2.3846054035057627,0.8423506330955008,0.0,19.0,0.044475649341895816,23.07087766649891
2019-04-12,12.901680833284889,0.0,0.35310012626389564,-0.5103006270826065,-0.5300305427478625,2.3835944530956974,0.8416475023500121,0.0,19.0,0.0444385244259176,23.07087766649891
2019-04-13,12.901680833284889,0.0,0.3529551388577572,-0.5103006270826065,-0.5300305427478625,2.3825847873697903,0.8409455444664842,0.0,19.0,0.04440146143640474,23.07087766649891
2019-04-14,12.901680833284889,0.0,0.35281032984678196,-0.5103006270826065,-0.5300305427478625,2.381576403609448,0.8402447565127621,0.0,19.0,0.044364460218541076,23.07087766649891
2019-04-15,12.901680833284889,0.0,0.3526656988655612,-0.5103006270826065,-0.5300305427478625,2.380569299104128,0.8395451355664566,1.0,19.0,0.04432752061802605,23.07087766649891
2019-04-16,12.94860922354937,0.0036373857694116385,0.3525197383674494,-0.5085194015522669,-0.5300305427478625,2.382706889620674,0.839951209335399,1.0,19.0,0.04440182478775489,23.07087766649891
2019-04-17,12.936061323870895,-0.000969053854498525,0.35237779145228043,-0.508995672720604,-0.5300305427478625,2.3808508851749153,0.8389589766951435,1.0,19.0,0.04436822000100506,23.07087766649891
2019-04-18,12.971801455654013,0.0027628294956492105,0.3522315174593027,-0.507639111482705,-0.5300305427478625,2.3822392206944905,0.839099735656287,1.0,19.0,0.04433314643852856,23.07087766649891
2019-04-19,12.98252585375747,0.0008267470127507615,0.3520862644500244,-0.5072320535889281,-0.5300305427478625,2.3819554962805927,0.8386538127716379,1.0,19.0,0.044376610093480325,23.07087766649891
2019-04-20,12.970464998396547,-0.0009290068432586951,0.35194473441874313,-0.5076898383832825,-0.5300305427478625,2.380138591657665,0.8376772445207582,1.0,19.0,0.044343448150918105,23.07087766649891
2019-04-21,12.88543847945087,-0.006555394810917603,0.3518325471794164,-0.5109171258621068,-0.5300305427478625,2.3732905511449585,0.8350008598061718,1.0,19.0,0.04430898769732562,23.07087766649891
2019-04-22,12.9124927042412,0.0020995967528365522,0.35168690615755627,-0.5098902490476989,-0.5300305427478625,2.374111794711735,0.8349440319543335,1.0,19.0,0.044278176792939404,23.07087766649891
2019-04-23,12.774903527265884,-0.010655508593636953,0.3516132974440201,-0.5151126177107963,-0.5300305427478625,2.3634956563136145,0.8310365012110483,1.0,19.0,0.04456062521863047,23.07087766649891
2019-04-24,12.46938956499897,-0.023915167861334186,0.35176200000393953,-0.5267087808520856,-0.5300305427478625,2.3400356337937542,0.8231356146237772,1.0,19.0,0.04453337816982928,23.07087766649891
2019-04-25,12.134607479008091,-0.026848313964830894,0.35197927425487374,-0.5394158521005664,-0.5394158521005664,2.3136695105586957,0.8143637151920786,1.0,19.0,0.044508473775352914,23.07087766649891
2019-04-26,12.282528088741717,0.012189978949835645,0.3518764470951663,-0.5338013410330444,-0.5394158521005664,2.3228689478980153,0.8173628724540406,1.0,19.0,0.04453286019889669,23.07087766649891
2019-04-27,12.264044862492934,-0.0015048389155100095,0.35173736493715074,-0.5345028949174164,-0.5394158521005664,2.320584338358536,0.816236220288653,1.0,19.0,0.04450875585790946,23.07087766649891
2019-04-28,12.237523886778677,-0.0021624982631437417,0.3516007341090143,-0.535509531598656,-0.5394158521005664,2.3177246631743493,0.8149136930346692,1.0,19.0,0.044478403059008804,23.07087766649891
2019-04-29,12.017134476291924,-0.01800931401857031,0.35163093885435337,-0.5438746863027286,-0.5438746863027286,2.300232110876107,0.8088327767302965,0.0,19.0,0.044452986536665684,23.07087766649891
2019-04-30,11.999609030261835,-0.0014583714665641345,0.3514920840128531,-0.5445398864454023,-0.5445398864454023,2.2980030095459205,0.8077298668931039,0.0,19.0,0.04494798974044281,22.590041845395525
2019-05-01,11.999609030261835,0.0,0.3513497335454014,-0.5445398864454023,-0.5445398864454023,2.297045035510664,0.8070661611684589,0.0,19.0,0.044911056305980655,22.590041845395525
2019-05-02,11.999609030261835,0.0,0.3512075558396364,-0.5445398864454023,-0.5445398864454023,2.296088258536211,0.8064035452725898,1.0,19.0,0.0448741835175521,22.590041845395525
2019-05-03,12.224403180810045,0.018733456230223933,0.3511797981942123,-0.5360075443435144,-0.5445398864454023,2.310358682482423,0.8113512958704234,1.0,19.0,0.04530834493464432,22.590041845395525
2019-05-04,12.113847918371329,-0.009043816765817003,0.3510898875087688,-0.5402038070931932,-0.5445398864454023,2.301349456381779,0.807980521759445,1.0,19.0,0.04529177466132897,22.590041845395525
2019-05-05,12.085218448959639,-0.002363367082417467,0.35095500136602803,-0.5412904742801299,-0.5445398864454023,2.2983353651195184,0.8066122912051111,1.0,19.0,0.0452639399595824,22.590041845395525
2019-05-06,12.12107030095127,0.002966587004036958,0.3508116169227218,-0.5399296725625014,-0.5445398864454023,2.299919012434058,0.8068383075433013,1.0,19.0,0.045232515349113774,22.590041845395525
2019-05-07,12.015081129488333,-0.008744208954436838,0.35071918686547454,-0.543952623639351,-0.5445398864454023,2.291203159009034,0.8035689088712549,1.0,19.0,0.04524970897517412,22.543632111865847
2019-05-08,12.063238943075518,0.004008113891881493,0.3505772768526037,-0.5421247338148039,-0.5445398864454023,2.2936672781110046,0.8041076283660796,1.0,19.0,0.045223579704211314,22.543632111865847
2019-05-09,11.956313787255642,-0.00886371863513935,0.35048617529752574,-0.546183211344259,-0.546183211344259,2.2848552783199967,0.8008101876067393,1.0,19.0,0.045196365121327645,22.543632111865847
2019-05-10,12.035180976852109,0.006596279672797856,0.3503514348640934,-0.5431897088860747,-0.546183211344259,2.289474902594985,0.8021208172094836,1.0,19.0,0.04526795759709585,22.429149120455975
2019-05-11,12.645385862046833,0.05070176230572376,0.3512055984324756,-0.5200286220872079,-0.546183211344259,2.32499005421981,0.8165495233418224,1.0,19.0,0.045241048183355996,22.429149120455975
2019-05-12,12.44616070791227,-0.015754770657691597,0.35119946768721794,-0.5275904610684803,-0.546183211344259,2.309803530109315,0.8112017702364483,1.0,19.0,0.045249717110009934,22.429149120455975
2019-05-13,12.710712168343102,0.02125566804409429,0.35120963517845644,-0.5175490807280883,-0.546183211344259,2.3258314884605094,0.8168544285487819,1.0,19.0,0.04523020317563292,22.429149120455975
2019-05-14,13.492603860782065,0.06151438897234396,0.3525475272783946,-0.48787140721993094,-0.546183211344259,2.3668995655630964,0.8344445891555761,1.0,19.0,0.0453500249862227,22.429149120455975
2019-05-15,14.351676466800699,0.0636698901770647,0.3539846213380489,-0.4552642359610892,-0.546183211344259,2.40870716043469,0.8526452921007208,1.0,19.0,0.045345501138152416,22.429149120455975
2019-05-16,14.112938763869822,-0.016634830326836103,0.3539914420338768,-0.46432582296883596,-0.546183211344259,2.3927834709398845,0.8470248713528346,1.0,19.0,0.04536836395542532,22.429149120455975
2019-05-17,13.676352111578684,-0.0309352048921826,0.3543098011354098,-0.4808970133907463,-0.546183211344259,2.362848226533732,0.8371802852563223,1.0,19.0,0.04542245204089167,22.372136966349885
2019-05-18,13.615994635775065,-0.0044132730212845805,0.35418497874501875,-0.4831879565968171,-0.546183211344259,2.3580798809198553,0.8351964725026553,1.0,19.0,0.045408389980406104,22.372136966349885
2019-05-19,14.267409607149887,0.04784189394899396,0.35490593964543254,-0.4584626896247592,-0.546183211344259,2.3912243002235,0.8486597071738132,1.0,19.0,0.045400380447785285,22.372136966349885
2019-05-20,14.0662664500621,-0.014098085260479731,0.3548744907414615,-0.46609732879816024,-0.546183211344259,2.3777697236284907,0.8438098197731263,1.0,19.0,0.04540863064093799,22.372136966349885
2019-05-21,14.149235688205772,0.0058984548912270895,0.3547363660016225,-0.46294812797577056,-0.546183211344259,2.3816789258598883,0.8448681271421844,1.0,19.0,0.04539074041945068,22.360461284138907
2019-05-22,13.815574063432832,-0.023581600598473806,0.3548715293159962,-0.47561267072250857,-0.546183211344259,2.3592569139208757,0.8372331090924388,1.0,19.0,0.045368156654760974,22.360461284138907
2019-05-23,13.925088158726396,0.007926858108880719,0.3547414567483548,-0.471455926769231,-0.546183211344259,2.3647999196498963,0.8388925684149966,1.0,19.0,0.045354308621563366,22.360461284138907
2019-05-24,14.16231282859355,0.01703577508186127,0.3546884492721674,-0.4624517688168208,-0.546183211344259,2.37738388917654,0.8432306049766614,1.0,19.0,0.045327506873919246,22.35828191174808
2019-05-25,14.229095627362575,0.004715529135480789,0.3545479139601252,-0.45991694447095033,-0.546183211344259,2.3803215739388106,0.8439380485942872,1.0,19.0,0.04530350711487081,22.35828191174808
2019-05-26,14.69541923216927,0.032772539943434875,0.35478932550127124,-0.4422170509608522,-0.546183211344259,2.4039330090787066,0.8528897708412756,1.0,19.0,0.045276468104995006,22.35828191174808
2019-05-27,15.066365570922331,0.02524231074272687,0.354863550982454,-0.4281373204342115,-0.546183211344259,2.4223842589432847,0.8596158799726143,1.0,19.0,0.04526134748051133,22.35828191174808
2019-05-28,15.008992043780543,-0.0038080535661844106,0.35473658882434145,-0.4303150041504997,-0.546183211344259,2.4181535897201467,0.8578075556706609,1.0,19.0,0.04525676472204014,22.356498964291884
2019-05-29,14.997922711812581,-0.0007375133477099949,0.3545980336845435,-0.43073515443892885,-0.546183211344259,2.4165456473106297,0.8569023348452917,1.0,19.0,0.04522507662421229,22.356498964291884
2019-05-30,14.614208646877074,-0.025584480751676963,0.35477770319942775,-0.4452994999227924,-0.546183211344259,2.392258457472857,0.848719961001626,1.0,19.0,0.04519891015127901,22.356498964291884
2019-05-31,14.949902924248153,0.022970404041878334,0.3548111312372765,-0.43255780531378696,-0.546183211344259,2.409064346307905,0.8547628459368978,1.0,19.0,0.045185414314479797,22.357187291769566
2019-06-01,14.951458055335848,0.0001040228217918937,0.3546710139322407,-0.4324987783754919,-0.546183211344259,2.4081707543059356,0.8541083631516551,1.0,19.0,0.04516984609058031,22.357187291769566
2019-06-02,15.100528815818695,0.009970315933812701,0.35455297905925925,-0.426840611903071,-0.546183211344259,2.415261591792241,0.8563381925773476,1.0,19.0,0.04518591381848245,22.363494052227793
2019-06-03,14.687511040301871,-0.027351212699529004,0.35477396594937305,-0.44251721623764195,-0.546183211344259,2.389314462933244,0.8476665679150233,1.0,19.0,0.04516664174795466,22.363494052227793
2019-06-04,14.240892821659626,-0.03040802607172477,0.3550722030041096,-0.45946916726082543,-0.546183211344259,2.360412681326601,0.8381169307574735,1.0,19.0,0.045215870741718844,22.36370799865427
2019-06-05,14.373296541583004,0.009297431107830434,0.3549504869156952,-0.45444361908177466,-0.546183211344259,2.366972443542389,0.8401580213514038,1.0,19.0,0.04520743558252611,22.36370799865427
2019-06-06,14.466574245140357,0.006489652759023912,0.35481601202231516,-0.4509031476091456,-0.546183211344259,2.3713077122025523,0.8413779457214694,1.0,19.0,0.0451782463720501,22.36370799865427
2019-06-07,14.624197720405515,0.010895701538884195,0.35470476621854335,-0.44492035218955417,-0.546183211344259,2.37910078231892,0.8438783868027862,1.0,19.0,0.04515507649403622,22.365598294541176
2019-06-08,14.508230719383882,-0.007929802594218383,0.3546064052483378,-0.4493220242207593,-0.546183211344259,2.3713607088065896,0.8408996964970551,1.0,19.0,0.04513118231549986,22.365598294541176
2019-06-09,14.220424618146632,-0.01983743619769729,0.354665953053337,-0.460246063430757,-0.546183211344259,2.3528205150333394,0.8344653303277425,1.0,19.0,0.045099918302417476,22.365598294541176
2019-06-10,14.588142761107106,0.025858450280818568,0.35475214784000997,-0.4462888630981051,-0.546183211344259,2.371543343674128,0.8413100948640758,1.0,19.0,0.04508952966666549,22.365598294541176
2019-06-11,14.600197016593103,0.0008263050124608373,0.35461201509188284,-0.4458313288102277,-0.546183211344259,2.3712706783782016,0.84088107358799,1.0,19.0,0.045094552691682346,22.370083470257427
2019-06-12,14.905162540838575,0.02088776774031742,0.35461224828506127,-0.43425598231745544,-0.546183211344259,2.386462422925392,0.8462688052413879,1.0,19.0,0.04506977009689733,22.370083470257427
2019-06-13,14.886197592113119,-0.001272374499338369,0.3544767659145126,-0.4349758205787079,-0.546183211344259,2.3844399970064893,0.8452285786560705,1.0,19.0,0.04505128028748825,22.370083470257427
2019-06-14,14.947136177485802,0.004093630021743788,0.35433747429181145,-0.43266282063481776,-0.546183211344259,2.3868296987783513,0.8457432070298061,1.0,19.0,0.04508325878814446,22.385175730702425
2019-06-15,15.08703042057802,0.009359267315897979,0.35421729004205027,-0.42735296031489145,-0.546183211344259,2.3933895647418706,0.8477799656377877,1.0,19.0,0.04505591353980919,22.385175730702425
2019-06-16,15.176574051989908,0.0059351395811964025,0.35408235505425767,-0.4239542202036014,-0.546183211344259,2.3972500547426696,0.8488239450372326,1.0,19.0,0.045025954694402175,22.385175730702425
2019-06-17,15.318824611938664,0.00937303501181841,0.35396250711011074,-0.4185549229411596,-0.546183211344259,2.403811144349606,0.8508590192732108,1.0,19.0,0.0449957543175808,22.385175730702425
2019-06-18,15.100489304443284,-0.014252745430953007,0.35393460637195695,-0.42684211160656005,-0.546183211344259,2.390480998401077,0.8460739512087279,1.0,19.0,0.04498857779852553,22.39631904821032
2019-06-19,15.209466869916266,0.007216823460211685,0.35380456450969516,-0.4227057323111969,-0.546183211344259,2.395351589864288,0.8474863260995403,1.0,19.0,0.0449679617429864,22.39631904821032
2019-06-20,15.222425905646666,0.0008520374738467673,0.3536657932053319,-0.42221385596168914,-0.546183211344259,2.395094201860329,0.8470628907024247,1.0,19.0,0.04493764817359414,22.39631904821032
2019-06-21,15.555016444816074,0.021848721171704666,0.35368140320762476,-0.4095899676037217,-0.546183211344259,2.41088197886256,0.8526841212520854,1.0,19.0,0.0449175291632783,22.40233725217638
2019-06-22,15.922533865406859,0.023626938736748482,0.3537262212747049,-0.3956403859387331,-0.546183211344259,2.427888875912514,0.8588079577514244,1.0,19.0,0.04489141000300276,22.40233725217638
2019-06-23,15.870492832995959,-0.0032683888664205574,0.35359976326837,-0.39761566817264515,-0.546183211344259,2.4241882488342603,0.8571923909057589,1.0,19.0,0.04487705815880142,22.40233725217638
2019-06-24,15.897285487915335,0.0016882056027693881,0.35346080988053696,-0.3965987195686337,-0.546183211344259,2.4246048064191954,0.8570027785171713,1.0,19.0,0.04484829210359878,22.40233725217638
2019-06-25,15.9075599786267,0.0006463047241100917,0.3533230184693012,-0.39620873847055693,-0.546183211344259,2.4241683851860323,0.8565144911317806,1.0,19.0,0.04484032913628469,22.411131712816257
2019-06-26,16.038635942391597,0.008239853499908856,0.3531983015868427,-0.39123358693102916,-0.546183211344259,2.4298084724362123,0.8582042256457908,1.0,19.0,0.044816144838229134,22.411131712816257
2019-06-27,15.046285841493765,-0.06187247496995418,0.3547279419982582,-0.4288994715861879,-0.546183211344259,2.36745990662919,0.8398041804419611,1.0,19.0,0.04481532819157594,22.411131712816257
2019-06-28,15.381101760365242,0.02225239653151756,0.35474933063660374,-0.4161911161685645,-0.546183211344259,2.3834176174152226,0.8455158044055392,1.0,19.0,0.04482714109222666,22.477332940390237
2019-06-29,15.58911590709039,0.013524008225546558,0.35466091349183804,-0.4082956800214811,-0.546183211344259,2.393051184528071,0.8487217191374506,1.0,19.0,0.04480376529813493,22.477332940390237
2019-06-30,14.934521677371091,-0.04199046524643324,0.3553121915922501,-0.4331416197057034,-0.546183211344259,2.353015585001014,0.8360551243574307,1.0,19.0,0.04479515862431098,22.477332940390237
2019-07-01,15.036986750561166,0.0068609544653399634,0.35518154513315403,-0.429252430170208,-0.546183211344259,2.3575561606949225,0.8373604398938089,1.0,19.0,0.04479522749166951,22.477332940390237
2019-07-02,14.88962316089928,-0.009800074450181051,0.35510140095503934,-0.43484579884679986,-0.546183211344259,2.348368665661288,0.8339090031352399,1.0,19.0,0.044872440159090046,22.55191065632171
2019-07-03,15.107378611347,0.014624644834501543,0.3550237736091827,-0.4265806193782078,-0.546183211344259,2.3587936438504147,0.8374278206051288,1.0,19.0,0.044849238341071504,22.55191065632171
2019-07-04,14.850829335885471,-0.016981720129052524,0.35503418911145773,-0.43631826681650177,-0.546183211344259,2.3432544046081474,0.8319354274219053,1.0,19.0,0.04483138294873918,22.55191065632171
2019-07-05,14.818746371887196,-0.002160348305986548,0.35490359314527253,-0.4375360156939003,-0.546183211344259,2.340555103158195,0.8306714160653474,1.0,19.0,0.04480385606356621,22.560362015930615
2019-07-06,14.880137629967189,0.004142810500924687,0.3547666526407142,-0.43520583399332513,-0.546183211344259,2.3429557182974134,0.8312025574657935,1.0,19.0,0.04477437556503922,22.560362015930615
2019-07-07,15.054688658818227,0.011730471396951936,0.3546642634550753,-0.4285805321838184,-0.546183211344259,2.3512089770345663,0.8338898000689255,1.0,19.0,0.044742657949493926,22.560362015930615
2019-07-08,15.132781849444497,0.005187300275421247,0.3545296075518075,-0.4256164078210345,-0.546183211344259,2.354427602933243,0.8347142940770655,0.0,19.0,0.04471514897953226,22.560362015930615
2019-07-09,15.112628542039769,-0.0013317648800619253,0.354396978267771,-0.42638135171678226,-0.546183211344259,2.3524106523378276,0.8336872268334421,0.0,19.0,0.04501561058846849,22.97298614189265
2019-07-10,15.112628542039769,0.0,0.3542613547755529,-0.42638135171678226,-0.546183211344259,2.3514827117911308,0.833039451210417,0.0,19.0,0.04498063342406408,22.97298614189265
2019-07-11,15.112628542039769,0.0,0.354125886819702,-0.42638135171678226,-0.546183211344259,2.350555868495321,0.8323926814501603,0.0,19.0,0.044945710572026766,22.97298614189265
2019-07-12,15.112628542039769,0.0,0.35399057410325435,-0.42638135171678226,-0.546183211344259,2.349630120289679,0.831746915211642,0.0,19.0,0.04491084190595072,22.97298614189265
2019-07-13,15.112628542039769,0.0,0.3538554163300387,-0.42638135171678226,-0.546183211344259,2.3487054650194383,0.8311021501610905,0.0,19.0,0.044876027299822076,22.97298614189265
2019-07-14,15.112628542039769,0.0,0.35372041320467396,-0.42638135171678226,-0.546183211344259,2.347781900535763,0.8304583839719648,0.0,19.0,0.044841266628017414,22.97298614189265
2019-07-15,15.112628542039769,0.0,0.3535855644325667,-0.42638135171678226,-0.546183211344259,2.3468594246957277,0.8298156143249277,0.0,19.0,0.04480655976530223,22.97298614189265
2019-07-16,15.112628542039769,0.0,0.3534508697199082,-0.42638135171678226,-0.546183211344259,2.345938035362296,0.8291738389078163,0.0,19.0,0.044771906586829446,22.97298614189265
2019-07-17,15.112628542039769,0.0,0.35331632877367164,-0.42638135171678226,-0.546183211344259,2.345017730404302,0.8285330554156156,0.0,19.0,0.04473730696813793,22.97298614189265
2019-07-18,15.112628542039769,0.0,0.35318194130161,-0.42638135171678226,-0.546183211344259,2.3440985076964234,0.8278932615504299,0.0,19.0,0.044702760785150945,22.97298614189265
2019-07-19,15.112628542039769,0.0,0.3530477070122527,-0.42638135171678226,-0.546183211344259,2.343180365119169,0.8272544550214557,0.0,19.0,0.04466826791417475,22.97298614189265
2019-07-20,15.112628542039769,0.0,0.3529136256149036,-0.42638135171678226,-0.546183211344259,2.3422633005588516,0.826616633544955,0.0,19.0,0.04463382823189705,22.97298614189265
2019-07-21,15.112628542039769,0.0,0.35277969681963767,-0.42638135171678226,-0.546183211344259,2.3413473119075725,0.825979794844227,0.0,19.0,0.04459944161538557,22.97298614189265
2019-07-22,15.112628542039769,0.0,0.352645920337299,-0.42638135171678226,-0.546183211344259,2.340432397063196,0.8253439366495816,0.0,19.0,0.04456510794208659,22.97298614189265
2019-07-23,15.112628542039769,0.0,0.35251229587949784,-0.42638135171678226,-0.546183211344259,2.3395185539293353,0.8247090566983127,0.0,19.0,0.04453082708982344,22.97298614189265
2019-07-24,15.112628542039769,0.0,0.35237882315860797,-0.42638135171678226,-0.546183211344259,2.338605780415327,0.8240751527346708,0.0,19.0,0.04449659893679514,22.97298614189265
2019-07-25,15.112628542039769,0.0,0.3522455018877643,-0.42638135171678226,-0.546183211344259,2.337694074436212,0.8234422225098361,0.0,19.0,0.04446242336157487,22.97298614189265
2019-07-26,15.112628542039769,0.0,0.35211233178086027,-0.42638135171678226,-0.546183211344259,2.3367834339127183,0.822810263781893,0.0,19.0,0.04442830024310858,22.97298614189265
2019-07-27,15.112628542039769,0.0,0.3519793125525449,-0.42638135171678226,-0.546183211344259,2.3358738567712396,0.8221792743158026,0.0,19.0,0.04439422946071356,22.97298614189265
2019-07-28,15.112628542039769,0.0,0.35184644391822073,-0.42638135171678226,-0.546183211344259,2.3349653409438136,0.8215492518833767,0.0,19.0,0.04436021089407699,22.97298614189265
2019-07-29,15.112628542039769,0.0,0.3517137255940409,-0.42638135171678226,-0.546183211344259,2.334057884368106,0.8209201942632517,0.0,19.0,0.04432624442325458,22.97298614189265
2019-07-30,15.112628542039769,0.0,0.3515811572969069,-0.42638135171678226,-0.546183211344259,2.333151484987386,0.820292099240862,0.0,19.0,0.04429232992866907,22.97298614189265
2019-07-31,15.112628542039769,0.0,0.35144873874446586,-0.42638135171678226,-0.546183211344259,2.3322461407505104,0.8196649646084149,0.0,19.0,0.044258467291108924,22.97298614189265
2019-08-01,15.112628542039769,0.0,0.3513164696551079,-0.42638135171678226,-0.546183211344259,2.3313418496119045,0.8190387881648638,0.0,19.0,0.044224656391726874,22.97298614189265
2019-08-02,15.112628542039769,0.0,0.351184349747964,-0.42638135171678226,-0.546183211344259,2.330438609531539,0.8184135677158829,0.0,19.0,0.04419089711203853,22.97298614189265
2019-08-03,15.112628542039769,0.0,0.35105237874290307,-0.42638135171678226,-0.546183211344259,2.3295364184749148,0.8177893010738417,0.0,19.0,0.044157189333921036,22.97298614189265
2019-08-04,15.112628542039769,0.0,0.35092055636052977,-0.42638135171678226,-0.546183211344259,2.3286352744130414,0.8171659860577795,0.0,19.0,0.044123532939611645,22.97298614189265
2019-08-05,15.112628542039769,0.0,0.35078888232218197,-0.42638135171678226,-0.546183211344259,2.3277351753224167,0.8165436204933789,0.0,19.0,0.04408992781170638,22.97298614189265
2019-08-06,15.112628542039769,0.0,0.350657356349928,-0.42638135171678226,-0.546183211344259,2.326836119185013,0.8159222022129426,0.0,19.0,0.044056373833158656,22.97298614189265
2019-08-07,15.112628542039769,0.0,0.3505259781665647,-0.42638135171678226,-0.546183211344259,2.32593810398825,0.8153017290553662,0.0,19.0,0.04402287088727793,22.97298614189265
2019-08-08,15.112628542039769,0.0,0.3503947474956146,-0.42638135171678226,-0.546183211344259,2.3250411277249827,0.8146821988661144,0.0,19.0,0.04398941885772833,22.97298614189265
2019-08-09,15.112628542039769,0.0,0.3502636640613234,-0.42638135171678226,-0.546183211344259,2.324145188393482,0.8140636094971957,0.0,19.0,0.04395601762852732,22.97298614189265
2019-08-10,15.112628542039769,0.0,0.3501327275886578,-0.42638135171678226,-0.546183211344259,2.3232502839974103,0.8134459588071371,0.0,19.0,0.04392266708404437,22.97298614189265
2019-08-11,15.112628542039769,0.0,0.3500019378033032,-0.42638135171678226,-0.546183211344259,2.322356412545808,0.8128292446609602,0.0,19.0,0.043889367108999607,22.97298614189265
2019-08-12,15.112628542039769,0.0,0.34987129443166076,-0.42638135171678226,-0.546183211344259,2.321463572053075,0.8122134649301564,0.0,19.0,0.04385611758846248,22.97298614189265
2019-08-13,15.112628542039769,0.0,0.34974079720084555,-0.42638135171678226,-0.546183211344259,2.32057176053895,0.8115986174926622,0.0,19.0,0.04382291840785047,22.97298614189265
2019-08-14,15.112628542039769,0.0,0.3496104458386836,-0.42638135171678226,-0.546183211344259,2.3196809760284927,0.8109847002328341,0.0,19.0,0.04378976945292774,22.97298614189265
2019-08-15,15.112628542039769,0.0,0.3494802400737103,-0.42638135171678226,-0.546183211344259,2.3187912165520634,0.8103717110414259,0.0,19.0,0.04375667060980384,22.97298614189265
2019-08-16,15.112628542039769,0.0,0.34935017963516724,-0.42638135171678226,-0.546183211344259,2.3179024801453103,0.8097596478155639,0.0,19.0,0.043723621764932386,22.97298614189265
2019-08-17,15.112628542039769,0.0,0.34922026425300023,-0.42638135171678226,-0.546183211344259,2.3170147648491457,0.8091485084587219,0.0,19.0,0.0436906228051098,22.97298614189265
2019-08-18,15.112628542039769,0.0,0.34909049365785694,-0.42638135171678226,-0.546183211344259,2.316128068709731,0.8085382908806988,0.0,19.0,0.04365767361747396,22.97298614189265
2019-08-19,15.112628542039769,0.0,0.3489608675810846,-0.42638135171678226,-0.546183211344259,2.3152423897784558,0.8079289929975935,0.0,19.0,0.04362477408950299,22.97298614189265
2019-08-20,15.112628542039769,0.0,0.3488313857547274,-0.42638135171678226,-0.546183211344259,2.3143577261119237,0.8073206127317821,0.0,19.0,0.04359192410901391,22.97298614189265
2019-08-21,15.112628542039769,0.0,0.3487020479115245,-0.42638135171678226,-0.546183211344259,2.3134740757719303,0.8067131480118935,0.0,19.0,0.04355912356416138,22.97298614189265
2019-08-22,15.112628542039769,0.0,0.34857285378490754,-0.42638135171678226,-0.546183211344259,2.31259143682545,0.8061065967727868,0.0,19.0,0.04352637234343645,22.97298614189265
2019-08-23,15.112628542039769,0.0,0.34844380310899814,-0.42638135171678226,-0.546183211344259,2.311709807344615,0.805500956955527,0.0,19.0,0.04349367033566527,22.97298614189265
2019-08-24,15.112628542039769,0.0,0.3483148956186062,-0.42638135171678226,-0.546183211344259,2.3108291854066967,0.8048962265073624,0.0,19.0,0.04346101743000787,22.97298614189265
2019-08-25,15.112628542039769,0.0,0.34818613104922697,-0.42638135171678226,-0.546183211344259,2.30994956909409,0.8042924033817003,0.0,19.0,0.043428413515956846,22.97298614189265
2019-08-26,15.112628542039769,0.0,0.34805750913703914,-0.42638135171678226,-0.546183211344259,2.309070956494298,0.8036894855380858,0.0,19.0,0.043395858483336186,22.97298614189265
2019-08-27,15.112628542039769,0.0,0.34792902961890243,-0.42638135171678226,-0.546183211344259,2.3081933456999093,0.8030874709421773,0.0,19.0,0.043363352222299985,22.97298614189265
2019-08-28,15.112628542039769,0.0,0.3478006922323555,-0.42638135171678226,-0.546183211344259,2.3073167348085835,0.8024863575657235,0.0,19.0,0.043330894623331194,22.97298614189265
2019-08-29,15.112628542039769,0.0,0.34767249671561334,-0.42638135171678226,-0.546183211344259,2.3064411219230347,0.8018861433865418,0.0,19.0,0.04329848557724045,22.97298614189265
2019-08-30,15.112628542039769,0.0,0.3475444428075654,-0.42638135171678226,-0.546183211344259,2.305566505151014,0.8012868263884951,0.0,19.0,0.04326612497516478,22.97298614189265
2019-08-31,15.112628542039769,0.0,0.34741653024777336,-0.42638135171678226,-0.546183211344259,2.30469288260529,0.8006884045614687,0.0,19.0,0.04323381270856645,22.97298614189265
2019-09-01,15.112628542039769,0.0,0.34728875877646853,-0.42638135171678226,-0.546183211344259,2.303820252403633,0.8000908759013482,0.0,19.0,0.0432015486692317,22.97298614189265
2019-09-02,15.112628542039769,0.0,0.34716112813455,-0.42638135171678226,-0.546183211344259,2.3029486126688,0.7994942384099974,0.0,19.0,0.04316933274926956,22.97298614189265
2019-09-03,15.112628542039769,0.0,0.34703363806358245,-0.42638135171678226,-0.546183211344259,2.3020779615285134,0.7988984900952358,0.0,19.0,0.04313716484111064,22.97298614189265
2019-09-04,15.112628542039769,0.0,0.3469062883057935,-0.42638135171678226,-0.546183211344259,2.3012082971154504,0.7983036289708165,0.0,19.0,0.04310504483750594,22.97298614189265
2019-09-05,15.112628542039769,0.0,0.3467790786040722,-0.42638135171678226,-0.546183211344259,2.3003396175672184,0.7977096530564037,0.0,19.0,0.04307297263152565,22.97298614189265
2019-09-06,15.112628542039769,0.0,0.34665200870196616,-0.42638135171678226,-0.546183211344259,2.2994719210263446,0.7971165603775513,0.0,19.0,0.043040948116557974,22.97298614189265
2019-09-07,15.112628542039769,0.0,0.34652507834368,-0.42638135171678226,-0.546183211344259,2.2986052056402575,0.7965243489656809,0.0,19.0,0.043008971186307934,22.97298614189265
2019-09-08,15.112628542039769,0.0,0.34639828727407285,-0.42638135171678226,-0.546183211344259,2.297739469561268,0.7959330168580598,0.0,19.0,0.0429770417347962,22.97298614189265
2019-09-09,15.112628542039769,0.0,0.34627163523865606,-0.42638135171678226,-0.546183211344259,2.296874710946556,0.7953425620977794,0.0,19.0,0.04294515965635792,22.97298614189265
2019-09-10,15.112628542039769,0.0,0.3461451219835915,-0.42638135171678226,-0.546183211344259,2.2960109279581515,0.7947529827337335,0.0,19.0,0.042913324845641566,22.97298614189265
2019-09-11,15.112628542039769,0.0,0.34601874725568904,-0.42638135171678226,-0.546183211344259,2.2951481187629215,0.7941642768205974,0.0,19.0,0.04288153719760776,22.97298614189265
2019-09-12,15.112628542039769,0.0,0.3458925108024047,-0.42638135171678226,-0.546183211344259,2.294286281532548,0.7935764424188058,0.0,19.0,0.04284979660752811,22.97298614189265
2019-09-13,15.112628542039769,0.0,0.34576641237183814,-0.42638135171678226,-0.546183211344259,2.2934254144435187,0.7929894775945315,0.0,19.0,0.04281810297098408,22.97298614189265
2019-09-14,15.112628542039769,0.0,0.34564045171273117,-0.42638135171678226,-0.546183211344259,2.2925655156771043,0.7924033804196648,0.0,19.0,0.04278645618386584,22.97298614189265
2019-09-15,15.112628542039769,0.0,0.34551462857446497,-0.42638135171678226,-0.546183211344259,2.291706583419348,0.7918181489717921,0.0,19.0,0.04275485614237111,22.97298614189265
2019-09-16,15.112628542039769,0.0,0.3453889427070586,-0.42638135171678226,-0.546183211344259,2.290848615861044,0.7912337813341747,0.0,19.0,0.042723302743004045,22.97298614189265
2019-09-17,15.112628542039769,0.0,0.3452633938611664,-0.42638135171678226,-0.546183211344259,2.2899916111977263,0.7906502755957275,0.0,19.0,0.042691795882574095,22.97298614189265
2019-09-18,15.112628542039769,0.0,0.34513798178807614,-0.42638135171678226,-0.546183211344259,2.2891355676296503,0.7900676298509997,0.0,19.0,0.0426603354581949,22.97298614189265
2019-09-19,15.112628542039769,0.0,0.3450127062397071,-0.42638135171678226,-0.546183211344259,2.2882804833617785,0.7894858422001522,1.0,19.0,0.04262892136728312,22.97298614189265
2019-09-20,15.079339131675853,-0.002202754489155301,0.3448931624281282,-0.42764489276935125,-0.546183211344259,2.285673887400149,0.7883132953048307,1.0,19.0,0.042693059589731054,22.97298614189265
2019-09-21,15.05039060792853,-0.0019197475097906258,0.3447728129449268,-0.4287436700611733,-0.546183211344259,2.2832961221566737,0.7872184268221996,1.0,19.0,0.042663320079172506,22.97298614189265
2019-09-22,15.013601102346248,-0.002444421978184508,0.34465435897332153,-0.4301400615892528,-0.546183211344259,2.280500556248298,0.7859844573520604,1.0,19.0,0.04263308751270181,22.97298614189265
2019-09-23,14.921966308505692,-0.006103452011005928,0.34455430497378703,-0.43361817437633754,-0.546183211344259,2.2747407636460606,0.78377172281361,0.0,19.0,0.04260345049581282,22.97298614189265
2019-09-24,14.915191728449091,-0.0004540004927325869,0.3444305148881647,-0.43387531200424545,-0.546183211344259,2.27353581390354,0.7830751109994788,0.0,19.0,0.04266294312922865,22.855143960751793
2019-09-25,14.915191728449091,0.0,0.3443060215602895,-0.43387531200424545,-0.546183211344259,2.272690455618195,0.7825010090119424,0.0,19.0,0.042631665311685225,22.855143960751793
2019-09-26,14.915191728449091,0.0,0.3441816630910505,-0.43387531200424545,-0.546183211344259,2.271846039609108,0.7819277481994794,0.0,19.0,0.042600433322445896,22.855143960751793
2019-09-27,14.915191728449091,0.0,0.34405743923721416,-0.43387531200424545,-0.546183211344259,2.2710025641270697,0.7813553267147068,0.0,19.0,0.04256924706086285,22.855143960751793
2019-09-28,14.915191728449091,0.0,0.34393334975616047,-0.43387531200424545,-0.546183211344259,2.2701600274274125,0.7807837427156471,0.0,19.0,0.042538106426582775,22.855143960751793
2019-09-29,14.915191728449091,0.0,0.3438093944058809,-0.43387531200424545,-0.546183211344259,2.269318427769998,0.7802129943657087,0.0,19.0,0.0425070113195458,22.855143960751793
2019-09-30,14.915191728449091,0.0,0.34368557294497676,-0.43387531200424545,-0.546183211344259,2.268477763419198,0.7796430798336665,0.0,19.0,0.042475961639984405,22.855143960751793
2019-10-01,14.915191728449091,0.0,0.3435618851326568,-0.43387531200424545,-0.546183211344259,2.267638032643884,0.7790739972936419,0.0,19.0,0.042444957288422375,22.855143960751793
2019-10-02,14.915191728449091,0.0,0.3434383307287355,-0.43387531200424545,-0.546183211344259,2.2667992337174088,0.7785057449250835,0.0,19.0,0.042413998165673705,22.855143960751793
2019-10-03,14.915191728449091,0.0,0.3433149094936309,-0.43387531200424545,-0.546183211344259,2.265961364917592,0.7779383209127475,0.0,19.0,0.04238308417284158,22.855143960751793
2019-10-04,14.915191728449091,0.0,0.34319162118836294,-0.43387531200424545,-0.546183211344259,2.2651244245267077,0.7773717234466785,0.0,19.0,0.042352215211317296,22.855143960751793
2019-10-05,14.915191728449091,0.0,0.34306846557455145,-0.43387531200424545,-0.546183211344259,2.264288410831465,0.7768059507221903,0.0,19.0,0.04232139118277922,22.855143960751793
2019-10-06,14.915191728449091,0.0,0.3429454424144139,-0.43387531200424545,-0.546183211344259,2.2634533221229995,0.7762410009398469,0.0,19.0,0.04229061198919175,22.855143960751793
2019-10-07,14.915191728449091,0.0,0.3428225514707637,-0.43387531200424545,-0.546183211344259,2.262619156696853,0.7756768723054429,0.0,19.0,0.04225987753280425,22.855143960751793
2019-10-08,14.915191728449091,0.0,0.3426997925070085,-0.43387531200424545,-0.546183211344259,2.2617859128529627,0.7751135630299851,0.0,19.0,0.04222918771615007,22.855143960751793
2019-10-09,14.915191728449091,0.0,0.34257716528714804,-0.43387531200424545,-0.546183211344259,2.2609535888956427,0.7745510713296732,0.0,19.0,0.04219854244204546,22.855143960751793
2019-10-10,14.915191728449091,0.0,0.3424546695757721,-0.43387531200424545,-0.546183211344259,2.2601221831335736,0.7739893954258806,0.0,19.0,0.042167941613588576,22.855143960751793
2019-10-11,14.915191728449091,0.0,0.34233230513805885,-0.43387531200424545,-0.546183211344259,2.2592916938797876,0.7734285335451373,0.0,19.0,0.04213738513415844,22.855143960751793
2019-10-12,14.915191728449091,0.0,0.342210071739773,-0.43387531200424545,-0.546183211344259,2.25846211945165,0.772868483919109,0.0,19.0,0.04210687290741394,22.855143960751793
2019-10-13,14.915191728449091,0.0,0.34208796914726364,-0.43387531200424545,-0.546183211344259,2.257633458170851,0.7723092447845801,0.0,19.0,0.0420764048372928,22.855143960751793
2019-10-14,14.915191728449091,0.0,0.34196599712746284,-0.43387531200424545,-0.546183211344259,2.2568057083633826,0.7717508143834342,0.0,19.0,0.042045980828010594,22.855143960751793
2019-10-15,14.915191728449091,0.0,0.34184415544788294,-0.43387531200424545,-0.546183211344259,2.255978868359538,0.7711931909626369,0.0,19.0,0.04201560078405972,22.855143960751793
2019-10-16,14.915191728449091,0.0,0.3417224438766158,-0.43387531200424545,-0.546183211344259,2.2551529364938827,0.7706363727742161,0.0,19.0,0.04198526461020841,22.855143960751793
2019-10-17,14.915191728449091,0.0,0.34160086218233,-0.43387531200424545,-0.546183211344259,2.2543279111052517,0.7700803580752449,0.0,19.0,0.04195497221149975,22.855143960751793
2019-10-18,14.915191728449091,0.0,0.3414794101342696,-0.43387531200424545,-0.546183211344259,2.2535037905367274,0.7695251451278223,0.0,19.0,0.041924723493250646,22.855143960751793
2019-10-19,14.915191728449091,0.0,0.3413580875022519,-0.43387531200424545,-0.546183211344259,2.2526805731356316,0.7689707321990559,0.0,19.0,0.0418945183610509,22.855143960751793
2019-10-20,14.915191728449091,0.0,0.34123689405666585,-0.43387531200424545,-0.546183211344259,2.251858257253508,0.7684171175610436,0.0,19.0,0.04186435672076217,22.855143960751793
2019-10-21,14.915191728449091,0.0,0.3411158295684703,-0.43387531200424545,-0.546183211344259,2.2510368412461097,0.7678642994908558,0.0,19.0,0.041834238478517013,22.855143960751793
2019-10-22,14.915191728449091,0.0,0.3409948938091918,-0.43387531200424545,-0.546183211344259,2.2502163234733863,0.7673122762705173,0.0,19.0,0.041804163540717934,22.855143960751793
2019-10-23,14.915191728449091,0.0,0.3408740865509232,-0.43387531200424545,-0.546183211344259,2.2493967022994665,0.7667610461869896,0.0,19.0,0.041774131814036386,22.855143960751793
2019-10-24,14.915191728449091,0.0,0.3407534075663217,-0.43387531200424545,-0.546183211344259,2.2485779760926494,0.7662106075321533,0.0,19.0,0.04174414320541181,22.855143960751793
2019-10-25,14.915191728449091,0.0,0.34063285662860693,-0.43387531200424545,-0.546183211344259,2.247760143225387,0.7656609586027903,0.0,19.0,0.04171419762205068,22.855143960751793
2019-10-26,14.915191728449091,0.0,0.3405124335115594,-0.43387531200424545,-0.546183211344259,2.246943202074272,0.7651120977005659,0.0,19.0,0.041684294971425555,22.855143960751793
2019-10-27,14.915191728449091,0.0,0.3403921379895185,-0.43387531200424545,-0.546183211344259,2.2461271510200254,0.7645640231320125,0.0,19.0,0.0416544351612741,22.855143960751793
2019-10-28,14.915191728449091,0.0,0.34027196983738084,-0.43387531200424545,-0.546183211344259,2.245311988447481,0.7640167332085107,0.0,19.0,0.04162461809959817,22.855143960751793
2019-10-29,14.915191728449091,0.0,0.34015192883059847,-0.43387531200424545,-0.546183211344259,2.244497712745572,0.7634702262462728,0.0,19.0,0.04159484369466284,22.855143960751793
2019-10-30,14.915191728449091,0.0,0.34003201474517714,-0.43387531200424545,-0.546183211344259,2.2436843223073204,0.7629245005663255,0.0,19.0,0.04156511185499546,22.855143960751793
2019-10-31,14.915191728449091,0.0,0.33991222735767446,-0.43387531200424545,-0.546183211344259,2.2428718155298206,0.7623795544944925,1.0,19.0,0.04153542248938475,22.855143960751793
2019-11-01,14.921641251465589,0.00043241301445662295,0.33979194607232066,-0.43363051232135097,-0.546183211344259,2.2423958276544544,0.7619480421431593,1.0,19.0,0.04153647690658492,22.855143960751793
2019-11-02,14.927870824459962,0.00041748577716016477,0.3396718113798844,-0.4333940611156276,-0.546183211344259,2.24190890634339,0.7615132591663549,1.0,19.0,0.04151103167675537,22.84980393502664
2019-11-03,14.921645887064768,-0.0004170010223423226,0.33955313682853266,-0.4336303363714076,-0.546183211344259,2.2407744651261323,0.7608619985588557,1.0,19.0,0.041481813753574674,22.84980393502664
2019-11-04,14.944146638079712,0.0015079268858972927,0.3394323190467744,-0.4327762923282654,-0.546183211344259,2.241130409220354,0.7607120920879112,1.0,19.0,0.041452643393482855,22.84980393502664
2019-11-05,15.06900032088697,0.00835468801471162,0.33932654423069636,-0.4280373152161201,-0.546183211344259,2.246629707931971,0.7623410949585744,1.0,19.0,0.04172112841595449,22.84980393502664
2019-11-06,15.101354937130289,0.0021470977207740383,0.3392058531843655,-0.42680925543925285,-0.546183211344259,2.2474738346050036,0.7623562795767279,1.0,19.0,0.04169822223328516,22.84980393502664
2019-11-07,14.865415735409448,-0.015623710766556997,0.3392051916901577,-0.43576462184633746,-0.546183211344259,2.23393216790205,0.7577613892360244,1.0,19.0,0.04167901144140607,22.84980393502664
2019-11-08,14.63831744658976,-0.015276955105852807,0.33919971967338597,-0.4443844203875248,-0.546183211344259,2.2207061873398204,0.7532629162226209,1.0,19.0,0.04167739592476548,22.80623854904291
2019-11-09,14.735712159362048,0.006653408981438513,0.339087370183033,-0.440687682699904,-0.546183211344259,2.224948296929133,0.7544518667989177,1.0,19.0,0.04166072666258599,22.80623854904291
2019-11-10,14.913907832751525,0.012092776478146883,0.3390054573084238,-0.4339240438653196,-0.546183211344259,2.233141614145095,0.7570471941377296,1.0,19.0,0.04163410782865735,22.80623854904291
2019-11-11,14.780712367527304,-0.008930956709529703,0.3389314946392507,-0.4389796437238641,-0.546183211344259,2.225229575446326,0.7542003859214885,1.0,19.0,0.041615850465981354,22.80623854904291
2019-11-12,14.814776589257523,0.0023046400527391153,0.338811476801862,-0.43768669374038816,-0.546183211344259,2.2261996641312156,0.7542619958601063,1.0,19.0,0.04166734888043655,22.80623854904291
2019-11-13,14.830027104490934,0.0010294124343710465,0.3386919745963025,-0.4371078414309122,-0.546183211344259,2.226194193865953,0.7539941073552836,1.0,19.0,0.04164396831981249,22.80623854904291
2019-11-14,14.676493594325336,-0.010352881291707416,0.3386309336752719,-0.44293539712861085,-0.546183211344259,2.217128968353167,0.7507884526319254,1.0,19.0,0.04161926870313395,22.80623854904291
2019-11-15,14.448926420848235,-0.015505554648631459,0.3386286700952877,-0.4515729927712514,-0.546183211344259,2.203765540099713,0.7462581940457893,1.0,19.0,0.041598280950106155,22.803168967186874
2019-11-16,14.485292357884708,0.002516860836387247,0.3385091615836088,-0.4501926783151403,-0.546183211344259,2.2049032266943405,0.7463799426412948,1.0,19.0,0.04158102137032425,22.803168967186874
2019-11-17,14.5138019779609,0.0019681770565489476,0.33838969702306637,-0.4491105601590776,-0.546183211344259,2.2056232576100876,0.7463601858897062,1.0,19.0,0.041554022683930346,22.803168967186874
2019-11-18,14.12433031553765,-0.02683457187955718,0.3385873053872923,-0.4638934424301778,-0.546183211344259,2.1823809680614166,0.7389264913044254,1.0,19.0,0.04153655954254829,22.803168967186874
2019-11-19,14.008865625991824,-0.008174878876827663,0.3385074774600214,-0.4682760486033841,-0.546183211344259,2.175145403674389,0.7363029837065774,1.0,19.0,0.04155596626502462,22.75930240066248
2019-11-20,13.93719136818314,-0.005116349868878767,0.3384075771783854,-0.470996534372392,-0.546183211344259,2.1703690812790333,0.7344693423785158,1.0,19.0,0.04153137241735094,22.75930240066248
2019-11-21,13.557271466806132,-0.027259430637102233,0.3386133920448645,-0.48541686765045444,-0.546183211344259,2.1468453314258102,0.726950579869775,1.0,19.0,0.041507021987142186,22.75930240066248
2019-11-22,13.187359505749923,-0.02728513344015482,0.33881890594323966,-0.4994573370826646,-0.546183211344259,2.1233637859021335,0.7194357948588562,1.0,19.0,0.041528983084701224,22.75930240066248
2019-11-23,13.369415504800434,0.013805341317276731,0.33875282334709805,-0.4925471747772322,-0.546183211344259,2.1327388088255472,0.7224712929515809,1.0,19.0,0.04152401363281946,22.75930240066248
2019-11-24,12.906743008851713,-0.034606785598263023,0.33913971421368116,-0.5101084859009494,-0.546183211344259,2.102654129161851,0.7130935204541667,1.0,19.0,0.04151771471585752,22.75930240066248
2019-11-25,13.05870289474264,0.011773681848837425,0.33905709821954194,-0.5043406590735019,-0.546183211344259,2.1105849802474888,0.7156088189484627,0.0,19.0,0.041517049296165176,22.75930240066248
2019-11-26,13.031923958969957,-0.002050658169385544,0.3389442645236344,-0.5053570869502051,-0.546183211344259,2.1082584256908854,0.7145821015215524,0.0,19.0,0.041836559598648425,22.64979941685432
2019-11-27,13.031923958969957,0.0,0.3388269282731541,-0.5053570869502051,-0.546183211344259,2.1075106009303854,0.7140813432163515,0.0,19.0,0.041807241757303895,22.64979941685432
2019-11-28,13.031923958969957,0.0,0.3387097137726854,-0.5053570869502051,-0.546183211344259,2.106763571393211,0.7135812862533149,0.0,19.0,0.0417779649773618,22.64979941685432
2019-11-29,13.031923958969957,0.0,0.3385926208118677,-0.5053570869502051,-0.546183211344259,2.1060173356709844,0.7130819291600655,0.0,19.0,0.04174872917261907,22.64979941685432
2019-11-30,13.031923958969957,0.0,0.33847564918084916,-0.5053570869502051,-0.546183211344259,2.1052718923588163,0.7125832704683451,0.0,19.0,0.04171953425711374,22.64979941685432
2019-12-01,13.031923958969957,0.0,0.3383587986702846,-0.5053570869502051,-0.546183211344259,2.104527240055296,0.7120853087139997,0.0,19.0,0.04169038014512415,22.64979941685432
2019-12-02,13.031923958969957,0.0,0.33824206907133403,-0.5053570869502051,-0.546183211344259,2.103783377362481,0.7115880424369648,0.0,19.0,0.041661266751168054,22.64979941685432
2019-12-03,13.031923958969957,0.0,0.3381254601756612,-0.5053570869502051,-0.546183211344259,2.1030403028858844,0.7110914701812516,0.0,19.0,0.04163219399000185,22.64979941685432
2019-12-04,13.031923958969957,0.0,0.3380089717754319,-0.5053570869502051,-0.546183211344259,2.102298015234465,0.7105955904949328,0.0,19.0,0.041603161776619706,22.64979941685432
2019-12-05,13.031923958969957,0.0,0.33789260366331253,-0.5053570869502051,-0.546183211344259,2.1015565130206157,0.710100401930128,0.0,19.0,0.04157417002625272,22.64979941685432
2019-12-06,13.031923958969957,0.0,0.3377763556324685,-0.5053570869502051,-0.546183211344259,2.1008157948601527,0.70960590304299,0.0,19.0,0.041545218654368145,22.64979941685432
2019-12-07,13.031923958969957,0.0,0.33766022747656266,-0.5053570869502051,-0.546183211344259,2.1000758593723066,0.7091120923936908,0.0,19.0,0.041516307576668514,22.64979941685432
2019-12-08,13.031923958969957,0.0,0.33754421898975373,-0.5053570869502051,-0.546183211344259,2.0993367051797076,0.7086189685464073,0.0,19.0,0.04148743670909086,22.64979941685432
2019-12-09,13.031923958969957,0.0,0.337428329966695,-0.5053570869502051,-0.546183211344259,2.0985983309083784,0.7081265300693076,0.0,19.0,0.04145860596780587,22.64979941685432
2019-12-10,13.031923958969957,0.0,0.3373125602025324,-0.5053570869502051,-0.546183211344259,2.0978607351877216,0.7076347755345372,0.0,19.0,0.04142981526921712,22.64979941685432
2019-12-11,13.031923958969957,0.0,0.33719690949290343,-0.5053570869502051,-0.546183211344259,2.0971239166505096,0.7071437035182051,0.0,19.0,0.0414010645299602,22.64979941685432
2019-12-12,13.031923958969957,0.0,0.33708137763393525,-0.5053570869502051,-0.546183211344259,2.096387873932875,0.7066533126003701,0.0,19.0,0.04137235366690198,22.64979941685432
2019-12-13,13.031923958969957,0.0,0.33696596442224347,-0.5053570869502051,-0.546183211344259,2.0956526056742963,0.7061636013650268,0.0,19.0,0.04134368259713975,22.64979941685432
2019-12-14,13.031923958969957,0.0,0.33685066965493043,-0.5053570869502051,-0.546183211344259,2.0949181105175922,0.7056745684000926,0.0,19.0,0.04131505123800045,22.64979941685432
2019-12-15,13.031923958969957,0.0,0.3367354931295839,-0.5053570869502051,-0.546183211344259,2.094184387108908,0.7051862122973935,0.0,19.0,0.0412864595070399,22.64979941685432
2019-12-16,13.031923958969957,0.0,0.3366204346442754,-0.5053570869502051,-0.546183211344259,2.0934514340977053,0.7046985316526512,0.0,19.0,0.041257907322041945,22.64979941685432
2019-12-17,13.031923958969957,0.0,0.3365054939975588,-0.5053570869502051,-0.546183211344259,2.092719250136753,0.7042115250654689,0.0,19.0,0.04122939460101773,22.64979941685432
2019-12-18,13.031923958969957,0.0,0.33639067098846887,-0.5053570869502051,-0.546183211344259,2.0919878338821167,0.7037251911393188,0.0,19.0,0.04120092126220487,22.64979941685432
2019-12-19,13.031923958969957,0.0,0.33627596541652,-0.5053570869502051,-0.546183211344259,2.091257183993145,0.7032395284815277,0.0,19.0,0.0411724872240667,22.64979941685432
2019-12-20,13.031923958969957,0.0,0.336161377081704,-0.5053570869502051,-0.546183211344259,2.090527299132464,0.7027545357032645,0.0,19.0,0.04114409240529149,22.64979941685432
2019-12-21,13.031923958969957,0.0,0.3360469057844896,-0.5053570869502051,-0.546183211344259,2.089798177965966,0.702270211419527,0.0,19.0,0.04111573672479163,22.64979941685432
2019-12-22,13.031923958969957,0.0,0.33593255132582034,-0.5053570869502051,-0.546183211344259,2.0890698191627948,0.7017865542491278,0.0,19.0,0.04108742010170293,22.64979941685432
2019-12-23,13.031923958969957,0.0,0.33581831350711344,-0.5053570869502051,-0.546183211344259,2.088342221395341,0.7013035628146824,0.0,19.0,0.04105914245538379,22.64979941685432
2019-12-24,13.031923958969957,0.0,0.33570419213025793,-0.5053570869502051,-0.546183211344259,2.087615383339231,0.7008212357425952,0.0,19.0,0.04103090370541448,22.64979941685432
2019-12-25,13.031923958969957,0.0,0.3355901869976139,-0.5053570869502051,-0.546183211344259,2.0868893036733125,0.7003395716630472,0.0,19.0,0.04100270377159632,22.64979941685432
2019-12-26,13.031923958969957,0.0,0.3354762979120104,-0.5053570869502051,-0.546183211344259,2.086163981079649,0.6998585692099819,0.0,19.0,0.040974542573951,22.64979941685432
2019-12-27,13.031923958969957,0.0,0.3353625246767444,-0.5053570869502051,-0.546183211344259,2.085439414243508,0.6993782270210938,0.0,19.0,0.040946420032719734,22.64979941685432
2019-12-28,13.031923958969957,0.0,0.3352488670955792,-0.5053570869502051,-0.546183211344259,2.084715601853351,0.6988985437378145,0.0,19.0,0.040918336068362586,22.64979941685432
2019-12-29,13.031923958969957,0.0,0.335135324972743,-0.5053570869502051,-0.546183211344259,2.0839925426008254,0.6984195180053007,0.0,19.0,0.04089029060155768,22.64979941685432
2019-12-30,13.031923958969957,0.0,0.33502189811292765,-0.5053570869502051,-0.546183211344259,2.0832702351807506,0.6979411484724203,0.0,19.0,0.04086228355320045,22.64979941685432
2019-12-31,13.031923958969957,0.0,0.33490858632128706,-0.5053570869502051,-0.546183211344259,2.082548678291112,0.697463433791741,0.0,19.0,0.04083431484440291,22.64979941685432
2020-01-01,13.031923958969957,0.0,0.33479538940343584,-0.5053570869502051,-0.546183211344259,2.0818278706330475,0.6969863726195168,0.0,19.0,0.04080638439649292,22.64979941685432
2020-01-02,13.031923958969957,0.0,0.33468230716544795,-0.5053570869502051,-0.546183211344259,2.081107810910843,0.6965099636156757,0.0,19.0,0.040778492131013436,22.64979941685432
2020-01-03,13.031923958969957,0.0,0.33456933941385536,-0.5053570869502051,-0.546183211344259,2.0803884978319163,0.6960342054438071,0.0,19.0,0.04075063796972176,22.64979941685432
2020-01-04,13.031923958969957,0.0,0.33445648595564637,-0.5053570869502051,-0.546183211344259,2.0796699301068124,0.6955590967711491,0.0,19.0,0.04072282183458884,22.64979941685432
2020-01-05,13.031923958969957,0.0,0.3343437465982646,-0.5053570869502051,-0.546183211344259,2.0789521064491914,0.6950846362685769,0.0,19.0,0.04069504364779854,22.64979941685432
2020-01-06,13.031923958969957,0.0,0.3342311211496075,-0.5053570869502051,-0.546183211344259,2.0782350255758173,0.6946108226105887,0.0,19.0,0.04066730333174687,22.64979941685432
2020-01-07,13.031923958969957,0.0,0.33411860941802485,-0.5053570869502051,-0.546183211344259,2.077518686206553,0.6941376544752954,0.0,19.0,0.04063960080904132,22.64979941685432
2020-01-08,13.031923958969957,0.0,0.3340062112123173,-0.5053570869502051,-0.546183211344259,2.076803087064347,0.6936651305444068,0.0,19.0,0.040611936002500106,22.64979941685432
2020-01-09,13.031923958969957,0.0,0.3338939263417355,-0.5053570869502051,-0.546183211344259,2.0760882268752234,0.6931932495032201,0.0,19.0,0.04058430883515147,22.64979941685432
2020-01-10,13.031923958969957,0.0,0.33378175461597803,-0.5053570869502051,-0.546183211344259,2.075374104368277,0.6927220100406074,0.0,19.0,0.04055671923023294,22.64979941685432
2020-01-11,13.031923958969957,0.0,0.33366969584519074,-0.5053570869502051,-0.546183211344259,2.0746607182756582,0.6922514108490038,0.0,19.0,0.04052916711119066,22.64979941685432
2020-01-12,13.031923958969957,0.0,0.3335577498399651,-0.5053570869502051,-0.546183211344259,2.073948067332565,0.6917814506243949,0.0,19.0,0.040501652401678655,22.64979941685432
2020-01-13,13.031923958969957,0.0,0.33344591641133653,-0.5053570869502051,-0.546183211344259,2.073236150277238,0.691312128066305,0.0,19.0,0.04047417502555811,22.64979941685432
2020-01-14,13.031923958969957,0.0,0.3333341953707837,-0.5053570869502051,-0.546183211344259,2.072524965850944,0.6908434418777855,0.0,19.0,0.040446734906896716,22.64979941685432
2020-01-15,13.031923958969957,0.0,0.3332225865302268,-0.5053570869502051,-0.546183211344259,2.071814512797973,0.6903753907654021,0.0,19.0,0.04041933196996792,22.64979941685432
2020-01-16,13.031923958969957,0.0,0.333111089702026,-0.5053570869502051,-0.546183211344259,2.0711047898656245,0.6899079734392238,0.0,19.0,0.04039196613925027,22.64979941685432
2020-01-17,13.031923958969957,0.0,0.33299970469898094,-0.5053570869502051,-0.546183211344259,2.0703957958042003,0.6894411886128103,0.0,19.0,0.0403646373394267,22.64979941685432
2020-01-18,13.031923958969957,0.0,0.3328884313343284,-0.5053570869502051,-0.546183211344259,2.0696875293669947,0.6889750350032006,0.0,19.0,0.04033734549538381,22.64979941685432
2020-01-19,13.031923958969957,0.0,0.3327772694217417,-0.5053570869502051,-0.546183211344259,2.0689799893102854,0.6885095113309011,0.0,19.0,0.040310090532211254,22.64979941685432
2020-01-20,13.031923958969957,0.0,0.3326662187753292,-0.5053570869502051,-0.546183211344259,2.068273174393324,0.6880446163198741,1.0,20.0,0.04028287237520098,22.64979941685432
2020-01-21,13.049129725344098,0.0013202782972270288,0.3325540823044588,-0.5047040206472282,-0.546183211344259,2.0685523199315345,0.6879055184535907,1.0,20.0,0.04035606177812442,22.64979941685432
2020-01-22,13.043667409517603,-0.00041859617778849945,0.33244390377977984,-0.5049113496510593,-0.546183211344259,2.0675326689389784,0.6873386316543011,1.0,20.0,0.040330746320406216,22.64979941685432
2020-01-23,12.961537708688363,-0.006296519088589525,0.3323566164476186,-0.5080286847885254,-0.546183211344259,2.062022416276089,0.6853267933126639,0.0,20.0,0.04030486619729614,22.64979941685432
2020-01-24,12.958276929293914,-0.0002515734990503615,0.3322463687702041,-0.5081524517337256,-0.546183211344259,2.0611315084031743,0.684803459224808,0.0,20.0,0.04037372894671931,22.51496615061015
2020-01-25,12.958276929293914,0.0,0.3321358584904047,-0.5081524517337256,-0.546183211344259,2.0604298059006148,0.6843426224420187,0.0,20.0,0.0403465595463514,22.51496615061015
2020-01-26,12.958276929293914,0.0,0.3320254583892554,-0.5081524517337256,-0.546183211344259,2.05972881958435,0.6838824054800537,0.0,20.0,0.04031942668855291,22.51496615061015
2020-01-27,12.958276929293914,0.0,0.3319151682838325,-0.5081524517337256,-0.546183211344259,2.0590285482369244,0.683422807089274,1.0,20.0,0.040292330299649314,22.51496615061015
2020-01-28,13.166868371184382,0.01609715882972984,0.331878379397979,-0.5002351036292703,-0.546183211344259,2.069763445490777,0.6869097380266563,1.0,20.0,0.040665886709802423,22.51496615061015
2020-01-29,13.11897401127592,-0.0036374905982411443,0.33177823127953415,-0.5020529937411496,-0.546183211344259,2.066312967558524,0.6855576616465324,1.0,20.0,0.040652464764198,22.51496615061015
2020-01-30,13.542280412982333,0.032266730717095404,0.33200735039142176,-0.4859858717788116,-0.546183211344259,2.087293635324098,0.6929968293528324,1.0,20.0,0.040640564385142165,22.51496615061015
2020-01-31,13.354045056888104,-0.013899827086269467,0.331987980651604,-0.4931305792809856,-0.546183211344259,2.0757737254400976,0.6891319273985151,1.0,20.0,0.04064355990350551,22.505626177259504
2020-02-01,13.508779375907883,0.011587074804721098,0.3319114039634515,-0.48725744538688875,-0.546183211344259,2.08339660774486,0.6915030930892886,1.0,20.0,0.04062949056076446,22.505626177259504
2020-02-02,13.573087261638342,0.004760451254770537,0.33180332574923377,-0.4848165594494065,-0.546183211344259,2.0861854432490214,0.6922032681996647,1.0,20.0,0.04069920852321374,22.39624682562885
2020-02-03,13.587073432741285,0.0010304340371016796,0.33169261200598693,-0.48428569689691203,-0.546183211344259,2.0862443372976722,0.691991833520964,1.0,20.0,0.04067698713344928,22.39624682562885
2020-02-04,13.552853150342694,-0.002518591112941948,0.3315888983860791,-0.48558457035752456,-0.546183211344259,2.083648697744141,0.6909147763085679,1.0,20.0,0.040759269230267445,22.33144733884125
2020-02-05,13.944496534054776,0.028897485966058678,0.33174604250017453,-0.47071925769870704,-0.546183211344259,2.1025090498343846,0.6974990566033593,1.0,20.0,0.04074355091094774,22.33144733884125
2020-02-06,14.092387666326871,0.010605698951620113,0.33166304644396644,-0.46510586548496946,-0.546183211344259,2.109422830004555,0.6996176020377639,1.0,20.0,0.040732736593010535,22.33144733884125
2020-02-07,14.13155654625283,0.002779435313119416,0.3315526729812937,-0.4636191618387179,-0.546183211344259,2.110758611318624,0.6998276596009733,1.0,20.0,0.04085336845088964,22.202215629746267
2020-02-08,14.154288687970231,0.0016086084815214452,0.33144217196221704,-0.4627563350731261,-0.546183211344259,2.1112356697068457,0.6997525358917428,1.0,20.0,0.04082965804767895,22.202215629746267
2020-02-09,14.26035767668246,0.007493770337069439,0.33134315071696757,-0.4587303544331186,-0.546183211344259,2.1159592789142594,0.7011086142642535,1.0,20.0,0.040805025653970865,22.202215629746267
2020-02-10,14.221716371466036,-0.0027097009831392738,0.33124069183136456,-0.46019703332385464,-0.546183211344259,2.1132166595637485,0.6999833483034612,1.0,20.0,0.04078351016279867,22.202215629746267
2020-02-11,14.417621317833246,0.01377505648757471,0.33118199761565265,-0.45276121696573035,-0.546183211344259,2.1222858403492313,0.7028628641182725,1.0,20.0,0.04085876685212495,22.202215629746267
2020-02-12,14.68668048138856,0.018661827608311032,0.3311744556930195,-0.44254874113616294,-0.546183211344259,2.134598518712418,0.7069245025577108,1.0,20.0,0.04083659125899107,22.202215629746267
2020-02-13,14.711197126847267,0.0016693115568064965,0.33106443886026204,-0.44161818130738517,-0.546183211344259,2.1351119357923163,0.706859634926931,1.0,20.0,0.04082135801551033,22.202215629746267
2020-02-14,14.81443163924216,0.0070174107181593115,0.3309639512973714,-0.4376997867480663,-0.546183211344259,2.1394808610356644,0.7080910394934657,1.0,20.0,0.04085190021882969,22.163453139985105
2020-02-15,14.415459541684854,-0.026931313146058455,0.3311588836235804,-0.4528432698732495,-0.546183211344259,2.117105594741953,0.7010983252679814,1.0,20.0,0.040835319954092356,22.163453139985105
2020-02-16,14.276184446582384,-0.00966150920820319,0.3310980697400951,-0.4581296296596995,-0.546183211344259,2.109027428750577,0.698294910688232,1.0,20.0,0.04082394961648775,22.163453139985105
2020-02-17,14.245034247807638,-0.0021819694815027324,0.3309944672767514,-0.4593119742707126,-0.546183211344259,2.106694966153277,0.6973043780365178,1.0,20.0,0.04080442123392243,22.163453139985105
2020-02-18,14.484284173003012,0.016795321164790877,0.33096571319907,-0.4502309452286326,-0.546183211344259,2.117749226826105,0.7009023832332808,1.0,20.0,0.04089018540533549,22.163453139985105
2020-02-19,13.947368495633985,-0.03706884447695202,0.3314102851707899,-0.47061024881819336,-0.546183211344259,2.0864895504525545,0.6914840969213544,1.0,20.0,0.04088747855974256,22.163453139985105
2020-02-20,13.890969795887356,-0.0040436803375693,0.33131351166766415,-0.47275093174595795,-0.546183211344259,2.0827723255369657,0.6900506131778795,1.0,20.0,0.04088445857716251,22.163453139985105
2020-02-21,13.975712285957197,0.00610054526897974,0.3312104552398002,-0.4695344249370468,-0.546183211344259,2.0864868013388826,0.6910662433232858,1.0,20.0,0.04095523129911831,22.097127002732574
2020-02-22,13.963498528169868,-0.0008739273918512147,0.3311038406316466,-0.4699980133335283,-0.546183211344259,2.0851437487122806,0.6903991034677052,1.0,20.0,0.040932671553629174,22.097127002732574
2020-02-23,14.162597858837813,0.014258556354360907,0.33105016836381834,-0.4624409501387212,-0.546183211344259,2.0944820166206592,0.693378624237259,1.0,20.0,0.040909439002978436,22.097127002732574
2020-02-24,13.980313559040104,-0.012870823673353127,0.33102026333875056,-0.4693597778835009,-0.546183211344259,2.083928027389446,0.6898224044054575,1.0,20.0,0.04089536981917263,22.097127002732574
2020-02-25,13.818043430591919,-0.011607044989577875,0.33097731900749516,-0.4755189428148868,-0.546183211344259,2.0743866934392705,0.6865749463793525,1.0,20.0,0.040914796069130774,22.076656377803854
2020-02-26,13.475642395418726,-0.024779270443972323,0.3311262779982211,-0.4885152007736172,-0.546183211344259,2.054094094721829,0.6801645322433647,1.0,20.0,0.04089268452199155,22.076656377803854
2020-02-27,13.496143085660092,0.0015213145050758659,0.3310173076909432,-0.48773707152942836,-0.546183211344259,2.054521927831268,0.6800823171427126,1.0,20.0,0.040885136948126316,22.076656377803854
2020-02-28,13.47755463957888,-0.001377315427321113,0.3309122101962368,-0.4884426191636555,-0.546183211344259,2.0528228838534983,0.6793041576373738,1.0,20.0,0.040937406862796004,22.06241567781348
2020-02-29,13.443426455361877,-0.002532223769791342,0.3308104073618109,-0.48973799692302156,-0.546183211344259,2.050267641614099,0.6782498737230994,1.0,20.0,0.04091165119875127,22.06241567781348
2020-03-01,13.453023496025656,0.0007138835248323705,0.33070218778319715,-0.4893737292856769,-0.546183211344259,2.0501087347369693,0.677975443770958,1.0,20.0,0.04088699210869064,22.06241567781348
2020-03-02,13.530785099358042,0.005780232477506475,0.33059917458878707,-0.4864221907318259,-0.546183211344259,2.0535912377341656,0.6789155681376807,1.0,21.0,0.0408766304538898,22.059990662983868
2020-03-03,13.480909503945124,-0.0036860828877759433,0.33050183045476067,-0.4883152811061108,-0.546183211344259,2.050177037930716,0.677587263792421,1.0,21.0,0.040966301372424956,22.059990662983868
2020-03-04,13.47490420626385,-0.0004454668047074728,0.3303953693782994,-0.4885432196628541,-0.546183211344259,2.0491701370554942,0.6770363243514305,1.0,21.0,0.04094383173388573,22.059990662983868
2020-03-05,13.5915980612252,0.008660087906755098,0.3303038534959242,-0.4841139589846285,-0.546183211344259,2.0546658294149602,0.6786640411021606,1.0,21.0,0.040920989672270626,22.059990662983868
2020-03-06,13.695872206369687,0.0076719562096208005,0.3302079021230154,-0.4801561038688039,-0.546183211344259,2.0594704962432493,0.6800534320487287,1.0,21.0,0.04091080070015579,22.05054259827437
2020-03-07,13.53104659663956,-0.01203469244211175,0.330169664898617,-0.48641226527665193,-0.546183211344259,2.0496540523457787,0.6767335916210981,1.0,21.0,0.04089076128495508,22.05054259827437
2020-03-08,13.025336614825427,-0.03737404776506548,0.33061733351375866,-0.5056071178057542,-0.546183211344259,2.0185545731247303,0.6673691305185017,1.0,21.0,0.04086651223659929,22.05054259827437
2020-03-09,13.009323844306639,-0.0012293556007269002,0.33051264314450557,-0.5062149024644391,-0.546183211344259,2.016986876987729,0.6666396639009959,1.0,21.0,0.040864155697701125,22.05054259827437
2020-03-10,13.011910076072759,0.00019879832319280588,0.33040564051608484,-0.5061167388150314,-0.546183211344259,2.016465669356319,0.6662516310623703,1.0,21.0,0.04099659945740204,21.98004829359115
2020-03-11,13.004899773195136,-0.0005387604768737342,0.33029980258458286,-0.5063828235963475,-0.546183211344259,2.0154065358789013,0.6656883809284792,1.0,21.0,0.04096995912552667,21.98004829359115
2020-03-12,12.86417421286016,-0.01082096462019877,0.3302496593909178,-0.5117242375981338,-0.546183211344259,2.006596230884705,0.6626777217847734,1.0,21.0,0.040943536215578336,21.98004829359115
2020-03-13,13.034152115948697,0.013213277453799632,0.330188778393813,-0.5052725144755523,-0.546183211344259,2.0151796172592564,0.6653896960669455,1.0,21.0,0.040951661281036875,21.98004829359115
2020-03-14,12.971611795693892,-0.004798188612382348,0.3300969876432455,-0.5076463102628284,-0.546183211344259,2.010970426660382,0.6638152800802443,1.0,21.0,0.04093436581608539,21.98004829359115
2020-03-15,12.997257334989627,0.001977051094317117,0.3299895257276563,-0.5066729018617423,-0.546183211344259,2.011739355282612,0.6638529157373702,1.0,21.0,0.04091124889255004,21.98004829359115
2020-03-16,12.913271407375534,-0.00646181924766509,0.32990682316146897,-0.509860692399887,-0.546183211344259,2.0062830779480647,0.6618864766084599,0.0,21.0,0.04088650164915355,21.98004829359115
2020-03-17,12.905372764286604,-0.0006116686345195577,0.32980166837067065,-0.510160495240891,-0.546183211344259,2.0051777258345753,0.6613109593599501,0.0,21.0,0.040899852705141126,21.946960703972888
2020-03-18,12.905372764286604,0.0,0.3296956828462873,-0.510160495240891,-0.546183211344259,2.0045189913514605,0.6608812576319709,0.0,21.0,0.040873277102343765,21.946960703972888
2020-03-19,12.905372764286604,0.0,0.3295897994183904,-0.510160495240891,-0.546183211344259,2.003860905658029,0.6604521139581839,0.0,21.0,0.040846736013316266,21.946960703972888
2020-03-20,12.905372764286604,0.0,0.32948401792319587,-0.510160495240891,-0.546183211344259,2.0032034676899872,0.660023527252176,0.0,21.0,0.040820229370867656,21.946960703972888
2020-03-21,12.905372764286604,0.0,0.32937833819728735,-0.510160495240891,-0.546183211344259,2.0025466763854856,0.6595954964303522,0.0,21.0,0.04079375710798123,21.946960703972888
2020-03-22,12.905372764286604,0.0,0.32927276007761486,-0.510160495240891,-0.546183211344259,2.0018905306851087,0.6591680204119269,0.0,21.0,0.040767319157814036,21.946960703972888
2020-03-23,12.905372764286604,0.0,0.32916728340149387,-0.510160495240891,-0.546183211344259,2.00123502953187,0.658741098118914,1.0,21.0,0.04074091545369628,21.946960703972888
2020-03-24,12.940875458578155,0.002751001070639303,0.32906106072645763,-0.5088129462388573,-0.546183211344259,2.00256037555959,0.6589646413504121,1.0,21.0,0.04079521423930053,21.946960703972888
2020-03-25,12.9111305749684,-0.002298521742594928,0.32896066000089186,-0.5099419503616085,-0.546183211344259,2.0002262205952346,0.6579957376780979,1.0,21.0,0.04077133868292196,21.946960703972888
2020-03-26,12.961359938306014,0.00389039232822852,0.32885588314507047,-0.5080354322849086,-0.546183211344259,2.0023613261751283,0.6584883022948563,1.0,21.0,0.040746752439664885,21.946960703972888
2020-03-27,12.760437756678794,-0.015501628114918287,0.3288569597275684,-0.5156616840593444,-0.546183211344259,1.9899467024943587,0.6544078226021949,1.0,21.0,0.04080797200513414,21.946960703972888
2020-03-28,12.746306513410422,-0.00110742621356974,0.3287538039109531,-0.5161980530066534,-0.546183211344259,1.9884922829850735,0.6537244020789184,1.0,21.0,0.0407911807825931,21.946960703972888
2020-03-29,12.56779595917982,-0.014004884790962069,0.3287370575666176,-0.5229736435359383,-0.546183211344259,1.977278511673127,0.6500047199171247,1.0,21.0,0.040767547536303114,21.946960703972888
2020-03-30,12.801638069651776,0.0186064534490753,0.3287323478630487,-0.5140978748404078,-0.546183211344259,1.989351919220379,0.6539643271311772,1.0,21.0,0.04075364433299635,21.946960703972888
2020-03-31,12.832221604351686,0.0023890329138747113,0.3286265523567097,-0.5129370386704799,-0.546183211344259,1.9904198471447525,0.6541048121095491,1.0,21.0,0.04074013318192184,21.945452156474314
2020-04-01,12.871758315995631,0.0030810496313855573,0.3285213254744793,-0.511436373513014,-0.546183211344259,1.991979544106033,0.654407760147763,1.0,21.0,0.040715931183813656,21.945452156474314
2020-04-02,12.9607921058645,0.006916987383007944,0.3284249894921124,-0.5080569850728069,-0.546183211344259,1.9962284102545136,0.6556112946616949,1.0,21.0,0.04070627491974583,21.93050544464319
2020-04-03,13.006623023214148,0.0035361200901378176,0.3283204510940028,-0.5063174154945198,-0.546183211344259,1.9981079437871188,0.6560197014386973,1.0,21.0,0.04070269075328997,21.929969547401313
2020-04-04,13.056669595199219,0.0038477760057893384,0.32821643418247004,-0.5044178354913835,-0.546183211344259,2.000206637590466,0.6565006902180509,1.0,21.0,0.04067893095956974,21.929969547401313
2020-04-05,13.011153282746502,-0.003486058379653989,0.3281209872556744,-0.5061454638487759,-0.546183211344259,1.9970128433913976,0.6552618257358469,1.0,21.0,0.040655859648228,21.929969547401313
2020-04-06,13.421206770572024,0.0315155373943119,0.3283307476270023,-0.4905813727473515,-0.546183211344259,2.0169434179006798,0.6622245403206916,1.0,21.0,0.04063717942229968,21.929969547401313
2020-04-07,13.351784307112293,-0.005172594733578562,0.3282428280278231,-0.4932163888558653,-0.546183211344259,2.0125001306154853,0.6605887342795903,1.0,21.0,0.040635559856939354,21.92868619228914
2020-04-08,13.548982914757717,0.014769457258261731,0.32819743926968503,-0.48573146997188454,-0.546183211344259,2.0220174652607135,0.6636209542571454,1.0,21.0,0.04061642790278624,21.92868619228914
2020-04-09,13.509742255081031,-0.002896207038090237,0.328100212827264,-0.4872208981080203,-0.546183211344259,2.019256918296162,0.6625186246458961,1.0,21.0,0.04060038845009341,21.92868619228914
2020-04-10,13.209766352661216,-0.022204413434090076,0.3282004894928223,-0.4986068572867912,-0.546183211344259,2.0015383483436633,0.6569058656650454,1.0,21.0,0.04058314167841062,21.926715293203934
2020-04-11,13.226496841023387,0.001266524169732941,0.3280955832542197,-0.49797183075300655,-0.546183211344259,2.0017988029254523,0.6567813458034251,1.0,21.0,0.04057116082726269,21.926715293203934
2020-04-12,13.270999207388659,0.003364637431980011,0.3279915476464709,-0.4962826879828497,-0.546183211344259,2.003547466648471,0.6571466343691982,1.0,21.0,0.0405459753076155,21.926715293203934
2020-04-13,13.214006445690611,-0.004294534330641642,0.32789994439194664,-0.4984459192722459,-0.546183211344259,1.9997720125381244,0.6557251317078222,1.0,21.0,0.04052213321790857,21.926715293203934
2020-04-14,13.2340101799742,0.0015138281009476895,0.327795262595111,-0.4976866526106952,-0.546183211344259,2.000209643856214,0.6556592454531212,1.0,21.0,0.04051036796640481,21.924204151866064
2020-04-15,13.114120940554779,-0.009059176907755373,0.3277325054745359,-0.5022371980878217,-0.546183211344259,1.9928773349083047,0.6531306820729145,1.0,21.0,0.040487145575061334,21.924204151866064
2020-04-16,13.411712561288448,0.022692456633778724,0.32778306934649293,-0.49094173729152146,-0.546183211344259,2.0074145681426883,0.6579965085966749,1.0,21.0,0.0404708539199218,21.924204151866064
2020-04-17,13.381630765436844,-0.0022429496392900594,0.3276844028810233,-0.49208352933824107,-0.546183211344259,2.005146864561849,0.6570553530027057,1.0,21.0,0.04046293967637731,21.923362342229833
2020-04-18,13.564049774270428,0.013632046200583448,0.32762966965338386,-0.48515958854414265,-0.546183211344259,2.0138776832309335,0.6598060800792728,1.0,21.0,0.04044086099806605,21.923362342229833
2020-04-19,13.44753635410931,-0.008589869699691888,0.32756369677905167,-0.48958200059468415,-0.546183211344259,2.0069084536841606,0.6573903521859138,1.0,21.0,0.040425492858408824,21.923362342229833
2020-04-20,13.281053443894699,-0.01238017922619239,0.3275307388847611,-0.4959010669075966,-0.546183211344259,1.9970572363919203,0.6540976322306047,1.0,21.0,0.04040340390430056,21.923362342229833
2020-04-21,13.292229323487362,0.000841490446512827,0.32742693208109946,-0.495476872471302,-0.546183211344259,1.9970167388977906,0.6538770641319056,1.0,21.0,0.040387383166124446,21.924010805468328
2020-04-22,13.447907076913923,0.011711937075256307,0.3273577421325154,-0.48956792934867444,-0.546183211344259,2.004466292411372,0.6561775596645211,1.0,21.0,0.040363259893058646,21.924010805468328
2020-04-23,13.553978659285562,0.007887590371124187,0.3272669253038948,-0.48554185026309205,-0.546183211344259,2.0093349065128963,0.6575888567602645,1.0,21.0,0.04034380494262281,21.924010805468328
2020-04-24,13.615609069713235,0.004547034636612102,0.3271657466291824,-0.4832025912371509,-0.546183211344259,2.0118997796526896,0.6582246935531598,1.0,21.0,0.040325118901545734,21.92474742091113
2020-04-25,13.648868667483866,0.002442755046824452,0.32706214432649316,-0.4819401817587097,-0.546183211344259,2.01298956604364,0.6583726839770899,1.0,21.0,0.04030192710836775,21.92474742091113
2020-04-26,13.688578432057172,0.00290938139568353,0.32695892816047173,-0.48043294816166726,-0.546183211344259,2.014407203244386,0.658628420051518,1.0,21.0,0.04027826728247733,21.92474742091113
2020-04-27,13.69475023608647,0.00045087253288800255,0.326856025695366,-0.4801986896489997,-0.546183211344259,2.0140841046103377,0.6583155258491448,1.0,21.0,0.04025528784848491,21.92474742091113
2020-04-28,13.749912817349252,0.00402800929639624,0.32675432186052417,-0.4781049251386269,-0.546183211344259,2.016283634250406,0.6588293915879646,1.0,21.0,0.04023725759694959,21.92621206439026
2020-04-29,14.036917171510627,0.020873176286561046,0.32677934981831475,-0.4672113172379575,-0.546183211344259,2.0296006864127407,0.6632315926967608,1.0,21.0,0.040215932713217814,21.92621206439026
2020-04-30,13.874925327678145,-0.011540414597676851,0.32673901412183987,-0.4733599195299816,-0.546183211344259,2.0204191007304604,0.6601497450856049,0.0,21.0,0.0402058087302507,21.92621206439026
2020-05-01,13.873727043880907,-8.636326098621083e-05,0.3266370620039459,-0.47340540188469704,-0.546183211344259,2.0197120417562275,0.659712807413245,0.0,21.0,0.040346291515514526,22.04092179380638
2020-05-02,13.873727043880907,0.0,0.32653509252891727,-0.47340540188469704,-0.546183211344259,2.0190672829342033,0.6592963220550296,0.0,21.0,0.040320820371881,22.04092179380638
2020-05-03,13.873727043880907,0.0,0.3264332184764972,-0.47340540188469704,-0.546183211344259,2.018423141203161,0.6588803622303891,0.0,21.0,0.0402953813684918,22.04092179380638
2020-05-04,13.873727043880907,0.0,0.3263314396979776,-0.47340540188469704,-0.546183211344259,2.017779615579378,0.6584649269452503,0.0,21.0,0.04026997444455201,22.04092179380638
2020-05-05,13.873727043880907,0.0,0.32622975604497473,-0.47340540188469704,-0.546183211344259,2.0171367050813247,0.6580500152080446,0.0,21.0,0.04024459953941997,22.04092179380638
2020-05-06,13.873727043880907,0.0,0.3261281673694279,-0.47340540188469704,-0.546183211344259,2.01649440872966,0.6576356260297022,0.0,21.0,0.040219256592606736,22.04092179380638
2020-05-07,13.873727043880907,0.0,0.3260266735235989,-0.47340540188469704,-0.546183211344259,2.0158527255472243,0.6572217584236418,1.0,21.0,0.040193945543775644,22.04092179380638
2020-05-08,13.875525577300264,0.00012963592361803222,0.32592511597033824,-0.4733371363075981,-0.546183211344259,2.015303940723475,0.6568381705957783,1.0,21.0,0.04019420621807966,22.04092179380638
2020-05-09,13.87310135309658,-0.00017471224352394454,0.32582404347093175,-0.47342915075809455,-0.546183211344259,2.014539000244934,0.6563852427896928,1.0,21.0,0.04016917909216385,22.04092179380638
2020-05-10,13.814746936319796,-0.004206299319204354,0.32573437697594226,-0.4756440653627737,-0.546183211344259,2.0108671446671775,0.655008556549555,1.0,21.0,0.040144258856114286,22.04092179380638
2020-05-11,13.807149221557202,-0.0005499713311880594,0.32563405428074654,-0.4759324460941625,-0.546183211344259,2.0098369785646977,0.6544713637733884,0.0,21.0,0.04012163678679487,22.04092179380638
2020-05-12,13.805636490250894,-0.00010956145124774164,0.3255331669582769,-0.47598986369592033,-0.546183211344259,2.0091215214899925,0.654035691694669,0.0,21.0,0.04012160040468257,22.009460904919347
2020-05-13,13.805636490250894,0.0,0.32543223114634373,-0.47598986369592033,-0.546183211344259,2.0084846410788963,0.6536256379694686,0.0,21.0,0.040096445796278385,22.009460904919347
2020-05-14,13.805636490250894,0.0,0.32533138915001614,-0.47598986369592033,-0.546183211344259,2.0078483659467747,0.6532160980960542,0.0,21.0,0.04007132270993986,22.009460904919347
2020-05-15,13.805636490250894,0.0,0.3252306408240795,-0.47598986369592033,-0.546183211344259,2.007212695135492,0.6528070711091437,0.0,21.0,0.04004623108645211,22.009460904919347
2020-05-16,13.805636490250894,0.0,0.3251299860236335,-0.47598986369592033,-0.546183211344259,2.0065776276890337,0.6523985560458713,0.0,21.0,0.040021170866748446,22.009460904919347
2020-05-17,13.805636490250894,0.0,0.32502942460409157,-0.47598986369592033,-0.546183211344259,2.005943162653504,0.65199055194578,0.0,21.0,0.039996141991909956,22.009460904919347
2020-05-18,13.805636490250894,0.0,0.3249289564211797,-0.47598986369592033,-0.546183211344259,2.005309299077114,0.651583057850814,0.0,21.0,0.039971144403165015,22.009460904919347
2020-05-19,13.805636490250894,0.0,0.3248285813309357,-0.47598986369592033,-0.546183211344259,2.004676036010181,0.6511760728053108,0.0,21.0,0.03994617804188883,22.009460904919347
2020-05-20,13.805636490250894,0.0,0.32472829918970836,-0.47598986369592033,-0.546183211344259,2.0040433725051177,0.650769595855994,0.0,21.0,0.03992124284960301,22.009460904919347
2020-05-21,13.805636490250894,0.0,0.3246281098541565,-0.47598986369592033,-0.546183211344259,2.003411307616432,0.6503636260519665,1.0,21.0,0.03989633876797506,22.009460904919347
2020-05-22,13.988205368628163,0.013224227546929423,0.324572772095645,-0.46906023441653766,-0.546183211344259,2.011775085147908,0.6529674162194088,1.0,21.0,0.04015336613899481,22.009460904919347
2020-05-23,13.950980142896032,-0.002661186674855154,0.3244785789085557,-0.47047316424585905,-0.546183211344259,2.0092401573811176,0.6519553909530278,1.0,21.0,0.04013823532968856,22.009460904919347
2020-05-24,13.73923040625196,-0.015178126158533645,0.32447828217745744,-0.4785103893632645,-0.546183211344259,1.997359769872286,0.6480998670185211,1.0,21.0,0.04011563993653275,22.009460904919347
2020-05-25,13.83807629982833,0.007194427246186352,0.32438758240477206,-0.47475857029989654,-0.546183211344259,2.0017124078359654,0.6493306486475439,1.0,21.0,0.04010268396345534,22.009460904919347
2020-05-26,13.747534837060988,-0.0065429226436961585,0.32431092178758847,-0.4781951843436887,-0.546183211344259,1.996360943227007,0.6474416577186902,1.0,21.0,0.04008755215279645,22.009460904919347
2020-05-27,13.91246588864473,0.011997136471268766,0.324246665972644,-0.4719350207588947,-0.546183211344259,2.003908987836382,0.6497608082185625,1.0,21.0,0.04006994722896921,22.009460904919347
2020-05-28,14.126168123288972,0.015360485794158496,0.324210399703549,-0.4638236861468691,-0.546183211344259,2.013629349434988,0.6528395762351148,1.0,21.0,0.040048812478499854,22.009460904919347
2020-05-29,14.083085266606997,-0.003049861526916664,0.32411793751776136,-0.4654589496581337,-0.546183211344259,2.010821565338495,0.6517433384737494,1.0,21.0,0.040065276380173036,22.009460904919347
2020-05-30,14.529368829039951,0.0316893318462792,0.32432949478681,-0.44851970092839166,-0.546183211344259,2.030386861969842,0.6585143451644555,1.0,21.0,0.040053076586732454,22.009460904919347
2020-05-31,14.228825825806615,-0.020685207098097735,0.3244052800472637,-0.4599271851252088,-0.546183211344259,2.0142252590682537,0.6534253092463091,1.0,21.0,0.04005558135056503,22.009460904919347
2020-06-01,14.696219000351565,0.032848330583767904,0.32464070771183895,-0.4421866947628955,-0.546183211344259,2.03439978713721,0.6604489866650384,1.0,21.0,0.04005426894384143,22.009460904919347
2020-06-02,14.379055613671785,-0.021581291533025793,0.3247305169249444,-0.45422502632421824,-0.546183211344259,2.0175576370567794,0.6551625344073173,1.0,21.0,0.04010818048256295,21.981749407056903
2020-06-03,14.534313048536767,0.01079747092134209,0.3246582033427453,-0.4483320369163577,-0.546183211344259,2.024270110787928,0.6571958972488288,1.0,21.0,0.04009966340395595,21.981749407056903
2020-06-04,14.590387990467109,0.0038581074828292206,0.32455927006047725,-0.4462036426199475,-0.546183211344259,2.026318168924864,0.6576603458165368,1.0,21.0,0.04008080149523578,21.981749407056903
2020-06-05,14.552983758760185,-0.002563621456219134,0.32446557885108934,-0.4476233668441031,-0.546183211344259,2.0238681807559504,0.6566755607872805,1.0,21.0,0.04018336108805152,21.896304203487148
2020-06-06,14.546725396936354,-0.0004300397724325,0.32436708362262573,-0.44786091076572243,-0.546183211344259,2.022933388545189,0.656173003605239,1.0,21.0,0.04016152098847201,21.896304203487148
2020-06-07,14.538837770019503,-0.000542226975599025,0.3242688559187004,-0.4481602954741879,-0.546183211344259,2.021920323677806,0.6556457901177706,1.0,21.0,0.04013787334464902,21.896304203487148
2020-06-08,14.552127928653247,0.0009141142396642543,0.32416908936549604,-0.4476558509422688,-0.546183211344259,2.021929827522678,0.655447150948961,1.0,21.0,0.040114464897998796,21.896304203487148
2020-06-09,14.517611767962963,-0.00237189783236591,0.32407517189503643,-0.44896595483213875,-0.546183211344259,2.0196218638804546,0.6545093027000322,1.0,21.0,0.04016491498838966,21.865735420243936
2020-06-10,14.54536490929307,0.001911687801939399,0.32397532306796467,-0.4479125497695381,-0.546183211344259,2.02032657561696,0.6545359550382994,1.0,21.0,0.04014192179021252,21.865735420243936
2020-06-11,14.299266340090098,-0.016919380898154035,0.32399696182120646,-0.4572535276290779,-0.546183211344259,2.0072108659127075,0.6503302222902302,1.0,21.0,0.040120856985587795,21.865735420243936
2020-06-12,14.503006684781074,0.014248307559651563,0.32395110607458233,-0.4495203089638211,-0.546183211344259,2.0161388429054297,0.6531304081591425,1.0,21.0,0.040346850842752593,21.865735420243936
2020-06-13,14.530404060270687,0.001889082456147717,0.3238514782342482,-0.448480407437019,-0.546183211344259,2.0168281723691814,0.6531527849662365,1.0,21.0,0.04033097857023599,21.865735420243936
2020-06-14,14.369960808299627,-0.011041898856050891,0.3238089425102401,-0.45457023099522986,-0.546183211344259,2.008203362934289,0.6502742072972599,1.0,21.0,0.04031156902893687,21.865735420243936
2020-06-15,14.33880854247398,-0.002167874098004119,0.3237148755905652,-0.45575265406373566,-0.546183211344259,2.006051573047535,0.6493887353973404,1.0,21.0,0.04029312099842403,21.865735420243936
2020-06-16,14.403288611516295,0.004496891694405036,0.32361805575287694,-0.45330523269409284,-0.546183211344259,2.00853343042284,0.6499976836680958,1.0,21.0,0.04029533286229521,21.865735420243936
2020-06-17,14.453502147505008,0.003486254934068622,0.32351977714160346,-0.4513993153641431,-0.546183211344259,2.0103240125773856,0.6503795765314498,1.0,21.0,0.04027357632195105,21.865735420243936
2020-06-18,14.335443306607006,-0.00816818233346861,0.32345481319354513,-0.4558803857845146,-0.546183211344259,2.0038436245030433,0.6481528652327082,1.0,21.0,0.04025462619988432,21.865735420243936
2020-06-19,14.21556257447581,-0.008362540980922817,0.3233912227586181,-0.4604306083569155,-0.546183211344259,1.9972261725121976,0.6458854140542343,1.0,21.0,0.04024655165337948,21.86522697107845
2020-06-20,14.256262772498044,0.002863073326082155,0.3232926031903739,-0.45888578162413174,-0.546183211344259,1.9985914516858128,0.6461298331295348,1.0,21.0,0.04022730169364729,21.86522697107845
2020-06-21,14.157593513357455,-0.006921116755152279,0.3232197491143905,-0.4626308963073841,-0.546183211344259,1.993035326299165,0.6441883781425335,1.0,21.0,0.04020696463246877,21.86522697107845
2020-06-22,14.537666468964268,0.02684587287014706,0.32333798875778574,-0.4482047536653072,-0.546183211344259,2.0096231098025137,0.6497874944847116,1.0,21.0,0.04019665880944417,21.86522697107845
2020-06-23,14.529284235634213,-0.0005765872637090164,0.3232410697472236,-0.44852291177651904,-0.546183211344259,2.008598953076511,0.6492616742856049,1.0,21.0,0.0401879601446348,21.86487327874023
2020-06-24,14.214799378724527,-0.021644896734719254,0.3233314455111465,-0.46045957640267987,-0.546183211344259,1.991884577911507,0.6440389198674875,1.0,21.0,0.04017293296413834,21.86487327874023
2020-06-25,14.153886216060506,-0.004285193272244858,0.3232453408123416,-0.4627716113959832,-0.546183211344259,1.9882447518465993,0.6426908524290035,1.0,21.0,0.04015989199269462,21.86487327874023
2020-06-26,14.07713141388603,-0.005422878282530075,0.32316448576587914,-0.4656849355573026,-0.546183211344259,1.9837918442245124,0.6410910712053596,1.0,21.0,0.04022997178893926,21.84875775659892
2020-06-27,13.716251394700052,-0.02563590610726263,0.32332413953322603,-0.4793825863810516,-0.546183211344259,1.9639566988671233,0.6349946097417277,1.0,21.0,0.04021219553005929,21.84875775659892
2020-06-28,13.847965340786782,0.009602765529481694,0.32324686960879323,-0.4743832194275036,-0.546183211344259,1.9698367167902062,0.6367435523428971,1.0,21.0,0.04020636535451058,21.84875775659892
2020-06-29,13.918144373263946,0.005067822654817311,0.3231522201180215,-0.4717194867991662,-0.546183211344259,1.972699715625701,0.637482292730635,1.0,21.0,0.04018629230987442,21.84875775659892
2020-06-30,13.886905052831857,-0.002244503260944608,0.32305933636362666,-0.472905214133739,-0.546183211344259,1.9705224254523301,0.6365956670562738,1.0,21.0,0.040381341685560644,21.871085030160735
2020-07-01,13.939588763618255,0.003793769064162733,0.32296251052050395,-0.47090553824123804,-0.546183211344259,1.9725222378433458,0.6370507339914095,1.0,21.0,0.04035829924259309,21.871085030160735
2020-07-02,13.895766070074998,-0.00314375798930544,0.3228725392338352,-0.47256888318248946,-0.546183211344259,1.9697120091161915,0.6359659179427238,1.0,22.0,0.040345003665196354,21.872622567816805
2020-07-03,13.929837255846461,0.002451911294393261,0.32277461923608264,-0.47127566887015016,-0.546183211344259,1.970797020804927,0.6361232579819164,1.0,22.0,0.04048460020727603,21.872622567816805
2020-07-04,14.02441002195228,0.0067892226139343315,0.32268535545104654,-0.46768604168470607,-0.546183211344259,1.9748079969915338,0.6372416204567823,1.0,22.0,0.04046226555657092,21.872622567816805
2020-07-05,13.979350101819033,-0.003212963687079462,0.3225958746981132,-0.46939634710289857,-0.546183211344259,1.9719512416036822,0.6361433356471702,1.0,22.0,0.04044273682607483,21.872622567816805
2020-07-06,14.458045136181815,0.03424301064614532,0.3228601027605297,-0.45122688056785965,-0.546183211344259,1.992618839007559,0.6433371231245478,1.0,22.0,0.04042896649496083,21.872622567816805
2020-07-07,14.44729197300858,-0.0007437494538127254,0.32276440284967606,-0.4516350302757043,-0.546183211344259,1.9914919048332798,0.6427826954434774,1.0,22.0,0.040612756897073575,21.779675817369807
2020-07-08,14.530820660658305,0.00578161553083989,0.32267217427694583,-0.44846459485017776,-0.546183211344259,1.994815810656053,0.6436715549064169,1.0,22.0,0.04059029341578011,21.779675817369807
2020-07-09,14.495485623419908,-0.002431730324362613,0.32258052213301913,-0.4498057802198402,-0.546183211344259,1.9925091632504004,0.6427446462361392,0.0,22.0,0.04056943020804228,21.779675817369807
2020-07-10,14.491196381608061,-0.0002959019051363976,0.32248438062090223,-0.44996858373766824,-0.546183211344259,1.9916948271156456,0.6422904727082439,0.0,22.0,0.04062240241751475,21.75545650025924
2020-07-11,14.491196381608061,0.0,0.322387938837761,-0.44996858373766824,-0.546183211344259,1.991086110307033,0.6419021471503792,0.0,22.0,0.04059784231931794,21.75545650025924
2020-07-12,14.491196381608061,0.0,0.32229158351429404,-0.44996858373766824,-0.546183211344259,1.990477951279361,0.6415142908681131,0.0,22.0,0.04057331190099811,21.75545650025924
2020-07-13,14.491196381608061,0.0,0.32219531452141503,-0.44996858373766824,-0.546183211344259,1.9898703491813055,0.6411269030113087,0.0,22.0,0.040548811108787365,21.75545650025924
2020-07-14,14.491196381608061,0.0,0.3220991317303075,-0.44996858373766824,-0.546183211344259,1.9892633031633582,0.6407399827318812,0.0,22.0,0.0405243398890476,21.75545650025924
2020-07-15,14.491196381608061,0.0,0.3220030350124239,-0.44996858373766824,-0.546183211344259,1.988656812377825,0.6403535291837921,0.0,22.0,0.04049989818827013,21.75545650025924
2020-07-16,14.491196381608061,0.0,0.3219070242394845,-0.44996858373766824,-0.546183211344259,1.9880508759788196,0.6399675415230422,0.0,22.0,0.04047548595307527,21.75545650025924
2020-07-17,14.491196381608061,0.0,0.32181109928347745,-0.44996858373766824,-0.546183211344259,1.9874454931222587,0.639582018907667,0.0,22.0,0.040451103130211975,21.75545650025924
2020-07-18,14.491196381608061,0.0,0.3217152600166575,-0.44996858373766824,-0.546183211344259,1.986840662965856,0.6391969604977286,0.0,22.0,0.04042674966655742,21.75545650025924
2020-07-19,14.491196381608061,0.0,0.3216195063115452,-0.44996858373766824,-0.546183211344259,1.9862363846691213,0.6388123654553112,0.0,22.0,0.04040242550911665,21.75545650025924
2020-07-20,14.491196381608061,0.0,0.3215238380409266,-0.44996858373766824,-0.546183211344259,1.9856326573933503,0.6384282329445142,1.0,22.0,0.040378130605022176,21.75545650025924
2020-07-21,14.5785411615116,0.006027437459504403,0.32143345356404496,-0.44665330377538437,-0.546183211344259,1.9891105895933425,0.6393666863338018,1.0,22.0,0.0404818968254174,21.75545650025924
2020-07-22,14.661772965598198,0.005709199786487318,0.32134225159778873,-0.44349413693544537,-0.546183211344259,1.9923749381046276,0.640234248637546,1.0,22.0,0.04046059411860137,21.75545650025924
2020-07-23,14.699261884739453,0.0025569158129250535,0.32124601553286714,-0.44207119829419006,-0.546183211344259,1.9935193342300659,0.6404101430091427,1.0,22.0,0.04043954926134721,21.75545650025924
2020-07-24,14.667410983360348,-0.002166836786013926,0.32115488537887316,-0.44328013894570284,-0.546183211344259,1.9914114980223072,0.6395515313895241,1.0,22.0,0.040504870446742815,21.75545650025924
2020-07-25,14.971867053159611,0.02075731498521849,0.3211815944051508,-0.4317241294312718,-0.546183211344259,2.0041943144638297,0.643710325417231,1.0,22.0,0.040486433930766764,21.75545650025924
2020-07-26,15.002238450880586,0.0020285644811790515,0.32108538411388704,-0.43057134518472495,-0.546183211344259,2.0049753292021553,0.6437682737157411,1.0,22.0,0.04047439412487803,21.75545650025924
2020-07-27,15.349593693723937,0.023153560982292154,0.32114487036551137,-0.41738704410039495,-0.546183211344259,2.0191612957445058,0.6484432925689273,1.0,22.0,0.04045426250793255,21.75545650025924
2020-07-28,15.417624770353266,0.00443210927838078,0.3210511598940287,-0.41480483981284744,-0.546183211344259,2.02155740720352,0.6490233503750553,1.0,22.0,0.040541383719387265,21.649541699947626
2020-07-29,15.434739631720241,0.0011100841810527395,0.32095528910209264,-0.4141552239226951,-0.546183211344259,2.0217068654647656,0.6488775114849293,1.0,22.0,0.04052150759350234,21.649541699947626
2020-07-30,15.474087057974177,0.002549276968240699,0.3208595549357729,-0.41266174332807704,-0.546183211344259,2.022834685808429,0.6490458369971366,0.0,22.0,0.040499553075924684,21.649541699947626
2020-07-31,15.467134849451565,-0.00044928069078109534,0.3207653897909545,-0.41292562306575675,-0.546183211344259,2.0219143793892176,0.6485601540287182,0.0,22.0,0.04059709610158728,21.54564285919294
2020-08-01,15.467134849451565,0.0,0.32067069675671556,-0.41292562306575675,-0.546183211344259,2.021303974739272,0.6481729539367609,0.0,22.0,0.040572859029287825,21.54564285919294
2020-08-02,15.467134849451565,0.0,0.32057608752157324,-0.41292562306575675,-0.546183211344259,2.0206941225889974,0.6477862158974191,0.0,22.0,0.04054865087950901,21.54564285919294
2020-08-03,15.467134849451565,0.0,0.3204815619620248,-0.41292562306575675,-0.546183211344259,2.0200848221054173,0.6473999390841232,0.0,22.0,0.04052447160051109,21.54564285919294
2020-08-04,15.467134849451565,0.0,0.32038711995482183,-0.41292562306575675,-0.546183211344259,2.0194760724573118,0.6470141226722732,0.0,22.0,0.040500321140677656,21.54564285919294
2020-08-05,15.467134849451565,0.0,0.3202927613769701,-0.41292562306575675,-0.546183211344259,2.018867872815213,0.6466287658392343,0.0,22.0,0.04047619944851525,21.54564285919294
2020-08-06,15.467134849451565,0.0,0.32019848610572854,-0.41292562306575675,-0.546183211344259,2.0182602223514023,0.6462438677643301,0.0,22.0,0.040452106472653036,21.54564285919294
2020-08-07,15.467134849451565,0.0,0.32010429401860874,-0.41292562306575675,-0.546183211344259,2.0176531202399013,0.6458594276288367,0.0,22.0,0.04042804216184242,21.54564285919294
2020-08-08,15.467134849451565,0.0,0.32001018499337425,-0.41292562306575675,-0.546183211344259,2.0170465656564716,0.6454754446159777,0.0,22.0,0.04040400646495666,21.54564285919294
2020-08-09,15.467134849451565,0.0,0.31991615890803976,-0.41292562306575675,-0.546183211344259,2.0164405577786084,0.6450919179109177,0.0,22.0,0.040379999330990554,21.54564285919294
2020-08-10,15.467134849451565,0.0,0.31982221564087093,-0.41292562306575675,-0.546183211344259,2.015835095785534,0.6447088467007568,1.0,22.0,0.04035602070906004,21.54564285919294
2020-08-11,15.220562953013722,-0.015941665915364167,0.31983344196743124,-0.422284566650313,-0.546183211344259,2.0037710472926933,0.6408729909703066,1.0,22.0,0.040494201787319814,21.54564285919294
2020-08-12,15.253019820893076,0.002132435441418945,0.31973862611443993,-0.42105262578518343,-0.546183211344259,2.004620250404758,0.6409545247456018,1.0,22.0,0.040479416829194245,21.54564285919294
2020-08-13,15.388148265865409,0.008859127343900708,0.3196609116321894,-0.4159236572715975,-0.546183211344259,2.009915282886805,0.642491351631066,0.0,22.0,0.040456630696703605,21.54564285919294
2020-08-14,15.374825669609635,-0.000865769943569239,0.3195685429838598,-0.41642933301388163,-0.546183211344259,2.0087193671670396,0.6419235214290316,0.0,22.0,0.04060002050390997,21.345135783846587
2020-08-15,15.374825669609635,0.0,0.3194749715847156,-0.41642933301388163,-0.546183211344259,2.008118059938107,0.641543460137481,0.0,22.0,0.04057598259952637,21.345135783846587
2020-08-16,15.374825669609635,0.0,0.31938148231844593,-0.41642933301388163,-0.546183211344259,2.0075172923874187,0.6411638486226068,0.0,22.0,0.04055197314236689,21.345135783846587
2020-08-17,15.374825669609635,0.0,0.3192880750649869,-0.41642933301388163,-0.546183211344259,2.0069170637081815,0.6407846860864609,0.0,22.0,0.04052799208196336,21.345135783846587
2020-08-18,15.374825669609635,0.0,0.31919474970452044,-0.41642933301388163,-0.546183211344259,2.0063173730952895,0.6404059717329819,0.0,22.0,0.040504039367966926,21.345135783846587
2020-08-19,15.374825669609635,0.0,0.31910150611747334,-0.41642933301388163,-0.546183211344259,2.00571821974532,0.640027704767989,0.0,22.0,0.04048011495014769,21.345135783846587
2020-08-20,15.374825669609635,0.0,0.3190083441845166,-0.41642933301388163,-0.546183211344259,2.0051196028565283,0.6396498843991767,0.0,22.0,0.04045621877839435,21.345135783846587
2020-08-21,15.374825669609635,0.0,0.31891526378656493,-0.41642933301388163,-0.546183211344259,2.004521521628844,0.6392725098361094,0.0,22.0,0.04043235080271389,21.345135783846587
2020-08-22,15.374825669609635,0.0,0.31882226480477577,-0.41642933301388163,-0.546183211344259,2.0039239752638665,0.6388955802902154,0.0,22.0,0.04040851097323115,21.345135783846587
2020-08-23,15.374825669609635,0.0,0.318729347120549,-0.41642933301388163,-0.546183211344259,2.0033269629648602,0.6385190949747822,0.0,22.0,0.04038469924018859,21.345135783846587
2020-08-24,15.374825669609635,0.0,0.31863651061552634,-0.41642933301388163,-0.546183211344259,2.002730483936749,0.6381430531049501,1.0,22.0,0.04036091555394584,21.345135783846587
2020-08-25,15.144631674321756,-0.014972136935697877,0.31863693114134045,-0.42516663295165436,-0.546183211344259,1.9914545175152383,0.6345509559686143,1.0,22.0,0.04050170478081785,21.345135783846587
2020-08-26,15.171892198540272,0.001800012361128367,0.3185432018855599,-0.4241319257853783,-0.546183211344259,1.9920819536767693,0.6345641639426397,1.0,22.0,0.040486968786325454,21.345135783846587
2020-08-27,15.079036209535033,-0.006120264222162941,0.31847034909184807,-0.4276563905566799,-0.546183211344259,1.9872425421804767,0.632877826138388,1.0,22.0,0.04046556057375164,21.345135783846587
2020-08-28,15.183159327884708,0.006905157392210093,0.318385778665818,-0.4237042678510481,-0.546183211344259,1.991253569600153,0.6339868182782343,1.0,22.0,0.04047088283685556,21.345135783846587
2020-08-29,15.223550953369681,0.002660291222182698,0.31829257389813587,-0.4221711533734309,-0.546183211344259,1.9924584102987373,0.6341847157989732,1.0,22.0,0.040450982676919635,21.345135783846587
2020-08-30,15.394228993010632,0.011211447326825663,0.3182293557497064,-0.4156928556955567,-0.546183211344259,1.9992311936242149,0.6362140547417504,1.0,22.0,0.040429980914643344,21.345135783846587
2020-08-31,15.377395780104289,-0.0010934755429444776,0.31813872514253966,-0.4163317812674213,-0.546183211344259,1.9978920241291511,0.6356068215288962,1.0,22.0,0.0404135834661688,21.345135783846587
2020-09-01,15.916896970884345,0.03508404143945354,0.31841896583189194,-0.3958543412945156,-0.546183211344259,2.018537136575964,0.6427405075217869,1.0,22.0,0.040647659330701615,21.345135783846587
2020-09-02,15.232064386137072,-0.04302550842667319,0.3189982539458403,-0.42184801542408634,-0.546183211344259,1.9848510763052893,0.6331640276839091,1.0,22.0,0.040700092882320835,21.30602363497972
2020-09-03,13.734403907482001,-0.09832288261715294,0.322239846979056,-0.478693585138418,-0.546183211344259,1.8985290163314563,0.6117816997079462,1.0,22.0,0.040692846464476726,21.30602363497972
2020-09-04,14.070998292342987,0.02450738940898778,0.32231820263708677,-0.4659177258280017,-0.546183211344259,1.9131959926478925,0.6166578936427458,1.0,22.0,0.04069950446104744,21.228036515980246
2020-09-05,13.63107239180961,-0.03126472560036986,0.3225832248700883,-0.48261566157801083,-0.546183211344259,1.8898186984641583,0.6096238101703612,1.0,22.0,0.0407030002258955,21.228036515980246
2020-09-06,13.93918906658391,0.022603993722418725,0.3226337682641483,-0.4709207092402423,-0.546183211344259,1.9033640708592425,0.6140895225599068,1.0,22.0,0.04070178260201683,21.228036515980246
2020-09-07,13.972898287395324,0.0024183057314448586,0.3225397062123738,-0.46964123375900924,-0.546183211344259,1.904405561920106,0.6142464104509217,0.0,22.0,0.040688642110205425,21.228036515980246
2020-09-08,13.967150684413681,-0.00041133935590353943,0.3224469959954542,-0.46985939119231257,-0.546183211344259,1.9035692439181249,0.6138001843707374,0.0,22.0,0.041010083405243127,20.96455171077333
2020-09-09,13.967150684413681,0.0,0.3223538530977819,-0.46985939119231257,-0.546183211344259,1.9030083514843004,0.6134420745782223,0.0,22.0,0.040986156868834,20.96455171077333
2020-09-10,13.967150684413681,0.0,0.3222607908592296,-0.46985939119231257,-0.546183211344259,1.902447954564429,0.6130843824064566,0.0,22.0,0.04096225823509124,20.96455171077333
2020-09-11,13.967150684413681,0.0,0.3221678091634662,-0.46985939119231257,-0.546183211344259,1.901888052429346,0.612727107125334,0.0,22.0,0.04093838745523396,20.96455171077333
2020-09-12,13.967150684413681,0.0,0.32207490789439525,-0.46985939119231257,-0.546183211344259,1.9013286443513895,0.6123702480064491,0.0,22.0,0.040914544480594915,20.96455171077333
2020-09-13,13.967150684413681,0.0,0.3219820869361545,-0.46985939119231257,-0.546183211344259,1.9007697296043933,0.6120138043230926,0.0,22.0,0.04089072926262018,20.96455171077333
2020-09-14,13.967150684413681,0.0,0.32188934617311515,-0.46985939119231257,-0.546183211344259,1.900211307463686,0.6116577753502461,1.0,22.0,0.040866941752868806,20.96455171077333
2020-09-15,13.950161572976768,-0.0012163620068817993,0.3217985164529039,-0.47050423408717146,-0.546183211344259,1.898840441426179,0.6110440370317216,1.0,22.0,0.040883830675802785,20.96455171077333
2020-09-16,13.952412410985614,0.00016134852611360273,0.32170576502377307,-0.47041880072575804,-0.546183211344259,1.898390614833715,0.6107232050590312,1.0,22.0,0.04086121351346928,20.96455171077333
2020-09-17,13.960497199403125,0.0005794545186426081,0.32161273495046866,-0.47011193250685035,-0.546183211344259,1.898218889679729,0.6104913686445396,1.0,22.0,0.04083798974544741,20.96455171077333
2020-09-18,13.899256911220062,-0.004386683891579479,0.32153147998295717,-0.4724363839568628,-0.546183211344259,1.8947064702084344,0.6092077754994026,1.0,22.0,0.04097340174725265,20.96455171077333
2020-09-19,13.927142449944133,0.0020062611190070356,0.32143825229095313,-0.4713779535861927,-0.546183211344259,1.8954780952089856,0.6092791661797612,1.0,22.0,0.04095221387756396,20.96455171077333
2020-09-20,13.78852461122193,-0.009953071078321551,0.3213895116066144,-0.4766393663877171,-0.546183211344259,1.888113727455986,0.6068199487248236,1.0,22.0,0.04093111358281006,20.96455171077333
2020-09-21,13.47662056318365,-0.02262055273008945,0.3214902791921081,-0.4884780731971967,-0.546183211344259,1.8715488681295362,0.6016847681366385,1.0,22.0,0.04090970534731061,20.96455171077333
2020-09-22,13.532107518174394,0.0041172751529658935,0.32139919092595387,-0.4863719966777743,-0.546183211344259,1.8737027626762008,0.6022065519598555,1.0,22.0,0.04094056218919107,20.890281850584365
2020-09-23,13.386257226969182,-0.010778091365984732,0.3213569158639845,-0.49190792622570956,-0.546183211344259,1.8657803858915805,0.5995814304896332,1.0,22.0,0.04092123808530314,20.890281850584365
2020-09-24,13.58381764404867,0.014758450680408597,0.3213204521255472,-0.4844092744138052,-0.546183211344259,1.8746090554519612,0.6023502292564692,1.0,22.0,0.040905657197064536,20.890281850584365
2020-09-25,13.619316605584395,0.0026133273035564564,0.32122787592453367,-0.4830618670931702,-0.546183211344259,1.875781841604537,0.6025534166764355,1.0,22.0,0.04089322247839625,20.88991676458381
2020-09-26,13.664587001017434,0.003323984363097665,0.3211359942668092,-0.481343572822699,-0.546183211344259,1.8774171372709698,0.6029062190310596,1.0,22.0,0.04087175241456278,20.88991676458381
2020-09-27,13.703165767031633,0.0028232661558909022,0.321043724339944,-0.4798792676853141,-0.546183211344259,1.8787256918459532,0.6031530931233627,1.0,22.0,0.04085028850701218,20.88991676458381
2020-09-28,13.672073817177672,-0.0022689610840704866,0.3209561270753226,-0.4810594013859544,-0.546183211344259,1.876665125538265,0.6023271705100857,1.0,22.0,0.040829139226872896,20.88991676458381
2020-09-29,13.776384226527215,0.007629450421668071,0.3208752858018156,-0.47710016981703773,-0.546183211344259,1.8810603461489892,0.6035857761810192,1.0,22.0,0.04098929267413215,20.88991676458381
2020-09-30,13.750000233926912,-0.0019151609135218406,0.32078697517204646,-0.47810160713349137,-0.546183211344259,1.8792377293840703,0.6028349868383007,1.0,22.0,0.040971758016874825,20.88991676458381
2020-10-01,13.626452826453434,-0.00898526584520598,0.320731635135849,-0.4827910029375827,-0.546183211344259,1.8725890516167525,0.6005985484625298,1.0,23.0,0.04095071413527752,20.88991676458381
2020-10-02,13.40495994496152,-0.01625462505267128,0.3207442130435821,-0.4911980412587005,-0.546183211344259,1.8607885439192369,0.5968371571598886,1.0,23.0,0.041084068386557114,20.83373733475364
2020-10-03,13.393020579678547,-0.0008906677328387458,0.3206540138677185,-0.49165121474575646,-0.546183211344259,1.8596576880971365,0.5963067021083086,1.0,23.0,0.04106929162899294,20.83373733475364
2020-10-04,13.578089740676988,0.013818328725578866,0.32061037836000883,-0.48462668412386456,-0.546183211344259,1.867887566107454,0.5988641393036669,1.0,23.0,0.04105165544428329,20.83373733475364
2020-10-05,13.637621447452078,0.0043843948531836485,0.32052069761862073,-0.48236708401026906,-0.546183211344259,1.8702058368677554,0.5994396795232694,1.0,23.0,0.041034464876352414,20.83373733475364
2020-10-06,13.393251000867924,-0.017918846591082782,0.32055371343936007,-0.49164246882238394,-0.546183211344259,1.8572197649898172,0.5953386923404616,1.0,23.0,0.04104381952393102,20.822584139675097
2020-10-07,13.483314995039336,0.006724580474567032,0.32047016939342826,-0.48822397769412784,-0.546183211344259,1.861034161467426,0.5964059329724227,1.0,23.0,0.04103304295593802,20.822584139675097
2020-10-08,13.702749943926678,0.01627455480852258,0.3204482293636368,-0.4798950507694232,-0.546183211344259,1.8707290141290251,0.599471800196828,1.0,23.0,0.04101271885798026,20.822584139675097
2020-10-09,13.913315036463574,0.015366630304030515,0.3204178295416112,-0.47190279029530036,-0.546183211344259,1.8798708354552982,0.602344132915162,1.0,23.0,0.04099704347867193,20.8212580572502
2020-10-10,14.001735774238632,0.0063551164868564936,0.32033322906703554,-0.46854667101124314,-0.546183211344259,1.8834394592611319,0.6033282437373897,1.0,23.0,0.040979219354223446,20.8212580572502
2020-10-11,14.06742380458,0.004691420506750754,0.32024449408463534,-0.4660533999652443,-0.546183211344259,1.8859447829237872,0.6039634328789857,1.0,23.0,0.040959251515167126,20.8212580572502
2020-10-12,14.20306259066764,0.00964204874836283,0.320173629841073,-0.46090506081868665,-0.546183211344259,1.8915743557353475,0.6056322275900753,1.0,23.0,0.04093765897573934,20.8212580572502
2020-10-13,14.140884865316025,-0.0043777688758810385,0.3200939148379575,-0.4632650938645796,-0.546183211344259,1.888107226750754,0.604371633844488,1.0,23.0,0.040968017663887385,20.807712492716465
2020-10-14,14.048340010281354,-0.006544488263366066,0.32002430778268537,-0.4667777491583217,-0.546183211344259,1.8831704117527137,0.6026603074579968,1.0,23.0,0.04095087267556278,20.807712492716465
2020-10-15,14.033103808172319,-0.0010845553352129,0.3199352972720745,-0.46735605819532633,-0.546183211344259,1.8819108989146616,0.6020897228838191,1.0,23.0,0.040933374055390534,20.807712492716465
2020-10-16,14.022482933524236,-0.0007568443013937776,0.3198458122793578,-0.46775918672735306,-0.546183211344259,1.8808690908587915,0.6015881021568674,1.0,23.0,0.04121340418650107,20.77665319841946
2020-10-17,14.022504560110228,1.5422793591124417e-06,0.31975540185452933,-0.46775836586333275,-0.546183211344259,1.8803280500454922,0.6012450512606399,1.0,23.0,0.04118997947522777,20.77665319841946
2020-10-18,14.022485996259055,-1.3238613040256197e-06,0.31966507111849746,-0.4677590704774365,-0.546183211344259,1.8797855920794835,0.6009017949796149,1.0,23.0,0.04116651279848544,20.77665319841946
2020-10-19,14.021764792789506,-5.1431926531564365e-05,0.31957487143083646,-0.4677864446538208,-0.546183211344259,1.8792106529873374,0.6005485028198866,0.0,23.0,0.0411431279880564,20.77665319841946
2020-10-20,14.021620894657142,-1.0262483680967271e-05,0.31948470314710564,-0.4677919064867474,-0.546183211344259,1.8786632651445665,0.600204175578084,0.0,23.0,0.041122831545334554,20.777162119374186
2020-10-21,14.021620894657142,0.0,0.31939460012308735,-0.4677919064867474,-0.546183211344259,1.8781230910748015,0.599862373655773,0.0,23.0,0.04109941307634518,20.777162119374186
2020-10-22,14.021620894657142,0.0,0.31930457328064143,-0.4677919064867474,-0.546183211344259,1.8775833826877413,0.5995209608079325,1.0,23.0,0.04107602126469103,20.777162119374186
2020-10-23,14.016490489016354,-0.00036589247985896467,0.31921505669453343,-0.46798663742588387,-0.546183211344259,1.876803604243519,0.5991039689330996,1.0,23.0,0.041124646013009934,20.777162119374186
2020-10-24,14.04737056661945,0.0022031247855727187,0.319124408677336,-0.4668145456005409,-0.546183211344259,1.8777019774261223,0.5992205332183758,1.0,23.0,0.04110222739051247,20.777162119374186
2020-10-25,14.023518079703289,-0.0016980036799799647,0.31903735855133264,-0.4677198964642231,-0.546183211344259,1.8760433791059785,0.5985279241976877,1.0,23.0,0.04108021336070453,20.777162119374186
2020-10-26,14.007310360710841,-0.001155752707724944,0.31894929943449113,-0.4683350806351526,-0.546183211344259,1.8747446520321704,0.5979484933842196,0.0,23.0,0.04105820659922428,20.777162119374186
2020-10-27,14.002900005829003,-0.00031486093820043415,0.31886001720980833,-0.4685024811504721,-0.546183211344259,1.874000751294115,0.5975439118088353,0.0,23.0,0.041106027219528794,20.69865286930918
2020-10-28,14.002900005829003,0.0,0.31877044313693037,-0.4685024811504721,-0.546183211344259,1.8734640830474252,0.5972049759541507,0.0,23.0,0.04108271126534869,20.69865286930918
2020-10-29,14.002900005829003,0.0,0.31868094450156437,-0.4685024811504721,-0.546183211344259,1.8729278756030252,0.5968664243804805,0.0,23.0,0.04105942174649078,20.69865286930918
2020-10-30,14.002900005829003,0.0,0.31859152119789663,-0.4685024811504721,-0.546183211344259,1.8723921283018572,0.5965282564346559,0.0,23.0,0.04103615861802251,20.69865286930918
2020-10-31,14.002900005829003,0.0,0.3185021731203213,-0.4685024811504721,-0.546183211344259,1.8718568404861813,0.5961904714649874,0.0,23.0,0.0410129218351131,20.69865286930918
2020-11-01,14.002900005829003,0.0,0.31841290016343937,-0.4685024811504721,-0.546183211344259,1.8713220114995752,0.5958530688212608,0.0,23.0,0.04098971135303324,20.69865286930918
2020-11-02,14.002900005829003,0.0,0.3183237022220587,-0.4685024811504721,-0.546183211344259,1.8707876406869264,0.5955160478547329,0.0,23.0,0.040966527127154824,20.69865286930918
2020-11-03,14.002900005829003,0.0,0.3182345791911931,-0.4685024811504721,-0.546183211344259,1.8702537273944326,0.5951794079181276,0.0,23.0,0.04094336911295067,20.69865286930918
2020-11-04,14.002900005829003,0.0,0.31814553096606185,-0.4685024811504721,-0.546183211344259,1.869720270969597,0.5948431483656315,0.0,23.0,0.0409202372659942,20.69865286930918
2020-11-05,14.002900005829003,0.0,0.3180565574420895,-0.4685024811504721,-0.546183211344259,1.869187270761224,0.5945072685528897,0.0,23.0,0.040897131541959196,20.69865286930918
2020-11-06,14.002900005829003,0.0,0.31796765851490494,-0.4685024811504721,-0.546183211344259,1.8686547261194173,0.5941717678370021,0.0,23.0,0.04087405189661949,20.69865286930918
2020-11-07,14.002900005829003,0.0,0.3178788340803412,-0.4685024811504721,-0.546183211344259,1.8681226363955756,0.5938366455765187,0.0,23.0,0.04085099828584869,20.69865286930918
2020-11-08,14.002900005829003,0.0,0.3177900840344346,-0.4685024811504721,-0.546183211344259,1.8675910009423904,0.5935019011314361,0.0,23.0,0.04082797066561992,20.69865286930918
2020-11-09,14.002900005829003,0.0,0.31770140827342475,-0.4685024811504721,-0.546183211344259,1.867059819113841,0.593167533863193,0.0,23.0,0.04080496899200548,20.69865286930918
2020-11-10,14.002900005829003,0.0,0.3176128066937536,-0.4685024811504721,-0.546183211344259,1.8665290902651928,0.5928335431346664,0.0,23.0,0.04078199322117665,20.69865286930918
2020-11-11,14.002900005829003,0.0,0.31752427919206494,-0.4685024811504721,-0.546183211344259,1.8659988137529935,0.5924999283101675,0.0,23.0,0.04075904330940334,20.69865286930918
2020-11-12,14.002900005829003,0.0,0.3174358256652043,-0.4685024811504721,-0.546183211344259,1.8654689889350686,0.5921666887554373,0.0,23.0,0.04073611921305384,20.69865286930918
2020-11-13,14.002900005829003,0.0,0.31734744601021797,-0.4685024811504721,-0.546183211344259,1.8649396151705204,0.5918338238376434,0.0,23.0,0.04071322088859457,20.69865286930918
2020-11-14,14.002900005829003,0.0,0.31725914012435286,-0.4685024811504721,-0.546183211344259,1.8644106918197227,0.5915013329253751,0.0,23.0,0.04069034829258974,20.69865286930918
2020-11-15,14.002900005829003,0.0,0.3171709079050556,-0.4685024811504721,-0.546183211344259,1.8638822182443198,0.5911692153886399,0.0,23.0,0.040667501381701145,20.69865286930918
2020-11-16,14.002900005829003,0.0,0.31708274924997243,-0.4685024811504721,-0.546183211344259,1.8633541938072207,0.5908374705988595,0.0,23.0,0.04064468011268784,20.69865286930918
2020-11-17,14.002900005829003,0.0,0.3169946640569486,-0.4685024811504721,-0.546183211344259,1.8628266178725974,0.5905060979288658,0.0,23.0,0.04062188444240591,20.69865286930918
2020-11-18,14.002900005829003,0.0,0.3169066522240278,-0.4685024811504721,-0.546183211344259,1.862299489805881,0.5901750967528967,0.0,23.0,0.04059911432780815,20.69865286930918
2020-11-19,14.002900005829003,0.0,0.3168187136494516,-0.4685024811504721,-0.546183211344259,1.861772808973759,0.5898444664465925,0.0,23.0,0.04057636972594383,20.69865286930918
2020-11-20,14.002900005829003,0.0,0.3167308482316592,-0.4685024811504721,-0.546183211344259,1.8612465747441724,0.589514206386992,0.0,23.0,0.040553650593958414,20.69865286930918
2020-11-21,14.002900005829003,0.0,0.31664305586928654,-0.4685024811504721,-0.546183211344259,1.860720786486312,0.5891843159525281,0.0,23.0,0.040530956889093306,20.69865286930918
2020-11-22,14.002900005829003,0.0,0.3165553364611663,-0.4685024811504721,-0.546183211344259,1.8601954435706145,0.5888547945230244,0.0,23.0,0.04050828856868553,20.69865286930918
2020-11-23,14.002900005829003,0.0,0.316467689906327,-0.4685024811504721,-0.546183211344259,1.8596705453687614,0.5885256414796912,1.0,23.0,0.04048564559016754,20.69865286930918
2020-11-24,14.406793246432049,0.02884354244013143,0.31661801977871445,-0.4531722099087112,-0.546183211344259,1.8763251727882524,0.5940783606691707,1.0,23.0,0.0408536561833517,20.69865286930918
2020-11-25,13.753849252719698,-0.045321952119640296,0.3172380310924684,-0.47795551282891735,-0.546183211344259,1.842497223746002,0.5845101915545209,1.0,23.0,0.040867586125042904,20.69865286930918
2020-11-26,12.646104006247223,-0.08054074362153052,0.3193076223617754,-0.5200013640291968,-0.546183211344259,1.7781574602984467,0.5677792308327501,1.0,23.0,0.0408520758016494,20.69865286930918
2020-11-27,12.637051017597548,-0.0007158717534825332,0.3192202112868237,-0.5203449814943985,-0.546183211344259,1.7771958566082207,0.5673168368445438,1.0,23.0,0.04085534928944049,20.62633647032815
2020-11-28,13.02289640899749,0.030532866478313547,0.31939865446181814,-0.5056997388587139,-0.546183211344259,1.794662226998089,0.5732127005166396,1.0,23.0,0.04084340966384866,20.62633647032815
2020-11-29,13.287231212941284,0.020297696890314354,0.3194212608315507,-0.4956665819852649,-0.546183211344259,1.806456925551883,0.5770207487976692,1.0,23.0,0.040829958468125434,20.62633647032815
2020-11-30,13.848222889652158,0.042220359360081616,0.3198571438736197,-0.4743734438393845,-0.546183211344259,1.8298165203166554,0.5852798860012506,1.0,23.0,0.04081487841656787,20.62633647032815
2020-12-01,13.412956057509577,-0.031431241077714445,0.3201143480983959,-0.49089453884291767,-0.546183211344259,1.8073853720323323,0.5785699901307068,1.0,23.0,0.040839845086096255,20.614466705202204
2020-12-02,13.590231784439469,0.013216752978970625,0.3200682005482721,-0.4841658177225595,-0.546183211344259,1.8150233256025745,0.5809312497787567,1.0,23.0,0.04086252005337684,20.59096056227305
2020-12-03,13.658998837201759,0.005060035314557787,0.3199830427710258,-0.4815556785437797,-0.546183211344259,1.8177055847318346,0.5816349638643791,1.0,23.0,0.04084697277129751,20.59096056227305
2020-12-04,13.133284722128973,-0.03848848084245726,0.3204026527131668,-0.5015098128780282,-0.546183211344259,1.7899577917260316,0.5735072247136227,1.0,23.0,0.04084948051342068,20.590173317078133
2020-12-05,13.373515935491502,0.01829178445798485,0.32040207285047384,-0.4923915378207725,-0.546183211344259,1.8005373350618745,0.5768958943984928,1.0,23.0,0.040854526276233885,20.590173317078133
2020-12-06,13.424500292962147,0.003812337586957204,0.320314732707573,-0.4904563630009491,-0.546183211344259,1.8024395782773879,0.5773479517374721,1.0,23.0,0.04084272769987173,20.590173317078133
2020-12-07,13.3243750659691,-0.0074583950842130875,0.32025170910205464,-0.4942567407583349,-0.546183211344259,1.7970797341480222,0.5755178562535701,1.0,23.0,0.040824726184109,20.590173317078133
2020-12-08,12.86486413509687,-0.03448649025542949,0.3205733906055564,-0.5116980507399218,-0.546183211344259,1.7725153166090717,0.5682212449456514,1.0,23.0,0.04081423563284092,20.586926704523062
2020-12-09,13.053890108455965,0.014693196241646334,0.320538983889887,-0.504523334374265,-0.546183211344259,1.7809928588154988,0.570877641279865,1.0,23.0,0.040814376245852345,20.586926704523062
2020-12-10,12.864831716324185,-0.014482915863472279,0.3205313762365542,-0.5116992812348362,-0.546183211344259,1.7709170650591979,0.5676344840642241,1.0,23.0,0.04080389126303679,20.586926704523062
2020-12-11,12.698044603671134,-0.01296457787639882,0.32050907522779826,-0.5180298939303688,-0.546183211344259,1.7618896079798363,0.5647016089070853,1.0,23.0,0.040786909172486105,20.584411211845733
2020-12-12,12.91340289847416,0.01695995734183864,0.32049521222105964,-0.5098557014913864,-0.546183211344259,1.7716743885341362,0.5678131591398641,1.0,23.0,0.04077611438517986,20.584411211845733
2020-12-13,13.194937672122855,0.021801749381021862,0.32053558324190734,-0.4991696983347649,-0.546183211344259,1.784195647562417,0.5718981925090919,1.0,23.0,0.04075974423919259,20.584411211845733
2020-12-14,13.224681915223357,0.00225421626381328,0.3204471738510358,-0.49804071852334053,-0.546183211344259,1.7851204593416359,0.5720368061796901,1.0,23.0,0.04074903220186392,20.584411211845733
2020-12-15,13.255726409082307,0.002347466204326132,0.32035888058877776,-0.49686238607412625,-0.546183211344259,1.7861033222536793,0.5721940609330857,1.0,23.0,0.0407358023107336,20.584227325957382
2020-12-16,13.831131974711818,0.04340807496111765,0.3208202220382074,-0.4750221508130741,-0.546183211344259,1.8098054329836037,0.5806221808557539,1.0,23.0,0.04072614591953142,20.584227325957382
2020-12-17,13.951227030515893,0.008682952055092175,0.32074750951664127,-0.47046379331859856,-0.546183211344259,1.814667279796617,0.582050010596103,1.0,23.0,0.04072565671346312,20.584227325957382
2020-12-18,14.05955029824968,0.007764425845615541,0.3206710247908327,-0.4663522487092523,-0.546183211344259,1.818971474777648,0.5832914468822407,1.0,23.0,0.040718893269131334,20.585516763228316
2020-12-19,14.246449732430472,0.013293414811714088,0.32062554855042474,-0.45925824778800595,-0.546183211344259,1.8265650014020938,0.5856434055375537,1.0,23.0,0.040699959838653856,20.585516763228316
2020-12-20,14.195974540203625,-0.0035430014617569006,0.320545561090846,-0.4611740966065261,-0.546183211344259,1.8237931625321995,0.5846088025975323,1.0,23.0,0.040686259992395536,20.585516763228316
2020-12-21,13.789784992871127,-0.028613009003513823,0.32074319335891543,-0.47659152703165,-0.546183211344259,1.8037460278984483,0.5785392609966077,1.0,23.0,0.040671130744659785,20.585516763228316
2020-12-22,13.963219369131282,0.012577018158717923,0.32069277032807814,-0.47000860916270026,-0.546183211344259,1.8109111748616926,0.5807461214844709,1.0,23.0,0.0406778721023827,20.591627460979264
2020-12-23,13.152250516735748,-0.058078930865209766,0.32171629199931023,-0.5007899425102962,-0.546183211344259,1.7679327031506324,0.5687727537619387,1.0,23.0,0.04068417514154001,20.591627460979264
2020-12-24,13.715618843484572,0.042834367094206405,0.32215833850975184,-0.47940659565066235,-0.546183211344259,1.791201968307211,0.5770506500452482,1.0,23.0,0.04070480804341141,20.591627460979264
2020-12-25,13.879552378541069,0.01195232507750621,0.32210332126541424,-0.47318429404867346,-0.546183211344259,1.7979618371725588,0.5791294792617471,1.0,23.0,0.04072569056461451,20.601945301743566
2020-12-26,13.920739492940738,0.002967467053429429,0.3220155090903585,-0.4716209857980337,-0.546183211344259,1.7993111505727268,0.5794060961636353,1.0,23.0,0.040713100547328955,20.601945301743566
2020-12-27,14.045807665346038,0.008984305213722399,0.32194418139158393,-0.4668738674659174,-0.546183211344259,1.8043099736053556,0.5808870974290467,1.0,23.0,0.04069718875412201,20.601945301743566
2020-12-28,14.53447263754795,0.03479080618536101,0.3221981850325724,-0.44832597951657305,-0.546183211344259,1.8235068722832435,0.5875306046440839,1.0,23.0,0.040685745236781964,20.601945301743566
2020-12-29,14.632466580152132,0.006742173936949536,0.3221180730069925,-0.4446064973139775,-0.546183211344259,1.827147105902407,0.5885571048535866,1.0,23.0,0.040695429958106516,20.611241648512447
2020-12-30,14.607457720033132,-0.001709134955614533,0.3220332800912701,-0.44555573976353946,-0.546183211344259,1.8255664273764143,0.5878931446325281,1.0,23.0,0.04068618957941141,20.611241648512447
2020-12-31,14.68117396943642,0.005046480422270294,0.321948796993463,-0.442757747659016,-0.546183211344259,1.8281775262175513,0.5885795552562259,1.0,23.0,0.04067251522976215,20.611241648512447
2021-01-01,14.693784256033636,0.0008589426583642812,0.3218609006165633,-0.44227910851743735,-0.546183211344259,1.8282092688766454,0.5884290817961858,1.0,23.0,0.04067084385023094,20.617524856863604
2021-01-02,14.95853188296335,0.018017661231210846,0.3218563042500963,-0.43223028243313566,-0.546183211344259,1.8384073998201682,0.5917030114121485,1.0,23.0,0.04067190560346201,20.619665156504798
2021-01-03,15.787586001874399,0.0554234951262349,0.32266378070131085,-0.4007625002587447,-0.546183211344259,1.867064496939132,0.6024340893955713,1.0,23.0,0.04065788971711099,20.619665156504798
2021-01-04,15.7997063233709,0.0007677121438998125,0.3225758979831871,-0.4003024583531132,-0.546183211344259,1.8670276151531402,0.6022581095174324,1.0,23.0,0.04066534225881836,20.619665156504798
2021-01-05,15.858668174978911,0.003731832124043599,0.3224891847294693,-0.3980644878024854,-0.546183211344259,1.8688157902147176,0.6026728805959032,1.0,23.0,0.04084599447173134,20.851302596275428
2021-01-06,15.979868897066872,0.007642553633802951,0.32241228451198395,-0.3934641633664252,-0.546183211344259,1.8729619149486285,0.6038659298025275,1.0,23.0,0.04082540420280766,20.851302596275428
2021-01-07,15.991311999413888,0.0007160948829258995,0.32232464554012696,-0.3930298261575007,-0.546183211344259,1.872891795982196,0.6036791842749731,0.0,23.0,0.04080749314254023,20.851302596275428
2021-01-08,15.9880120290615,-0.00020636020062081428,0.3222378741948547,-0.3931550806443457,-0.546183211344259,1.8722478174737738,0.6033091566687052,0.0,23.0,0.040830517958886196,20.894252187088323
2021-01-09,15.9880120290615,0.0,0.3221509493666967,-0.3931550806443457,-0.546183211344259,1.8717329813726942,0.602980556910171,0.0,23.0,0.04080827911468201,20.894252187088323
2021-01-10,15.9880120290615,0.0,0.3220640948366682,-0.3931550806443457,-0.546183211344259,1.8712185697515162,0.602652314908587,0.0,23.0,0.040786064482610865,20.894252187088323
2021-01-11,15.9880120290615,0.0,0.32197731051007966,-0.3931550806443457,-0.546183211344259,1.8707045820272556,0.6023244300800185,0.0,23.0,0.04076387402315352,20.894252187088323
2021-01-12,15.9880120290615,0.0,0.32189059629241973,-0.3931550806443457,-0.546183211344259,1.8701910176180523,0.6019969018418021,0.0,23.0,0.040741707696876656,20.894252187088323
2021-01-13,15.9880120290615,0.0,0.32180395208935525,-0.3931550806443457,-0.546183211344259,1.8696778759431605,0.6016697296125403,0.0,23.0,0.0407195654644327,20.894252187088323
2021-01-14,15.9880120290615,0.0,0.3217173778067304,-0.3931550806443457,-0.546183211344259,1.869165156422951,0.6013429128120988,0.0,23.0,0.040697447286559565,20.894252187088323
2021-01-15,15.9880120290615,0.0,0.3216308733505667,-0.3931550806443457,-0.546183211344259,1.8686528584789066,0.6010164508616037,0.0,23.0,0.04067535312408044,20.894252187088323
2021-01-16,15.9880120290615,0.0,0.3215444386270624,-0.3931550806443457,-0.546183211344259,1.868140981533619,0.6006903431834368,0.0,23.0,0.04065328293790351,20.894252187088323
2021-01-17,15.9880120290615,0.0,0.3214580735425918,-0.3931550806443457,-0.546183211344259,1.8676295250107862,0.6003645892012331,0.0,23.0,0.04063123668902178,20.894252187088323
2021-01-18,15.9880120290615,0.0,0.3213717780037056,-0.3931550806443457,-0.546183211344259,1.8671184883352103,0.6000391883398776,0.0,23.0,0.040609214338512827,20.894252187088323
2021-01-19,15.9880120290615,0.0,0.3212855519171293,-0.3931550806443457,-0.546183211344259,1.8666078709327947,0.5997141400255006,0.0,23.0,0.04058721584753855,20.894252187088323
2021-01-20,15.9880120290615,0.0,0.3211993951897638,-0.3931550806443457,-0.546183211344259,1.8660976722305413,0.599389443685476,0.0,23.0,0.040565241177344974,20.894252187088323
2021-01-21,15.9880120290615,0.0,0.3211133077286846,-0.3931550806443457,-0.546183211344259,1.865587891656547,0.5990650987484167,0.0,23.0,0.04054329028926199,20.894252187088323
2021-01-22,15.9880120290615,0.0,0.3210272894411413,-0.3931550806443457,-0.546183211344259,1.8650785286400027,0.5987411046441721,0.0,23.0,0.04052136314470317,20.894252187088323
2021-01-23,15.9880120290615,0.0,0.32094134023455717,-0.3931550806443457,-0.546183211344259,1.864569582611189,0.5984174608038239,0.0,23.0,0.0404994597051655,20.894252187088323
2021-01-24,15.9880120290615,0.0,0.3208554600165289,-0.3931550806443457,-0.546183211344259,1.8640610530014745,0.5980941666596834,0.0,23.0,0.040477579932229155,20.894252187088323
2021-01-25,15.9880120290615,0.0,0.3207696486948264,-0.3931550806443457,-0.546183211344259,1.8635529392433123,0.5977712216452884,1.0,23.0,0.040455723787557324,20.894252187088323
2021-01-26,15.96854473679822,-0.0012176180645782075,0.3206855854826053,-0.3938939859805506,-0.546183211344259,1.862287575162717,0.5972087813780372,1.0,23.0,0.04051360704123877,20.894252187088323
2021-01-27,15.801205715789214,-0.010479290615843517,0.32064412994852487,-0.4002455470454709,-0.546183211344259,1.855089589122851,0.594823587280863,1.0,23.0,0.04049287014640658,20.894252187088323
2021-01-28,15.971853474873523,0.01079966694654133,0.32058348425895683,-0.39376839870385694,-0.546183211344259,1.8610688285961625,0.5966279295170931,1.0,23.0,0.040477407850231226,20.894252187088323
2021-01-29,16.026188182212838,0.0034019036941950187,0.32049806628251365,-0.3917060571798697,-0.546183211344259,1.862649263531019,0.5969754871242398,1.0,23.0,0.04047006760591314,20.894252187088323
2021-01-30,16.236492298435262,0.013122528815419532,0.3204522076933657,-0.3837237023869674,-0.546183211344259,1.8699615097073972,0.5992332940873545,1.0,23.0,0.040449898051821837,20.894252187088323
2021-01-31,16.211341033998515,-0.0015490577628747282,0.3203690801319839,-0.3846783499698606,-0.546183211344259,1.8684901477796887,0.5986064698798536,1.0,23.0,0.040436595780209764,20.894252187088323
2021-02-01,16.312130521756185,0.006217220866940876,0.32028931967679614,-0.3808527593674128,-0.546183211344259,1.8717613445574057,0.5995051676456167,1.0,23.0,0.040419200738726985,20.894252187088323
2021-02-02,16.457138443891626,0.008889575885997036,0.3202192933307274,-0.37534880298720363,-0.546183211344259,1.8766118261424953,0.6009273128234357,1.0,23.0,0.04042800715099137,20.883236541735776
2021-02-03,16.67790451437666,0.01341460857473531,0.3201756456312434,-0.36696935168353717,-0.546183211344259,1.8840765609755938,0.6032354293290535,1.0,23.0,0.04041073241432036,20.883236541735776
2021-02-04,16.64457121441203,-0.0019986503661715282,0.3200937380196287,-0.3682345586205926,-0.546183211344259,1.882322579303648,0.6025196705680537,1.0,23.0,0.04039664466973944,20.883236541735776
2021-02-05,16.929724165487343,0.017131889275009415,0.32008113674297234,-0.3574112230311032,-0.546183211344259,1.891872643194748,0.6055527462067066,1.0,23.0,0.04039551431674453,20.86897652725576
2021-02-06,17.01951557113565,0.00530377251103431,0.3199993288025104,-0.3540030783399164,-0.546183211344259,1.8945865971866238,0.6062664394579518,1.0,23.0,0.04038268140510271,20.86897652725576
2021-02-07,16.97359085316615,-0.0026983563531846055,0.3199193363799041,-0.3557462082376156,-0.546183211344259,1.8923934824260717,0.6054132670674046,1.0,23.0,0.04036603932976237,20.86897652725576
2021-02-08,17.28123858040805,0.018125082070333587,0.31991645993732765,-0.34406905538779875,-0.546183211344259,1.902478509074965,0.6086341897301079,1.0,23.0,0.040348526109065516,20.86897652725576
2021-02-09,17.61743630271258,0.019454492265715384,0.31992740041078777,-0.3313082518989974,-0.546183211344259,1.9132827072508054,0.6121115627816645,1.0,23.0,0.04036446840233513,20.86897652725576
2021-02-10,17.827686943321105,0.011934235889710765,0.3198738738032238,-0.32332792683965694,-0.546183211344259,1.9198685291930009,0.6141157836258628,1.0,23.0,0.04035253848611856,20.86897652725576
2021-02-11,17.98393044766856,0.008764092887888042,0.31980359296119204,-0.3173975099358399,-0.546183211344259,1.9246148918275998,0.6154987574730824,1.0,23.0,0.0403414772789552,20.86897652725576
2021-02-12,18.10033721071857,0.006472821021452635,0.31972506222503133,-0.3129791461888567,-0.546183211344259,1.9280097126336462,0.6164330253422573,1.0,23.0,0.04042477527368883,20.80288731818382
2021-02-13,18.170278271461406,0.0038640750130012336,0.31964105162593454,-0.31032444607423426,-0.546183211344259,1.9298440228552611,0.6168573729394797,1.0,23.0,0.04040652506783974,20.80288731818382
2021-02-14,18.156845964239217,-0.0007392460930708555,0.31955746540789387,-0.31083428603296037,-0.546183211344259,1.928866587838872,0.6163837179197627,1.0,23.0,0.04038767113811432,20.80288731818382
2021-02-15,18.124822600078787,-0.0017637074315386414,0.319475781052709,-0.3120497727242457,-0.546183211344259,1.927253844463506,0.6157109272468148,1.0,23.0,0.04036808423167169,20.80288731818382
2021-02-16,18.132657769546142,0.0004322894430603963,0.31939101034606565,-0.3117523791036434,-0.546183211344259,1.927000291710952,0.6154665701067242,1.0,23.0,0.04049263436451133,20.80288731818382
2021-02-17,18.50703498168805,0.020646571335542152,0.31941533503786385,-0.2975424255022896,-0.546183211344259,1.938408875753958,0.6191575204893195,1.0,23.0,0.04047690358399594,20.80288731818382
2021-02-18,18.5723099932373,0.0035270377785441287,0.3193312121396508,-0.29506483109921167,-0.546183211344259,1.9400349427603734,0.6195137098649481,1.0,23.0,0.04046609191449263,20.80288731818382
2021-02-19,19.207489886005792,0.0342003710362242,0.31956755573221857,-0.27095578676632137,-0.546183211344259,1.9583785076561262,0.6258342328901781,1.0,23.0,0.04045820611265114,20.797175566105086
2021-02-20,19.125760385499397,-0.004255084916949037,0.3194932964606599,-0.274057931801841,-0.546183211344259,1.9552021740289902,0.6246739878275709,1.0,23.0,0.04045589193772699,20.797175566105086
2021-02-21,19.25668008839389,0.006845202504667469,0.3194162781753644,-0.2690887113383674,-0.546183211344259,1.958795704583193,0.625671233663854,1.0,23.0,0.04044838907739967,20.797175566105086
2021-02-22,18.85426672611682,-0.020897338504346163,0.31948662087880875,-0.28436281195417745,-0.546183211344259,1.9446236342160452,0.6212812337767529,1.0,23.0,0.040435049025562164,20.797175566105086
2021-02-23,17.85341885335199,-0.053083362365849096,0.32031163805854973,-0.3223512401296911,-0.546183211344259,1.906425708210027,0.6106503414336846,1.0,23.0,0.040432432973599275,20.794112791369866
2021-02-24,18.131303769172114,0.015564801235139925,0.32028493055493457,-0.3118037718750706,-0.546183211344259,1.9149965931299537,0.6133445508435635,1.0,23.0,0.040440074076725625,20.794112791369866
2021-02-25,17.792136039006333,-0.0187061964480707,0.3203255813364888,-0.32467730571319686,-0.546183211344259,1.9024169690422599,0.6093928215528629,1.0,23.0,0.040429583066558444,20.794112791369866
2021-02-26,17.732187057308103,-0.0033694089100264613,0.32024823430677174,-0.3269527440164699,-0.546183211344259,1.8998280745957825,0.6084165863757331,1.0,23.0,0.040417025581797786,20.78504941890402
2021-02-27,17.947791200777225,0.01215891433878502,0.32019654597132524,-0.31876922008501185,-0.546183211344259,1.9064796459394588,0.6104481975944498,1.0,23.0,0.04040292634155924,20.78504941890402
2021-02-28,17.699324286517456,-0.01384387145360877,0.32018437774734454,-0.3282000914323966,-0.546183211344259,1.8971734541657241,0.6074453019008327,1.0,23.0,0.040389739831662726,20.78504941890402
2021-03-01,18.201811307672706,0.028390181061207054,0.32031515027895063,-0.30912757039125993,-0.546183211344259,1.9125379090916153,0.6126148677648707,1.0,23.0,0.040379539789529705,20.78504941890402
2021-03-02,18.121031149910884,-0.004438028523445436,0.3202415962355866,-0.31219368193992547,-0.546183211344259,1.9092847688510568,0.6114324020451555,1.0,23.0,0.04038825835842382,20.78255589253567
2021-03-03,18.33442338215432,0.011775943128075506,0.3201875901767334,-0.30409411385531904,-0.546183211344259,1.9157023394529762,0.613384115565379,1.0,23.0,0.04037271138849597,20.78255589253567
2021-03-04,18.126269335204142,-0.011353182077860402,0.3201540864027373,-0.3119948600897744,-0.546183211344259,1.9080407025998636,0.6108670279600963,1.0,23.0,0.04035893644107934,20.78255589253567
2021-03-05,18.05822962192472,-0.0037536523385580667,0.32007829987446434,-0.3145773921921383,-0.546183211344259,1.9052196312748113,0.6098194604658954,1.0,23.0,0.04034766186634893,20.782394080300055
2021-03-06,18.138977397638687,0.004471522259077432,0.3199960647575898,-0.31151250974445066,-0.546183211344259,1.907397771628796,0.6103597808486106,1.0,23.0,0.040330329438896896,20.782394080300055
2021-03-07,18.34267926508821,0.011230063469622076,0.3199390467358052,-0.30378075153083994,-0.546183211344259,1.9134978648013858,0.612202682795554,1.0,23.0,0.04031250250874035,20.782394080300055
2021-03-08,18.498075392531195,0.008471833650755212,0.31986847438442667,-0.2978824978733554,-0.546183211344259,1.918013617440324,0.6135120896591918,1.0,23.0,0.04029567142873999,20.782394080300055
2021-03-09,18.832533331216904,0.0180806884818272,0.3198650105088855,-0.28518773003976494,-0.546183211344259,1.9279098256076257,0.6166708966281668,1.0,23.0,0.04029068713828939,20.782394080300055
2021-03-10,18.65742774301497,-0.009298036813330857,0.3198169646355605,-0.2918340808404757,-0.546183211344259,1.9215856131901718,0.614555678097843,1.0,23.0,0.040280956745087325,20.782394080300055
2021-03-11,18.68023574874939,0.001222462498505772,0.31973272204802833,-0.2909683745615833,-0.546183211344259,1.9218143365339162,0.6144669290909146,1.0,23.0,0.04026621395399182,20.782394080300055
2021-03-12,18.51291392023027,-0.008957158291234113,0.31968252108699025,-0.29731928306412614,-0.546183211344259,1.9157151668393628,0.6124206542197916,1.0,23.0,0.04025299032058172,20.78258481934279
2021-03-13,18.948935605983284,0.02355229909412282,0.3197421128107124,-0.2807695366511799,-0.546183211344259,1.9285074949944214,0.6166250610208107,1.0,23.0,0.04024390312751405,20.78258481934279
2021-03-14,18.69238145576943,-0.013539238063210668,0.3197276007176409,-0.2905073691167728,-0.546183211344259,1.9194450564994936,0.6136995626239198,1.0,23.0,0.04023755555263862,20.78258481934279
2021-03-15,18.366561414596116,-0.017430633006515373,0.31975312376883197,-0.3028742747865254,-0.546183211344259,1.9078155380737207,0.6100299778737872,1.0,23.0,0.04022095553803794,20.78258481934279
2021-03-16,18.607630572681078,0.013125437725832523,0.3197084124860903,-0.2937241944931601,-0.546183211344259,1.9149576221655056,0.6122280613606721,1.0,23.0,0.040223396511710044,20.783880021623396
2021-03-17,18.904882092560364,0.015974710950877213,0.31968569553289405,-0.2824416426485904,-0.546183211344259,1.9236717213444492,0.6149703322149598,1.0,23.0,0.04020816474710153,20.783880021623396
2021-03-18,18.688974094561647,-0.011420753482703883,0.3196532133357149,-0.29063669975735473,-0.546183211344259,1.9160075369387535,0.612457965957921,1.0,23.0,0.04019756081199361,20.783880021623396
2021-03-19,18.812883551283985,0.00663008339009874,0.31957665154249976,-0.28593356192287045,-0.546183211344259,1.9194355835786348,0.613406796651584,1.0,23.0,0.04018848793238509,20.785471255147247
2021-03-20,18.919079528924964,0.0056448538232583,0.31949751353124545,-0.28190276125983027,-0.546183211344259,1.922287134422888,0.6141659597412157,1.0,23.0,0.04017081596693089,20.785471255147247
2021-03-21,18.78053375478124,-0.007323071607786447,0.3194380185983072,-0.2871614387604784,-0.546183211344259,1.917249133478161,0.6124422643575852,1.0,23.0,0.04015638825095052,20.785471255147247
2021-03-22,18.523312950927654,-0.013696139162610255,0.3194250453093915,-0.2969245748956898,-0.546183211344259,1.9081196613903961,0.609501209295368,1.0,23.0,0.04013652258341432,20.785471255147247
2021-03-23,18.517701878955904,-0.00030291946082294796,0.3193425359090554,-0.29713755012438026,-0.546183211344259,1.9074315037473386,0.6091240134794981,1.0,23.0,0.04013712890696699,20.78715134331841
2021-03-24,17.96950507096407,-0.02960393312168097,0.31955133780699785,-0.3179450430842389,-0.546183211344259,1.887483270771384,0.6031478042633237,1.0,23.0,0.04012254325790593,20.78715134331841
2021-03-25,17.93582043251887,-0.001874544586073612,0.3194714351562785,-0.31922358551112995,-0.546183211344259,1.8858466891989796,0.6024741482831143,1.0,23.0,0.04011645884639342,20.78715134331841
2021-03-26,18.52783701362925,0.03300749934120728,0.31968143960687584,-0.2967528584583792,-0.546183211344259,1.9033327843585117,0.6084601645546924,1.0,23.0,0.04011165605421122,20.791365413498024
2021-03-27,18.5107527141505,-0.0009220881782467938,0.3195998736085127,-0.29740131433398054,-0.546183211344259,1.90227285607957,0.6079661643719351,1.0,23.0,0.04010847643108436,20.791365413498024
2021-03-28,18.509931192962704,-4.438075536317143e-05,0.319517244855276,-0.2974324961943675,-0.546183211344259,1.90174417521127,0.6076400592830743,1.0,23.0,0.04009109625908542,20.791365413498024
2021-03-29,18.844113418066126,0.018054212175055318,0.31951389579639955,-0.28474819341336177,-0.546183211344259,1.9115409504024563,0.610763896037441,1.0,23.0,0.04007501986847899,20.791365413498024
2021-03-30,18.948845140855035,0.005557795183322334,0.3194350014789421,-0.28077297036785187,-0.546183211344259,1.9143296404260388,0.6115038915206744,1.0,23.0,0.04006992562022042,20.79421133233585
2021-03-31,19.11230393080865,0.008626319374007041,0.31936606968964504,-0.27456868830782655,-0.546183211344259,1.9188868989515,0.6128273670970916,1.0,23.0,0.04005311339573718,20.79421133233585
2021-04-01,19.359413692329365,0.012929354954552608,0.31932050206892537,-0.2651893293838118,-0.546183211344259,1.9258655069817578,0.6149683406066404,1.0,25.0,0.04003738477285913,20.79421133233585
2021-04-02,19.740263424979815,0.01967258609703415,0.3193336157677132,-0.25073370320109545,-0.546183211344259,1.9365003763737174,0.6183896671229566,1.0,25.0,0.04013835753839809,20.847464228967496
2021-04-03,19.408907782393893,-0.016785776129340735,0.3193520556056489,-0.26331071952042207,-0.546183211344259,1.9253877731342592,0.6148765431884085,1.0,25.0,0.040132777082106295,20.847464228967496
2021-04-04,19.7655551788598,0.018375449070319405,0.3193517660548516,-0.2497737231663193,-0.546183211344259,1.935320102694498,0.6180478926769447,1.0,25.0,0.040125316871805386,20.847464228967496
2021-04-05,20.4062217263386,0.032413283698907946,0.31954907787552916,-0.22545642601693372,-0.546183211344259,1.9523818380689861,0.6238818160158752,1.0,25.0,0.040108345551505116,20.847464228967496
2021-04-06,20.72401530068138,0.015573366721415072,0.3195230470272091,-0.21339417489757995,-0.546183211344259,1.9607766437029173,0.6265133277357404,1.0,25.0,0.04012921676437683,20.86136017837146
2021-04-07,20.141291969663914,-0.028118263886743322,0.3197040632092925,-0.23551216506265926,-0.546183211344259,1.9419628416582573,0.6208534110796088,1.0,25.0,0.040123121186376384,20.86136017837146
2021-04-08,20.584557149946175,0.022007782864668757,0.3197432406915775,-0.21868748278867745,-0.546183211344259,1.9537670061745465,0.6247037941105308,1.0,25.0,0.04012280806541316,20.86136017837146
2021-04-09,20.52782136678277,-0.0027562304474232358,0.3196661366297045,-0.22084096013756815,-0.546183211344259,1.9515895838928945,0.6238571025698142,1.0,25.0,0.04011954616630531,20.868165533672034
2021-04-10,20.986219829327133,0.022330594871900145,0.3197091099124735,-0.20344187527762148,-0.546183211344259,1.9635445351245977,0.6277630755981867,1.0,25.0,0.04010790936702926,20.868165533672034
2021-04-11,21.149941081034502,0.007801369328962027,0.319637134116218,-0.19722763115467679,-0.546183211344259,1.967588631615536,0.628914391329241,1.0,25.0,0.040097776573900054,20.868165533672034
2021-04-12,21.494736549567882,0.016302431633843373,0.31961716500126025,-0.18414048949403738,-0.546183211344259,1.9763427307347472,0.631673060668289,1.0,25.0,0.04008342494784716,20.868165533672034
2021-04-13,22.031410350321572,0.024967684508069965,0.3196940196797618,-0.1637703666328162,-0.546183211344259,1.9896138106046781,0.6360676367225778,1.0,25.0,0.04010443924652323,20.86670025644364
2021-04-14,22.275134216336074,0.011062563046988272,0.3196369003881943,-0.15451952359193188,-0.546183211344259,1.9954808008675233,0.6378292979734468,1.0,25.0,0.04009949457695025,20.86670025644364
2021-04-15,22.514827043227154,0.010760555898931212,0.31957816820110274,-0.1454216836640878,-0.546183211344259,2.001175746586428,0.639532079342565,1.0,25.0,0.04008774759394399,20.86670025644364
2021-04-16,22.33869990299679,-0.007822717886848962,0.3195225699502161,-0.15210680874500204,-0.546183211344259,1.9958655818249593,0.6377240999798943,1.0,25.0,0.0400915844275155,20.87741213628243
2021-04-17,22.05619196142978,-0.012646570426827486,0.31950111711296453,-0.16282974970263575,-0.546183211344259,1.9874972578251748,0.635007594134097,1.0,25.0,0.0400815644962771,20.87741213628243
2021-04-18,21.236284857216038,-0.03717355677931766,0.31986511847595794,-0.19395034553602053,-0.546183211344259,1.962287609100816,0.6276673585689367,1.0,25.0,0.040065994369223965,20.87741213628243
2021-04-19,20.88718054135231,-0.016439048459321315,0.3198796342505133,-0.2072010348663731,-0.546183211344259,1.9514960607323073,0.6242438461483679,1.0,25.0,0.040059559281740216,20.87741213628243
2021-04-20,21.358455462410223,0.022562878705667533,0.3199250700779204,-0.18931320797808426,-0.546183211344259,1.9635010937737785,0.6281732250236495,1.0,25.0,0.04004859511471563,20.88918756040416
2021-04-21,21.06262129042655,-0.01385091597584509,0.3199138680549114,-0.20054196261710733,-0.546183211344259,1.9544023939583985,0.6252404295870101,1.0,25.0,0.04004394993556206,20.88918756040416
2021-04-22,20.752747834405746,-0.014712008146946398,0.31991070367610086,-0.21230359577622626,-0.546183211344259,1.944756955295085,0.6221485660474421,1.0,25.0,0.04003217013274539,20.88918756040416
2021-04-23,20.612670929413824,-0.00674980036907169,0.3198492536329176,-0.21762038925617222,-0.546183211344259,1.9401575185638074,0.6205579342429273,1.0,25.0,0.040031563375395596,20.891182059372277
2021-04-24,19.99163180110281,-0.030128998344644775,0.32006444695621883,-0.24119270325315678,-0.546183211344259,1.920152487763837,0.6145725440677402,1.0,25.0,0.0400172896480594,20.891182059372277
2021-04-25,20.08190549223422,0.004515573917604376,0.3199843843847845,-0.2377662528154788,-0.546183211344259,1.9222962589440393,0.6151047850233827,1.0,25.0,0.04001320237111139,20.891182059372277
2021-04-26,21.294559211774413,0.06038539121743858,0.32091161732218276,-0.19173846979260722,-0.546183211344259,1.9511036800382286,0.6261318375243305,1.0,25.0,0.04000730825592184,20.891182059372277
2021-04-27,21.752293885922036,0.021495381500760358,0.32094347204118856,-0.17436457984841092,-0.546183211344259,1.962481623068609,0.6298456659246665,1.0,25.0,0.04000596018062738,20.890808691886875
2021-04-28,21.842640615157862,0.0041534345623335245,0.3208626794992693,-0.17093535715846653,-0.546183211344259,1.964395719403914,0.6303012741248346,1.0,25.0,0.03999560619490766,20.890808691886875
2021-04-29,21.866296992028204,0.0010830364921137203,0.3207803484317292,-0.17003744989594793,-0.546183211344259,1.9645234513018381,0.6301805172109068,1.0,25.0,0.03998092092812879,20.890808691886875
2021-04-30,22.306668411911115,0.020139277356538976,0.3207969854912642,-0.153322603903862,-0.546183211344259,1.9751816458460467,0.6336323177850856,1.0,25.0,0.039967708769701925,20.89190932238529
2021-05-01,22.539965464244954,0.0104586237633435,0.3207368481526514,-0.14446752356916504,-0.546183211344259,1.9806476802090776,0.6352666942511201,1.0,25.0,0.039956138473459614,20.89190932238529
2021-05-02,22.46487871632235,-0.003331271649094303,0.32066206272118575,-0.14731753465277853,-0.546183211344259,1.9781475808987223,0.634316883657908,1.0,25.0,0.039987364530709335,20.949021153882303
2021-05-03,22.98725814890936,0.023253160597188627,0.3207148743869664,-0.1274899723476529,-0.546183211344259,1.990378864854313,0.6383441076242238,1.0,25.0,0.039974945802799595,20.949021153882303
2021-05-04,22.440002642489894,-0.023806906542502504,0.3208230530427053,-0.14826173703336853,-0.546183211344259,1.9748052171905437,0.633563038943733,1.0,25.0,0.040000976633980945,20.95208765211197
2021-05-05,24.080110599427172,0.07308858127457407,0.3222207475685469,-0.08600939577586741,-0.546183211344259,2.0076458100991643,0.6469051337830136,1.0,25.0,0.04001150439187913,20.95208765211197
2021-05-06,24.197610524321973,0.004879542575589202,0.3221410424049134,-0.08154953970886736,-0.546183211344259,2.009945207859205,0.6474858444365247,1.0,25.0,0.04002823486248013,20.95208765211197
2021-05-07,24.048588275075975,-0.0061585522709447504,0.32207683910732715,-0.08720586487684345,-0.546183211344259,2.005745234753181,0.6460040852638884,1.0,25.0,0.04004175518620684,20.971075534967458
2021-05-08,24.324004917984418,0.011452507721373628,0.3220216212575457,-0.07675208299632097,-0.546183211344259,2.0117029342330897,0.6478118403703014,1.0,25.0,0.04002898764923152,20.971075534967458
2021-05-09,24.574702630312053,0.010306596844267046,0.3219603788044441,-0.06723653892845471,-0.546183211344259,2.017030531537412,0.6494039139939144,1.0,25.0,0.04001606064872814,20.971075534967458
2021-05-10,23.863841077663007,-0.02892655766146368,0.32215101613444286,-0.09421817496964724,-0.546183211344259,1.9980597734636913,0.6436769863186829,1.0,25.0,0.04000937628716554,20.971075534967458
2021-05-11,24.514071799189665,0.027247529826004646,0.32225653762754414,-0.06953785767627974,-0.546183211344259,2.0121471835948954,0.6484275845823053,1.0,25.0,0.04001240947619126,20.99408439706317
2021-05-12,23.360652795505104,-0.0470513023349588,0.3228625910890807,-0.1133173132459866,-0.546183211344259,1.980192271991144,0.6393300077896344,1.0,25.0,0.04001910642375393,20.99408439706317
2021-05-13,23.695097590534903,0.014316586011421384,0.32282573454682856,-0.10062304429623459,-0.546183211344259,1.9876665620741174,0.6416699179357463,1.0,25.0,0.040029935276819605,20.99408439706317
2021-05-14,24.399635705164794,0.02973349706360029,0.3229688937311322,-0.07388142222474692,-0.546183211344259,2.002908009206735,0.6468769839787236,1.0,25.0,0.04003063972351145,21.021449743694294
2021-05-15,23.77150420108871,-0.02574347878247718,0.32310450291135573,-0.0977229361817622,-0.546183211344259,1.9862245684162583,0.6417581018484572,1.0,25.0,0.04003219900037774,21.021449743694294
2021-05-16,23.691971400050143,-0.0033457201683907423,0.3230296875173541,-0.10074170275165528,-0.546183211344259,1.9837466851299372,0.6408090718111107,1.0,25.0,0.04003041578009281,21.021449743694294
2021-05-17,22.93485096872957,-0.0319568354416877,0.323274125005306,-0.12947915217639283,-0.546183211344259,1.9628659403304138,0.6345437693630317,1.0,25.0,0.04001675685719593,21.021449743694294
2021-05-18,23.136766310220995,0.008803865425885071,0.32320619425320646,-0.12181520378172639,-0.546183211344259,1.9673390585773438,0.6358561699284693,1.0,25.0,0.040010330563212314,21.064452365451373
2021-05-19,20.261538586182827,-0.12427094112836312,0.3276517907987706,-0.230948054892391,-0.546183211344259,1.8692438000743827,0.6124610785338707,1.0,25.0,0.040025651050523615,21.064452365451373
2021-05-20,21.341287549457064,0.053290571132172726,0.3283217581869306,-0.1899648375072982,-0.546183211344259,1.8946000000618248,0.6220384030812571,1.0,25.0,0.04007723294346961,21.064452365451373
2021-05-21,20.390123240328375,-0.0445692091877975,0.3288424084914665,-0.226067464113907,-0.546183211344259,1.865502051794171,0.6134561877577677,1.0,25.0,0.04015207409090777,21.187239648020096
2021-05-22,20.043631519944235,-0.016993115554046034,0.3288571401959292,-0.23921898912725525,-0.546183211344259,1.854892250461421,0.6099945608583341,1.0,25.0,0.0401514877246398,21.187239648020096
2021-05-23,19.261603504058144,-0.03901628380605293,0.32923956422690226,-0.2689018369617221,-0.546183211344259,1.8298408789013,0.6024560135740359,1.0,25.0,0.040136890197946855,21.187239648020096
2021-05-24,20.833491394631533,0.0816073225805014,0.3309486326960921,-0.20923887333264524,-0.546183211344259,1.8651318049332586,0.6172628206406563,1.0,25.0,0.0401468718195841,21.187239648020096
2021-05-25,20.74369886296224,-0.0043100088203378295,0.3308747781976357,-0.21264706076336182,-0.546183211344259,1.8621910843612708,0.6161520619996502,1.0,25.0,0.040193685591854086,21.24353941684053
2021-05-26,21.21718682301732,0.022825628311664792,0.33091576701813197,-0.1946752352222495,-0.546183211344259,1.873777302928345,0.6200624534196999,1.0,25.0,0.04017806101461959,21.24353941684053
2021-05-27,21.01429109620062,-0.009562800596947807,0.3308673591837139,-0.20237639536360297,-0.546183211344259,1.867757951547452,0.6179801410228886,1.0,25.0,0.040170316468016075,21.24353941684053
2021-05-28,20.50353464968686,-0.0243051951729224,0.33097225243003797,-0.22176279274882038,-0.546183211344259,1.8526489425839774,0.6131753934891471,1.0,25.0,0.040152098753877194,21.24615420941154
2021-05-29,20.14285414148523,-0.017591138033711484,0.33099208386352147,-0.23545287088454614,-0.546183211344259,1.841783343413992,0.6096157068617211,1.0,25.0,0.04014174127030566,21.24615420941154
2021-05-30,20.446513287230246,0.015075278985395402,0.3309584623709295,-0.22392710961564755,-0.546183211344259,1.8494483999415274,0.6120905986790238,1.0,25.0,0.04013203296016626,21.24615420941154
2021-05-31,20.993529339792016,0.02675351268342685,0.33105000799773754,-0.2031644336994861,-0.546183211344259,1.8629148335167485,0.6167179705348235,1.0,25.0,0.04011641562218111,21.24615420941154
2021-06-01,20.951742962320193,-0.0019904408065688495,0.33097012829867384,-0.20475048772677606,-0.546183211344259,1.861313685577303,0.6160392293195974,1.0,25.0,0.04011446446970155,21.261281784373978
2021-06-02,21.23021155727731,0.01329095128066049,0.3309240218880774,-0.19418086520318356,-0.546183211344259,1.868036640173382,0.6181781980004668,1.0,25.0,0.040110527707403705,21.311009518520134
2021-06-03,21.388427042467832,0.007452374403508433,0.33084971657951956,-0.1881755993091666,-0.546183211344259,1.8716632240144133,0.6192392471974785,1.0,26.0,0.040095683560820654,21.311009518520134
2021-06-04,20.978573236479622,-0.01916240989458562,0.3308872812273608,-0.2037321112376307,-0.546183211344259,1.8598415554164327,0.6153979157854093,1.0,26.0,0.04009474785328049,21.312083848858688
2021-06-05,20.787642764976706,-0.009101213383325257,0.33083619533304337,-0.21097911520354684,-0.546183211344259,1.8541271386987788,0.613412368230846,1.0,26.0,0.040083580458950635,21.312083848858688
2021-06-06,20.844725307018575,0.002745984366156362,0.33075312428636316,-0.20881247618932497,-0.546183211344259,1.8551854152532652,0.6136083722255115,1.0,26.0,0.0400678351144935,21.312083848858688
2021-06-07,20.38298522802625,-0.022151411073613625,0.33082760744065215,-0.22633839626556973,-0.546183211344259,1.8415212471282418,0.6092260682385622,1.0,26.0,0.040052425586633876,21.312083848858688
2021-06-08,20.300742612811774,-0.004034866055900088,0.3307533419012533,-0.22946001720923093,-0.546183211344259,1.8387652576789013,0.6081777539492157,1.0,26.0,0.04004169864240395,21.320607068311283
2021-06-09,20.640868461231285,0.01675435499610045,0.3307332966905203,-0.21655011679886527,-0.546183211344259,1.8472568572573285,0.6109493502348862,1.0,26.0,0.04002579996375597,21.320607068311283
2021-06-10,20.34274815987447,-0.014443205329114917,0.3307221784523273,-0.22786564432701029,-0.546183211344259,1.8383715260536821,0.6079902359012032,1.0,26.0,0.040015995496571005,21.320607068311283
2021-06-11,20.07792942348227,-0.013017844703723469,0.33069882723816246,-0.23791716945957087,-0.546183211344259,1.8303532220975518,0.6052956639792523,1.0,26.0,0.04000485236041811,21.33837231392757
2021-06-12,20.065458849395885,-0.0006211085726699483,0.3306171671892723,-0.238390505638704,-0.546183211344259,1.8295407299085331,0.6048775733797528,1.0,26.0,0.039991088710685435,21.33837231392757
2021-06-13,20.407509691857747,0.017046749094011382,0.33059976843280864,-0.22540753968071015,-0.546183211344259,1.8381708643739694,0.60769886210197,1.0,26.0,0.03997526172405658,21.33837231392757
2021-06-14,20.606939657518026,0.009772381278831288,0.330534986519836,-0.21783792682276204,-0.546183211344259,1.843025517140512,0.6091844144637529,1.0,26.0,0.03996282923818951,21.33837231392757
2021-06-15,20.465968286195242,-0.006840965891378947,0.3304721093875186,-0.22318867088689776,-0.546183211344259,1.8386601286138506,0.6076258911497454,1.0,26.0,0.03994903708030186,21.342951568937924
2021-06-16,20.150149232299317,-0.01543142496262695,0.33047014896507365,-0.2351759766222251,-0.546183211344259,1.829201386971408,0.6044964548395606,1.0,26.0,0.03993133448880623,21.342951568937924
2021-06-17,20.157134001379085,0.0003466360967974147,0.3303877885564511,-0.2349108610080246,-0.546183211344259,1.8289322113710582,0.6042568687345438,1.0,26.0,0.03991871483703454,21.342951568937924
2021-06-18,19.802772515020724,-0.01757995389295497,0.3304073702393896,-0.24836109279550422,-0.546183211344259,1.81817785502,0.6007393637046524,1.0,26.0,0.039906219331611384,21.35080034584886
2021-06-19,19.734478673610557,-0.0034487010017595354,0.33033181082346436,-0.25095327064774176,-0.546183211344259,1.8157748957426592,0.5998082093584598,1.0,26.0,0.03989425171154297,21.35080034584886
2021-06-20,19.761033970614847,0.0013456295169225196,0.3302491593558108,-0.24994533125917096,-0.546183211344259,1.8160646629030308,0.5997538282595198,1.0,26.0,0.039877196152992435,21.35080034584886
2021-06-21,18.635621360469997,-0.05695109941202303,0.3311140626894249,-0.29266176926308196,-0.546183211344259,1.7790093888408265,0.5890550263017169,1.0,26.0,0.039866749690486716,21.35080034584886
2021-06-22,18.530181619362523,-0.00565796755943615,0.3310458425964809,-0.29666386602614037,-0.546183211344259,1.7753671669738005,0.587727919708969,1.0,26.0,0.039868642752915635,21.38276284585654
2021-06-23,19.01288739416229,0.026049705540682977,0.33112758551205496,-0.278342166839999,-0.546183211344259,1.7883919187988464,0.5921858980211331,1.0,26.0,0.0398555245002435,21.38276284585654
2021-06-24,19.158125322902876,0.00763892015608203,0.3310548386437055,-0.27282948027247855,-0.546183211344259,1.7920982925915059,0.5932828110875411,1.0,26.0,0.039847111704515534,21.38276284585654
2021-06-25,18.745295412610183,-0.021548554638546435,0.33111992178990624,-0.28849895394836733,-0.546183211344259,1.778992606828388,0.5890598928378372,1.0,26.0,0.03983768612805207,21.39230238619983
2021-06-26,18.707223806359607,-0.0020309952664157027,0.3310409495670808,-0.289944009204948,-0.546183211344259,1.7774116306230472,0.588396033973027,1.0,26.0,0.039828654868881805,21.39230238619983
2021-06-27,19.170775662452424,0.024779297072141215,0.3311058917831751,-0.2723493208711838,-0.546183211344259,1.7898005703860527,0.5926135139717095,1.0,26.0,0.039811460053145,21.39230238619983
2021-06-28,19.31880249830717,0.0077214839118204814,0.3310335669076587,-0.26673077785886545,-0.546183211344259,1.7935433405395331,0.5937230494222793,1.0,26.0,0.03980146725229954,21.39230238619983
2021-06-29,19.534497923944595,0.011165051542730176,0.3309760714097936,-0.2585437891989619,-0.546183211344259,1.799096036932113,0.5954577383927198,1.0,26.0,0.03979340690144927,21.40026150557107
2021-06-30,19.558809059886375,0.001244523203843384,0.3308936878745168,-0.25762102973998624,-0.546183211344259,1.7993314412283234,0.5953874162966093,1.0,26.0,0.03977896186217584,21.40026150557107
2021-07-01,19.293693099093797,-0.013554811030713987,0.3308746143567004,-0.2676838363950369,-0.546183211344259,1.7910965649856023,0.592628385215222,1.0,26.0,0.039763068444159735,21.40026150557107
2021-07-02,19.31353727535776,0.0010285317674558758,0.3307923941586795,-0.2669306259569477,-0.546183211344259,1.7912150607670891,0.59252031840423,1.0,26.0,0.039767409604537896,21.434676159334913
2021-07-03,19.446256469313667,0.006871822186878429,0.3307176934413077,-0.26189310356787754,-0.546183211344259,1.7945000773150515,0.5934729264498821,1.0,26.0,0.03974903959415085,21.434676159334913
2021-07-04,19.615622595138007,0.008709446267542553,0.33064925492477554,-0.2554646012136994,-0.546183211344259,1.7987578828867892,0.5947579537665835,1.0,26.0,0.03973169856357275,21.434676159334913
2021-07-05,19.421009365341018,-0.009921338405298852,0.3306036879038018,-0.2628513888597823,-0.546183211344259,1.7926706987171102,0.5926635441929617,1.0,26.0,0.039717591088056614,21.434676159334913
2021-07-06,19.557647634865674,0.007035590527467717,0.33052962687681015,-0.25766511307390816,-0.546183211344259,1.7960397308891936,0.5936443421067317,1.0,26.0,0.03970943967150224,21.434676159334913
2021-07-07,19.55627620447325,-7.01224614548801e-05,0.33044838791830033,-0.25771716742340334,-0.546183211344259,1.795551284677809,0.5933370274464151,1.0,26.0,0.03969430947572396,21.434676159334913
2021-07-08,19.269598347849684,-0.014659122914105205,0.3304390441023814,-0.26859838270317393,-0.546183211344259,1.7866794693599681,0.5903886559726579,1.0,26.0,0.039676740872537836,21.434676159334913
2021-07-09,19.397945610136727,0.006660609109237825,0.3303640826994071,-0.26372680242849533,-0.546183211344259,1.7898473126785923,0.591301265625062,1.0,26.0,0.03966574905478253,21.442020486451728
2021-07-10,19.313335876283798,-0.004361788384885212,0.33029201081094256,-0.266938270309765,-0.546183211344259,1.7869621630232517,0.5902193260680212,1.0,26.0,0.03964979119308821,21.442020486451728
2021-07-11,19.378236488520518,0.0033604040571995064,0.33021103630524556,-0.2644748866991363,-0.546183211344259,1.7883548128442701,0.5905344960307799,1.0,26.0,0.039632506537666985,21.442020486451728
2021-07-12,19.23911139101804,-0.0071794509053956235,0.3301504598903026,-0.2697555531397654,-0.546183211344259,1.7838681048529057,0.5889448752008294,1.0,26.0,0.03961546118860106,21.442020486451728
2021-07-13,19.04538595060539,-0.01006935489250771,0.3301060908822846,-0.2771086436334841,-0.546183211344259,1.777716062930139,0.5868349002325136,1.0,26.0,0.039602633419612246,21.44319301579632
2021-07-14,19.04662308766487,6.495731106159752e-05,0.33002510282549674,-0.2770616865547849,-0.546183211344259,1.7773084409689657,0.5865564009834062,1.0,26.0,0.03958737834969922,21.44319301579632
2021-07-15,18.862459766596853,-0.009669079931932223,0.32997827062597457,-0.28405183489334296,-0.546183211344259,1.7713951624941089,0.5845219123150233,1.0,26.0,0.039569876443373404,21.44319301579632
2021-07-16,18.702838114369776,-0.008462398552586903,0.32992441155782226,-0.29011047360946873,-0.546183211344259,1.7661834700700292,0.582707042066007,1.0,26.0,0.03955545310632579,21.44325352539611
2021-07-17,18.72363354314627,0.0011118862628938242,0.3298430028061581,-0.2893211571969029,-0.546183211344259,1.7663545826726426,0.5826196995691626,1.0,26.0,0.039540384338502356,21.44325352539611
2021-07-18,18.761647154936895,0.002030247585385947,0.3297616416745708,-0.287878303192317,-0.546183211344259,1.7670275124332349,0.5826978933841166,1.0,26.0,0.03952279210892249,21.44325352539611
2021-07-19,18.495629632159662,-0.014178793609133211,0.329748211009219,-0.2979753297559389,-0.546183211344259,1.7584849401842972,0.5798572631124256,0.0,26.0,0.03950636285793824,21.44325352539611
2021-07-20,18.46544717064873,-0.0016318699125793534,0.32966973191447724,-0.29912094269319867,-0.546183211344259,1.7571453396063497,0.5792776330427983,0.0,26.0,0.03961421556853145,21.983510389644284
2021-07-21,18.46544717064873,0.0,0.32958916948144457,-0.29912094269319867,-0.546183211344259,1.7567086165904229,0.5789921339629349,0.0,26.0,0.039594691558887035,21.983510389644284
2021-07-22,18.46544717064873,0.0,0.3295086660757296,-0.29912094269319867,-0.546183211344259,1.7562722190437063,0.5787069161629532,0.0,26.0,0.03957518678472009,21.983510389644284
2021-07-23,18.46544717064873,0.0,0.3294282216252936,-0.29912094269319867,-0.546183211344259,1.7558361465621373,0.5784219792273733,0.0,26.0,0.03955570121761782,21.983510389644284
2021-07-24,18.46544717064873,0.0,0.32934783605822054,-0.29912094269319867,-0.546183211344259,1.7554003987423576,0.578137322741533,0.0,26.0,0.039536234829223325,21.983510389644284
2021-07-25,18.46544717064873,0.0,0.32926750930271725,-0.29912094269319867,-0.546183211344259,1.7549649751817091,0.5778529462915863,0.0,26.0,0.03951678759123551,21.983510389644284
2021-07-26,18.46544717064873,0.0,0.3291872412871131,-0.29912094269319867,-0.546183211344259,1.7545298754782315,0.577568849464501,0.0,26.0,0.039497359475408944,21.983510389644284
2021-07-27,18.46544717064873,0.0,0.32910703193985946,-0.29912094269319867,-0.546183211344259,1.7540950992306625,0.5772850318480566,0.0,26.0,0.039477950453553706,21.983510389644284
2021-07-28,18.46544717064873,0.0,0.3290268811895299,-0.29912094269319867,-0.546183211344259,1.753660646038435,0.5770014930308424,0.0,26.0,0.03945856049753526,21.983510389644284
2021-07-29,18.46544717064873,0.0,0.3289467889648194,-0.29912094269319867,-0.546183211344259,1.7532265155016769,0.5767182326022557,1.0,26.0,0.03943918957927432,21.983510389644284
2021-07-30,18.51897718058748,0.0028989284388323266,0.32886654913680924,-0.2970891444617899,-0.546183211344259,1.7543725304386029,0.5769544399857551,1.0,26.0,0.0394781716397614,21.983510389644284
2021-07-31,18.559794521019853,0.002204081793197421,0.32878600090704596,-0.2955398714428573,-0.546183211344259,1.755141733721835,0.5770660316554614,1.0,26.0,0.039460546073379184,21.983510389644284
2021-08-01,18.53872197666906,-0.0011353867267727136,0.32870741344819315,-0.2963397061223616,-0.546183211344259,1.7540827720530514,0.5765800109755951,1.0,26.0,0.03944248314016665,21.983510389644284
2021-08-02,18.535565931325092,-0.00017024071820803677,0.3286277103038544,-0.29645949775616587,-0.546183211344259,1.7535559215315812,0.576267067382689,1.0,26.0,0.039431121880200024,21.97456778874617
2021-08-03,18.4310591941401,-0.005638173529321611,0.32856139450129745,-0.3004261811927226,-0.546183211344259,1.7499836164941698,0.5749770573897481,1.0,26.0,0.03951953863913416,21.97456778874617
2021-08-04,18.67483865350281,0.0132265572366137,0.3285178704388008,-0.2911732280370317,-0.546183211344259,1.756551813472653,0.5770586610774496,1.0,26.0,0.0395064063207048,21.97456778874617
2021-08-05,18.765166172713837,0.0048368567400760565,0.32844037947469185,-0.28774473448751636,-0.546183211344259,1.7587364504080218,0.5776400671679832,1.0,26.0,0.039492957932327315,21.97456778874617
2021-08-06,18.94060604670201,0.00934923103656149,0.32837645204817917,-0.2810856954532326,-0.546183211344259,1.7633002857970508,0.5790262917455758,1.0,26.0,0.03952585457458126,21.97456778874617
2021-08-07,19.57979498431723,0.033747016121826734,0.32857695876088705,-0.25682448282748105,-0.546183211344259,1.7796855020259656,0.5847636498065343,1.0,26.0,0.03951057042705612,21.97456778874617
2021-08-08,19.179926748125272,-0.0204224935200924,0.32862825274901397,-0.2720019800112282,-0.546183211344259,1.767457445312336,0.5808364520612289,1.0,26.0,0.03951272779929237,21.97456778874617
2021-08-09,19.582181332015455,0.02097268614070713,0.3286498290503821,-0.25673390602694746,-0.546183211344259,1.7778516728073313,0.5842906483450653,1.0,26.0,0.03950753058144895,21.97456778874617
2021-08-10,19.829796077276917,0.012644901048721735,0.32860266778380204,-0.24733537981578835,-0.546183211344259,1.7840938461154137,0.5862579974101889,1.0,26.0,0.03950158218433782,21.968143814500134
2021-08-11,20.317304475008864,0.024584639994890578,0.3286654922601801,-0.2288313910916684,-0.546183211344259,1.7962009914985033,0.5903492830690792,1.0,26.0,0.03948946786360116,21.968143814500134
2021-08-12,20.087309698623244,-0.011320142229916508,0.32863066054446194,-0.23756112942775753,-0.546183211344259,1.7893853617697035,0.5880468934069687,1.0,26.0,0.03948405153730231,21.968143814500134
2021-08-13,20.96251155268023,0.04356988900892844,0.3290265710341079,-0.2043417524608323,-0.546183211344259,1.80991560529318,0.5955103254707368,1.0,26.0,0.03949265287705769,21.96012762731226
2021-08-14,21.11530390779475,0.007288838206745529,0.3289550728666067,-0.19854232822665652,-0.546183211344259,1.81336656181168,0.5965161294746293,1.0,26.0,0.039492871381258475,21.96012762731226
2021-08-15,21.30236925157691,0.008859230470895652,0.3288890818801027,-0.19144202999974902,-0.546183211344259,1.8176341173030004,0.5978000160337347,1.0,26.0,0.03948092037712669,21.96012762731226
2021-08-16,21.064930867787364,-0.011146102153494986,0.3288531662721175,-0.2004542997303943,-0.546183211344259,1.8109279628549164,0.5955293944755549,1.0,26.0,0.03946857990869771,21.96012762731226
2021-08-17,20.54437822632448,-0.0247118134272597,0.32896040247887987,-0.2202125239020245,-0.546183211344259,1.7961209543860988,0.5908526720556009,1.0,26.0,0.03946032214481423,21.954529671575745
2021-08-18,20.700997665077967,0.007623469400149796,0.3288901535347624,-0.21426783793937154,-0.546183211344259,1.799744249100594,0.5919181624100001,1.0,26.0,0.03945411249502614,21.954529671575745
2021-08-19,21.278153129714845,0.027880562761983363,0.3289960576729984,-0.1923611830809313,-0.546183211344259,1.8133206576400642,0.59657534766059,1.0,26.0,0.03944140580177656,21.954529671575745
2021-08-20,21.69665466110746,0.019668132325271204,0.3290037390560324,-0.17647643595874163,-0.546183211344259,1.8229950488881808,0.599772187364846,1.0,26.0,0.03943656637893281,21.952434608416194
2021-08-21,21.560055286389243,-0.006295872651883028,0.3289408416300397,-0.1816612354437701,-0.546183211344259,1.8190672280720133,0.5983655049836315,1.0,26.0,0.03942797908033165,21.952434608416194
2021-08-22,21.6155171691684,0.002572436946122636,0.32886126499041635,-0.17955611057138132,-0.546183211344259,1.8200098815499954,0.5985307519415893,1.0,26.0,0.03941305450804536,21.952434608416194
2021-08-23,21.922511245970156,0.014202485853063163,0.32882397325809204,-0.16790376783853922,-0.546183211344259,1.8269790306647402,0.6007545039223975,1.0,26.0,0.03939790295317395,21.952434608416194
2021-08-24,21.13906485125918,-0.035737073454802704,0.32911992768112025,-0.19764045200875802,-0.546183211344259,1.805239985144189,0.594140453357722,1.0,26.0,0.039421846160318,21.952434608416194
2021-08-25,21.426413367365996,0.013593246348818422,0.329078642115377,-0.18673378101258642,-0.546183211344259,1.8118964974900267,0.5962564390476256,1.0,26.0,0.039423657900946325,21.952434608416194
2021-08-26,20.802799551900065,-0.029104909196596584,0.3292525444412379,-0.21040382046887451,-0.546183211344259,1.7944378979657012,0.5908232437469936,1.0,26.0,0.039419806583583385,21.952434608416194
2021-08-27,21.488709694083052,0.03297201131375305,0.3294364184701142,-0.18436924630407803,-0.546183211344259,1.810250468905869,0.5963624310101943,1.0,26.0,0.03943003982371081,21.951801966561973
2021-08-28,21.37258349468036,-0.005404056411757008,0.3293699910172463,-0.1887769609082146,-0.546183211344259,1.806842332731016,0.595119642901195,1.0,26.0,0.039431536444680684,21.951801966561973
2021-08-29,21.37724157541427,0.0002179465451648266,0.3292908809319676,-0.18860015764948657,-0.546183211344259,1.8065193093597693,0.5948703347996882,1.0,26.0,0.03941706353758468,21.951801966561973
2021-08-30,21.082633536617802,-0.013781386983776955,0.3292748925147823,-0.1997823728754945,-0.546183211344259,1.7983502737607757,0.5921515930965088,1.0,26.0,0.039401334689808755,21.951801966561973
2021-08-31,21.706466759123987,0.029589909696180472,0.3294046630290765,-0.17610400555158867,-0.546183211344259,1.8126126949684265,0.5970830739883007,1.0,26.0,0.039398039790364735,21.952246130385287
2021-09-01,22.351934282006727,0.029736185536111126,0.3295362468555232,-0.15160448139821192,-0.546183211344259,1.8269176102940325,0.6020355726105568,1.0,26.0,0.0393907870753856,21.952246130385287
2021-09-02,22.361772500254286,0.00044015064304647744,0.3294571067192904,-0.1512310595651415,-0.546183211344259,1.826709877605025,0.6018225510913007,1.0,27.0,0.039415464223676214,21.949383266758456
2021-09-03,22.681180760297973,0.014283673623817439,0.32942027863079565,-0.13910752103793667,-0.546183211344259,1.833667352554884,0.6040472101948232,1.0,27.0,0.039432064484087544,21.94985855679581
2021-09-04,22.595974355080685,-0.003756700593226525,0.32934867316659017,-0.1423416363243577,-0.546183211344259,1.8311743026450198,0.6030948269128933,1.0,27.0,0.03942407220757926,21.94985855679581
2021-09-05,23.00253346871484,0.01799254624940483,0.3293405801622535,-0.12691017854973474,-0.546183211344259,1.8399467579232718,0.6059691327221077,1.0,27.0,0.03941275951971148,21.94985855679581
2021-09-06,23.191418270909146,0.008211478203094646,0.3292727029838603,-0.11974082051155222,-0.546183211344259,1.8438241843178567,0.6071209729973521,1.0,27.0,0.039401216118186186,21.94985855679581
2021-09-07,21.41034484889636,-0.07679881416510548,0.3308317790040945,-0.18734368165421378,-0.546183211344259,1.793456745519664,0.593332485687164,1.0,27.0,0.039410622445167645,21.949496279594126
2021-09-08,21.284642978285852,-0.005871081082423069,0.33076708125181187,-0.1921148527913653,-0.546183211344259,1.789826543442338,0.5920157017214414,1.0,27.0,0.03942982101384224,21.949496279594126
2021-09-09,21.369506690541776,0.003987086480261803,0.3306890063096647,-0.18889374484332533,-0.546183211344259,1.7915047797727164,0.5924309354220543,1.0,27.0,0.039417549860730705,21.949496279594126
2021-09-10,20.904728599171015,-0.021749593853585436,0.3307543806187252,-0.20653497646508567,-0.546183211344259,1.7787503714886734,0.5883294773970635,1.0,27.0,0.03943831074813046,21.965348097333603
2021-09-11,21.13178396686908,0.010861435804867092,0.33069757925441345,-0.19791680704855397,-0.546183211344259,1.783961712554843,0.5899518198244443,1.0,27.0,0.03943266614035826,21.965348097333603
2021-09-12,21.506181541981437,0.017717272507581372,0.3306868433748865,-0.18370608054528215,-0.546183211344259,1.792555487148791,0.5927745156195656,1.0,27.0,0.03941805799947838,21.965348097333603
2021-09-13,21.068234582791803,-0.020363771148064314,0.33073549236538585,-0.20032890311061446,-0.546183211344259,1.780642381239678,0.588921634685978,1.0,27.0,0.039412454203918666,21.965348097333603
2021-09-14,21.450302240355317,0.018134773279749883,0.3307283788416726,-0.18582704907015668,-0.546183211344259,1.7894298659807346,0.5918152386266798,1.0,27.0,0.039410504189637194,21.970833279551623
2021-09-15,21.755831214619324,0.014243574325456532,0.3306912102450506,-0.1742303161298112,-0.546183211344259,1.7963128605251173,0.5940248738257998,1.0,27.0,0.039400772826622014,21.970833279551623
2021-09-16,21.558991000783564,-0.00904769906945635,0.3306420768592748,-0.18170163173014875,-0.546183211344259,1.7909304875638825,0.5921569759187157,1.0,27.0,0.039392281609579416,21.970833279551623
2021-09-17,21.14365782427076,-0.019264963582836803,0.3306781893961174,-0.19746611999476227,-0.546183211344259,1.7796878268685632,0.5885039482792073,1.0,27.0,0.039382364488250554,21.97468380781366
2021-09-18,21.43080078758629,0.01358057180559924,0.330636843831688,-0.18656725101092497,-0.546183211344259,1.7862380045394517,0.5905960961531367,1.0,27.0,0.039375139255371436,21.97468380781366
2021-09-19,21.081403210143783,-0.016303524114922086,0.3306425301623227,-0.19982907144993578,-0.546183211344259,1.7767367966109824,0.5874647498639554,1.0,27.0,0.03936660764644329,21.97468380781366
2021-09-20,19.875879813871954,-0.057184210379874756,0.3314748369231584,-0.24558621416800241,-0.546183211344259,1.741299446565726,0.57719695008476,1.0,27.0,0.03935583562599311,21.97468380781366
2021-09-21,19.257299949978997,-0.031122137469418276,0.3316769874473711,-0.26906518371949006,-0.546183211344259,1.7230266991891243,0.5714883048784365,1.0,27.0,0.03935529257429617,21.982571142862707
2021-09-22,20.457924212128187,0.062346448633392226,0.3325677216237789,-0.22349399374189927,-0.546183211344259,1.750299067004175,0.5820929728738043,1.0,27.0,0.039363047526766545,21.982571142862707
2021-09-23,20.629966190207963,0.008409552029613243,0.3325004377248637,-0.2169639260809647,-0.546183211344259,1.754227487389783,0.5832814074260907,1.0,27.0,0.03937098249483238,21.982571142862707
2021-09-24,20.01898054834818,-0.029616415084082415,0.332676266458494,-0.24015464747196102,-0.546183211344259,1.7369453494727025,0.5778404939050228,1.0,27.0,0.03938224952333334,22.00552866574137
2021-09-25,20.008819460185105,-0.0005075727077377135,0.33259800359153996,-0.2405403242350056,-0.546183211344259,1.7362588990186363,0.5774762435316436,1.0,27.0,0.03937728246756485,22.00552866574137
2021-09-26,20.106066144406938,0.004860190998041691,0.3325214654271663,-0.23684920515547692,-0.546183211344259,1.7383752622123536,0.5780470896531863,1.0,27.0,0.039361000599141875,22.00552866574137
2021-09-27,19.841815741189958,-0.013142819749973222,0.3324989128228043,-0.2468791584941673,-0.546183211344259,1.730784065405518,0.5754838200783682,1.0,27.0,0.039351065819867734,22.00552866574137
2021-09-28,19.777267919310653,-0.003253120718448632,0.33242576271082525,-0.2493291515071654,-0.546183211344259,1.728637250807711,0.5746435565500975,1.0,27.0,0.03954619442569641,22.33723899306045
2021-09-29,19.779152880279433,9.530947229263731e-05,0.33234713861143733,-0.24925760546472997,-0.546183211344259,1.7282723190592686,0.574386359980701,1.0,27.0,0.039527401960176005,22.33723899306045
2021-09-30,19.781842123597787,0.00013596352354583452,0.33226853927761874,-0.24915553188349382,-0.546183211344259,1.7279290891335395,0.5741364744217075,0.0,27.0,0.03950862519089577,22.33723899306045
2021-10-01,19.78158418897125,-1.3038958906030906e-05,0.33219011340746113,-0.24916532211365838,-0.546183211344259,1.727507586319432,0.5738609410117016,0.0,27.0,0.03949150585359984,22.339962016030583
2021-10-02,19.78158418897125,0.0,0.33211173228106106,-0.24916532211365838,-0.546183211344259,1.7270932585371146,0.5735879339037036,0.0,27.0,0.03947271826756102,22.339962016030583
2021-10-03,19.78158418897125,0.0,0.33203340660617037,-0.24916532211365838,-0.546183211344259,1.7266792287306931,0.5733151864315669,0.0,27.0,0.039453948548936406,22.339962016030583
2021-10-04,19.78158418897125,0.0,0.33195513631744317,-0.24916532211365838,-0.546183211344259,1.7262654965431736,0.5730426982250879,1.0,28.0,0.039435196672249644,22.339962016030583
2021-10-05,19.956792968394403,0.008857166228417368,0.3318901433557809,-0.24251505456155886,-0.546183211344259,1.7304107506120427,0.5743062720850153,1.0,28.0,0.03962133421427032,22.339962016030583
2021-10-06,19.997924024114166,0.0020610052820060343,0.3318113997233603,-0.2409538740879701,-0.546183211344259,1.7310760700199557,0.5743907738209352,1.0,28.0,0.03960789157488357,22.339962016030583
2021-10-07,19.99260643314459,-0.00026590714932028803,0.331733533294914,-0.24115570987951396,-0.546183211344259,1.7305217647302222,0.5740720994577065,1.0,28.0,0.039595203526728046,22.339962016030583
2021-10-08,19.925810256321256,-0.00334104395275836,0.3316611395068761,-0.24369104200610614,-0.546183211344259,1.728334132387645,0.5732212677963144,1.0,28.0,0.039681660204403814,22.199094077471134
2021-10-09,20.042415009489492,0.0058519453747807315,0.331587281824803,-0.2392651632974686,-0.546183211344259,1.7309537637126386,0.5739622534738862,1.0,28.0,0.03966476288935113,22.199094077471134
2021-10-10,19.873373189213446,-0.008434204171304138,0.3315348095940259,-0.24568135623044152,-0.546183211344259,1.726006499122117,0.5722312360445023,1.0,28.0,0.0396493169005116,22.199094077471134
2021-10-11,19.906444884217215,0.0016641208660903573,0.3314562771779386,-0.2444260788356637,-0.546183211344259,1.7264657125565968,0.5722478977593666,1.0,28.0,0.03963461533274829,22.199094077471134
2021-10-12,19.8786189960953,-0.0013978331281029321,0.331380090437674,-0.2454822450933979,-0.546183211344259,1.725315995962726,0.5717353707756938,1.0,28.0,0.0396311741669716,22.199094077471134
2021-10-13,20.083697735610826,0.010316548627236521,0.3313216169836771,-0.2376982259847905,-0.546183211344259,1.7301825294098154,0.5732468733209686,1.0,28.0,0.03961650207545211,22.199094077471134
2021-10-14,20.143503786334065,0.0029778406103571076,0.3312437599556771,-0.23542821280478077,-0.546183211344259,1.7313227451331705,0.5734898557946959,1.0,28.0,0.039602667010678105,22.199094077471134
2021-10-15,20.3070840042147,0.008120743025431976,0.33117661409821136,-0.22921932179647309,-0.546183211344259,1.7350867478046446,0.5746201543046193,1.0,28.0,0.039616268819809806,22.199094077471134
2021-10-16,20.27985423414853,-0.0013409000553954442,0.331100562197448,-0.23025286165057401,-0.546183211344259,1.7339665386022982,0.5741172957627838,1.0,28.0,0.0396021614440633,22.199094077471134
2021-10-17,20.239855596944,-0.001972333565256945,0.3310256242403619,-0.23177105976830104,-0.546183211344259,1.7325125381384556,0.5735060444415361,1.0,28.0,0.0395861955898515,22.199094077471134
2021-10-18,20.216614310602985,-0.0011482930908126576,0.3309493939111988,-0.2326532117525314,-0.546183211344259,1.731495478533476,0.573037379180635,1.0,28.0,0.03956983991176246,22.199094077471134
2021-10-19,20.26212339771523,0.0022510736176222235,0.33087141445612256,-0.2309258576419403,-0.546183211344259,1.7322581394122891,0.5731547007904753,1.0,28.0,0.03961905302646305,22.14576039944875
2021-10-20,20.431989772188338,0.008383443883885455,0.33080544362429815,-0.22447836772693408,-0.546183211344259,1.736149545965506,0.574327720751243,1.0,28.0,0.03960146205774498,22.14576039944875
2021-10-21,20.348230312101723,-0.004099427467442629,0.330735819728611,-0.22765756240787027,-0.546183211344259,1.7335632855234533,0.5733514742890234,1.0,28.0,0.03958710532744945,22.14576039944875
2021-10-22,20.392048127244074,0.0021533968541869175,0.3306579685662996,-0.22599440263240433,-0.546183211344259,1.7342744932547511,0.5734516808759647,1.0,28.0,0.03963974331493867,22.14576039944875
2021-10-23,20.479147021425444,0.004271218547439837,0.33058197916610743,-0.22268845556910555,-0.546183211344259,1.7360773996859247,0.5739159027737223,1.0,28.0,0.03962390817546511,22.14576039944875
2021-10-24,20.464391152834665,-0.0007205314056948353,0.33050551553545654,-0.22324853294887725,-0.546183211344259,1.7352868574189473,0.5735218774131514,1.0,28.0,0.03960774966580357,22.14576039944875
2021-10-25,20.627254107804124,0.007958358191707093,0.330438338255162,-0.21706686654815044,-0.546183211344259,1.7389596886767589,0.574618949819062,1.0,28.0,0.03959392996655261,22.14576039944875
2021-10-26,20.53474635898853,-0.0044847340480763664,0.3303701501946938,-0.22057811342910905,-0.546183211344259,1.736169902343513,0.5735787114007332,1.0,28.0,0.03959274157835931,22.144453117953454
2021-10-27,19.97934809809339,-0.02704675534752987,0.3305050673790756,-0.24165894650770214,-0.546183211344259,1.7206021699871008,0.5686677361241704,1.0,28.0,0.039577445406998,22.144453117953454
2021-10-28,20.44422274759504,0.023267758648542358,0.33054964976321793,-0.22401404990176188,-0.546183211344259,1.7316353258884742,0.5723914504900509,1.0,28.0,0.039575321639208925,22.144453117953454
2021-10-29,20.695699041471208,0.012300604282241556,0.330501872684825,-0.21446895380102426,-0.546183211344259,1.7374528964611373,0.5742314359820793,1.0,28.0,0.03961400095687361,22.14418384577395
2021-10-30,20.45574220958214,-0.011594526544294492,0.33046921774883836,-0.22357681436754573,-0.546183211344259,1.730796569094329,0.5719749882709761,1.0,28.0,0.03960470989696721,22.14418384577395
2021-10-31,20.59486280844611,0.006801053583809891,0.33039876767932014,-0.2182963186783471,-0.546183211344259,1.733878964837229,0.5728714732873157,1.0,28.0,0.03959242303459783,22.14418384577395
2021-11-01,20.774555777846654,0.00872513553850185,0.33033453534037416,-0.2114758481078698,-0.546183211344259,1.7379246193753322,0.574096521597947,1.0,29.0,0.039577358829466926,22.14418384577395
2021-11-02,21.086469335044026,0.015014210678333084,0.33030387314736204,-0.19963678036640742,-0.546183211344259,1.7450495065599358,0.5763966108506398,1.0,29.0,0.03961959596968306,22.128026132220267
2021-11-03,21.333629514181137,0.011721268990553702,0.33025309839599326,-0.19025550777893652,-0.546183211344259,1.750570461011197,0.5781313187094501,1.0,29.0,0.039606462696131335,22.128026132220267
2021-11-04,21.146395729823116,-0.008776461793974732,0.33020352141391834,-0.1973621993777961,-0.546183211344259,1.7454692887162162,0.5763601056539419,1.0,29.0,0.03959837475018594,22.128026132220267
2021-11-05,21.172662098379387,0.0012421203543082626,0.3301262469034057,-0.19636522662850597,-0.546183211344259,1.7457034490949124,0.576302527856034,1.0,29.0,0.03960031193587949,22.117372496548292
2021-11-06,21.287223917222715,0.005410836781459594,0.3300527948755203,-0.19201689003788758,-0.546183211344259,1.7480749457320741,0.5769570214907446,1.0,29.0,0.03958913361991534,22.117372496548292
2021-11-07,21.438714146753398,0.0071164859316446005,0.3299835221771129,-0.18626688960283577,-0.546183211344259,1.7513059076334268,0.5779020918104637,1.0,29.0,0.039574718483714716,22.117372496548292
2021-11-08,21.826389655486285,0.018082964588228112,0.329976744111375,-0.1715521825832551,-0.546183211344259,1.7598743368651415,0.5807176037239246,1.0,29.0,0.039559730332372235,22.117372496548292
2021-11-09,21.71515327495973,-0.005096416873442644,0.32991119285037585,-0.1757742980187046,-0.546183211344259,1.7567666822029093,0.5795769916853589,1.0,29.0,0.03957282651542224,22.117372496548292
2021-11-10,21.162011569855544,-0.02547261343727314,0.3300232391894919,-0.19676948071033917,-0.546183211344259,1.7421915210684917,0.5749636890714915,1.0,29.0,0.03956076715661768,22.117372496548292
2021-11-11,21.324593352676374,0.007682718737968219,0.32995582148408714,-0.19059848654888456,-0.546183211344259,1.7457016199119704,0.5760044120641559,1.0,29.0,0.03955573694230366,22.117372496548292
2021-11-12,21.117849976004518,-0.009695067720759454,0.32991161885113374,-0.19844568903507842,-0.546183211344259,1.7401155703672004,0.574084344807907,1.0,29.0,0.039554167795797845,22.11595572056161
2021-11-13,21.241684166123004,0.005863958227717125,0.32983942136581385,-0.1937454080383335,-0.546183211344259,1.7427112694248257,0.5748148767147674,1.0,29.0,0.039541787113867646,22.11595572056161
2021-11-14,21.20761753717854,-0.001603763085734844,0.32976513231831694,-0.19503844939062587,-0.546183211344259,1.7414636662861835,0.5742739963404047,1.0,29.0,0.03952673481327803,22.11595572056161
2021-11-15,21.024876179604448,-0.008616779195198654,0.32971506214246926,-0.2019746253328516,-0.546183211344259,1.736471531991421,0.5725408190791802,1.0,29.0,0.03951074194042394,22.11595572056161
2021-11-16,20.159051917664215,-0.041180944636436956,0.33010896792226857,-0.23483806410549135,-0.546183211344259,1.7123836413432523,0.5652731965307971,1.0,29.0,0.03950078860520598,22.11604483221754
2021-11-17,20.194113537489148,0.0017392494432841854,0.3300321273130362,-0.2335072566344646,-0.546183211344259,1.7128804441475274,0.5653055768149068,1.0,29.0,0.03950210977477617,22.11604483221754
2021-11-18,19.374290942864874,-0.040597107325474946,0.3304119765228603,-0.26462464480107295,-0.546183211344259,1.6892464170007995,0.558147247475394,1.0,29.0,0.03949607177496686,22.11604483221754
2021-11-19,20.026288356657215,0.033652710992887025,0.3306000631752352,-0.23987727050127183,-0.546183211344259,1.7047812191816474,0.5636007787614071,1.0,29.0,0.03949518765159352,22.11722914846261
2021-11-20,20.286644208316748,0.013000704225502924,0.3305568812301627,-0.22999513971997687,-0.546183211344259,1.7108850641622357,0.5655448309527354,1.0,29.0,0.039488233884212146,22.11722914846261
2021-11-21,20.071007697169374,-0.010629481590600953,0.33051811228892797,-0.23817989220699665,-0.546183211344259,1.7048359758308036,0.5634791684938496,1.0,29.0,0.039478265704624954,22.11722914846261
2021-11-22,19.656885547186633,-0.02063285293050554,0.33056742139087336,-0.2538984144505916,-0.546183211344259,1.6932084297094978,0.5597195444863585,1.0,29.0,0.03946459139855067,22.11722914846261
2021-11-23,19.78408963517463,0.0064712229046988146,0.3304969266438903,-0.2490702247809521,-0.546183211344259,1.6961012672410491,0.5605562560999744,1.0,29.0,0.03956951798346416,22.181096504273523
2021-11-24,19.59717183608473,-0.009447884766836778,0.3304511407635671,-0.2561649227652084,-0.546183211344259,1.6907065719755394,0.5586959154057769,1.0,29.0,0.039555984549973534,22.181096504273523
2021-11-25,19.76709655359869,0.008670879601161419,0.33038755290483857,-0.24971521836738497,-0.546183211344259,1.69469070964648,0.5599047164906649,0.0,29.0,0.03954255661502877,22.181096504273523
2021-11-26,19.752828457976346,-0.0007218103874616633,0.330312261886298,-0.2502567817163217,-0.546183211344259,1.6939213682124015,0.5595229985917709,0.0,29.0,0.03963838646264663,22.255425468929715
2021-11-27,19.752828457976346,0.0,0.33023632248372736,-0.2502567817163217,-0.546183211344259,1.6935257632702465,0.5592637200938136,0.0,29.0,0.039620018350291365,22.255425468929715
2021-11-28,19.752828457976346,0.0,0.33016043542853946,-0.2502567817163217,-0.546183211344259,1.6931304353720116,0.559004681779736,0.0,29.0,0.03960166725332504,22.255425468929715
2021-11-29,19.752828457976346,0.0,0.33008460066062606,-0.2502567817163217,-0.546183211344259,1.6927353841944883,0.5587458833159491,0.0,29.0,0.03958333314811517,22.255425468929715
2021-11-30,19.752828457976346,0.0,0.3300088181199751,-0.2502567817163217,-0.546183211344259,1.6923406094149973,0.5584873243694817,0.0,29.0,0.039565016011073005,22.255425468929715
2021-12-01,19.752828457976346,0.0,0.3299330877466715,-0.2502567817163217,-0.546183211344259,1.691946110711384,0.5582290046079786,0.0,29.0,0.039546715818653454,22.255425468929715
2021-12-02,19.752828457976346,0.0,0.3298574094808958,-0.2502567817163217,-0.546183211344259,1.6915518877620217,0.5579709236996995,0.0,29.0,0.039528432547354955,22.255425468929715
2021-12-03,19.752828457976346,0.0,0.3297817832629247,-0.2502567817163217,-0.546183211344259,1.6911579402458063,0.5577130813135166,0.0,29.0,0.03951016617371939,22.255425468929715
2021-12-04,19.752828457976346,0.0,0.32970620903313075,-0.2502567817163217,-0.546183211344259,1.6907642678421568,0.5574554771189144,0.0,29.0,0.039491916674331995,22.255425468929715
2021-12-05,19.752828457976346,0.0,0.3296306867319821,-0.2502567817163217,-0.546183211344259,1.6903708702310158,0.5571981107859879,0.0,29.0,0.03947368402582122,22.255425468929715
2021-12-06,19.752828457976346,0.0,0.32955521630004214,-0.2502567817163217,-0.546183211344259,1.6899777470928459,0.5569409819854407,0.0,29.0,0.039455468204858686,22.255425468929715
2021-12-07,19.752828457976346,0.0,0.3294797976779697,-0.2502567817163217,-0.546183211344259,1.6895848981086283,0.5566840903885839,0.0,29.0,0.03943726918815903,22.255425468929715
2021-12-08,19.752828457976346,0.0,0.3294044308065182,-0.2502567817163217,-0.546183211344259,1.6891923229598664,0.5564274356673351,0.0,29.0,0.03941908695247984,22.255425468929715
2021-12-09,19.752828457976346,0.0,0.3293291156265363,-0.2502567817163217,-0.546183211344259,1.688800021328579,0.5561710174942165,0.0,29.0,0.039400921474621556,22.255425468929715
2021-12-10,19.752828457976346,0.0,0.3292538520789669,-0.2502567817163217,-0.546183211344259,1.688407992897302,0.5559148355423537,0.0,29.0,0.039382772731427346,22.255425468929715
2021-12-11,19.752828457976346,0.0,0.3291786401048476,-0.2502567817163217,-0.546183211344259,1.688016237349087,0.5556588894854742,0.0,29.0,0.03936464069978304,22.255425468929715
2021-12-12,19.752828457976346,0.0,0.32910347964531,-0.2502567817163217,-0.546183211344259,1.6876247543675007,0.555403178997906,0.0,29.0,0.039346525356617014,22.255425468929715
2021-12-13,19.752828457976346,0.0,0.3290283706415799,-0.2502567817163217,-0.546183211344259,1.6872335436366221,0.5551477037545768,0.0,29.0,0.03932842667890008,22.255425468929715
2021-12-14,19.752828457976346,0.0,0.3289533130349768,-0.2502567817163217,-0.546183211344259,1.6868426048410436,0.5548924634310115,0.0,29.0,0.03931034464364541,22.255425468929715
2021-12-15,19.752828457976346,0.0,0.3288783067669139,-0.2502567817163217,-0.546183211344259,1.6864519376658682,0.5546374577033317,0.0,29.0,0.03929227922790844,22.255425468929715
2021-12-16,19.752828457976346,0.0,0.3288033517788977,-0.2502567817163217,-0.546183211344259,1.6860615417967106,0.5543826862482545,0.0,29.0,0.039274230408786755,22.255425468929715
2021-12-17,19.752828457976346,0.0,0.32872844801252826,-0.2502567817163217,-0.546183211344259,1.6856714169196922,0.5541281487430899,0.0,29.0,0.039256198163420006,22.255425468929715
2021-12-18,19.752828457976346,0.0,0.32865359540949834,-0.2502567817163217,-0.546183211344259,1.6852815627214457,0.5538738448657411,0.0,29.0,0.0392381824689898,22.255425468929715
2021-12-19,19.752828457976346,0.0,0.3285787939115939,-0.2502567817163217,-0.546183211344259,1.684891978889108,0.5536197742947018,0.0,29.0,0.03922018330271962,22.255425468929715
2021-12-20,19.752828457976346,0.0,0.3285040434606933,-0.2502567817163217,-0.546183211344259,1.6845026651103236,0.5533659367090554,0.0,29.0,0.03920220064187472,22.255425468929715
2021-12-21,19.752828457976346,0.0,0.32842934399876766,-0.2502567817163217,-0.546183211344259,1.684113621073241,0.5531123317884737,0.0,29.0,0.03918423446376204,22.255425468929715
2021-12-22,19.752828457976346,0.0,0.32835469546788015,-0.2502567817163217,-0.546183211344259,1.6837248464665147,0.5528589592132157,0.0,29.0,0.039166284745730084,22.255425468929715
2021-12-23,19.752828457976346,0.0,0.3282800978101862,-0.2502567817163217,-0.546183211344259,1.6833363409792996,0.5526058186641254,0.0,29.0,0.03914835146516885,22.255425468929715
2021-12-24,19.752828457976346,0.0,0.32820555096793314,-0.2502567817163217,-0.546183211344259,1.6829481043012535,0.5523529098226315,0.0,29.0,0.03913043459950973,22.255425468929715
2021-12-25,19.752828457976346,0.0,0.32813105488346,-0.2502567817163217,-0.546183211344259,1.6825601361225353,0.5521002323707456,0.0,29.0,0.03911253412622542,22.255425468929715
2021-12-26,19.752828457976346,0.0,0.3280566094991974,-0.2502567817163217,-0.546183211344259,1.6821724361338035,0.5518477859910608,0.0,29.0,0.0390946500228298,22.255425468929715
2021-12-27,19.752828457976346,0.0,0.32798221475766737,-0.2502567817163217,-0.546183211344259,1.6817850040262148,0.5515955703667504,0.0,29.0,0.039076782266877864,22.255425468929715
2021-12-28,19.752828457976346,0.0,0.327907870601483,-0.2502567817163217,-0.546183211344259,1.6813978394914235,0.5513435851815668,0.0,29.0,0.039058930835965636,22.255425468929715
2021-12-29,19.752828457976346,0.0,0.32783357697334853,-0.2502567817163217,-0.546183211344259,1.6810109422215822,0.5510918301198402,0.0,29.0,0.03904109570773003,22.255425468929715
2021-12-30,19.752828457976346,0.0,0.32775933381605876,-0.2502567817163217,-0.546183211344259,1.680624311909337,0.5508403048664764,0.0,29.0,0.03902327685984882,22.255425468929715
2021-12-31,19.752828457976346,0.0,0.3276851410724994,-0.2502567817163217,-0.546183211344259,1.6802379482478298,0.5505890091069571,0.0,29.0,0.039005474270040495,22.255425468929715
2022-01-01,19.752828457976346,0.0,0.3276109986856464,-0.2502567817163217,-0.546183211344259,1.679851850930696,0.5503379425273369,0.0,29.0,0.03898768791606419,22.255425468929715
2022-01-02,19.752828457976346,0.0,0.32753690659856605,-0.2502567817163217,-0.546183211344259,1.6794660196520634,0.5500871048142434,0.0,29.0,0.038969917775719586,22.255425468929715
2022-01-03,19.752828457976346,0.0,0.3274628647544146,-0.2502567817163217,-0.546183211344259,1.6790804541065514,0.5498364956548747,0.0,29.0,0.03895216382684682,22.255425468929715
2022-01-04,19.752828457976346,0.0,0.3273888730964384,-0.2502567817163217,-0.546183211344259,1.6786951539892694,0.549586114736999,0.0,29.0,0.0389344260473264,22.255425468929715
2022-01-05,19.752828457976346,0.0,0.3273149315679732,-0.2502567817163217,-0.546183211344259,1.6783101189958178,0.549335961748953,0.0,29.0,0.03891670441507909,22.255425468929715
2022-01-06,19.752828457976346,0.0,0.32724104011244465,-0.2502567817163217,-0.546183211344259,1.6779253488222834,0.5490860363796405,0.0,29.0,0.03889899890806586,22.255425468929715
2022-01-07,19.752828457976346,0.0,0.32716719867336735,-0.2502567817163217,-0.546183211344259,1.6775408431652425,0.5488363383185311,0.0,29.0,0.03888130950428775,22.255425468929715
2022-01-08,19.752828457976346,0.0,0.32709340719434543,-0.2502567817163217,-0.546183211344259,1.6771566017217563,0.5485868672556591,0.0,29.0,0.0388636361817858,22.255425468929715
2022-01-09,19.752828457976346,0.0,0.3270196656190716,-0.2502567817163217,-0.546183211344259,1.6767726241893732,0.548337622881622,0.0,29.0,0.038845978918640965,22.255425468929715
2022-01-10,19.752828457976346,0.0,0.3269459738913276,-0.2502567817163217,-0.546183211344259,1.676388910266124,0.5480886048875794,0.0,29.0,0.03882833769297401,22.255425468929715
2022-01-11,19.752828457976346,0.0,0.326872331954984,-0.2502567817163217,-0.546183211344259,1.6760054596505247,0.5478398129652519,0.0,29.0,0.038810712482945424,22.255425468929715
2022-01-12,19.752828457976346,0.0,0.3267987397539993,-0.2502567817163217,-0.546183211344259,1.6756222720415734,0.5475912468069192,0.0,29.0,0.03879310326675534,22.255425468929715
2022-01-13,19.752828457976346,0.0,0.3267251972324207,-0.2502567817163217,-0.546183211344259,1.675239347138749,0.5473429061054195,0.0,29.0,0.038775510022643435,22.255425468929715
2022-01-14,19.752828457976346,0.0,0.3266517043343833,-0.2502567817163217,-0.546183211344259,1.6748566846420114,0.5470947905541478,0.0,29.0,0.03875793272888883,22.255425468929715
2022-01-15,19.752828457976346,0.0,0.32657826100410997,-0.2502567817163217,-0.546183211344259,1.6744742842518008,0.5468468998470548,0.0,29.0,0.03874037136381005,22.255425468929715
2022-01-16,19.752828457976346,0.0,0.32650486718591154,-0.2502567817163217,-0.546183211344259,1.6740921456690343,0.5465992336786457,0.0,29.0,0.03872282590576484,22.255425468929715
2022-01-17,19.752828457976346,0.0,0.32643152282418636,-0.2502567817163217,-0.546183211344259,1.673710268595108,0.5463517917439791,0.0,29.0,0.03870529633315019,22.255425468929715
2022-01-18,19.752828457976346,0.0,0.32635822786342,-0.2502567817163217,-0.546183211344259,1.6733286527318942,0.5461045737386652,0.0,29.0,0.03868778262440216,22.255425468929715
2022-01-19,19.752828457976346,0.0,0.3262849822481853,-0.2502567817163217,-0.546183211344259,1.6729472977817403,0.5458575793588647,0.0,29.0,0.038670284757995825,22.255425468929715
2022-01-20,19.752828457976346,0.0,0.3262117859231422,-0.2502567817163217,-0.546183211344259,1.6725662034474686,0.5456108083012884,0.0,29.0,0.03865280271244519,22.255425468929715
2022-01-21,19.752828457976346,0.0,0.3261386388330373,-0.2502567817163217,-0.546183211344259,1.672185369432376,0.5453642602631947,0.0,29.0,0.038635336466303107,22.255425468929715
2022-01-22,19.752828457976346,0.0,0.32606554092270407,-0.2502567817163217,-0.546183211344259,1.6718047954402302,0.5451179349423892,0.0,29.0,0.03861788599816114,22.255425468929715
2022-01-23,19.752828457976346,0.0,0.3259924921370623,-0.2502567817163217,-0.546183211344259,1.6714244811752723,0.5448718320372233,0.0,29.0,0.03860045128664956,22.255425468929715
2022-01-24,19.752828457976346,0.0,0.32591949242111823,-0.2502567817163217,-0.546183211344259,1.6710444263422133,0.5446259512465929,0.0,29.0,0.03858303231043717,22.255425468929715
2022-01-25,19.752828457976346,0.0,0.3258465417199642,-0.2502567817163217,-0.546183211344259,1.6706646306462345,0.5443802922699368,0.0,29.0,0.03856562904823129,22.255425468929715
2022-01-26,19.752828457976346,0.0,0.3257736399787784,-0.2502567817163217,-0.546183211344259,1.6702850937929856,0.5441348548072362,0.0,29.0,0.038548241478777626,22.255425468929715
2022-01-27,19.752828457976346,0.0,0.32570078714282497,-0.2502567817163217,-0.546183211344259,1.6699058154885844,0.543889638559013,0.0,29.0,0.038530869580860196,22.255425468929715
2022-01-28,19.752828457976346,0.0,0.3256279831574537,-0.2502567817163217,-0.546183211344259,1.6695267954396154,0.5436446432263288,0.0,29.0,0.03851351333330125,22.255425468929715
2022-01-29,19.752828457976346,0.0,0.32555522796809977,-0.2502567817163217,-0.546183211344259,1.6691480333531292,0.5433998685107834,0.0,29.0,0.038496172714961176,22.255425468929715
2022-01-30,19.752828457976346,0.0,0.3254825215202836,-0.2502567817163217,-0.546183211344259,1.6687695289366413,0.5431553141145139,0.0,29.0,0.038478847704738424,22.255425468929715
2022-01-31,19.752828457976346,0.0,0.3254098637596107,-0.2502567817163217,-0.546183211344259,1.6683912818981324,0.5429109797401934,0.0,29.0,0.038461538281569396,22.255425468929715
2022-02-01,19.752828457976346,0.0,0.32533725463177166,-0.2502567817163217,-0.546183211344259,1.6680132919460433,0.5426668650910296,0.0,29.0,0.038444244424428405,22.255425468929715
2022-02-02,19.752828457976346,0.0,0.32526469408254166,-0.2502567817163217,-0.546183211344259,1.6676355587892813,0.542422969870764,0.0,29.0,0.038426966112327536,22.255425468929715
2022-02-03,19.752828457976346,0.0,0.32519218205778067,-0.2502567817163217,-0.546183211344259,1.6672580821372114,0.5421792937836702,0.0,29.0,0.03840970332431661,22.255425468929715
2022-02-04,19.752828457976346,0.0,0.3251197185034329,-0.2502567817163217,-0.546183211344259,1.66688086169966,0.5419358365345531,0.0,29.0,0.03839245603948306,22.255425468929715
2022-02-05,19.752828457976346,0.0,0.325047303365527,-0.2502567817163217,-0.546183211344259,1.6665038971869135,0.5416925978287477,0.0,29.0,0.038375224236951874,22.255425468929715
2022-02-06,19.752828457976346,0.0,0.32497493659017557,-0.2502567817163217,-0.546183211344259,1.6661271883097162,0.5414495773721175,0.0,29.0,0.0383580078958855,22.255425468929715
2022-02-07,19.752828457976346,0.0,0.32490261812357524,-0.2502567817163217,-0.546183211344259,1.665750734779269,0.5412067748710537,0.0,29.0,0.038340806995483756,22.255425468929715
2022-02-08,19.752828457976346,0.0,0.3248303479120064,-0.2502567817163217,-0.546183211344259,1.6653745363072308,0.5409641900324741,0.0,29.0,0.03832362151498376,22.255425468929715
2022-02-09,19.752828457976346,0.0,0.3247581259018327,-0.2502567817163217,-0.546183211344259,1.664998592605717,0.5407218225638216,0.0,29.0,0.03830645143365984,22.255425468929715
2022-02-10,19.752828457976346,0.0,0.3246859520395017,-0.2502567817163217,-0.546183211344259,1.6646229033872946,0.5404796721730631,0.0,29.0,0.03828929673082345,22.255425468929715
2022-02-11,19.752828457976346,0.0,0.32461382627154395,-0.2502567817163217,-0.546183211344259,1.664247468364986,0.5402377385686884,0.0,29.0,0.03827215738582308,22.255425468929715
2022-02-12,19.752828457976346,0.0,0.3245417485445732,-0.2502567817163217,-0.546183211344259,1.6638722872522673,0.5399960214597092,0.0,29.0,0.038255033378044194,22.255425468929715
2022-02-13,19.752828457976346,0.0,0.32446971880528586,-0.2502567817163217,-0.546183211344259,1.6634973597630656,0.5397545205556573,0.0,29.0,0.03823792468690911,22.255425468929715
2022-02-14,19.752828457976346,0.0,0.32439773700046143,-0.2502567817163217,-0.546183211344259,1.6631226856117594,0.5395132355665846,1.0,29.0,0.038220831291876964,22.255425468929715
2022-02-15,20.0637547001609,0.015740846575265977,0.3243763749322992,-0.2384551887464722,-0.546183211344259,1.6704033183590503,0.541839373084192,1.0,29.0,0.03831308016115237,22.255425468929715
2022-02-16,20.0009320832171,-0.0031311495720836025,0.3243092811483487,-0.2408396994563511,-0.546183211344259,1.6684287697256526,0.5410869349569503,1.0,29.0,0.03830358770575481,22.255425468929715
2022-02-17,19.624299827911297,-0.018830735174679036,0.32434050277687515,-0.25513524603101834,-0.546183211344259,1.6580629697531961,0.5377769772454704,0.0,29.0,0.0382873267473096,22.255425468929715
2022-02-18,19.619846758088823,-0.00022691611224479047,0.3242688552827941,-0.25530426784513716,-0.546183211344259,1.657575305000082,0.5375000466974049,0.0,29.0,0.03837141385772056,22.104662928234738
2022-02-19,19.619846758088823,0.0,0.32419707459186736,-0.25530426784513716,-0.546183211344259,1.6572028173003304,0.5372603053741679,0.0,29.0,0.03835429904333264,22.104662928234738
2022-02-20,19.619846758088823,0.0,0.32412534154467537,-0.25530426784513716,-0.546183211344259,1.6568305806023107,0.5370207778193867,0.0,29.0,0.03833719948959063,22.104662928234738
2022-02-21,19.619846758088823,0.0,0.3240536560885404,-0.25530426784513716,-0.546183211344259,1.656458594624253,0.5367814637472746,1.0,29.0,0.03832011517609259,22.104662928234738
2022-02-22,19.620311623271533,2.369361944776216e-05,0.3239820008334043,-0.2552866233078551,-0.546183211344259,1.6560988378501906,0.5365462150645803,1.0,29.0,0.03830336832397883,22.104662928234738
2022-02-23,19.619962214130855,-1.7808541851294102e-05,0.32391042362113603,-0.2552998855671911,-0.546183211344259,1.6557183473921289,0.5363044313010717,1.0,29.0,0.03828632585416858,22.104662928234738
2022-02-24,19.6200173541789,2.810405414832573e-06,0.3238388785573506,-0.25529779265795716,-0.546183211344259,1.6553485314941012,0.5360662120606069,0.0,29.0,0.03826929491164471,22.104662928234738
2022-02-25,19.619973816387073,-2.219049608287449e-06,0.32376738457942783,-0.25529944518909864,-0.546183211344259,1.6549764233965516,0.5358273881437173,0.0,29.0,0.03825259435733465,22.104220665843517
2022-02-26,19.619973816387073,0.0,0.3236959362943972,-0.25529944518909864,-0.546183211344259,1.6546056860635265,0.5355891367483666,0.0,29.0,0.038235585644859175,22.104220665843517
2022-02-27,19.619973816387073,0.0,0.3236245352860599,-0.25529944518909864,-0.546183211344259,1.6542351977696121,0.5353510971320341,0.0,29.0,0.03821859205123924,22.104220665843517
2022-02-28,19.619973816387073,0.0,0.32355318150230516,-0.25529944518909864,-0.546183211344259,1.6538649582361176,0.5351132690124729,1.0,29.0,0.038201613556325315,22.104220665843517
2022-03-01,19.652872405033335,0.0016767906498826868,0.32348134779340987,-0.2540507382618292,-0.546183211344259,1.6543378061500926,0.5351474232390248,1.0,29.0,0.03824797069073169,22.104220665843517
2022-03-02,19.614245162354848,-0.0019654756761456893,0.32341249899216923,-0.25551688339141443,-0.546183211344259,1.6529709860780712,0.5345914773690592,1.0,29.0,0.03823217094765681,22.104220665843517
2022-03-03,19.520811471118922,-0.004763562934109289,0.3233504581184113,-0.25906327557076125,-0.546183211344259,1.6501690502952004,0.5335829183857768,0.0,29.0,0.038216160902736135,22.104220665843517
2022-03-04,19.51136430870429,-0.0004839533658018702,0.32327970127904104,-0.25942185439239496,-0.546183211344259,1.6495559734313197,0.5332679623339348,0.0,29.0,0.03826036956017803,22.017442993040593
2022-03-05,19.51136430870429,0.0,0.32320857848312456,-0.25942185439239496,-0.546183211344259,1.6491876149843192,0.5330315846910564,0.0,29.0,0.03824341017650774,22.017442993040593
2022-03-06,19.51136430870429,0.0,0.3231375026049169,-0.25942185439239496,-0.546183211344259,1.6488195031989212,0.5327954165099792,0.0,29.0,0.038226465821090586,22.017442993040593
2022-03-07,19.51136430870429,0.0,0.32306647359286095,-0.25942185439239496,-0.546183211344259,1.6484516377999645,0.5325594575124106,0.0,29.0,0.0382095364739599,22.017442993040593
2022-03-08,19.51136430870429,0.0,0.3229954913954786,-0.25942185439239496,-0.546183211344259,1.6480840185127177,0.5323237074205504,0.0,29.0,0.03819262211518435,22.017442993040593
2022-03-09,19.51136430870429,0.0,0.3229245559613713,-0.25942185439239496,-0.546183211344259,1.6477166450628764,0.5320881659570899,0.0,29.0,0.0381757227248679,22.017442993040593
2022-03-10,19.51136430870429,0.0,0.32285366723921893,-0.25942185439239496,-0.546183211344259,1.6473495171765673,0.5318528328452115,0.0,29.0,0.03815883828314969,22.017442993040593
2022-03-11,19.51136430870429,0.0,0.3227828251777807,-0.25942185439239496,-0.546183211344259,1.6469826345803404,0.5316177078085866,0.0,29.0,0.038141968770204,22.017442993040593
2022-03-12,19.51136430870429,0.0,0.32271202972589397,-0.25942185439239496,-0.546183211344259,1.6466159970011747,0.5313827905713756,0.0,29.0,0.03812511416624015,22.017442993040593
2022-03-13,19.51136430870429,0.0,0.32264128083247506,-0.25942185439239496,-0.546183211344259,1.6462496041664725,0.5311480808582257,0.0,29.0,0.03810827445150241,22.017442993040593
2022-03-14,19.51136430870429,0.0,0.3225705784465184,-0.25942185439239496,-0.546183211344259,1.6458834558040611,0.5309135783942707,0.0,29.0,0.03809144960626996,22.017442993040593
2022-03-15,19.51136430870429,0.0,0.32249992251709647,-0.25942185439239496,-0.546183211344259,1.6455175516421925,0.5306792829051293,0.0,29.0,0.038074639610856775,22.017442993040593
2022-03-16,19.51136430870429,0.0,0.3224293129933601,-0.25942185439239496,-0.546183211344259,1.6451518914095393,0.5304451941169047,0.0,29.0,0.03805784444561158,22.017442993040593
2022-03-17,19.51136430870429,0.0,0.3223587498245377,-0.25942185439239496,-0.546183211344259,1.6447864748351981,0.530211311756183,1.0,29.0,0.038041064090917745,22.017442993040593
2022-03-18,19.600762719909234,0.004581863666246022,0.32229014925256017,-0.25602862629501955,-0.546183211344259,1.6466984574539594,0.5307146916267972,1.0,29.0,0.03812109096692746,22.017442993040593
2022-03-19,19.73913070283307,0.007059316257284731,0.32222698828384366,-0.2507766970816696,-0.546183211344259,1.6498183089401721,0.5316159849053356,1.0,29.0,0.038105963979915586,22.017442993040593
2022-03-20,19.598416375739962,-0.00712869929337423,0.3221744136234623,-0.256117684711763,-0.546183211344259,1.6458046749648887,0.530236156095566,1.0,29.0,0.03809298192190925,22.017442993040593
2022-03-21,19.644533036752602,0.0023530809902438943,0.32210370683862244,-0.25436726937667953,-0.546183211344259,1.646615024976236,0.5303808032810164,1.0,29.0,0.0380795403642801,22.017442993040593
2022-03-22,19.70775668130306,0.0032183836812091915,0.32203362133838875,-0.2519675371642661,-0.546183211344259,1.647853636911588,0.5306642741302731,1.0,29.0,0.03810654969903729,21.961483696293246
2022-03-23,19.802811756545946,0.004823231622961277,0.32196563438351805,-0.24835960333451523,-0.546183211344259,1.6498813328588409,0.531205089991421,1.0,29.0,0.03809133328954309,21.961483696293246
2022-03-24,19.866438965774083,0.0032130391386013812,0.3218956345135075,-0.24594455332187515,-0.546183211344259,1.6511161844083275,0.53148709183564,1.0,29.0,0.038076581098574314,21.961483696293246
2022-03-25,19.689116545919454,-0.008925727462285593,0.3218517533587688,-0.2526750467303761,-0.546183211344259,1.6461683295273413,0.5298221631820503,1.0,29.0,0.038161463157385125,21.961483696293246
2022-03-26,19.842558578295478,0.007793241104453008,0.321791083742312,-0.24685096318617183,-0.546183211344259,1.6496377669707154,0.5308387248157541,1.0,29.0,0.03814959344554389,21.961483696293246
2022-03-27,20.184672221023195,0.017241407723595392,0.32178247558411166,-0.23386561356583146,-0.546183211344259,1.6575428987349115,0.5333682573417843,1.0,29.0,0.03813456254467087,21.961483696293246
2022-03-28,20.180847524050744,-0.00018948521583950217,0.3217125485464313,-0.23401078470540704,-0.546183211344259,1.6570813792948802,0.5331038736817915,1.0,29.0,0.03812539906568675,21.961483696293246
2022-03-29,20.256879594351098,0.0037675360368161215,0.321643313697349,-0.2311248927329722,-0.546183211344259,1.6585862964551326,0.5334731924448425,1.0,29.0,0.03817034649189949,21.891542309967125
2022-03-30,20.302570728423397,0.0022555860027444474,0.3215729578697262,-0.22939062880316197,-0.546183211344259,1.6593442819374151,0.5336002488668314,1.0,29.0,0.038155395597769405,21.891542309967125
2022-03-31,20.169785593586127,-0.0065403114026034714,0.3215184130636416,-0.23443065406055374,-0.546183211344259,1.6556448752423718,0.5323203128848782,1.0,29.0,0.03814039527397767,21.891542309967125
2022-04-01,20.48509673831796,0.015632845637788995,0.3214979278709491,-0.22246262665045924,-0.546183211344259,1.6627991583149453,0.5345864838638131,1.0,29.0,0.038266860890411016,21.891542309967125
2022-04-02,20.392396649553355,-0.004525245350255447,0.3214364547151131,-0.22598117403385898,-0.546183211344259,1.660139201431708,0.5336292592417873,1.0,29.0,0.038258585829426324,21.891542309967125
2022-04-03,20.707394175760264,0.015446812437998059,0.32141469188344896,-0.21402505040568065,-0.546183211344259,1.6672018141272422,0.5358631573952347,1.0,29.0,0.03824777257464437,21.891542309967125
2022-04-04,20.636100570932857,-0.0034429056704229355,0.3213503726779054,-0.21673108801644925,-0.546183211344259,1.6650953967224311,0.535079026281018,1.0,29.0,0.03823858396420681,21.891542309967125
2022-04-05,20.56790585338502,-0.0033046319634578714,0.3212857593425613,-0.219319503498973,-0.546183211344259,1.6630604797374138,0.5343176490650393,1.0,29.0,0.038230030040694196,21.88935946835715
2022-04-06,19.60132664113258,-0.046994536981185386,0.3217978656771318,-0.25600722196228065,-0.546183211344259,1.6363911374457374,0.5265871754430124,1.0,29.0,0.038223816042925754,21.88935946835715
2022-04-07,19.910630505919737,0.015779741363938893,0.3217784781482126,-0.24426720834820703,-0.546183211344259,1.6435944929957376,0.5288733346489515,1.0,29.0,0.0382309971437131,21.88935946835715
2022-04-08,19.701864304634896,-0.010485162748752441,0.32174347730975955,-0.25219118966324505,-0.546183211344259,1.6378612368590186,0.5269711696978844,1.0,29.0,0.038349059906367736,21.787983770275503
2022-04-09,19.787119959228427,0.004327288690820774,0.32167530881215234,-0.24895520505537871,-0.546183211344259,1.6396364809759791,0.5274305713576188,1.0,29.0,0.0383370015271863,21.787983770275503
2022-04-10,19.710643545293735,-0.0038649593317406916,0.321612105418242,-0.25185796264415516,-0.546183211344259,1.63732941437385,0.526584960219991,1.0,29.0,0.03832260743237251,21.787983770275503
2022-04-11,19.30316448654613,-0.020673046915553273,0.3216629596878572,-0.26732433808191014,-0.546183211344259,1.6261262218730044,0.5230645733537037,1.0,29.0,0.03830704694085768,21.787983770275503
2022-04-12,19.49865381133945,0.010127320053122446,0.3216115331819044,-0.25990429715853225,-0.546183211344259,1.6306875539807149,0.5244479243763872,1.0,29.0,0.03829760170486628,21.779789807443652
2022-04-13,19.590623221007192,0.004716705602222371,0.3215441169505149,-0.2564134836107591,-0.546183211344259,1.632651728094653,0.5249695581979273,1.0,29.0,0.03828489706967345,21.779789807443652
2022-04-14,19.49194860501222,-0.005036828838051677,0.32148444861288716,-0.26015880162009486,-0.546183211344259,1.629752853659882,0.5239401975341266,1.0,29.0,0.03827078999005433,21.779789807443652
2022-04-15,19.59461755228588,0.005267249024413001,0.3214180896476388,-0.25626187378970766,-0.546183211344259,1.6319836936944638,0.5245490811633718,1.0,29.0,0.03827683164627735,21.779436659169836
2022-04-16,19.59075460332484,-0.0001971433711697168,0.32134880749687067,-0.2564084968311763,-0.546183211344259,1.6315277748033061,0.5242895048310654,1.0,29.0,0.03826254849274714,21.779436659169836
2022-04-17,19.440930889722384,-0.007647674458493237,0.3212992909347771,-0.26209524257751304,-0.546183211344259,1.6272904668050256,0.5228472731293772,1.0,29.0,0.03824686792724431,21.779436659169836
2022-04-18,19.561040076716996,0.006178160278225597,0.321234996350296,-0.25753634871609177,-0.546183211344259,1.6299606249365057,0.5236003954026046,1.0,29.0,0.03823425782933467,21.779436659169836
2022-04-19,19.720151152525645,0.008134080559347945,0.3211762647602731,-0.25149708956416084,-0.546183211344259,1.6335675508636378,0.5246631242199706,1.0,29.0,0.03827652143969216,21.779436659169836
2022-04-20,19.61333610403606,-0.005416543091552706,0.3211180899506838,-0.25555138783268916,-0.546183211344259,1.6304792204674001,0.5235763729807714,1.0,29.0,0.03826454376152585,21.779436659169836
2022-04-21,19.370374451340552,-0.012387574016309744,0.3210954976607139,-0.26477330011725075,-0.546183211344259,1.6237715511284831,0.5213857342969096,1.0,29.0,0.038249655914418305,21.779436659169836
2022-04-22,19.278796998007667,-0.004727706919808616,0.3210351547708178,-0.2682492364739144,-0.546183211344259,1.6210389008329598,0.5204104744184256,1.0,29.0,0.03831676046687488,21.779436659169836
2022-04-23,19.17567231855528,-0.005349124193954946,0.3209768256858118,-0.2721634621870368,-0.546183211344259,1.61799113484668,0.5193376584508717,1.0,29.0,0.03830223912164894,21.779436659169836
2022-04-24,19.07511677511498,-0.005243912274355833,0.3209181782562364,-0.2759801731413988,-0.546183211344259,1.6149986547557154,0.5182824261704767,1.0,29.0,0.0382880989142222,21.779436659169836
2022-04-25,19.36975903192941,0.015446419557379132,0.32089710070744165,-0.26479665912787986,-0.546183211344259,1.6220203000294993,0.520501611568081,1.0,29.0,0.03827760378148932,21.779436659169836
2022-04-26,18.935551698435965,-0.022416764853795512,0.3209675936832786,-0.28127753953993506,-0.546183211344259,1.6099163554695515,0.5167309786464157,1.0,29.0,0.03838263247175133,21.72171157200964
2022-04-27,19.06418065383951,0.006792986940759249,0.3209052013350346,-0.2763952672519995,-0.546183211344259,1.612878202521104,0.5175810043089235,1.0,29.0,0.038376419403540536,21.72171157200964
2022-04-28,19.079217490059595,0.0007887480974460015,0.3208358312857496,-0.27582452539574154,-0.546183211344259,1.6129170180982404,0.5174815722964814,1.0,29.0,0.0383626412856738,21.72171157200964
2022-04-29,18.6072147907131,-0.02473910156915038,0.3209347317898892,-0.293739976015864,-0.546183211344259,1.5995475080096195,0.5133503504682528,1.0,29.0,0.03845866087463396,21.72171157200964
2022-04-30,17.927277865803273,-0.03654157446761919,0.3212192362894146,-0.31954782927578274,-0.546183211344259,1.5794801972242072,0.5073594226866138,1.0,29.0,0.03844447412425448,21.72171157200964
2022-05-01,18.369392217376173,0.02466154398243825,0.3212827602702516,-0.3027668281395218,-0.546183211344259,1.5905981209501039,0.5110317547795249,1.0,29.0,0.03844954190714264,21.72171157200964
2022-05-02,18.327982018314607,-0.0022543042563158977,0.3212166087815425,-0.3043386038464916,-0.546183211344259,1.5891311766231453,0.5104553274639092,1.0,29.0,0.038444123622242005,21.72171157200964
2022-05-03,18.125178352865287,-0.011065247949646917,0.3211853387187915,-0.3120362696839276,-0.546183211344259,1.5831675309475055,0.5084901996759674,1.0,29.0,0.038445512460229085,21.72097377969741
2022-05-04,19.057281890225614,0.051425896022312845,0.3217294268022129,-0.2766571184215708,-0.546183211344259,1.6049987566888744,0.5163753300077759,1.0,29.0,0.038446898695696,21.72097377969741
2022-05-05,18.03664917851509,-0.05355604842230943,0.3223987754632148,-0.31539650481331793,-0.546183211344259,1.574806579519808,0.5077157128286,1.0,29.0,0.038469372740016494,21.72097377969741
2022-05-06,17.96714793941963,-0.0038533343088056338,0.32233594040607044,-0.31803451094924895,-0.546183211344259,1.5725516724452706,0.5068899221747851,1.0,29.0,0.0386155028105463,21.642361681184134
2022-05-07,17.861252051668334,-0.005893861847653725,0.32227937965961967,-0.3220539213265817,-0.546183211344259,1.5692709677643675,0.5057436740089514,1.0,29.0,0.03859996749873407,21.642361681184134
2022-05-08,17.72077293530049,-0.00786502065820871,0.32223079761458917,-0.32738598124049967,-0.546183211344259,1.5649909942300353,0.5042882963303932,1.0,29.0,0.03858524600656612,21.642361681184134
2022-05-09,17.10856396937462,-0.03454753176743908,0.32247615491085,-0.35062313542081847,-0.546183211344259,1.5462789379767878,0.4986380863383873,1.0,29.0,0.0385695257264222,21.642361681184134
2022-05-10,17.675926203642838,0.03316246970136305,0.32265297039806984,-0.3290881948244452,-0.546183211344259,1.560922306350934,0.5036362187047349,1.0,29.0,0.038707136535684666,21.642361681184134
2022-05-11,16.037907737366037,-0.09266945603898369,0.3247296314595905,-0.3912612268601965,-0.546183211344259,1.5054332394991494,0.4888587810495762,1.0,29.0,0.03873009840496257,21.642361681184134
2022-05-12,15.583993657482743,-0.028302574582452444,0.3248721240201446,-0.4084901013882164,-0.546183211344259,1.4904427963398164,0.4842033169774399,0.0,29.0,0.03874786248465102,21.642361681184134
2022-05-13,15.528085790751598,-0.003587518575785653,0.3248080848916326,-0.4106121541372473,-0.546183211344259,1.4883615221789412,0.483431855645337,0.0,29.0,0.03894713689481013,21.47063225595133
2022-05-14,15.528085790751598,0.0,0.3247386798751592,-0.4106121541372473,-0.546183211344259,1.4880396063199777,0.48322401735830117,0.0,29.0,0.03893039263991124,21.47063225595133
2022-05-15,15.528085790751598,0.0,0.3246693193288806,-0.4106121541372473,-0.546183211344259,1.487717899251038,0.4830163577032267,0.0,29.0,0.038913662776292886,21.47063225595133
2022-05-16,15.528085790751598,0.0,0.3246000032053301,-0.4106121541372473,-0.546183211344259,1.4873964007465228,0.48280887644991777,0.0,29.0,0.0388969472854096,21.47063225595133
2022-05-17,15.528085790751598,0.0,0.32453073145711203,-0.4106121541372473,-0.546183211344259,1.4870751105811733,0.4826015733685739,0.0,29.0,0.03888024614874777,21.47063225595133
2022-05-18,15.528085790751598,0.0,0.32446150403690127,-0.4106121541372473,-0.546183211344259,1.4867540285300718,0.4823944482297891,0.0,29.0,0.03886355934782556,21.47063225595133
2022-05-19,15.528085790751598,0.0,0.3243923208974435,-0.4106121541372473,-0.546183211344259,1.48643315436864,0.4821875008045511,0.0,29.0,0.03884688686419286,21.47063225595133
2022-05-20,15.528085790751598,0.0,0.3243231819915549,-0.4106121541372473,-0.546183211344259,1.486112487872639,0.48198073086424037,0.0,29.0,0.0388302286794312,21.47063225595133
2022-05-21,15.528085790751598,0.0,0.3242540872721219,-0.4106121541372473,-0.546183211344259,1.4857920288181687,0.48177413818062953,0.0,29.0,0.03881358477515369,21.47063225595133
2022-05-22,15.528085790751598,0.0,0.3241850366921012,-0.4106121541372473,-0.546183211344259,1.4854717769816654,0.481567722525882,0.0,29.0,0.03879695513300495,21.47063225595133
2022-05-23,15.528085790751598,0.0,0.3241160302045195,-0.4106121541372473,-0.546183211344259,1.4851517321399048,0.4813614836725519,0.0,29.0,0.03878033973466105,21.47063225595133
2022-05-24,15.528085790751598,0.0,0.32404706776247366,-0.4106121541372473,-0.546183211344259,1.4848318940699972,0.48115542139358247,0.0,29.0,0.03876373856182943,21.47063225595133
2022-05-25,15.528085790751598,0.0,0.3239781493191301,-0.4106121541372473,-0.546183211344259,1.4845122625493896,0.4809495354623058,0.0,29.0,0.03874715159624885,21.47063225595133
2022-05-26,15.528085790751598,0.0,0.3239092748277252,-0.4106121541372473,-0.546183211344259,1.4841928373558635,0.4807438256524416,0.0,29.0,0.03873057881968929,21.47063225595133
2022-05-27,15.528085790751598,0.0,0.3238404442415646,-0.4106121541372473,-0.546183211344259,1.4838736182675365,0.48053829173809687,0.0,29.0,0.03871402021395193,21.47063225595133
2022-05-28,15.528085790751598,0.0,0.3237716575140236,-0.4106121541372473,-0.546183211344259,1.4835546050628585,0.4803329334937643,0.0,29.0,0.038697475760869036,21.47063225595133
2022-05-29,15.528085790751598,0.0,0.3237029145985466,-0.4106121541372473,-0.546183211344259,1.4832357975206136,0.48012775069432234,0.0,29.0,0.03868094544230395,21.47063225595133
2022-05-30,15.528085790751598,0.0,0.3236342154486473,-0.4106121541372473,-0.546183211344259,1.482917195419918,0.4799227431150336,0.0,29.0,0.03866442924015096,21.47063225595133
2022-05-31,15.528085790751598,0.0,0.3235655600179083,-0.4106121541372473,-0.546183211344259,1.4825987985402205,0.47971791053154444,0.0,29.0,0.038647927136335275,21.47063225595133
2022-06-01,15.528085790751598,0.0,0.3234969482599812,-0.4106121541372473,-0.546183211344259,1.4822806066613003,0.4795132527198842,0.0,29.0,0.03863143911281295,21.47063225595133
2022-06-02,15.528085790751598,0.0,0.3234283801285863,-0.4106121541372473,-0.546183211344259,1.4819626195632678,0.47930876945646417,0.0,29.0,0.03861496515157081,21.47063225595133
2022-06-03,15.528085790751598,0.0,0.32335985557751257,-0.4106121541372473,-0.546183211344259,1.4816448370265642,0.479104460518077,0.0,29.0,0.03859850523462641,21.47063225595133
2022-06-04,15.528085790751598,0.0,0.32329137456061735,-0.4106121541372473,-0.546183211344259,1.481327258831959,0.47890032568189544,0.0,29.0,0.03858205934402793,21.47063225595133
2022-06-05,15.528085790751598,0.0,0.3232229370318265,-0.4106121541372473,-0.546183211344259,1.481009884760551,0.47869636472547217,0.0,29.0,0.03856562746185415,21.47063225595133
2022-06-06,15.528085790751598,0.0,0.3231545429451339,-0.4106121541372473,-0.546183211344259,1.4806927145937672,0.47849257742673845,0.0,29.0,0.03854920957021437,21.47063225595133
2022-06-07,15.528085790751598,0.0,0.3230861922546019,-0.4106121541372473,-0.546183211344259,1.4803757481133617,0.4782889635640037,0.0,29.0,0.03853280565124832,21.47063225595133
2022-06-08,15.528085790751598,0.0,0.32301788491436045,-0.4106121541372473,-0.546183211344259,1.4800589851014159,0.4780855229159543,0.0,29.0,0.03851641568712614,21.47063225595133
2022-06-09,15.528085790751598,0.0,0.32294962087860757,-0.4106121541372473,-0.546183211344259,1.4797424253403377,0.47788225526165334,0.0,29.0,0.03850003966004828,21.47063225595133
2022-06-10,15.528085790751598,0.0,0.32288140010160893,-0.4106121541372473,-0.546183211344259,1.47942606861286,0.47767916038053915,0.0,29.0,0.03848367755224545,21.47063225595133
2022-06-11,15.528085790751598,0.0,0.3228132225376978,-0.4106121541372473,-0.546183211344259,1.4791099147020408,0.47747623805242506,0.0,29.0,0.03846732934597857,21.47063225595133
2022-06-12,15.528085790751598,0.0,0.32274508814127484,-0.4106121541372473,-0.546183211344259,1.478793963391263,0.47727348805749836,0.0,29.0,0.038450995023538666,21.47063225595133
2022-06-13,15.528085790751598,0.0,0.3226769968668082,-0.4106121541372473,-0.546183211344259,1.478478214464233,0.4770709101763195,0.0,29.0,0.03843467456724684,21.47063225595133
2022-06-14,15.528085790751598,0.0,0.32260894866883305,-0.4106121541372473,-0.546183211344259,1.47816266770498,0.4768685041898212,0.0,29.0,0.0384183679594542,21.47063225595133
2022-06-15,15.528085790751598,0.0,0.32254094350195167,-0.4106121541372473,-0.546183211344259,1.4778473228978566,0.4766662698793081,0.0,29.0,0.038402075182541795,21.47063225595133
2022-06-16,15.528085790751598,0.0,0.3224729813208335,-0.4106121541372473,-0.546183211344259,1.4775321798275363,0.47646420702645553,0.0,29.0,0.03838579621892054,21.47063225595133
2022-06-17,15.528085790751598,0.0,0.32240506208021463,-0.4106121541372473,-0.546183211344259,1.477217238279014,0.4762623154133087,0.0,29.0,0.038369531051031164,21.47063225595133
2022-06-18,15.528085790751598,0.0,0.32233718573489784,-0.4106121541372473,-0.546183211344259,1.4769024980376058,0.4760605948222823,0.0,29.0,0.03835327966134416,21.47063225595133
2022-06-19,15.528085790751598,0.0,0.3222693522397524,-0.4106121541372473,-0.546183211344259,1.476587958888948,0.4758590450361594,0.0,29.0,0.03833704203235967,21.47063225595133
2022-06-20,15.528085790751598,0.0,0.32220156154971413,-0.4106121541372473,-0.546183211344259,1.476273620618996,0.47565766583809077,1.0,29.0,0.03832081814660751,21.47063225595133
2022-06-21,15.579865736690987,0.003334599424368756,0.32213439535146077,-0.40864678176570335,-0.546183211344259,1.4775550943155074,0.4759713169057966,1.0,29.0,0.038398525967183184,21.47063225595133
2022-06-22,15.433424554979302,-0.009399386630580042,0.32209372016055754,-0.4142051392991253,-0.546183211344259,1.4726130487878974,0.4743194152410745,1.0,29.0,0.038385361711409924,21.47063225595133
2022-06-23,15.645388094143385,0.013734057428990809,0.3220626635221715,-0.4061597990406518,-0.546183211344259,1.478711234569455,0.47623767878559725,0.0,29.0,0.03837430959579746,21.47063225595133
2022-06-24,15.628452771067291,-0.0010824482572237004,0.3219959885033214,-0.4068026003312496,-0.546183211344259,1.4778741955545267,0.4758695624811307,0.0,29.0,0.03845781039157365,21.347837432443267
2022-06-25,15.628452771067291,0.0,0.32192839905726617,-0.4068026003312496,-0.546183211344259,1.4775602445884701,0.47566860405102884,0.0,29.0,0.03844156976218532,21.347837432443267
2022-06-26,15.628452771067291,0.0,0.3218608521539387,-0.4068026003312496,-0.546183211344259,1.4772464936191738,0.4754678152776853,0.0,29.0,0.03842534284375468,21.347837432443267
2022-06-27,15.628452771067291,0.0,0.3217933477487305,-0.4068026003312496,-0.546183211344259,1.476932942434387,0.4752671959463445,0.0,29.0,0.03840912961892609,21.347837432443267
2022-06-28,15.628452771067291,0.0,0.32172588579709843,-0.4068026003312496,-0.546183211344259,1.4766195908221753,0.4750667458426134,0.0,29.0,0.03839293007037319,21.347837432443267
2022-06-29,15.628452771067291,0.0,0.32165846625456496,-0.4068026003312496,-0.546183211344259,1.476306438570918,0.4748664647524606,0.0,29.0,0.03837674418079883,21.347837432443267
2022-06-30,15.628452771067291,0.0,0.3215910890767177,-0.4068026003312496,-0.546183211344259,1.4759934854693075,0.47466635246221506,0.0,29.0,0.03836057193293503,21.347837432443267
2022-07-01,15.628452771067291,0.0,0.3215237542192091,-0.4068026003312496,-0.546183211344259,1.4756807313063522,0.4744664087585663,0.0,29.0,0.0383444133095429,21.347837432443267
2022-07-02,15.628452771067291,0.0,0.3214564616377569,-0.4068026003312496,-0.546183211344259,1.4753681758713708,0.4742666334285627,0.0,29.0,0.038328268293412564,21.347837432443267
2022-07-03,15.628452771067291,0.0,0.3213892112881434,-0.4068026003312496,-0.546183211344259,1.475055818953996,0.4740670262596112,0.0,29.0,0.03831213686736314,21.347837432443267
2022-07-04,15.628452771067291,0.0,0.32132200312621584,-0.4068026003312496,-0.546183211344259,1.4747436603441715,0.47386758703947685,0.0,29.0,0.03829601901424268,21.347837432443267
2022-07-05,15.628452771067291,0.0,0.3212548371078859,-0.4068026003312496,-0.546183211344259,1.4744316998321512,0.473668315556281,0.0,29.0,0.03827991471692802,21.347837432443267
2022-07-06,15.628452771067291,0.0,0.3211877131891298,-0.4068026003312496,-0.546183211344259,1.474119937208501,0.4734692115985021,0.0,29.0,0.03826382395832486,21.347837432443267
2022-07-07,15.628452771067291,0.0,0.32112063132598817,-0.4068026003312496,-0.546183211344259,1.4738083722640953,0.47327027495497326,0.0,29.0,0.038247746721367576,21.347837432443267
2022-07-08,15.628452771067291,0.0,0.32105359147456586,-0.4068026003312496,-0.546183211344259,1.4734970047901181,0.473071505414883,0.0,29.0,0.03823168298901925,21.347837432443267
2022-07-09,15.628452771067291,0.0,0.32098659359103165,-0.4068026003312496,-0.546183211344259,1.4731858345780628,0.47287290276777344,0.0,29.0,0.038215632744271553,21.347837432443267
2022-07-10,15.628452771067291,0.0,0.3209196376316185,-0.4068026003312496,-0.546183211344259,1.4728748614197305,0.47267446680354025,0.0,29.0,0.038199595970144704,21.347837432443267
2022-07-11,15.628452771067291,0.0,0.3208527235526233,-0.4068026003312496,-0.546183211344259,1.472564085107229,0.4724761973124314,1.0,29.0,0.03818357264968743,21.347837432443267
2022-07-12,15.495457167488237,-0.008509838147591098,0.32080837073178564,-0.41185061419200264,-0.546183211344259,1.4680905888080111,0.4709757498821659,1.0,29.0,0.038285334782346844,21.347837432443267
2022-07-13,15.695973827150313,0.0129403513232762,0.3207734873352973,-0.404239754509078,-0.546183211344259,1.4738060855854793,0.47275791772923786,1.0,29.0,0.038274010626871295,21.347837432443267
2022-07-14,15.818189879616861,0.007786458732184087,0.32071632933322547,-0.3996008919432871,-0.546183211344259,1.4771636459777464,0.47375050236246696,1.0,29.0,0.03826242837770277,21.347837432443267
2022-07-15,15.869512594332935,0.0032445377825567334,0.32065007338707957,-0.3976528743525837,-0.546183211344259,1.4783967740663562,0.4740480340995988,1.0,29.0,0.03833195189281011,21.347837432443267
2022-07-16,16.19841344936082,0.020725328082561223,0.32067283514963496,-0.3851690325539533,-0.546183211344259,1.4875475637123976,0.47701609467558675,1.0,29.0,0.03831893494702459,21.347837432443267
2022-07-17,16.028558965778146,-0.010485871601788155,0.32063884883663174,-0.39161607113539576,-0.546183211344259,1.4820883660060513,0.4752151075503448,1.0,29.0,0.03831384895635631,21.347837432443267
2022-07-18,16.676856975125606,0.04044643131872383,0.32093626783264984,-0.3670091123411582,-0.546183211344259,1.499334248558327,0.48119073796598,1.0,29.0,0.03831003486213659,21.347837432443267
2022-07-19,16.84841127728122,0.010286968486417747,0.3208882930244017,-0.36049755502762204,-0.546183211344259,1.5038232636703046,0.4825592800895488,1.0,29.0,0.038316618611664764,21.341477857120466
2022-07-20,16.627481280858195,-0.013112808845124335,0.32087074600049337,-0.36888322834453446,-0.546183211344259,1.4970437733131208,0.48035755233837457,1.0,29.0,0.038308173450137276,21.341477857120466
2022-07-21,16.72955169353463,0.006138657500335931,0.32080924770310626,-0.36500901864062374,-0.546183211344259,1.4996226963197492,0.4810928290448425,1.0,29.0,0.03829924301931289,21.341477857120466
2022-07-22,16.510415597959486,-0.013098742846757494,0.3207916201572471,-0.3733266022154603,-0.546183211344259,1.4928560030005005,0.4788956958640027,1.0,29.0,0.038302363683786776,21.334597300710502
2022-07-23,16.553437326982642,0.0026057326520885216,0.32072506731488115,-0.37169365888065786,-0.546183211344259,1.4937802553789619,0.4790927729600579,1.0,29.0,0.03829229958155061,21.334597300710502
2022-07-24,16.58515235778876,0.0019159181371002365,0.3206582453817644,-0.37048987536605216,-0.546183211344259,1.4943780549213486,0.4791846450280936,1.0,29.0,0.038279208956706855,21.334597300710502
2022-07-25,15.998529112156934,-0.0353703862935173,0.32091053231755573,-0.3927558916500351,-0.546183211344259,1.4758041193725593,0.4736010855442896,1.0,29.0,0.03827183296165757,21.334597300710502
2022-07-26,15.981466067837543,-0.0010665383173522613,0.3208449657020208,-0.39340354075957684,-0.546183211344259,1.4749846492103436,0.4732413991868999,1.0,29.0,0.03844522453712644,21.201397526027023
2022-07-27,16.002589815734794,0.001321765337897407,0.3207781161872384,-0.3926017625856615,-0.546183211344259,1.4753039869864761,0.47324523374904387,1.0,29.0,0.03842928779603944,21.201397526027023
2022-07-28,16.010131512872555,0.0004712797881218922,0.32071146964412506,-0.3923155080730273,-0.546183211344259,1.4752193765812354,0.47311977431085794,0.0,29.0,0.038413829507430435,21.201397526027023
2022-07-29,16.009461458393044,-4.1851903525680356e-05,0.32064512751254765,-0.39234094082575743,-0.546183211344259,1.4748904784673742,0.4729164455352136,0.0,29.0,0.038404742949149924,21.19849192249577
2022-07-30,16.009461458393044,0.0,0.3205788004352828,-0.39234094082575743,-0.546183211344259,1.4745817327207078,0.47271964301938535,0.0,29.0,0.03838876095041952,21.19849192249577
2022-07-31,16.009461458393044,0.0,0.3205125144993089,-0.39234094082575743,-0.546183211344259,1.4742731807864886,0.47252300423277166,0.0,29.0,0.03837279224786111,21.19849192249577
2022-08-01,16.009461458393044,0.0,0.3204462696621136,-0.39234094082575743,-0.546183211344259,1.473964822462028,0.4723265289711364,0.0,29.0,0.03835683682488903,21.19849192249577
2022-08-02,16.009461458393044,0.0,0.32038006588124635,-0.39234094082575743,-0.546183211344259,1.4736566575449337,0.47213021703058317,0.0,29.0,0.03834089466494518,21.19849192249577
2022-08-03,16.009461458393044,0.0,0.32031390311431784,-0.39234094082575743,-0.546183211344259,1.4733486858331097,0.47193406820755424,0.0,29.0,0.038324965751499004,21.19849192249577
2022-08-04,16.009461458393044,0.0,0.32024778131899995,-0.39234094082575743,-0.546183211344259,1.4730409071247559,0.47173808229883013,1.0,29.0,0.03830905006804739,21.19849192249577
2022-08-05,16.182888751096836,0.010832799913633062,0.3202028314893774,-0.3857582918220164,-0.546183211344259,1.4777620492012233,0.4731835924217763,1.0,29.0,0.03841618789354991,21.19849192249577
2022-08-06,16.138830742196582,-0.002722505825622057,0.32014021140817256,-0.387430568450871,-0.546183211344259,1.4761498372323503,0.4725749209617041,1.0,29.0,0.03840542507071543,21.19849192249577
2022-08-07,16.20979595442386,0.004397171849738424,0.3200760882587959,-0.3847369953904529,-0.546183211344259,1.4779129586996715,0.47304459860757425,1.0,29.0,0.03839217569714687,21.19849192249577
2022-08-08,16.327408461361557,0.007255643887707164,0.3200181247395536,-0.3802728661317253,-0.546183211344259,1.4809987725803186,0.47394644994273416,1.0,29.0,0.038377427535940076,21.19849192249577
2022-08-09,16.2990233088261,-0.001738497116834492,0.3199539859437691,-0.3813502599671794,-0.546183211344259,1.4798598703552903,0.4734870641584045,1.0,29.0,0.03847414534911156,21.065680430175206
2022-08-10,16.323778600641717,0.0015188205665188637,0.3198877201770755,-0.380410642018546,-0.546183211344259,1.4802711697244686,0.47352056972701306,1.0,29.0,0.03845874439076071,21.065680430175206
2022-08-11,16.319614996481782,-0.0002550637485226881,0.31982205316386453,-0.38056867680273754,-0.546183211344259,1.4798414939413371,0.473285944949399,1.0,29.0,0.03844357823599974,21.065680430175206
2022-08-12,16.350435617582356,0.0018885630026945766,0.3197559407018815,-0.37939884172303706,-0.546183211344259,1.4804271165510974,0.47337536529337015,1.0,29.0,0.03844908510838014,21.065680430175206
2022-08-13,16.35422679168788,0.00023186991430645953,0.3196900543845708,-0.3792549429856489,-0.546183211344259,1.4802291215465666,0.47321452836884736,1.0,29.0,0.03843401147366502,21.065680430175206
2022-08-14,16.412211325913503,0.00354553810242475,0.3196251352084283,-0.37705406773411265,-0.546183211344259,1.481591947879028,0.473554026664553,1.0,29.0,0.03841855369064539,21.065680430175206
2022-08-15,16.37380938310116,-0.0023398396504746843,0.31956218487927146,-0.37851166132653036,-0.546183211344259,1.480166393519621,0.4730052066980016,1.0,29.0,0.03840505330150561,21.065680430175206
2022-08-16,16.454710487119506,0.004940884685138647,0.31949928747299267,-0.37544095911198627,-0.546183211344259,1.4821784731510312,0.47355496607956266,1.0,29.0,0.038590164544749096,21.065680430175206
2022-08-17,16.11737363567241,-0.020500929002133184,0.31954536303380593,-0.38824499966687187,-0.546183211344259,1.471680119209124,0.4702685579623143,1.0,29.0,0.03858193182198056,21.065680430175206
2022-08-18,15.817857047247466,-0.01858346125090926,0.319572474179555,-0.39961352501061254,-0.546183211344259,1.4621842224476305,0.4672738296738981,1.0,29.0,0.03857181414583524,21.065680430175206
2022-08-19,14.94377074719422,-0.05525946387316416,0.320258916717434,-0.43279055973522496,-0.546183211344259,1.432455701370159,0.4587567111665193,1.0,29.0,0.0385700272795755,21.060643103634185
2022-08-20,14.960489697335344,0.0011187905933489617,0.3201928543764159,-0.43215597114899806,-0.546183211344259,1.4326863125854048,0.4587359198527428,1.0,29.0,0.038577075722417184,21.060643103634185
2022-08-21,15.219217944480224,0.017294102825455182,0.3201872609867676,-0.42233561812522813,-0.546183211344259,1.4402502425920247,0.46114978031106796,1.0,29.0,0.038565129900172385,21.060643103634185
2022-08-22,15.149013365780297,-0.004612890028648953,0.32012937456623697,-0.42500032039228386,-0.546183211344259,1.4377489393976215,0.4602656687526311,0.0,29.0,0.038557622233782105,21.060643103634185
2022-08-23,15.122454785249895,-0.0017531557923365915,0.32006554968593065,-0.42600838441117983,-0.546183211344259,1.4366193604066024,0.4598123652779893,0.0,29.0,0.03878573320245526,20.832275982858498
2022-08-24,15.122454785249895,0.0,0.32000000415659197,-0.42600838441117983,-0.546183211344259,1.4363218132645508,0.45962298621486,0.0,29.0,0.038769758847759024,20.832275982858498
2022-08-25,15.122454785249895,0.0,0.3199344988778144,-0.42600838441117983,-0.546183211344259,1.4360244509264481,0.45943376308344175,0.0,29.0,0.03875379764609259,20.832275982858498
2022-08-26,15.122454785249895,0.0,0.31986903380842097,-0.42600838441117983,-0.546183211344259,1.4357272732010737,0.45924469569122633,0.0,29.0,0.038737849581217655,20.832275982858498
2022-08-27,15.122454785249895,0.0,0.31980360890729387,-0.42600838441117983,-0.546183211344259,1.4354302798974836,0.45905578384602225,0.0,29.0,0.03872191463692263,20.832275982858498
2022-08-28,15.122454785249895,0.0,0.31973822413337405,-0.42600838441117983,-0.546183211344259,1.4351334708250096,0.45886702735595397,0.0,29.0,0.038705992797022575,20.832275982858498
2022-08-29,15.122454785249895,0.0,0.3196728794456612,-0.42600838441117983,-0.546183211344259,1.43483684579326,0.45867842602946163,0.0,29.0,0.03869008404535919,20.832275982858498
2022-08-30,15.122454785249895,0.0,0.3196075748032136,-0.42600838441117983,-0.546183211344259,1.4345404046121184,0.4584899796752999,0.0,29.0,0.0386741883658007,20.832275982858498
2022-08-31,15.122454785249895,0.0,0.3195423101651481,-0.42600838441117983,-0.546183211344259,1.4342441470917429,0.458301688102538,0.0,29.0,0.03865830574224185,20.832275982858498
2022-09-01,15.122454785249895,0.0,0.3194770854906401,-0.42600838441117983,-0.546183211344259,1.4339480730425656,0.4581135511205583,0.0,29.0,0.03864243615860382,20.832275982858498
2022-09-02,15.122454785249895,0.0,0.3194119007389229,-0.42600838441117983,-0.546183211344259,1.4336521822752935,0.45792556853905625,0.0,29.0,0.038626579598834185,20.832275982858498
2022-09-03,15.122454785249895,0.0,0.3193467558692883,-0.42600838441117983,-0.546183211344259,1.4333564746009064,0.4577377401680394,0.0,29.0,0.03861073604690685,20.832275982858498
2022-09-04,15.122454785249895,0.0,0.31928165084108623,-0.42600838441117983,-0.546183211344259,1.4330609498306563,0.457550065817827,0.0,29.0,0.03859490548682202,20.832275982858498
2022-09-05,15.122454785249895,0.0,0.3192165856137243,-0.42600838441117983,-0.546183211344259,1.4327656077760689,0.45736254529904924,0.0,29.0,0.038579087902606106,20.832275982858498
2022-09-06,15.122454785249895,0.0,0.31915156014666834,-0.42600838441117983,-0.546183211344259,1.4324704482489399,0.4571751784226465,0.0,29.0,0.03856328327831172,20.832275982858498
2022-09-07,15.122454785249895,0.0,0.31908657439944177,-0.42600838441117983,-0.546183211344259,1.4321754710613375,0.456987964999869,0.0,29.0,0.03854749159801757,20.832275982858498
2022-09-08,15.122454785249895,0.0,0.31902162833162556,-0.42600838441117983,-0.546183211344259,1.4318806760256007,0.4568009048422759,0.0,29.0,0.03853171284582845,20.832275982858498
2022-09-09,15.122454785249895,0.0,0.31895672190285856,-0.42600838441117983,-0.546183211344259,1.4315860629543375,0.45661399776173484,0.0,29.0,0.03851594700587516,20.832275982858498
2022-09-10,15.122454785249895,0.0,0.3188918550728368,-0.42600838441117983,-0.546183211344259,1.431291631660428,0.4564272435704213,0.0,29.0,0.03850019406231448,20.832275982858498
2022-09-11,15.122454785249895,0.0,0.3188270278013136,-0.42600838441117983,-0.546183211344259,1.4309973819570196,0.4562406420808177,0.0,29.0,0.03848445399932907,20.832275982858498
2022-09-12,15.122454785249895,0.0,0.3187622400480999,-0.42600838441117983,-0.546183211344259,1.430703313657529,0.45605419310571316,0.0,29.0,0.038468726801127465,20.832275982858498
2022-09-13,15.122454785249895,0.0,0.3186974917730634,-0.42600838441117983,-0.546183211344259,1.4304094265756409,0.45586789645820264,0.0,29.0,0.038453012451944,20.832275982858498
2022-09-14,15.122454785249895,0.0,0.31863278293612896,-0.42600838441117983,-0.546183211344259,1.4301157205253088,0.45568175195168636,0.0,29.0,0.03843731093603875,20.832275982858498
2022-09-15,15.122454785249895,0.0,0.3185681134972784,-0.42600838441117983,-0.546183211344259,1.4298221953207528,0.4554957593998694,0.0,29.0,0.03842162223769751,20.832275982858498
2022-09-16,15.122454785249895,0.0,0.3185034834165503,-0.42600838441117983,-0.546183211344259,1.4295288507764603,0.45530991861676057,0.0,29.0,0.038405946341231706,20.832275982858498
2022-09-17,15.122454785249895,0.0,0.3184388926540401,-0.42600838441117983,-0.546183211344259,1.4292356867071838,0.45512422941667213,0.0,29.0,0.038390283230978345,20.832275982858498
2022-09-18,15.122454785249895,0.0,0.31837434116989954,-0.42600838441117983,-0.546183211344259,1.4289427029279431,0.45493869161421935,0.0,29.0,0.038374632891300005,20.832275982858498
2022-09-19,15.122454785249895,0.0,0.3183098289243374,-0.42600838441117983,-0.546183211344259,1.4286498992540217,0.45475330502431954,0.0,29.0,0.03835899530658472,20.832275982858498
2022-09-20,15.122454785249895,0.0,0.3182453558776183,-0.42600838441117983,-0.546183211344259,1.42835727550097,0.45456806946219147,0.0,29.0,0.03834337046124599,20.832275982858498
2022-09-21,15.122454785249895,0.0,0.31818092199006354,-0.42600838441117983,-0.546183211344259,1.4280648314846012,0.4543829847433551,0.0,29.0,0.038327758339722684,20.832275982858498
2022-09-22,15.122454785249895,0.0,0.31811652722205047,-0.42600838441117983,-0.546183211344259,1.4277725670209926,0.4541980506836305,0.0,29.0,0.038312158926479004,20.832275982858498
2022-09-23,15.122454785249895,0.0,0.31805217153401266,-0.42600838441117983,-0.546183211344259,1.4274804819264855,0.4540132670991376,0.0,29.0,0.03829657220600444,20.832275982858498
2022-09-24,15.122454785249895,0.0,0.3179878548864395,-0.42600838441117983,-0.546183211344259,1.4271885760176832,0.4538286338062953,0.0,29.0,0.038280998162813704,20.832275982858498
2022-09-25,15.122454785249895,0.0,0.31792357723987646,-0.42600838441117983,-0.546183211344259,1.4268968491114524,0.4536441506218212,0.0,29.0,0.038265436781446706,20.832275982858498
2022-09-26,15.122454785249895,0.0,0.31785933855492476,-0.42600838441117983,-0.546183211344259,1.4266053010249207,0.4534598173627306,0.0,29.0,0.03824988804646847,20.832275982858498
2022-09-27,15.122454785249895,0.0,0.31779513879224114,-0.42600838441117983,-0.546183211344259,1.4263139315754785,0.4532756338463363,0.0,29.0,0.03823435194246909,20.832275982858498
2022-09-28,15.122454785249895,0.0,0.31773097791253824,-0.42600838441117983,-0.546183211344259,1.4260227405807757,0.45309159989024766,0.0,29.0,0.03821882845406371,20.832275982858498
2022-09-29,15.122454785249895,0.0,0.317666855876584,-0.42600838441117983,-0.546183211344259,1.4257317278587232,0.4529077153123701,0.0,29.0,0.03820331756589241,20.832275982858498
2022-09-30,15.122454785249895,0.0,0.31760277264520176,-0.42600838441117983,-0.546183211344259,1.4254408932274927,0.4527239799309047,0.0,29.0,0.03818781926262024,20.832275982858498
2022-10-01,15.122454785249895,0.0,0.31753872817927015,-0.42600838441117983,-0.546183211344259,1.4251502365055146,0.45254039356434717,0.0,29.0,0.038172333528937105,20.832275982858498
2022-10-02,15.122454785249895,0.0,0.31747472243972313,-0.42600838441117983,-0.546183211344259,1.4248597575114779,0.4523569560314876,0.0,29.0,0.038156860349557724,20.832275982858498
2022-10-03,15.122454785249895,0.0,0.3174107553875496,-0.42600838441117983,-0.546183211344259,1.4245694560643314,0.45217366715141005,0.0,29.0,0.0381413997092216,20.832275982858498
2022-10-04,15.122454785249895,0.0,0.3173468269837934,-0.42600838441117983,-0.546183211344259,1.4242793319832816,0.4519905267434913,0.0,29.0,0.038125951592692955,20.832275982858498
2022-10-05,15.122454785249895,0.0,0.3172829371895535,-0.42600838441117983,-0.546183211344259,1.423989385087792,0.45180753462740086,0.0,29.0,0.03811051598476069,20.832275982858498
2022-10-06,15.122454785249895,0.0,0.3172190859659835,-0.42600838441117983,-0.546183211344259,1.4236996151975838,0.4516246906231,0.0,29.0,0.03809509287023832,20.832275982858498
2022-10-07,15.122454785249895,0.0,0.31715527327429166,-0.42600838441117983,-0.546183211344259,1.4234100221326351,0.45144199455084144,0.0,29.0,0.038079682233963956,20.832275982858498
2022-10-08,15.122454785249895,0.0,0.31709149907574097,-0.42600838441117983,-0.546183211344259,1.4231206057131798,0.45125944623116865,0.0,29.0,0.0380642840608002,20.832275982858498
2022-10-09,15.122454785249895,0.0,0.31702776333164884,-0.42600838441117983,-0.546183211344259,1.4228313657597074,0.4510770454849152,0.0,29.0,0.03804889833563416,20.832275982858498
2022-10-10,15.122454785249895,0.0,0.316964066003387,-0.42600838441117983,-0.546183211344259,1.4225423020929633,0.4508947921332041,0.0,29.0,0.038033525043377335,20.832275982858498
2022-10-11,15.122454785249895,0.0,0.31690040705238154,-0.42600838441117983,-0.546183211344259,1.4222534145339476,0.4507126859974475,0.0,29.0,0.03801816416896563,20.832275982858498
2022-10-12,15.122454785249895,0.0,0.3168367864401129,-0.42600838441117983,-0.546183211344259,1.4219647029039137,0.450530726899346,0.0,29.0,0.03800281569735927,20.832275982858498
2022-10-13,15.122454785249895,0.0,0.3167732041281155,-0.42600838441117983,-0.546183211344259,1.4216761670243707,0.45034891466088783,0.0,29.0,0.037987479613542735,20.832275982858498
2022-10-14,15.122454785249895,0.0,0.3167096600779777,-0.42600838441117983,-0.546183211344259,1.4213878067170795,0.4501672491043485,0.0,29.0,0.03797215590252477,20.832275982858498
2022-10-15,15.122454785249895,0.0,0.3166461542513417,-0.42600838441117983,-0.546183211344259,1.4210996218040557,0.44998573005229037,0.0,29.0,0.037956844549338266,20.832275982858498
2022-10-16,15.122454785249895,0.0,0.31658268660990385,-0.42600838441117983,-0.546183211344259,1.420811612107565,0.44980435732756147,0.0,29.0,0.03794154553904027,20.832275982858498
2022-10-17,15.122454785249895,0.0,0.31651925711541395,-0.42600838441117983,-0.546183211344259,1.4205237774501267,0.44962313075329574,0.0,29.0,0.037926258856711886,20.832275982858498
2022-10-18,15.122454785249895,0.0,0.3164558657296754,-0.42600838441117983,-0.546183211344259,1.4202361176545122,0.4494420501529118,0.0,29.0,0.03791098448745828,20.832275982858498
2022-10-19,15.122454785249895,0.0,0.31639251241454525,-0.42600838441117983,-0.546183211344259,1.419948632543743,0.4492611153501127,0.0,29.0,0.037895722416408574,20.832275982858498
2022-10-20,15.122454785249895,0.0,0.3163291971319339,-0.42600838441117983,-0.546183211344259,1.4196613219410912,0.4490803261688853,0.0,29.0,0.037880472628715856,20.832275982858498
2022-10-21,15.122454785249895,0.0,0.31626591984380514,-0.42600838441117983,-0.546183211344259,1.4193741856700797,0.4488996824334996,0.0,29.0,0.03786523510955708,20.832275982858498
2022-10-22,15.122454785249895,0.0,0.3162026805121759,-0.42600838441117983,-0.546183211344259,1.4190872235544807,0.44871918396850824,0.0,29.0,0.03785000984413305,20.832275982858498
2022-10-23,15.122454785249895,0.0,0.3161394790991163,-0.42600838441117983,-0.546183211344259,1.4188004354183164,0.448538830598746,0.0,29.0,0.03783479681766837,20.832275982858498
2022-10-24,15.122454785249895,0.0,0.31607631556674953,-0.42600838441117983,-0.546183211344259,1.418513821085857,0.44835862214932903,0.0,29.0,0.03781959601541137,20.832275982858498
2022-10-25,15.122454785249895,0.0,0.3160131898772517,-0.42600838441117983,-0.546183211344259,1.4182273803816217,0.44817855844565463,0.0,29.0,0.0378044074226341,20.832275982858498
2022-10-26,15.122454785249895,0.0,0.3159501019928517,-0.42600838441117983,-0.546183211344259,1.417941113130377,0.4479986393134002,0.0,29.0,0.03778923102463224,20.832275982858498
2022-10-27,15.122454785249895,0.0,0.3158870518758313,-0.42600838441117983,-0.546183211344259,1.4176550191571373,0.44781886457852327,0.0,29.0,0.037774066806725085,20.832275982858498
2022-10-28,15.122454785249895,0.0,0.3158240394885249,-0.42600838441117983,-0.546183211344259,1.4173690982871645,0.44763923406726036,0.0,29.0,0.037758914754255475,20.832275982858498
2022-10-29,15.122454785249895,0.0,0.3157610647933193,-0.42600838441117983,-0.546183211344259,1.4170833503459663,0.44745974760612667,0.0,29.0,0.03774377485258978,20.832275982858498
2022-10-30,15.122454785249895,0.0,0.31569812775265405,-0.42600838441117983,-0.546183211344259,1.416797775159297,0.4472804050219158,0.0,29.0,0.037728647087117796,20.832275982858498
2022-10-31,15.122454785249895,0.0,0.31563522832902086,-0.42600838441117983,-0.546183211344259,1.416512372553157,0.4471012061416988,0.0,29.0,0.03771353144325277,20.832275982858498
2022-11-01,15.122454785249895,0.0,0.31557236648496384,-0.42600838441117983,-0.546183211344259,1.4162271423537904,0.4469221507928234,0.0,29.0,0.03769842790643128,20.832275982858498
2022-11-02,15.122454785249895,0.0,0.31550954218307914,-0.42600838441117983,-0.546183211344259,1.4159420843876882,0.44674323880291433,0.0,29.0,0.037683336462113255,20.832275982858498
2022-11-03,15.122454785249895,0.0,0.31544675538601535,-0.42600838441117983,-0.546183211344259,1.415657198481584,0.446564469999872,0.0,29.0,0.03766825709578187,20.832275982858498
2022-11-04,15.122454785249895,0.0,0.31538400605647265,-0.42600838441117983,-0.546183211344259,1.415372484462456,0.446385844211872,0.0,29.0,0.03765318979294356,20.832275982858498
2022-11-05,15.122454785249895,0.0,0.3153212941572034,-0.42600838441117983,-0.546183211344259,1.4150879421575266,0.4462073612673651,0.0,29.0,0.03763813453912791,20.832275982858498
2022-11-06,15.122454785249895,0.0,0.3152586196510117,-0.42600838441117983,-0.546183211344259,1.41480357139426,0.44602902099507596,0.0,29.0,0.03762309131988765,20.832275982858498
2022-11-07,15.122454785249895,0.0,0.3151959825007533,-0.42600838441117983,-0.546183211344259,1.4145193720003637,0.4458508232240032,0.0,29.0,0.037608060120798606,20.832275982858498
2022-11-08,15.122454785249895,0.0,0.3151333826693356,-0.42600838441117983,-0.546183211344259,1.4142353438037882,0.4456727677834186,0.0,29.0,0.037593040927459624,20.832275982858498
2022-11-09,15.122454785249895,0.0,0.31507082011971776,-0.42600838441117983,-0.546183211344259,1.4139514866327232,0.44549485450286624,0.0,29.0,0.03757803372549258,20.832275982858498
2022-11-10,15.122454785249895,0.0,0.3150082948149102,-0.42600838441117983,-0.546183211344259,1.413667800315602,0.4453170832121628,1.0,29.0,0.03756303850054226,20.832275982858498
2022-11-11,15.030835643662071,-0.0060584834201116156,0.31495770272943535,-0.4294859030975078,-0.546183211344259,1.4105303064656343,0.4442573849546626,1.0,29.0,0.037611320051249585,20.832275982858498
2022-11-12,14.970838840647975,-0.003991581335625494,0.3149011727910469,-0.431763156518415,-0.546183211344259,1.4083762627769079,0.4434993368795199,1.0,29.0,0.0375981919472722,20.832275982858498
2022-11-13,14.867343419683175,-0.00691313439857455,0.3148536695893017,-0.435691454187625,-0.546183211344259,1.4048331625206583,0.44231687638037315,1.0,29.0,0.0375847806151598,20.832275982858498
2022-11-14,14.913218750530401,0.0030856441229769604,0.31479175416323546,-0.4339501988396933,-0.546183211344259,1.4059750862880052,0.4425893637224075,0.0,29.0,0.03757276691977587,20.832275982858498
2022-11-15,14.901977104445935,-0.0007538041433252651,0.3147299579380472,-0.4343768895251364,-0.546183211344259,1.4053429585701642,0.44230353023931857,0.0,29.0,0.03762225633517329,20.755916051227583
2022-11-16,14.901977104445935,0.0,0.3146676453095632,-0.4343768895251364,-0.546183211344259,1.4050616915452139,0.44212745399320424,0.0,29.0,0.03760727932230101,20.755916051227583
2022-11-17,14.901977104445935,0.0,0.3146053696763548,-0.4343768895251364,-0.546183211344259,1.4047805933320505,0.44195151787939874,0.0,29.0,0.03759231422905696,20.755916051227583
2022-11-18,14.901977104445935,0.0,0.31454313100183046,-0.4343768895251364,-0.546183211344259,1.4044996637618798,0.4417757217306798,0.0,29.0,0.03757736104121724,20.755916051227583
2022-11-19,14.901977104445935,0.0,0.3144809292494501,-0.4343768895251364,-0.546183211344259,1.4042189026661407,0.44160006538009106,0.0,29.0,0.03756241974458057,20.755916051227583
2022-11-20,14.901977104445935,0.0,0.31441876438272354,-0.4343768895251364,-0.546183211344259,1.4039383098765101,0.44142454866094155,0.0,29.0,0.037547490324968257,20.755916051227583
2022-11-21,14.901977104445935,0.0,0.31435663636521133,-0.4343768895251364,-0.546183211344259,1.4036578852248998,0.44124917140680536,0.0,29.0,0.03753257276822413,20.755916051227583
2022-11-22,14.901977104445935,0.0,0.31429454516052446,-0.4343768895251364,-0.546183211344259,1.4033776285434552,0.4410739334515207,0.0,29.0,0.03751766706021451,20.755916051227583
2022-11-23,14.901977104445935,0.0,0.314232490732324,-0.4343768895251364,-0.546183211344259,1.4030975396645577,0.4408988346291898,0.0,29.0,0.03750277318682816,20.755916051227583
2022-11-24,14.901977104445935,0.0,0.31417047304432133,-0.4343768895251364,-0.546183211344259,1.402817618420823,0.4407238747741782,0.0,29.0,0.03748789113397625,20.755916051227583
2022-11-25,14.901977104445935,0.0,0.314108492060278,-0.4343768895251364,-0.546183211344259,1.4025378646450986,0.44054905372111425,0.0,29.0,0.03747302088759228,20.755916051227583
2022-11-26,14.901977104445935,0.0,0.3140465477440056,-0.4343768895251364,-0.546183211344259,1.4022582781704669,0.4403743713048886,0.0,29.0,0.03745816243363209,20.755916051227583
2022-11-27,14.901977104445935,0.0,0.3139846400593654,-0.4343768895251364,-0.546183211344259,1.4019788588302429,0.4401998273606536,0.0,29.0,0.037443315758073775,20.755916051227583
2022-11-28,14.901977104445935,0.0,0.3139227689702688,-0.4343768895251364,-0.546183211344259,1.401699606457973,0.4400254217238229,0.0,29.0,0.03742848084691765,20.755916051227583
2022-11-29,14.901977104445935,0.0,0.3138609344406767,-0.4343768895251364,-0.546183211344259,1.4014205208874373,0.43985115423007093,0.0,29.0,0.037413657686186194,20.755916051227583
2022-11-30,14.901977104445935,0.0,0.3137991364346,-0.4343768895251364,-0.546183211344259,1.4011416019526453,0.43967702471533215,0.0,29.0,0.037398846261924044,20.755916051227583
2022-12-01,14.901977104445935,0.0,0.31373737491609877,-0.4343768895251364,-0.546183211344259,1.4008628494878401,0.43950303301580096,0.0,29.0,0.03738404656019792,20.755916051227583
2022-12-02,14.901977104445935,0.0,0.3136756498492829,-0.4343768895251364,-0.546183211344259,1.4005842633274936,0.4393291789679308,0.0,29.0,0.037369258567096574,20.755916051227583
2022-12-03,14.901977104445935,0.0,0.31361396119831153,-0.4343768895251364,-0.546183211344259,1.4003058433063091,0.4391554624084337,0.0,29.0,0.03735448226873078,20.755916051227583
2022-12-04,14.901977104445935,0.0,0.3135523089273932,-0.4343768895251364,-0.546183211344259,1.400027589259219,0.4389818831742803,0.0,29.0,0.037339717651233256,20.755916051227583
2022-12-05,14.901977104445935,0.0,0.3134906930007856,-0.4343768895251364,-0.546183211344259,1.399749501021386,0.4388084411026982,0.0,29.0,0.03732496470075865,20.755916051227583
2022-12-06,14.901977104445935,0.0,0.3134291133827955,-0.4343768895251364,-0.546183211344259,1.3994715784282017,0.4386351360311726,0.0,29.0,0.037310223403483465,20.755916051227583
2022-12-07,14.901977104445935,0.0,0.31336757003777893,-0.4343768895251364,-0.546183211344259,1.399193821315286,0.4384619677974454,0.0,29.0,0.037295493745606055,20.755916051227583
2022-12-08,14.901977104445935,0.0,0.3133060629301407,-0.4343768895251364,-0.546183211344259,1.3989162295184872,0.43828893623951426,0.0,29.0,0.037280775713346544,20.755916051227583
2022-12-09,14.901977104445935,0.0,0.3132445920243345,-0.4343768895251364,-0.546183211344259,1.3986388028738819,0.43811604119563274,0.0,29.0,0.0372660692929468,20.755916051227583
2022-12-10,14.901977104445935,0.0,0.313183157284863,-0.4343768895251364,-0.546183211344259,1.3983615412177741,0.4379432825043096,0.0,29.0,0.0372513744706704,20.755916051227583
2022-12-11,14.901977104445935,0.0,0.3131217586762774,-0.4343768895251364,-0.546183211344259,1.3980844443866944,0.43777066000430787,0.0,29.0,0.03723669123280258,20.755916051227583
2022-12-12,14.901977104445935,0.0,0.3130603961631776,-0.4343768895251364,-0.546183211344259,1.3978075122174,0.437598173534645,0.0,29.0,0.037222019565650175,20.755916051227583
2022-12-13,14.901977104445935,0.0,0.312999069710212,-0.4343768895251364,-0.546183211344259,1.3975307445468754,0.437425822934592,0.0,29.0,0.03720735945554161,20.755916051227583
2022-12-14,14.901977104445935,0.0,0.31293777928207756,-0.4343768895251364,-0.546183211344259,1.3972541412123296,0.4372536080436728,0.0,29.0,0.03719271088882683,20.755916051227583
2022-12-15,14.901977104445935,0.0,0.31287652484351935,-0.4343768895251364,-0.546183211344259,1.3969777020511982,0.4370815287016643,0.0,29.0,0.03717807385187727,20.755916051227583
2022-12-16,14.901977104445935,0.0,0.312815306359331,-0.4343768895251364,-0.546183211344259,1.396701426901141,0.4369095847485952,0.0,29.0,0.03716344833108581,20.755916051227583
2022-12-17,14.901977104445935,0.0,0.3127541237943542,-0.4343768895251364,-0.546183211344259,1.396425315600043,0.43673777602474595,0.0,29.0,0.037148834312866745,20.755916051227583
2022-12-18,14.901977104445935,0.0,0.31269297711347877,-0.4343768895251364,-0.546183211344259,1.3961493679860129,0.4365661023706482,0.0,29.0,0.03713423178365571,20.755916051227583
2022-12-19,14.901977104445935,0.0,0.3126318662816425,-0.4343768895251364,-0.546183211344259,1.3958735838973841,0.4363945636270841,0.0,29.0,0.037119640729909684,20.755916051227583
2022-12-20,14.901977104445935,0.0,0.31257079126383136,-0.4343768895251364,-0.546183211344259,1.3955979631727122,0.43622315963508607,0.0,29.0,0.03710506113810689,20.755916051227583
2022-12-21,14.901977104445935,0.0,0.3125097520250788,-0.4343768895251364,-0.546183211344259,1.3953225056507772,0.436051890235936,0.0,29.0,0.037090492994746815,20.755916051227583
2022-12-22,14.901977104445935,0.0,0.3124487485304664,-0.4343768895251364,-0.546183211344259,1.395047211170581,0.43588075527116527,0.0,29.0,0.037075936286350135,20.755916051227583
2022-12-23,14.901977104445935,0.0,0.31238778074512313,-0.4343768895251364,-0.546183211344259,1.3947720795713479,0.4357097545825536,0.0,29.0,0.03706139099945867,20.755916051227583
2022-12-24,14.901977104445935,0.0,0.3123268486342258,-0.4343768895251364,-0.546183211344259,1.3944971106925237,0.43553888801212903,0.0,29.0,0.03704685712063535,20.755916051227583
2022-12-25,14.901977104445935,0.0,0.3122659521629986,-0.4343768895251364,-0.546183211344259,1.3942223043737767,0.4353681554021674,0.0,29.0,0.03703233463646419,20.755916051227583
2022-12-26,14.901977104445935,0.0,0.3122050912967133,-0.4343768895251364,-0.546183211344259,1.393947660454995,0.43519755659519166,0.0,29.0,0.03701782353355021,20.755916051227583
2022-12-27,14.901977104445935,0.0,0.31214426600068884,-0.4343768895251364,-0.546183211344259,1.3936731787762888,0.43502709143397145,0.0,29.0,0.03700332379851944,20.755916051227583
2022-12-28,14.901977104445935,0.0,0.3120834762402916,-0.4343768895251364,-0.546183211344259,1.3933988591779871,0.43485675976152277,0.0,29.0,0.036988835418018846,20.755916051227583
2022-12-29,14.901977104445935,0.0,0.312022721980935,-0.4343768895251364,-0.546183211344259,1.39312470150064,0.4346865614211073,0.0,29.0,0.0369743583787163,20.755916051227583
2022-12-30,14.901977104445935,0.0,0.31196200318807976,-0.4343768895251364,-0.546183211344259,1.3928507055850166,0.43451649625623207,0.0,29.0,0.03695989266730052,20.755916051227583
2022-12-31,14.901977104445935,0.0,0.3119013198272334,-0.4343768895251364,-0.546183211344259,1.392576871272105,0.4343465641106488,0.0,29.0,0.036945438270481086,20.755916051227583
2023-01-01,14.901977104445935,0.0,0.3118406718639506,-0.4343768895251364,-0.546183211344259,1.3923031984031122,0.4341767648283538,0.0,29.0,0.036930995174988324,20.755916051227583
2023-01-02,14.901977104445935,0.0,0.3117800592638327,-0.4343768895251364,-0.546183211344259,1.3920296868194642,0.43400709825358696,1.0,29.0,0.036916563367573325,20.755916051227583
2023-01-03,14.880263005906194,-0.0014571287009468303,0.3117207595485554,-0.4352010751933282,-0.546183211344259,1.391084155513943,0.43362980955276703,1.0,29.0,0.03711898527206262,20.755916051227583
2023-01-04,15.064117483703427,0.01235559329322733,0.31168839803655995,-0.4282226493859649,-0.546183211344259,1.3963350616993855,0.43522143850336253,1.0,29.0,0.03710768534528901,20.755916051227583
2023-01-05,14.987005681596136,-0.005118906048808491,0.31163666439373955,-0.4311495239245947,-0.546183211344259,1.393681611270874,0.43432228856334754,1.0,29.0,0.03709938290499019,20.755916051227583
2023-01-06,15.06158229416128,0.004976084893109967,0.31157913791081565,-0.4283188756641575,-0.546183211344259,1.3956694383444472,0.4348614804078352,1.0,29.0,0.03709780928260727,20.753956224925226
2023-01-07,15.04458215867017,-0.001128708468943529,0.3115196010648063,-0.42896413699073044,-0.546183211344259,1.3948759502882508,0.43453119956868846,1.0,29.0,0.03708700121706287,20.753956224925226
2023-01-08,15.29761195086344,0.01681866531915932,0.31151463777990235,-0.41936007592554025,-0.546183211344259,1.4020371375152094,0.4367550910470216,1.0,29.0,0.03707667223849257,20.753956224925226
2023-01-09,15.440630641094526,0.009349086033197063,0.3114691024147914,-0.41393162332105915,-0.546183211344259,1.4059652704630918,0.4379147408175087,0.0,29.0,0.03706697877508476,20.753956224925226
2023-01-10,15.428932685724963,-0.0007576086522288472,0.3114093029341677,-0.41437563379402875,-0.546183211344259,1.4053415195133805,0.43763642297610583,0.0,29.0,0.037279889742719584,20.5299557289577
2023-01-11,15.428932685724963,0.0,0.3113489923920723,-0.41437563379402875,-0.546183211344259,1.4050663869096214,0.43746600380828027,0.0,29.0,0.03726537265169827,20.5299557289577
2023-01-12,15.428932685724963,0.0,0.31128871687600074,-0.41437563379402875,-0.546183211344259,1.404791415835969,0.43729571731399913,0.0,29.0,0.03725086686242163,20.5299557289577
2023-01-13,15.428932685724963,0.0,0.3112284763520643,-0.41437563379402875,-0.546183211344259,1.4045166061344285,0.4371255633383906,0.0,29.0,0.037236372361696954,20.5299557289577
2023-01-14,15.428932685724963,0.0,0.31116827078642056,-0.41437563379402875,-0.546183211344259,1.404241957647221,0.43695554172682377,0.0,29.0,0.03722188913635207,20.5299557289577
2023-01-15,15.428932685724963,0.0,0.3111081001452727,-0.41437563379402875,-0.546183211344259,1.4039674702167833,0.4367856523249081,0.0,29.0,0.03720741717323529,20.5299557289577
2023-01-16,15.428932685724963,0.0,0.31104796439486965,-0.41437563379402875,-0.546183211344259,1.4036931436857683,0.4366158949784935,0.0,29.0,0.03719295645921538,20.5299557289577
2023-01-17,15.428932685724963,0.0,0.3109878635015061,-0.41437563379402875,-0.546183211344259,1.4034189778970434,0.43644626953366894,0.0,29.0,0.0371785069811815,20.5299557289577
2023-01-18,15.428932685724963,0.0,0.3109277974315221,-0.41437563379402875,-0.546183211344259,1.4031449726936913,0.43627677583676266,0.0,29.0,0.03716406872604317,20.5299557289577
2023-01-19,15.428932685724963,0.0,0.31086776615130335,-0.41437563379402875,-0.546183211344259,1.4028711279190085,0.4361074137343415,0.0,29.0,0.03714964168073027,20.5299557289577
2023-01-20,15.428932685724963,0.0,0.310807769627281,-0.41437563379402875,-0.546183211344259,1.4025974434165056,0.4359381830732106,0.0,29.0,0.03713522583219293,20.5299557289577
2023-01-21,15.428932685724963,0.0,0.31074780782593125,-0.41437563379402875,-0.546183211344259,1.402323919029908,0.4357690837004126,0.0,29.0,0.037120821167401535,20.5299557289577
2023-01-22,15.428932685724963,0.0,0.3106878807137759,-0.41437563379402875,-0.546183211344259,1.4020505546031523,0.4356001154632275,0.0,29.0,0.03710642767334671,20.5299557289577
2023-01-23,15.428932685724963,0.0,0.31062798825738175,-0.41437563379402875,-0.546183211344259,1.4017773499803892,0.43543127820917205,0.0,29.0,0.03709204533703921,20.5299557289577
2023-01-24,15.428932685724963,0.0,0.31056813042336057,-0.41437563379402875,-0.546183211344259,1.401504305005982,0.43526257178599914,0.0,29.0,0.03707767414550994,20.5299557289577
2023-01-25,15.428932685724963,0.0,0.3105083071783694,-0.41437563379402875,-0.546183211344259,1.4012314195245057,0.43509399604169785,0.0,29.0,0.0370633140858099,20.5299557289577
2023-01-26,15.428932685724963,0.0,0.31044851848911004,-0.41437563379402875,-0.546183211344259,1.4009586933807472,0.43492555082449236,0.0,29.0,0.03704896514501013,20.5299557289577
2023-01-27,15.428932685724963,0.0,0.3103887643223292,-0.41437563379402875,-0.546183211344259,1.4006861264197048,0.434757235982842,0.0,29.0,0.03703462731020169,20.5299557289577
2023-01-28,15.428932685724963,0.0,0.3103290446448184,-0.41437563379402875,-0.546183211344259,1.400413718486588,0.4345890513654405,0.0,29.0,0.03702030056849562,20.5299557289577
2023-01-29,15.428932685724963,0.0,0.31026935942341377,-0.41437563379402875,-0.546183211344259,1.4001414694268168,0.4344209968212157,0.0,29.0,0.03700598490702288,20.5299557289577
2023-01-30,15.428932685724963,0.0,0.3102097086249962,-0.41437563379402875,-0.546183211344259,1.3998693790860208,0.43425307219932885,1.0,29.0,0.03699168031293435,20.5299557289577
2023-01-31,15.505608762456308,0.004969629351114335,0.3101530177660496,-0.41146529775500384,-0.546183211344259,1.4018440796840426,0.43478617175147627,1.0,29.0,0.03705539489671475,20.5299557289577
2023-02-01,15.573671345263884,0.0043895459926974745,0.3100954382114439,-0.408881897611201,-0.546183211344259,1.4035584696773662,0.4352370787099865,1.0,29.0,0.03704292482964525,20.5299557289577
2023-02-02,15.564540807698881,-0.0005862803550030771,0.3100362872244662,-0.4092284585421182,-0.546183211344259,1.403017739887491,0.4349864109847795,1.0,29.0,0.03703972137582948,20.517817604072047
2023-02-03,15.721087526999213,0.010057907986780856,0.30999430691576385,-0.40328653273692616,-0.546183211344259,1.4072368355828377,0.4362354075128345,1.0,29.0,0.037160498954501554,20.517817604072047
2023-02-04,15.819371651984444,0.0062517382984121905,0.3099403091538712,-0.3995560363004592,-0.546183211344259,1.4097794013131002,0.43694746348174174,1.0,29.0,0.0371494536671343,20.517817604072047
2023-02-05,15.626175224120715,-0.012212648650902214,0.3099213622697951,-0.4068890474636768,-0.546183211344259,1.4037749885227782,0.43505985676324543,1.0,29.0,0.037140387772232,20.517817604072047
2023-02-06,15.498069812685602,-0.00819812971490097,0.30988162998750235,-0.4117514479878981,-0.546183211344259,1.3996911843163227,0.43373858567507967,0.0,29.0,0.03712910104190572,20.517817604072047
2023-02-07,15.482536152236984,-0.001002296456033669,0.3098230056706401,-0.41234104742684674,-0.546183211344259,1.3989615221083693,0.43343046359718856,0.0,29.0,0.03731469720143012,20.291737123860617
2023-02-08,15.482536152236984,0.0,0.3097636466704463,-0.41234104742684674,-0.546183211344259,1.39869060610191,0.43326350270982444,0.0,29.0,0.03730032328109059,20.291737123860617
2023-02-09,15.482536152236984,0.0,0.3097043217736434,-0.41234104742684674,-0.546183211344259,1.398419847427299,0.4330966704022735,0.0,29.0,0.03728596043038551,20.291737123860617
2023-02-10,15.482536152236984,0.0,0.3096450309475896,-0.41234104742684674,-0.546183211344259,1.398149245932313,0.43292996652606014,0.0,29.0,0.0372716086365324,20.291737123860617
2023-02-11,15.482536152236984,0.0,0.3095857741596868,-0.41234104742684674,-0.546183211344259,1.3978788014649364,0.4327633909329374,0.0,29.0,0.03725726788676844,20.291737123860617
2023-02-12,15.482536152236984,0.0,0.30952655137738055,-0.41234104742684674,-0.546183211344259,1.3976085138733574,0.43259694347488625,0.0,29.0,0.03724293816835045,20.291737123860617
2023-02-13,15.482536152236984,0.0,0.30946736256816015,-0.41234104742684674,-0.546183211344259,1.397338383005971,0.43243062400411547,0.0,29.0,0.03722861946855485,20.291737123860617
2023-02-14,15.482536152236984,0.0,0.309408207699558,-0.41234104742684674,-0.546183211344259,1.3970684087113774,0.43226443237306084,0.0,29.0,0.03721431177467762,20.291737123860617
2023-02-15,15.482536152236984,0.0,0.3093490867391503,-0.41234104742684674,-0.546183211344259,1.3967985908383806,0.4320983684343851,0.0,29.0,0.03720001507403426,20.291737123860617
2023-02-16,15.482536152236984,0.0,0.30928999965455656,-0.41234104742684674,-0.546183211344259,1.3965289292359881,0.43193243204097703,0.0,29.0,0.037185729353959744,20.291737123860617
2023-02-17,15.482536152236984,0.0,0.30923094641343923,-0.41234104742684674,-0.546183211344259,1.3962594237534147,0.4317666230459517,0.0,29.0,0.03717145460180851,20.291737123860617
2023-02-18,15.482536152236984,0.0,0.3091719269835044,-0.41234104742684674,-0.546183211344259,1.3959900742400753,0.4316009413026494,0.0,29.0,0.0371571908049544,20.291737123860617
2023-02-19,15.482536152236984,0.0,0.309112941332501,-0.41234104742684674,-0.546183211344259,1.3957208805455892,0.4314353866646353,0.0,29.0,0.03714293795079063,20.291737123860617
2023-02-20,15.482536152236984,0.0,0.30905398942822104,-0.41234104742684674,-0.546183211344259,1.3954518425197795,0.4312699589856995,1.0,29.0,0.037128696026729746,20.291737123860617
2023-02-21,15.326299427154787,-0.010091158421717816,0.30902350998578787,-0.41827120701520326,-0.546183211344259,1.390486120604144,0.42969290157561413,1.0,29.0,0.037259041033973775,20.291737123860617
2023-02-22,15.31090069794232,-0.0010047258495540223,0.3089653814760183,-0.41885568497094494,-0.546183211344259,1.3897601038366032,0.42938776064202694,1.0,29.0,0.03724817474992735,20.291737123860617
2023-02-23,15.250467617361588,-0.003947062408213076,0.30891214697773417,-0.4211494978505428,-0.546183211344259,1.387681057689771,0.4286715348512801,1.0,29.0,0.037235366305114044,20.291737123860617
2023-02-24,14.899927452349987,-0.022985535513188826,0.30898497703665634,-0.43445468662452635,-0.546183211344259,1.3764275264566048,0.4252954276548157,1.0,29.0,0.0373285498623836,20.291737123860617
2023-02-25,14.854277470040131,-0.0030637721194176626,0.3089298885533563,-0.4361873885879135,-0.546183211344259,1.3747607965305242,0.42470469965969815,1.0,29.0,0.03732224619281562,20.291737123860617
2023-02-26,15.055243288766436,0.013529154759067685,0.30890533917895663,-0.4285594805130053,-0.546183211344259,1.3804595955741203,0.42643133959366897,1.0,29.0,0.03731252556146114,20.291737123860617
2023-02-27,14.953724283406093,-0.00674309962404207,0.3088604071519526,-0.4324127608651205,-0.546183211344259,1.3770851200898084,0.4253270708738338,1.0,29.0,0.037305319239176654,20.291737123860617
2023-02-28,14.752824231435207,-0.013434783747739765,0.3088495029502769,-0.4400381726808742,-0.546183211344259,1.3705380079118055,0.4232899825180238,1.0,29.0,0.03732199222512404,20.291737123860617
2023-03-01,15.01067642151655,0.017478157811432027,0.3088505988003218,-0.4302510714946127,-0.546183211344259,1.3779023365699488,0.4255659617379912,1.0,29.0,0.03731756048599923,20.291737123860617
2023-03-02,14.825854356246568,-0.012312707307783555,0.3088326016510535,-0.4372662232902228,-0.546183211344259,1.3718978349876356,0.4236867775786792,1.0,29.0,0.03731356002484915,20.291737123860617
2023-03-03,14.619312746623539,-0.013931177567248043,0.3088250139342894,-0.44510576745665487,-0.546183211344259,1.3651208594998183,0.4215834684570205,1.0,29.0,0.037441185830818756,20.16658640602725
2023-03-04,14.550818733894333,-0.004685173230528528,0.3087737638208368,-0.4477055430607416,-0.546183211344259,1.3627124536053932,0.42076985330526473,1.0,29.0,0.03743150031089693,20.16658640602725
2023-03-05,14.544984090847723,-0.00040098383144715477,0.3087153987076477,-0.4479270042081722,-0.546183211344259,1.3622691845666377,0.4205534744606317,1.0,29.0,0.03741895085671625,20.16658640602725
2023-03-06,14.517465124356688,-0.001891990140322708,0.30865861184679555,-0.4489715208729488,-0.546183211344259,1.3611468672928384,0.4201297025782219,0.0,29.0,0.0374054724615008,20.16658640602725
2023-03-07,14.508403876457097,-0.0006241618507069058,0.30860047952240527,-0.4493154518282729,-0.546183211344259,1.3606028007089548,0.41988267673831103,0.0,29.0,0.037532436068880834,20.084872772242665
2023-03-08,14.508403876457097,0.0,0.3085419686614905,-0.4493154518282729,-0.546183211344259,1.3603422001069776,0.4197226604743101,0.0,29.0,0.03751813254903751,20.084872772242665
2023-03-09,14.508403876457097,0.0,0.3084834910679064,-0.4493154518282729,-0.546183211344259,1.3600817491886608,0.41956276612746274,0.0,29.0,0.03750383992711407,20.084872772242665
2023-03-10,14.508403876457097,0.0,0.30842504671014154,-0.4493154518282729,-0.546183211344259,1.3598214478107669,0.4194029935584881,0.0,29.0,0.03748955819066049,20.084872772242665
2023-03-11,14.508403876457097,0.0,0.3083666355567262,-0.4493154518282729,-0.546183211344259,1.359561295830251,0.4192433426283174,0.0,29.0,0.03747528732724569,20.084872772242665
2023-03-12,14.508403876457097,0.0,0.30830825757623254,-0.4493154518282729,-0.546183211344259,1.3593012931042578,0.4190838131980935,0.0,29.0,0.037461027324457545,20.084872772242665
2023-03-13,14.508403876457097,0.0,0.30824991273727403,-0.4493154518282729,-0.546183211344259,1.3590414394901262,0.4189244051291707,0.0,29.0,0.037446778169902786,20.084872772242665
2023-03-14,14.508403876457097,0.0,0.30819160100850596,-0.4493154518282729,-0.546183211344259,1.3587817348453834,0.41876511828311397,0.0,29.0,0.03743253985120701,20.084872772242665
2023-03-15,14.508403876457097,0.0,0.30813332235862506,-0.4493154518282729,-0.546183211344259,1.3585221790277482,0.41860595252169885,0.0,29.0,0.03741831235601461,20.084872772242665
2023-03-16,14.508403876457097,0.0,0.3080750767563694,-0.4493154518282729,-0.546183211344259,1.3582627718951292,0.418446907706911,0.0,29.0,0.03740409567198877,20.084872772242665
2023-03-17,14.508403876457097,0.0,0.3080168641705183,-0.4493154518282729,-0.546183211344259,1.3580035133056259,0.4182879837009456,0.0,29.0,0.0373898897868114,20.084872772242665
2023-03-18,14.508403876457097,0.0,0.3079586845698927,-0.4493154518282729,-0.546183211344259,1.3577444031175252,0.4181291803662072,0.0,29.0,0.03737569468818316,20.084872772242665
2023-03-19,14.508403876457097,0.0,0.3079005379233545,-0.4493154518282729,-0.546183211344259,1.357485441189305,0.4179704975653092,0.0,29.0,0.03736151036382331,20.084872772242665
2023-03-20,14.508403876457097,0.0,0.3078424241998066,-0.4493154518282729,-0.546183211344259,1.357226627379632,0.41781193516107357,0.0,29.0,0.037347336801469816,20.084872772242665
2023-03-21,14.508403876457097,0.0,0.3077843433681933,-0.4493154518282729,-0.546183211344259,1.3569679615473602,0.4176534930165301,0.0,29.0,0.03733317398887919,20.084872772242665
2023-03-22,14.508403876457097,0.0,0.30772629539749974,-0.4493154518282729,-0.546183211344259,1.356709443551533,0.4174951709949165,0.0,29.0,0.03731902191382655,20.084872772242665
2023-03-23,14.508403876457097,0.0,0.30766828025675186,-0.4493154518282729,-0.546183211344259,1.3564510732513813,0.4173369689596778,0.0,29.0,0.037304880564105504,20.084872772242665
2023-03-24,14.508403876457097,0.0,0.3076102979150166,-0.4493154518282729,-0.546183211344259,1.3561928505063239,0.41717888677446585,0.0,29.0,0.03729074992752819,20.084872772242665
2023-03-25,14.508403876457097,0.0,0.30755234834140166,-0.4493154518282729,-0.546183211344259,1.3559347751759663,0.4170209243031389,0.0,29.0,0.03727662999192519,20.084872772242665
2023-03-26,14.508403876457097,0.0,0.3074944315050555,-0.4493154518282729,-0.546183211344259,1.3556768471201006,0.4168630814097614,0.0,29.0,0.03726252074514551,20.084872772242665
2023-03-27,14.508403876457097,0.0,0.30743654737516724,-0.4493154518282729,-0.546183211344259,1.3554190661987071,0.41670535795860375,1.0,29.0,0.03724842217505654,20.084872772242665
2023-03-28,14.57165849524616,0.0043598606247587934,0.3073807281637498,-0.44691454395003594,-0.546183211344259,1.3571105389063762,0.41714962564774083,1.0,29.0,0.03730918098890325,20.084872772242665
2023-03-29,14.641851980093566,0.004817123930697775,0.30732564646823607,-0.4442502627639767,-0.546183211344259,1.3590035937898246,0.41765665801411395,1.0,29.0,0.0372970447965702,20.084872772242665
2023-03-30,14.611017169146946,-0.0021059365296509647,0.3072699376928673,-0.44542063643696594,-0.546183211344259,1.3577908569775445,0.417208312023435,1.0,29.0,0.03728455340015006,20.084872772242665
2023-03-31,14.741554052411843,0.008934140707228977,0.3072255084749171,-0.44046594636956826,-0.546183211344259,1.3614840925160614,0.418282642603758,1.0,29.0,0.03735300931848268,20.084872772242665
2023-04-01,14.784450907985304,0.002909927638629295,0.3071681900114377,-0.4388377427621548,-0.546183211344259,1.3625297103166574,0.41852578495477616,1.0,29.0,0.037342030782914405,20.084872772242665
2023-04-02,14.68946265871104,-0.006424875016694753,0.30712306162804814,-0.4424431401289942,-0.546183211344259,1.3593330282114746,0.417482521396434,1.0,29.0,0.03733132930016706,20.084872772242665
2023-04-03,14.8390287631409,0.010181863551092185,0.3070834215023153,-0.4367661722598122,-0.546183211344259,1.363562338842682,0.41872738844351026,1.0,29.0,0.03732135618217391,20.084872772242665
2023-04-04,14.897087160380964,0.003912546984495169,0.307027211637422,-0.43456249344552167,-0.546183211344259,1.3650520752769641,0.4191081324121626,1.0,29.0,0.037327734131010516,20.080421071141433
2023-04-05,14.916369080647335,0.0012943416426838272,0.30696932498787494,-0.43383062413445295,-0.546183211344259,1.3653749946699694,0.41912824046916386,1.0,29.0,0.037315423028384254,20.080421071141433
2023-04-06,14.794130557985286,-0.008194924783715862,0.3069310244585811,-0.4384703395845144,-0.546183211344259,1.3613573274307635,0.4178427991625203,1.0,29.0,0.03730358787914804,20.080421071141433
2023-04-07,14.77179094657174,-0.0015100320580507809,0.30687477349468445,-0.43931826737328816,-0.546183211344259,1.360417096014696,0.41747768819780623,1.0,29.0,0.03740164114984315,19.981363231044757
2023-04-08,14.761099837107013,-0.0007237517443481334,0.30681775725932503,-0.4397240617553009,-0.546183211344259,1.359833117320756,0.417220947303311,1.0,29.0,0.037388004997767774,19.981363231044757
2023-04-09,14.781229172822256,0.0013636745186589305,0.3067600033514115,-0.43896002773489884,-0.546183211344259,1.360187961613978,0.4172512636632535,1.0,29.0,0.037374282644659015,19.981363231044757
2023-04-10,14.827534638899253,0.003132720935153266,0.3067031573087121,-0.43720244606832626,-0.546183211344259,1.3613311973691324,0.41752457637596246,1.0,29.0,0.037360577002151237,19.981363231044757
2023-04-11,14.893311148221501,0.004436105591666406,0.3066478834685562,-0.43470581669235375,-0.546183211344259,1.3630508750813055,0.41797666590364574,1.0,29.0,0.037424516664839154,19.981363231044757
2023-04-12,14.88944475305124,-0.0002596061501557445,0.3065906573789702,-0.4348525705389876,-0.546183211344259,1.3626763458799471,0.4177838366781059,1.0,29.0,0.03741286197026978,19.981363231044757
2023-04-13,15.03209474893509,0.00958061218868611,0.30654894431477525,-0.42943811218788885,-0.546183211344259,1.3666379080095645,0.4189414079608849,0.0,29.0,0.03740096945504317,19.981363231044757
2023-04-14,15.024544819682289,-0.0005022539691839079,0.3064919475843723,-0.42972467916070767,-0.546183211344259,1.3661536013254332,0.41871507796963614,0.0,29.0,0.037518269469221766,19.869097544584726
2023-04-15,15.024544819682289,0.0,0.30643466850302664,-0.42972467916070767,-0.546183211344259,1.3658956625130765,0.41855778455191656,0.0,29.0,0.03750417545364355,19.869097544584726
2023-04-16,15.024544819682289,0.0,0.30637742152254366,-0.42972467916070767,-0.546183211344259,1.3656378697472193,0.41840060926669237,0.0,29.0,0.03749009202313147,19.869097544584726
2023-04-17,15.024544819682289,0.0,0.30632020661295173,-0.42972467916070767,-0.546183211344259,1.3653802228900938,0.4182435519809316,1.0,29.0,0.037476019165765435,19.869097544584726
2023-04-18,15.159004734925444,0.00894935033685762,0.30627634079886945,-0.42462108552605293,-0.546183211344259,1.3690653344727892,0.4193123209569062,1.0,29.0,0.0376225642040557,19.869097544584726
2023-04-19,14.67924760185726,-0.03164832661888772,0.3064591695065706,-0.4428308653409454,-0.546183211344259,1.3535966055156565,0.4148220915732412,1.0,29.0,0.037617424142873744,19.869097544584726
2023-04-20,14.558427436367849,-0.008230678353986276,0.30642129817560637,-0.44741674527709296,-0.546183211344259,1.3495802083532769,0.41354011943571645,1.0,29.0,0.03761400864637744,19.869097544584726
2023-04-21,14.277610732661035,-0.019288944835162303,0.3064569363651679,-0.45807549319427754,-0.546183211344259,1.3403066328531361,0.410746264494086,1.0,29.0,0.037633294819476644,19.869097544584726
2023-04-22,14.463913539562878,0.013048598283721402,0.30643123311677245,-0.45100413800486583,-0.546183211344259,1.3457402190749737,0.4123768347859797,1.0,29.0,0.03762877628792024,19.869097544584726
2023-04-23,14.383336090825992,-0.005570929922699253,0.30638385684931607,-0.4540625554798926,-0.546183211344259,1.3429585412647358,0.41146081746142116,1.0,29.0,0.03762074452719287,19.869097544584726
2023-04-24,14.367356193645781,-0.0011110007497080465,0.30632761476031006,-0.45466909239004816,-0.546183211344259,1.3422066070866332,0.41115494846437706,1.0,29.0,0.03760854156869713,19.869097544584726
2023-04-25,14.58369120290624,0.015057398615629491,0.30631354791656185,-0.4464578275367421,-0.546183211344259,1.3484808086975038,0.4130579408095269,1.0,29.0,0.037680636107879535,19.869097544584726
2023-04-26,14.438491025227506,-0.009956339287395033,0.3062836419010501,-0.45196908121566803,-0.546183211344259,1.343669101996068,0.4115438660692693,1.0,29.0,0.03767523407634694,19.869097544584726
2023-04-27,14.651517767536244,0.014754086277889433,0.30626773153437753,-0.44388338575697306,-0.546183211344259,1.3498120926693613,0.41340388761951624,1.0,29.0,0.03766904550929106,19.869097544584726
2023-04-28,14.63374295192985,-0.0012131723066792777,0.3062117054322845,-0.4445580510326569,-0.546183211344259,1.349013774200534,0.41308380844958825,1.0,29.0,0.03782597786314265,19.725575856691638
2023-04-29,14.647207216595893,0.0009200834475684427,0.306154495617151,-0.4440469980893269,-0.546183211344259,1.3491715633704484,0.41305493948468275,1.0,29.0,0.03781329849360001,19.725575856691638
2023-04-30,14.6062580257348,-0.0027956995661736483,0.30610074181664276,-0.4456012756555815,-0.546183211344259,1.347659123753648,0.4125194574969584,1.0,29.0,0.0377999705883531,19.725575856691638
2023-05-01,14.504186480264707,-0.006988206376352668,0.3060582557136229,-0.44947552835608695,-0.546183211344259,1.3442308675213301,0.4114129545899884,0.0,29.0,0.03778802820836196,19.725575856691638
2023-05-02,14.495489306576536,-0.0005996319545398254,0.30600179221290436,-0.44980564042104076,-0.546183211344259,1.3437100653617773,0.4111776882152227,0.0,29.0,0.037882175582156154,19.661913995083697
2023-05-03,14.495489306576536,0.0,0.30594497935523135,-0.44980564042104076,-0.546183211344259,1.343458109921968,0.41102426370469464,0.0,29.0,0.037868040442013556,19.661913995083697
2023-05-04,14.495489306576536,0.0,0.3058881981287119,-0.44980564042104076,-0.546183211344259,1.3432062961594777,0.4108709536473636,0.0,29.0,0.03785391584654843,19.661913995083697
2023-05-05,14.495489306576536,0.0,0.3058314485040061,-0.44980564042104076,-0.546183211344259,1.3429546239415784,0.4107177579152057,0.0,29.0,0.03783980178396582,19.661913995083697
2023-05-06,14.495489306576536,0.0,0.3057747304518125,-0.44980564042104076,-0.546183211344259,1.3427030931357153,0.4105646763803883,0.0,29.0,0.03782569824248839,19.661913995083697
2023-05-07,14.495489306576536,0.0,0.30571804394286733,-0.44980564042104076,-0.546183211344259,1.3424517036095087,0.4104117089152689,0.0,29.0,0.037811605210356314,19.661913995083697
2023-05-08,14.495489306576536,0.0,0.305661388947945,-0.44980564042104076,-0.546183211344259,1.3422004552307514,0.4102588553923955,0.0,29.0,0.03779752267582732,19.661913995083697
2023-05-09,14.495489306576536,0.0,0.3056047654378575,-0.44980564042104076,-0.546183211344259,1.3419493478674096,0.4101061156845055,0.0,29.0,0.0377834506271766,19.661913995083697
2023-05-10,14.495489306576536,0.0,0.305548173383455,-0.44980564042104076,-0.546183211344259,1.3416983813876222,0.40995348966452616,0.0,29.0,0.03776938905269681,19.661913995083697
2023-05-11,14.495489306576536,0.0,0.30549161275562536,-0.44980564042104076,-0.546183211344259,1.341447555659701,0.40980097720557357,0.0,29.0,0.03775533794069804,19.661913995083697
2023-05-12,14.495489306576536,0.0,0.30543508352529397,-0.44980564042104076,-0.546183211344259,1.34119687055213,0.4096485781809527,0.0,29.0,0.03774129727950775,19.661913995083697
2023-05-13,14.495489306576536,0.0,0.305378585663424,-0.44980564042104076,-0.546183211344259,1.3409463259335646,0.40949629246415675,0.0,29.0,0.03772726705747076,19.661913995083697
2023-05-14,14.495489306576536,0.0,0.3053221191410162,-0.44980564042104076,-0.546183211344259,1.340695921672833,0.4093441199288672,0.0,29.0,0.037713247262949216,19.661913995083697
2023-05-15,14.495489306576536,0.0,0.30526568392910874,-0.44980564042104076,-0.546183211344259,1.3404456576389339,0.40919206044895307,0.0,29.0,0.03769923788432256,19.661913995083697
2023-05-16,14.495489306576536,0.0,0.30520927999877745,-0.44980564042104076,-0.546183211344259,1.3401955337010367,0.4090401138984707,0.0,29.0,0.0376852389099875,19.661913995083697
2023-05-17,14.495489306576536,0.0,0.30515290732113537,-0.44980564042104076,-0.546183211344259,1.3399455497284831,0.4088882801516636,0.0,29.0,0.037671250328357955,19.661913995083697
2023-05-18,14.495489306576536,0.0,0.30509656586733286,-0.44980564042104076,-0.546183211344259,1.3396957055907843,0.4087365590829617,0.0,29.0,0.037657272127865064,19.661913995083697
2023-05-19,14.495489306576536,0.0,0.3050402556085577,-0.44980564042104076,-0.546183211344259,1.3394460011576217,0.40858495056698135,0.0,29.0,0.0376433042969571,19.661913995083697
2023-05-20,14.495489306576536,0.0,0.30498397651603465,-0.44980564042104076,-0.546183211344259,1.3391964362988473,0.40843345447852497,0.0,29.0,0.0376293468240995,19.661913995083697
2023-05-21,14.495489306576536,0.0,0.30492772856102596,-0.44980564042104076,-0.546183211344259,1.3389470108844819,0.4082820706925804,0.0,29.0,0.037615399697774776,19.661913995083697
2023-05-22,14.495489306576536,0.0,0.3048715117148305,-0.44980564042104076,-0.546183211344259,1.338697724784717,0.40813079908432076,0.0,29.0,0.03760146290648253,19.661913995083697
2023-05-23,14.495489306576536,0.0,0.30481532594878474,-0.44980564042104076,-0.546183211344259,1.338448577869911,0.4079796395291043,0.0,29.0,0.03758753643873938,19.661913995083697
2023-05-24,14.495489306576536,0.0,0.30475917123426144,-0.44980564042104076,-0.546183211344259,1.3381995700105946,0.40782859190247384,0.0,29.0,0.037573620283078986,19.661913995083697
2023-05-25,14.495489306576536,0.0,0.3047030475426709,-0.44980564042104076,-0.546183211344259,1.337950701077463,0.4076776560801561,0.0,29.0,0.03755971442805194,19.661913995083697
2023-05-26,14.495489306576536,0.0,0.3046469548454598,-0.44980564042104076,-0.546183211344259,1.337701970941383,0.4075268319380621,0.0,29.0,0.0375458188622258,19.661913995083697
2023-05-27,14.495489306576536,0.0,0.30459089311411175,-0.44980564042104076,-0.546183211344259,1.3374533794733876,0.4073761193522861,0.0,29.0,0.037531933574185036,19.661913995083697
2023-05-28,14.495489306576536,0.0,0.30453486232014715,-0.44980564042104076,-0.546183211344259,1.3372049265446782,0.407225518199106,0.0,29.0,0.03751805855253099,19.661913995083697
2023-05-29,14.495489306576536,0.0,0.304478862435123,-0.44980564042104076,-0.546183211344259,1.3369566120266227,0.4070750283549822,0.0,29.0,0.03750419378588187,19.661913995083697
2023-05-30,14.495489306576536,0.0,0.304422893430633,-0.44980564042104076,-0.546183211344259,1.3367084357907568,0.4069246496965577,0.0,29.0,0.03749033926287268,19.661913995083697
2023-05-31,14.495489306576536,0.0,0.304366955278307,-0.44980564042104076,-0.546183211344259,1.3364603977087846,0.40677438210065797,0.0,29.0,0.03747649497215522,19.661913995083697
2023-06-01,14.495489306576536,0.0,0.30431104794981184,-0.44980564042104076,-0.546183211344259,1.3362124976525733,0.40662422544429005,0.0,29.0,0.03746266090239806,19.661913995083697
2023-06-02,14.495489306576536,0.0,0.30425517141685043,-0.44980564042104076,-0.546183211344259,1.3359647354941595,0.40647417960464277,0.0,29.0,0.03744883704228647,19.661913995083697
2023-06-03,14.495489306576536,0.0,0.3041993256511622,-0.44980564042104076,-0.546183211344259,1.3357171111057442,0.4063242444590859,0.0,29.0,0.037435023380522445,19.661913995083697
2023-06-04,14.495489306576536,0.0,0.3041435106245227,-0.44980564042104076,-0.546183211344259,1.335469624359695,0.4061744198851703,0.0,29.0,0.03742121990582461,19.661913995083697
2023-06-05,14.495489306576536,0.0,0.3040877263087439,-0.44980564042104076,-0.546183211344259,1.3352222751285447,0.40602470576062727,1.0,29.0,0.03740742660692825,19.661913995083697
2023-06-06,14.624420356358875,0.008894563478022421,0.30404508862967455,-0.4449119017645159,-0.546183211344259,1.3388517947626593,0.4070713126006116,1.0,29.0,0.0375034965996222,19.661913995083697
2023-06-07,14.430588019762402,-0.013254018407108603,0.3040347264307135,-0.45226904963609593,-0.546183211344259,1.3325436057690965,0.40513953063700375,1.0,29.0,0.03749465258256973,19.661913995083697
2023-06-08,14.458628877893078,0.0019431542285230918,0.30397890362571883,-0.4512047239238033,-0.546183211344259,1.333156664034667,0.40525150109457886,0.0,29.0,0.037485928122929085,19.661913995083697
2023-06-09,14.450739153882996,-0.0005456758090074398,0.30392356412707905,-0.45150418823005556,-0.546183211344259,1.3326674504381317,0.4050290413333045,0.0,29.0,0.03758262627832153,19.532977784756522
2023-06-10,14.450739153882996,0.0,0.3038679215631583,-0.45150418823005556,-0.546183211344259,1.3324210793399502,0.4048800240259707,0.0,29.0,0.037568798969168364,19.532977784756522
2023-06-11,14.450739153882996,0.0,0.3038123095483314,-0.45150418823005556,-0.546183211344259,1.3321748448316213,0.40473111633048486,0.0,29.0,0.03755498183089357,19.532977784756522
2023-06-12,14.450739153882996,0.0,0.3037567280546557,-0.45150418823005556,-0.546183211344259,1.3319287467869818,0.40458231812595163,0.0,29.0,0.03754117485227927,19.532977784756522
2023-06-13,14.450739153882996,0.0,0.30370117705422445,-0.45150418823005556,-0.546183211344259,1.3316827850800308,0.40443362929165316,0.0,29.0,0.037527378022124074,19.532977784756522
2023-06-14,14.450739153882996,0.0,0.3036456565191667,-0.45150418823005556,-0.546183211344259,1.33143695958493,0.4042850497070493,0.0,29.0,0.03751359132924306,19.532977784756522
2023-06-15,14.450739153882996,0.0,0.30359016642164705,-0.45150418823005556,-0.546183211344259,1.3311912701760042,0.4041365792517768,1.0,29.0,0.03749981476246773,19.532977784756522
2023-06-16,14.452584327419059,0.0001276871387971834,0.30353464794330237,-0.4514341523692085,-0.546183211344259,1.3310023414780472,0.4040053271322502,1.0,29.0,0.03748974808125542,19.532977784756522
2023-06-17,14.4543996050955,0.00012560228920421856,0.30347916081338855,-0.4513652512429668,-0.546183211344259,1.3308126034321548,0.40387389208947116,1.0,29.0,0.03747605590203669,19.532977784756522
2023-06-18,14.45372548580276,-4.66376543583058e-05,0.30342378517237684,-0.45139083828074833,-0.546183211344259,1.3305466182879888,0.4037194912692472,1.0,29.0,0.03746235510659521,19.532977784756522
2023-06-19,14.454922454022864,8.28138199580053e-05,0.30336837771515757,-0.4513454058604024,-0.546183211344259,1.3303381630683022,0.40358253034259356,0.0,29.0,0.03744864911751476,19.532977784756522
2023-06-20,14.454554596481216,-2.5448600144195588e-05,0.3033130520159149,-0.4513593683517859,-0.546183211344259,1.3300818474115212,0.40343118456935495,0.0,29.0,0.03743864506689893,19.52891568318186
2023-06-21,14.454554596481216,0.0,0.3032577440302329,-0.4513593683517859,-0.546183211344259,1.3298369501418705,0.403283353428069,0.0,29.0,0.03742492625229032,19.52891568318186
2023-06-22,14.454554596481216,0.0,0.30320246628817055,-0.4513593683517859,-0.546183211344259,1.3295921880953174,0.4031356305879854,0.0,29.0,0.037411217488095345,19.52891568318186
2023-06-23,14.454554596481216,0.0,0.3031472187621757,-0.4513593683517859,-0.546183211344259,1.3293475611474657,0.4029880159301355,0.0,29.0,0.03739751876327363,19.52891568318186
2023-06-24,14.454554596481216,0.0,0.30309200142473114,-0.4513593683517859,-0.546183211344259,1.32910306917408,0.4028405093357248,0.0,29.0,0.03738383006680098,19.52891568318186
2023-06-25,14.454554596481216,0.0,0.30303681424835505,-0.4513593683517859,-0.546183211344259,1.3288587120510837,0.40269311068613256,0.0,29.0,0.03737015138766933,19.52891568318186
2023-06-26,14.454554596481216,0.0,0.3029816572056002,-0.4513593683517859,-0.546183211344259,1.3286144896545604,0.4025458198629115,0.0,29.0,0.037356482714886716,19.52891568318186
2023-06-27,14.454554596481216,0.0,0.3029265302690548,-0.4513593683517859,-0.546183211344259,1.3283704018607532,0.402398636747788,0.0,29.0,0.037342824037477254,19.52891568318186
2023-06-28,14.454554596481216,0.0,0.3028714334113416,-0.4513593683517859,-0.546183211344259,1.3281264485460642,0.40225156122266087,0.0,29.0,0.037329175344481096,19.52891568318186
2023-06-29,14.454554596481216,0.0,0.30281636660511824,-0.4513593683517859,-0.546183211344259,1.3278826295870543,0.40210459316960184,1.0,29.0,0.03731553662495443,19.52891568318186
2023-06-30,14.67677113021039,0.015373461163809887,0.3028058852634703,-0.44292486290825395,-0.546183211344259,1.3342116934675563,0.4040071529693173,1.0,29.0,0.037421490252937506,19.52891568318186
2023-07-01,14.728509654869521,0.003525198028920151,0.30275189013502174,-0.4409610627330176,-0.546183211344259,1.3355141072328127,0.40432942026672014,1.0,29.0,0.037413483613818736,19.52891568318186
2023-07-02,14.761184261741866,0.0022184598196288707,0.30269690975802666,-0.43972085731308286,-0.546183211344259,1.3362454868310387,0.4044773795418653,1.0,29.0,0.03740159922889339,19.52891568318186
2023-07-03,14.791003585177219,0.002020117282367284,0.30264187111245394,-0.438589027733991,-0.546183211344259,1.3368897617065378,0.4045988189539493,1.0,29.0,0.03739011183520742,19.52891568318186
2023-07-04,14.71207550600854,-0.005336222029435178,0.30259581220075443,-0.44158484133176357,-0.546183211344259,1.3342581687204782,0.40374093424946433,1.0,29.0,0.037452454759365525,19.527969303021873
2023-07-05,14.596320759163602,-0.007868009296014278,0.3025583532445077,-0.44597845699120053,-0.546183211344259,1.330476504671741,0.40254678028399055,1.0,29.0,0.03743999651599027,19.527969303021873
2023-07-06,14.421898988372178,-0.011949707989386438,0.30254065906703986,-0.452598852649985,-0.546183211344259,1.3248155160464434,0.4008105593669315,1.0,29.0,0.03742799748084383,19.527969303021873
2023-07-07,14.721075182937266,0.020744577035680445,0.3025703405641762,-0.4412432473793627,-0.546183211344259,1.3333194860433852,0.4034229309729994,1.0,29.0,0.037582619838514374,19.527969303021873
2023-07-08,14.800734702150368,0.0054112568697042285,0.3025193145476117,-0.43821967106325066,-0.546183211344259,1.3354363380456657,0.4039952856075475,1.0,29.0,0.03757485406419192,19.527969303021873
2023-07-09,14.616645850036257,-0.012437818515006915,0.30250452498510305,-0.44520699283986687,-0.546183211344259,1.3295522676968674,0.4021955771825074,1.0,29.0,0.03756774931741154,19.527969303021873
2023-07-10,14.795252082370803,0.012219371952157054,0.3024766077251405,-0.43842777072892136,-0.546183211344259,1.3345568939464416,0.40367224209711977,1.0,29.0,0.0375629178103023,19.527969303021873
2023-07-11,14.881579366372703,0.005834796428021871,0.3024264940578899,-0.4351511110914943,-0.546183211344259,1.3368541614892866,0.40430011712590513,1.0,29.0,0.037582351240542974,19.516914883811182
2023-07-12,14.789487582125998,-0.006188307166832052,0.30238318100435185,-0.4386465695189039,-0.546183211344259,1.3338431735151262,0.4033317417684435,1.0,29.0,0.03757300284640463,19.516914883811182
2023-07-13,17.09743027709384,0.15605291813876843,0.30754944975785653,-0.3510457285851206,-0.546183211344259,1.3782826744813803,0.42389007814753543,1.0,29.0,0.03760981813067421,19.516914883811182
2023-07-14,16.910398441910008,-0.010939178119322768,0.307525132281301,-0.3581447549514233,-0.546183211344259,1.3731728951453772,0.4222851762246792,1.0,29.0,0.037901310764313,19.34812935381693
2023-07-15,16.961721978912184,0.003035028250722771,0.3074700346749217,-0.35619670614982624,-0.546183211344259,1.3742288018742184,0.422534177363542,1.0,29.0,0.037891864275918216,19.34812935381693
2023-07-16,16.874574089300186,-0.005137915225844725,0.3074227475490828,-0.35950451289574803,-0.546183211344259,1.3717260810953726,0.4216998007350754,1.0,29.0,0.03787982428242172,19.34812935381693
2023-07-17,16.86380672254425,-0.0006380822827856125,0.3073676418173255,-0.35991320171827335,-0.546183211344259,1.3711989783560665,0.4214621964396301,1.0,29.0,0.03786809586366766,19.34812935381693
2023-07-18,16.683984975357916,-0.010663176478768688,0.3073419551879479,-0.36673856021008144,-0.546183211344259,1.3662210800905885,0.4198970579740314,1.0,29.0,0.03804525742601852,19.34812935381693
2023-07-19,16.813882130808626,0.007785739176975115,0.30729569244976646,-0.36180815180904136,-0.546183211344259,1.3692854222676485,0.4207755119971079,1.0,29.0,0.038037977255697276,19.34812935381693
2023-07-20,16.84279246112616,0.0017194321985021244,0.30724004664279003,-0.3607108241964402,-0.546183211344259,1.3697774906550475,0.4208505001191007,1.0,29.0,0.03802703505923129,19.34812935381693
2023-07-21,16.93769401045401,0.005634549588311222,0.30718868519146053,-0.35710871763410434,-0.546183211344259,1.3719365391708063,0.42144338163400263,1.0,29.0,0.038042802185695834,19.338910932165167
2023-07-22,16.829012284112952,-0.006416559791077803,0.30714536648418544,-0.36123386798656776,-0.546183211344259,1.3688701307310203,0.42044211797263403,1.0,29.0,0.03803347963818479,19.338910932165167
2023-07-23,16.9534265444971,0.007392843874836075,0.3070981198050598,-0.3565115697000595,-0.546183211344259,1.3717673101587349,0.4212671617597918,1.0,29.0,0.03802837198585592,19.338910932165167
2023-07-24,16.623896690730902,-0.019437359928465736,0.3071337214946408,-0.36901928592960287,-0.546183211344259,1.3627483759801438,0.4185459801755595,1.0,29.0,0.038023621391428924,19.338910932165167
2023-07-25,16.774065081162473,0.00903328462786357,0.30709151018380343,-0.3633194575447125,-0.546183211344259,1.3663282959483805,0.4195878198096509,1.0,29.0,0.03802917080490297,19.335535595464226
2023-07-26,16.85887708898354,0.005056139189319797,0.3070392338774308,-0.3601003121029268,-0.546183211344259,1.3682411148655917,0.4201037036679331,1.0,29.0,0.03801986962680703,19.335535595464226
2023-07-27,16.845962668031298,-0.0007660309096554352,0.30698449623067164,-0.36059049504293483,-0.546183211344259,1.3676607482204663,0.41985064580692333,1.0,29.0,0.0380111237281901,19.335535595464226
2023-07-28,16.936692389170492,0.005385843654478251,0.30693285382246815,-0.35714673541804876,-0.546183211344259,1.3697118572691656,0.4204095692660982,1.0,29.0,0.03801368209809436,19.333887272027635
2023-07-29,17.00255393705692,0.003888690092083147,0.3068789950227506,-0.3546468782974056,-0.546183211344259,1.371128696682798,0.4207705964848709,1.0,29.0,0.03800237703226594,19.333887272027635
2023-07-30,16.798415334036886,-0.012006349385848103,0.3068607512982851,-0.36239521335381475,-0.546183211344259,1.3655554677964543,0.41903537678750113,1.0,29.0,0.03799490402035298,19.333887272027635
2023-07-31,16.63248563135674,-0.009877699734208711,0.30683144087915015,-0.3686932819854001,-0.546183211344259,1.3609491923149792,0.4175820016413207,1.0,29.0,0.037984990774179064,19.333887272027635
2023-08-01,16.782168719131914,0.008999441880952475,0.3067892985241327,-0.3630118738675727,-0.546183211344259,1.3645101020957053,0.41861709705103417,1.0,29.0,0.03806780165840054,19.32493735173782
2023-08-02,16.45016129481036,-0.019783344446004714,0.3068279497600112,-0.37561362937486564,-0.546183211344259,1.3553528509293193,0.4158601364520292,1.0,29.0,0.038062101943377405,19.32493735173782
2023-08-03,16.34975277288996,-0.006103801666192621,0.30678385554862264,-0.3794247599442353,-0.546183211344259,1.352438845771231,0.4149064034994273,1.0,29.0,0.038054217119896205,19.32493735173782
2023-08-04,16.329726539672794,-0.001224864589412733,0.3067297305452723,-0.3801848805808459,-0.546183211344259,1.351664067879039,0.4145955553282643,1.0,29.0,0.038050405174668574,19.324915542487254
2023-08-05,16.382030464666464,0.0032029884191016045,0.3066753553441692,-0.3781996199313622,-0.546183211344259,1.3527906180950053,0.414867543510544,1.0,29.0,0.03803795559751073,19.324915542487254
2023-08-06,16.358945712871865,-0.0014091508280605902,0.3066214831179135,-0.37907583045182436,-0.546183211344259,1.351936236532642,0.41453269392648895,1.0,29.0,0.03802603853019907,19.324915542487254
2023-08-07,16.340305956469965,-0.0011394228411206742,0.30656736054979156,-0.3797833256332115,-0.546183211344259,1.3511991289637268,0.4142335505435871,1.0,29.0,0.03801369670170278,19.324915542487254
2023-08-08,16.532863706808048,0.011784219392895645,0.3065364638295757,-0.3724745562713411,-0.546183211344259,1.3559015447007052,0.41563326481361357,1.0,29.0,0.03802079444435424,19.324915542487254
2023-08-09,16.526644394519497,-0.00037617876726281363,0.3064817784565547,-0.3727106180191889,-0.546183211344259,1.3554940361014236,0.4154342228716177,1.0,29.0,0.03801154582807851,19.324915542487254
2023-08-10,16.47859452050504,-0.0029074186427336945,0.30643013737532465,-0.37453441086274886,-0.546183211344259,1.353988446086717,0.41490286553895506,0.0,29.0,0.037999000041240016,19.324915542487254
2023-08-11,16.466999778323743,-0.0007036244606219988,0.3063757445321241,-0.3749745037505432,-0.546183211344259,1.3534401627937747,0.41466123755562195,0.0,29.0,0.03823650052340934,19.425849639646614
2023-08-12,16.466999778323743,0.0,0.3063209322376721,-0.3749745037505432,-0.546183211344259,1.3531955829593196,0.4145121324719989,0.0,29.0,0.038222751332282624,19.425849639646614
2023-08-13,16.466999778323743,0.0,0.3062661493503581,-0.3749745037505432,-0.546183211344259,1.3529511356708435,0.4143631345811032,0.0,29.0,0.03820901202554924,19.425849639646614
2023-08-14,16.466999778323743,0.0,0.3062113958438974,-0.3749745037505432,-0.546183211344259,1.3527068208086706,0.4142142437673838,0.0,29.0,0.03819528259255407,19.425849639646614
2023-08-15,16.466999778323743,0.0,0.3061566716920378,-0.3749745037505432,-0.546183211344259,1.3524626382532772,0.41406545991545585,0.0,29.0,0.03818156302265732,19.425849639646614
2023-08-16,16.466999778323743,0.0,0.30610197686856017,-0.3749745037505432,-0.546183211344259,1.3522185878852901,0.4139167829101002,0.0,29.0,0.038167853305234464,19.425849639646614
2023-08-17,16.466999778323743,0.0,0.30604731134727814,-0.3749745037505432,-0.546183211344259,1.3519746695854875,0.4137682126362632,1.0,29.0,0.038154153429676235,19.425849639646614
2023-08-18,16.453726732348898,-0.0008060391178432713,0.30599320502699157,-0.3754782987501696,-0.546183211344259,1.3513835572652344,0.4135141859083661,1.0,29.0,0.038347336941970005,19.425849639646614
2023-08-19,16.546457187223496,0.005635832926061957,0.30594266003414206,-0.37195859878322557,-0.546183211344259,1.3535336974270114,0.41410369983666745,1.0,29.0,0.03833711880212431,19.425849639646614
2023-08-20,16.62554543019239,0.0047797689906672325,0.3058906485152341,-0.36895670596883445,-0.546183211344259,1.3553234100229778,0.4145807568398073,1.0,29.0,0.03832485567473232,19.425849639646614
2023-08-21,16.478134671121722,-0.008866521684333217,0.3058572141723296,-0.37455186501911475,-0.546183211344259,1.351193253907343,0.4132722044485451,0.0,29.0,0.03831472784840385,19.425849639646614
2023-08-22,16.46334571702019,-0.0008974895761382218,0.3058032963999462,-0.37511319820067524,-0.546183211344259,1.350563465806524,0.413006759840971,0.0,29.0,0.038504555202460614,19.20813529832154
2023-08-23,16.46334571702019,0.0,0.30574880091983103,-0.37511319820067524,-0.546183211344259,1.3503203726119446,0.4128588347837215,0.0,29.0,0.038490764172660306,19.20813529832154
2023-08-24,16.46334571702019,0.0,0.305694334562354,-0.37511319820067524,-0.546183211344259,1.3500774106360094,0.4127110156520409,0.0,29.0,0.038476983018284124,19.20813529832154
2023-08-25,16.46334571702019,0.0,0.30563989730158647,-0.37511319820067524,-0.546183211344259,1.3498345797607119,0.4125633023321941,0.0,29.0,0.03846321172872855,19.20813529832154
2023-08-26,16.46334571702019,0.0,0.3055854891116319,-0.37511319820067524,-0.546183211344259,1.3495918798681923,0.41241569471060835,0.0,29.0,0.03844945029340521,19.20813529832154
2023-08-27,16.46334571702019,0.0,0.3055311099666264,-0.37511319820067524,-0.546183211344259,1.3493493108407395,0.41226819267387355,0.0,29.0,0.038435698701740906,19.20813529832154
2023-08-28,16.46334571702019,0.0,0.3054767598407379,-0.37511319820067524,-0.546183211344259,1.3491068725607904,0.4121207961087416,0.0,29.0,0.038421956943177536,19.20813529832154
2023-08-29,16.46334571702019,0.0,0.3054224387081668,-0.37511319820067524,-0.546183211344259,1.34886456491093,0.41197350490212664,0.0,29.0,0.038408225007172114,19.20813529832154
2023-08-30,16.46334571702019,0.0,0.3053681465431452,-0.37511319820067524,-0.546183211344259,1.3486223877738914,0.41182631894110405,0.0,29.0,0.0383945028831967,19.20813529832154
2023-08-31,16.46334571702019,0.0,0.3053138833199377,-0.37511319820067524,-0.546183211344259,1.3483803410325534,0.41167923811291085,0.0,29.0,0.03838079056073842,19.20813529832154
2023-09-01,16.46334571702019,0.0,0.3052596490128407,-0.37511319820067524,-0.546183211344259,1.3481384245699428,0.4115322623049448,0.0,29.0,0.03836708802929938,19.20813529832154
2023-09-02,16.46334571702019,0.0,0.3052054435961825,-0.37511319820067524,-0.546183211344259,1.3478966382692337,0.4113853914047646,0.0,29.0,0.03835339527839671,19.20813529832154
2023-09-03,16.46334571702019,0.0,0.30515126704432316,-0.37511319820067524,-0.546183211344259,1.3476549820137467,0.4112386253000893,0.0,29.0,0.03833971229756246,19.20813529832154
2023-09-04,16.46334571702019,0.0,0.30509711933165506,-0.37511319820067524,-0.546183211344259,1.3474134556869473,0.41109196387879826,1.0,30.0,0.03832603907634364,19.20813529832154
2023-09-05,16.463201624027953,-8.75235172204114e-06,0.3050430046524726,-0.375118667429751,-0.546183211344259,1.3471683069713098,0.4109442681311129,1.0,30.0,0.03832176443466862,19.20813529832154
2023-09-06,16.46395850117085,4.5973873137317156e-05,0.30498889292157194,-0.3750899392146415,-0.546183211344259,1.3469467442553789,0.4108037963547637,1.0,30.0,0.038308186479454394,19.20813529832154
2023-09-07,16.466592146810672,0.00015996430260889483,0.3049347602909158,-0.37498997591257466,-0.546183211344259,1.3467741318964588,0.4106782470758529,0.0,30.0,0.0382946161866546,19.20813529832154
2023-09-08,16.466149182969605,-2.6900759860781776e-05,0.3048807407831775,-0.37500678915714325,-0.546183211344259,1.3465215820740741,0.4105284974232799,0.0,30.0,0.0382904154841428,19.197693062002234
2023-09-09,16.466149182969605,0.0,0.3048267369260416,-0.37500678915714325,-0.546183211344259,1.3462806904709155,0.41038234986278743,0.0,30.0,0.03827678415075578,19.197693062002234
2023-09-10,16.466149182969605,0.0,0.30477276175507684,-0.37500678915714325,-0.546183211344259,1.3460399281074444,0.41023630632191094,0.0,30.0,0.0382631625193854,19.197693062002234
2023-09-11,16.466149182969605,0.0,0.30471881524489686,-0.37500678915714325,-0.546183211344259,1.3457992948681394,0.41009036668963705,0.0,30.0,0.03824955057967733,19.197693062002234
2023-09-12,16.466149182969605,0.0,0.3046648973701467,-0.37500678915714325,-0.546183211344259,1.3455587906376232,0.4099445308551102,0.0,30.0,0.03823594832129196,19.197693062002234
2023-09-13,16.466149182969605,0.0,0.3046110081055026,-0.37500678915714325,-0.546183211344259,1.3453184153006634,0.40979879870763236,0.0,30.0,0.03822235573390437,19.197693062002234
2023-09-14,16.466149182969605,0.0,0.3045571474256727,-0.37500678915714325,-0.546183211344259,1.3450781687421705,0.409653170136663,0.0,30.0,0.038208772807204326,19.197693062002234
2023-09-15,16.466149182969605,0.0,0.3045033153053958,-0.37500678915714325,-0.546183211344259,1.3448380508471995,0.40950764503181875,0.0,30.0,0.038195199530896264,19.197693062002234
2023-09-16,16.466149182969605,0.0,0.30444951171944246,-0.37500678915714325,-0.546183211344259,1.3445980615009492,0.4093622232828728,0.0,30.0,0.03818163589469921,19.197693062002234
2023-09-17,16.466149182969605,0.0,0.304395736642614,-0.37500678915714325,-0.546183211344259,1.3443582005887613,0.40921690477975503,0.0,30.0,0.03816808188834681,19.197693062002234
2023-09-18,16.466149182969605,0.0,0.3043419900497431,-0.37500678915714325,-0.546183211344259,1.344118467996121,0.40907168941255134,0.0,30.0,0.03815453750158729,19.197693062002234
2023-09-19,16.466149182969605,0.0,0.30428827191569363,-0.37500678915714325,-0.546183211344259,1.3438788636086558,0.40892657707150404,0.0,30.0,0.03814100272418339,19.197693062002234
2023-09-20,16.466149182969605,0.0,0.3042345822153602,-0.37500678915714325,-0.546183211344259,1.3436393873121373,0.4087815676470106,0.0,30.0,0.038127477545912405,19.197693062002234
2023-09-21,16.466149182969605,0.0,0.3041809209236688,-0.37500678915714325,-0.546183211344259,1.343400038992477,0.40863666102962415,0.0,30.0,0.038113961956566106,19.197693062002234
2023-09-22,16.466149182969605,0.0,0.304127288015576,-0.37500678915714325,-0.546183211344259,1.343160818535731,0.4084918571100531,0.0,30.0,0.03810045594595073,19.197693062002234
2023-09-23,16.466149182969605,0.0,0.30407368346606944,-0.37500678915714325,-0.546183211344259,1.3429217258280968,0.4083471557791604,0.0,30.0,0.03808695950388699,19.197693062002234
2023-09-24,16.466149182969605,0.0,0.30402010725016765,-0.37500678915714325,-0.546183211344259,1.342682760755913,0.40820255692796387,0.0,30.0,0.03807347262020998,19.197693062002234
2023-09-25,16.466149182969605,0.0,0.3039665593429198,-0.37500678915714325,-0.546183211344259,1.3424439232056602,0.4080580604476353,0.0,30.0,0.038059995284769194,19.197693062002234
2023-09-26,16.466149182969605,0.0,0.3039130397194061,-0.37500678915714325,-0.546183211344259,1.3422052130639592,0.407913666229501,0.0,30.0,0.03804652748742851,19.197693062002234
2023-09-27,16.466149182969605,0.0,0.30385954835473694,-0.37500678915714325,-0.546183211344259,1.341966630217575,0.4077693741650406,0.0,30.0,0.03803306921806614,19.197693062002234
2023-09-28,16.466149182969605,0.0,0.303806085224054,-0.37500678915714325,-0.546183211344259,1.3417281745534093,0.4076251841458875,0.0,30.0,0.0380196204665746,19.197693062002234
2023-09-29,16.466149182969605,0.0,0.3037526503025292,-0.37500678915714325,-0.546183211344259,1.3414898459585072,0.40748109606382815,0.0,30.0,0.03800618122286072,19.197693062002234
2023-09-30,16.466149182969605,0.0,0.3036992435653649,-0.37500678915714325,-0.546183211344259,1.3412516443200535,0.40733710981080207,0.0,30.0,0.037992751476845575,19.197693062002234
2023-10-01,16.466149182969605,0.0,0.3036458649877942,-0.37500678915714325,-0.546183211344259,1.3410135695253727,0.40719322527890134,0.0,30.0,0.037979331218464495,19.197693062002234
2023-10-02,16.466149182969605,0.0,0.3035925145450806,-0.37500678915714325,-0.546183211344259,1.3407756214619306,0.4070494423603707,1.0,30.0,0.037965920437667014,19.197693062002234
2023-10-03,16.565311611114517,0.00602219906081447,0.30354403665992447,-0.37124295562978993,-0.546183211344259,1.34307251643894,0.40768165316687865,1.0,30.0,0.03830550182826437,19.197693062002234
2023-10-04,16.457804753016063,-0.006489878405083749,0.30350275124659976,-0.37532351239409245,-0.546183211344259,1.340027216661491,0.40670194700208595,1.0,30.0,0.03829752963091143,19.197693062002234
2023-10-05,16.313742777754072,-0.008753413801168786,0.3034698670197792,-0.3807915641819676,-0.546183211344259,1.3359860429553405,0.4054315067959382,1.0,30.0,0.038287200181509454,19.197693062002234
2023-10-06,16.523809556310695,0.012876675905609813,0.30344570820814143,-0.37281821783591906,-0.546183211344259,1.3410827569108572,0.4069458069365418,1.0,30.0,0.0382935986335712,19.18877478366109
2023-10-07,16.44001729019259,-0.005071001685934218,0.3034003339872421,-0.3759986577106603,-0.546183211344259,1.338660176380714,0.406149944609329,1.0,30.0,0.03828699261451878,19.18877478366109
2023-10-08,16.355614978190236,-0.005133955184627781,0.3033551450743675,-0.3792022526371214,-0.546183211344259,1.336211213717045,0.4053465465871309,1.0,30.0,0.038275897700059465,19.18877478366109
2023-10-09,15.902366282128915,-0.02771211578810795,0.3034776730058781,-0.3964058716930381,-0.546183211344259,1.3234611884566239,0.4016409217864101,1.0,30.0,0.03827059787873964,19.18877478366109
2023-10-10,15.868819935318012,-0.0021095191882608555,0.30342642047810564,-0.3976791650886231,-0.546183211344259,1.3223251307892594,0.40122838114362785,1.0,30.0,0.03826945126121003,19.184510576173896
2023-10-11,15.712350963330874,-0.009860151707871911,0.3033984369074857,-0.4036181398976614,-0.546183211344259,1.3178062668812691,0.39982036151866596,1.0,30.0,0.03825949612547222,19.184510576173896
2023-10-12,15.514238502729286,-0.012608708974483629,0.3033847940547515,-0.4111377452093531,-0.546183211344259,1.3120642216538543,0.39806033367306237,1.0,30.0,0.03824819114232763,19.184510576173896
2023-10-13,15.622196830150266,0.006958661064929927,0.3033387174691182,-0.4070400523643345,-0.546183211344259,1.3147471382855176,0.39881371072372235,1.0,30.0,0.038246928141075734,19.180459712805714
2023-10-14,15.690246985013449,0.0043559913886022095,0.30328763563814853,-0.4044571239386475,-0.546183211344259,1.3163495094527213,0.3992325303953525,1.0,30.0,0.038234811099103254,19.180459712805714
2023-10-15,15.783203264049702,0.005924462446323497,0.3032392637939655,-0.4009288525342466,-0.546183211344259,1.3186032640800507,0.39985228303595444,1.0,30.0,0.03822382114695081,19.180459712805714
2023-10-16,16.198037255160543,0.02628325721786351,0.30332009092474804,-0.3851833114736035,-0.546183211344259,1.3289018143455253,0.4030826191573474,1.0,30.0,0.03821737575807637,19.180459712805714
2023-10-17,16.081900764330452,-0.007169787857667198,0.30328128156006484,-0.3895914167016912,-0.546183211344259,1.3255741732121722,0.4020218340547109,1.0,30.0,0.0383206884209834,19.14046317847039
2023-10-18,16.005914155054793,-0.004724976878616061,0.3032352035711687,-0.39247558314428455,-0.546183211344259,1.3233131127568034,0.4012751211352062,1.0,30.0,0.038310712117169965,19.14046317847039
2023-10-19,16.18326771559635,0.011080501795990738,0.30320302165695373,-0.38574390775220657,-0.546183211344259,1.3276709814240104,0.4025538533340132,1.0,30.0,0.0383015844968582,19.14046317847039
2023-10-20,16.429849364729794,0.015236826916964707,0.30319200327889856,-0.3763845939919359,-0.546183211344259,1.333689494087185,0.40436398946431434,1.0,30.0,0.03835335722085209,19.14046317847039
2023-10-21,16.755352966196657,0.019811721595307308,0.3032126640503177,-0.3640296991855596,-0.546183211344259,1.3414959401440902,0.4067585578237752,1.0,30.0,0.03834365560407046,19.14046317847039
2023-10-22,16.900491842920847,0.00866223928657317,0.3031715220779068,-0.35852077226075096,-0.546183211344259,1.3448642186333448,0.407724532151186,1.0,30.0,0.038334475889273564,19.14046317847039
2023-10-23,17.86031943366131,0.05679287914585207,0.30377160945956144,-0.3220893200051812,-0.546183211344259,1.3656557564432963,0.414847447102495,1.0,30.0,0.038334913980351486,19.14046317847039
2023-10-24,17.765224394263118,-0.005324375062350062,0.30372717182057724,-0.32569877072424636,-0.546183211344259,1.3631350470760066,0.4140211526579049,1.0,30.0,0.0383853542877374,19.138694146226044
2023-10-25,17.948420758813853,0.010312077150564702,0.3036916988989553,-0.3187453244252342,-0.546183211344259,1.3671578598331946,0.4151944931158027,1.0,30.0,0.03837967830169204,19.138694146226044
2023-10-26,18.056699152849703,0.0060327532706563325,0.30364356818909993,-0.3146354830530107,-0.546183211344259,1.3694349332014837,0.41582010952010023,1.0,30.0,0.038370982469395236,19.138694146226044
2023-10-27,17.830313898744944,-0.012537466133118236,0.30362976440066164,-0.3232282174730745,-0.546183211344259,1.3637425324105512,0.4140728238189773,1.0,30.0,0.0383700194439768,19.13880799401001
2023-10-28,17.918606253849564,0.004951811594906097,0.30357970459917,-0.3198769711132524,-0.546183211344259,1.365573323001275,0.414560346005234,1.0,30.0,0.038363157936725706,19.13880799401001
2023-10-29,18.168277531657893,0.013933632687234798,0.30356103900455106,-0.31040038664661485,-0.546183211344259,1.3710396130329774,0.41619420944868823,1.0,30.0,0.038353077514164224,19.13880799401001
2023-10-30,18.504195093589097,0.018489235501047085,0.3035712167065607,-0.29765021699389316,-0.546183211344259,1.378287216199879,0.41840832719289567,1.0,30.0,0.03834274223326099,19.13880799401001
2023-10-31,18.64154086379675,0.0074224125671500385,0.30352643397065693,-0.29243708713797356,-0.546183211344259,1.3811285266630906,0.41920901655319526,1.0,30.0,0.03835263843598096,19.1417452559722
2023-11-01,19.118025319952594,0.025560357893011476,0.3035985527814755,-0.2743515258533984,-0.546183211344259,1.3910551700763456,0.42232233647436784,1.0,30.0,0.0383497474505949,19.1417452559722
2023-11-02,19.130746339958293,0.0006653940348337883,0.30354557784117264,-0.273868683687315,-0.546183211344259,1.3910914441322468,0.4222596562390342,1.0,30.0,0.038371252032524686,19.154132165318302
2023-11-03,19.169551348892934,0.0020284106142576253,0.30349273934846427,-0.2723957912179614,-0.546183211344259,1.3916996141299973,0.4223707282425136,1.0,30.0,0.038402264934440565,19.15672706304653
2023-11-04,19.396357200867744,0.011831568086642097,0.30346367933980745,-0.26378709248162935,-0.546183211344259,1.3963141897934555,0.42373064154910417,1.0,30.0,0.03839414291223728,19.15672706304653
2023-11-05,19.863079211043896,0.024062353840094808,0.30352074755430036,-0.24607207699927724,-0.546183211344259,1.4056609422855884,0.42664726001040404,1.0,30.0,0.038387141062865594,19.15672706304653
2023-11-06,20.59680024318481,0.036938937027093166,0.3037359842799077,-0.2182227809285865,-0.546183211344259,1.4196578410083294,0.4312011716793537,1.0,30.0,0.03838183354398718,19.15672706304653
2023-11-07,20.345653561013904,-0.01219348050209923,0.3037204953030811,-0.22775536620631898,-0.546183211344259,1.4141258460344313,0.42949900237846605,1.0,30.0,0.03840343749807074,19.16361755679786
2023-11-08,20.751878330211273,0.01996616957912689,0.30374147863956186,-0.21233659889142376,-0.546183211344259,1.4218981139090023,0.43188943559352455,1.0,30.0,0.038402540796816154,19.16361755679786
2023-11-09,21.099171864972977,0.016735522887877607,0.30373918090466123,-0.19915464001422756,-0.546183211344259,1.4284207111258953,0.4338673367846332,1.0,30.0,0.03839519727590922,19.16361755679786
2023-11-10,21.80194778774265,0.03330822305572867,0.30390207167704186,-0.17247990413067615,-0.546183211344259,1.4410918671263517,0.43795080389663466,1.0,30.0,0.03841701014972483,19.182949690120704
2023-11-11,21.893544517480333,0.004201309471494996,0.30385104266690866,-0.16900323611404788,-0.546183211344259,1.4425892733755843,0.43833225485526944,1.0,30.0,0.03841686363349309,19.182949690120704
2023-11-12,21.88862189495834,-0.00022484356144625295,0.30379858251175423,-0.16919008038599037,-0.546183211344259,1.442242147663873,0.4381511200989927,1.0,30.0,0.03840841703061519,19.182949690120704
2023-11-13,21.27816252351585,-0.027889347002841625,0.30392251948487986,-0.1923608265275084,-0.546183211344259,1.4294982186284997,0.4344567002047212,1.0,30.0,0.0384037368348931,19.182949690120704
2023-11-14,20.808448222832993,-0.022074946563818476,0.3039826698392415,-0.21018941812476022,-0.546183211344259,1.419498771510935,0.43150302639741744,1.0,30.0,0.038449916698565706,19.188710854187065
2023-11-15,21.887474886745363,0.051855220166218796,0.3044652694263165,-0.1692336165120103,-0.546183211344259,1.4383711505700123,0.43793405989333967,1.0,30.0,0.03846227500316348,19.188710854187065
2023-11-16,21.07614073524392,-0.03706842181200032,0.30471725950333606,-0.20002881524237304,-0.546183211344259,1.4212487839322765,0.4330790345122923,1.0,30.0,0.03848095951534408,19.188710854187065
2023-11-17,21.382422640456223,0.014532162650638059,0.30470137130403496,-0.18840350386965166,-0.546183211344259,1.426877677476471,0.43477158501019725,1.0,30.0,0.03848963892556248,19.19575758912044
2023-11-18,21.296580144735067,-0.0040146290794355055,0.30465408568128305,-0.19166176276378455,-0.546183211344259,1.4249327857961729,0.4341115950140166,1.0,30.0,0.03848337536611083,19.19575758912044
2023-11-19,21.67065659715192,0.017565094953019056,0.30465695331732306,-0.17746322487257438,-0.546183211344259,1.431731621082106,0.43618699364694646,1.0,30.0,0.03847816688719331,19.19575758912044
2023-11-20,21.416531414644247,-0.011726695098895679,0.3046387848523417,-0.18710886284212258,-0.546183211344259,1.4264431652662302,0.43454991252763236,1.0,30.0,0.038475264446323924,19.19575758912044
2023-11-21,20.126239537161023,-0.0602474720346613,0.3053694022344725,-0.2360834988952658,-0.546183211344259,1.3975496470481608,0.4267689003120949,1.0,30.0,0.038498302183755335,19.209805333633447
2023-11-22,21.25015174994466,0.05584313009434516,0.30593536156372303,-0.19342401034285717,-0.546183211344259,1.4175897981464707,0.43369084744498565,1.0,30.0,0.038523066214421454,19.209805333633447
2023-11-23,21.330305481071882,0.003771913352450751,0.3058836974043825,-0.19038167559770314,-0.546183211344259,1.4188982528203058,0.4340178438132934,1.0,30.0,0.038527871435134795,19.209805333633447
2023-11-24,21.481382712942402,0.007082750502780399,0.30583786212277825,-0.18464735100348262,-0.546183211344259,1.4215489406295585,0.4347634889050444,1.0,30.0,0.03853811911618087,19.232649755046964
2023-11-25,21.73146530574522,0.011641829399191561,0.30580744849820807,-0.17515515456368613,-0.546183211344259,1.4260124077687741,0.4360852159465551,1.0,30.0,0.03852816554549177,19.232649755046964
2023-11-26,21.55514526362057,-0.008113582754037063,0.3057723881278896,-0.1818476014763747,-0.546183211344259,1.4223271649413542,0.4349083739232886,1.0,30.0,0.03852182734595423,19.232649755046964
2023-11-27,21.134743414416633,-0.019503549805041875,0.3058079288719075,-0.1978044775290947,-0.546183211344259,1.4136089506352765,0.4322928254285644,1.0,30.0,0.03851223834483011,19.232649755046964
2023-11-28,21.467690383100756,0.015753537299014964,0.3057988339489845,-0.1851670604447465,-0.546183211344259,1.4196702716279952,0.43413351365587904,1.0,30.0,0.03851139176824422,19.243908979660983
2023-11-29,21.407194171922278,-0.002818012096266309,0.30574923874442916,-0.18746326952484949,-0.546183211344259,1.4182451872180786,0.43362738634487796,1.0,30.0,0.03850423226974293,19.243908979660983
2023-11-30,21.42056924546572,0.0006247933959036001,0.30569642016096304,-0.18695560194171945,-0.546183211344259,1.4182576182482745,0.43355627676451125,1.0,30.0,0.0384929502314117,19.243908979660983
2023-12-01,21.58900603366137,0.007863319889657161,0.3056527607946142,-0.1805623737552935,-0.546183211344259,1.4212166491228713,0.43439879249167607,1.0,30.0,0.038537072091009705,19.331576198293202
2023-12-02,21.929459770018216,0.015769773551687072,0.3056437904542404,-0.16764002794968247,-0.546183211344259,1.4272766856066914,0.4362382562157943,1.0,30.0,0.038527375640285695,19.331576198293202
2023-12-03,22.011943472247097,0.003761319389256057,0.3055923378562363,-0.16450925624796897,-0.546183211344259,1.4285760871972162,0.4365619062921118,1.0,30.0,0.03851998487597511,19.331576198293202
2023-12-04,22.272355765863693,0.011830499835006725,0.30556287831086115,-0.1546249831418609,-0.546183211344259,1.433101733455429,0.43790269058692544,0.0,30.0,0.03851031654206008,19.331576198293202
2023-12-05,22.243910723454594,-0.001277145655723455,0.30551138275415285,-0.15570465017209845,-0.546183211344259,1.4323214766419479,0.4375905148773515,0.0,30.0,0.03877362877486517,19.79558631062895
2023-12-06,22.243910723454594,0.0,0.3054589456001809,-0.15570465017209845,-0.546183211344259,1.4320728583630533,0.4374394653382154,0.0,30.0,0.038760244712464455,19.79558631062895
2023-12-07,22.243910723454594,0.0,0.30540653543631235,-0.15570465017209845,-0.546183211344259,1.4318243695025876,0.4372885200430676,0.0,30.0,0.03874686988682178,19.79558631062895
2023-12-08,22.243910723454594,0.0,0.30535415223940254,-0.15570465017209845,-0.546183211344259,1.431576009948309,0.43713767888403243,0.0,30.0,0.03873350428837859,19.79558631062895
2023-12-09,22.243910723454594,0.0,0.3053017959863348,-0.15570465017209845,-0.546183211344259,1.43132777958811,0.4369869417533827,0.0,30.0,0.03872014790758949,19.79558631062895
2023-12-10,22.243910723454594,0.0,0.3052494666540198,-0.15570465017209845,-0.546183211344259,1.431079678310021,0.43683630854354016,0.0,30.0,0.038706800734922275,19.79558631062895
2023-12-11,22.243910723454594,0.0,0.305197164219396,-0.15570465017209845,-0.546183211344259,1.430831706002208,0.43668577914707446,1.0,30.0,0.03869346276085787,19.79558631062895
2023-12-12,22.12789356853952,-0.005215681556963836,0.30515306131658626,-0.16010822585682616,-0.546183211344259,1.428396534825472,0.4358795753759966,1.0,30.0,0.03899960371289051,19.79558631062895
2023-12-13,22.755973275381184,0.028384071212934625,0.3052527045341412,-0.13626867792838837,-0.546183211344259,1.4391257791931493,0.4392970362635122,1.0,30.0,0.038997367729324155,19.79558631062895
2023-12-14,22.983046000661922,0.009978598697266028,0.3052160050048477,-0.12764984968317672,-0.546183211344259,1.4429111627310138,0.4403995806656597,1.0,30.0,0.03899401002889008,19.79558631062895
2023-12-15,22.403024302483587,-0.02523693761747814,0.3053073063072191,-0.14966529600732004,-0.546183211344259,1.4316009093630047,0.43707821734458424,1.0,30.0,0.0390540406049675,19.72346837891913
2023-12-16,22.525873241149718,0.0054835872606946445,0.305258566209703,-0.1450024114571793,-0.546183211344259,1.4335924550217596,0.43761637734899045,1.0,30.0,0.03905175958213706,19.72346837891913
2023-12-17,22.204094653379588,-0.014284844113493178,0.3052553528483797,-0.15721591872692597,-0.546183211344259,1.4272408733253226,0.4356729163865509,1.0,30.0,0.03904616426308848,19.72346837891913
2023-12-18,22.38017138506184,0.007929921684757923,0.3052122052526479,-0.15053270696526988,-0.546183211344259,1.4302119315141748,0.4365181375960903,0.0,30.0,0.03904033361394624,19.72346837891913
2023-12-19,22.343424284112068,-0.0016419490412973303,0.305161413348807,-0.1519274889726817,-0.546183211344259,1.4292835311060845,0.4361621824285063,0.0,30.0,0.03928557427079298,19.506541482062158
2023-12-20,22.343424284112068,0.0,0.30510928693588363,-0.1519274889726817,-0.546183211344259,1.4290366392467382,0.43601235000582383,0.0,30.0,0.03927207871109845,19.506541482062158
2023-12-21,22.343424284112068,0.0,0.3050571872247674,-0.1519274889726817,-0.546183211344259,1.4287898752861699,0.43586262049002517,1.0,30.0,0.03925859242033228,19.506541482062158
2023-12-22,22.371853235376786,0.0012723632198550217,0.3050048226430277,-0.15084843270188053,-0.546183211344259,1.429067309788678,0.4358724213670444,1.0,30.0,0.039331723499462005,19.506541482062158
2023-12-23,22.382699419393994,0.00048481383741849626,0.30495258706788203,-0.15043675227198872,-0.546183211344259,1.429020731834226,0.4357835691464853,1.0,30.0,0.0393191154115337,19.506541482062158
2023-12-24,22.301474107078924,-0.0036289328106997587,0.30490504955596254,-0.15351976021643354,-0.546183211344259,1.4272629402812156,0.4351796775358328,1.0,30.0,0.03930680000044092,19.506541482062158
2023-12-25,22.427882454755807,0.005668161085224277,0.30485687510486154,-0.148721773861881,-0.546183211344259,1.4293262399149405,0.43573993100585034,0.0,30.0,0.039295396050255664,19.506541482062158
2023-12-26,22.417989937123252,-0.00044108121453334537,0.3048051638630025,-0.14909725669577178,-0.546183211344259,1.4288975756001114,0.43553535967423895,0.0,30.0,0.03937039791766834,19.417334424578485
2023-12-27,22.417989937123252,0.0,0.30475322305645514,-0.14909725669577178,-0.546183211344259,1.4286513433095422,0.43538610149751716,0.0,30.0,0.039356905663412795,19.417334424578485
2023-12-28,22.417989937123252,0.0,0.304701308792909,-0.14909725669577178,-0.546183211344259,1.4284052382697703,0.4352369455874461,0.0,30.0,0.039343422653593196,19.417334424578485
2023-12-29,22.417989937123252,0.0,0.30464942104976567,-0.14909725669577178,-0.546183211344259,1.4281592603712312,0.43508789183895713,0.0,30.0,0.03932994887871183,19.417334424578485
2023-12-30,22.417989937123252,0.0,0.30459755980445397,-0.14909725669577178,-0.546183211344259,1.427913409504491,0.434938940147126,0.0,30.0,0.03931648432928399,19.417334424578485
2023-12-31,22.417989937123252,0.0,0.3045457250344295,-0.14909725669577178,-0.546183211344259,1.4276676855602475,0.4347900904071715,0.0,30.0,0.039303028995837964,19.417334424578485
2024-01-01,22.417989937123252,0.0,0.3044939167171747,-0.14909725669577178,-0.546183211344259,1.4274220884293303,0.4346413425144561,1.0,30.0,0.039289582868915,19.417334424578485
2024-01-02,22.288215751738665,-0.005788841272057366,0.3044518279200384,-0.15402299761471816,-0.546183211344259,1.42475768351551,0.43377008108941656,1.0,30.0,0.039564083180546564,19.417334424578485
2024-01-03,21.291347990166813,-0.04472622540429638,0.304831437281809,-0.19186035571025328,-0.546183211344259,1.4041877247073984,0.4280405623360294,1.0,30.0,0.03956251178810204,19.417334424578485
2024-01-04,21.705970821464952,0.019473770824169012,0.3048478533534586,-0.17612282948342928,-0.546183211344259,1.4116008977812189,0.43032350348041953,1.0,30.0,0.0395694881493651,19.417334424578485
2024-01-05,21.315863769542904,-0.017972338354766082,0.3048707677143249,-0.19092982875472042,-0.546183211344259,1.4036613560570808,0.4279353152320526,1.0,30.0,0.039578997235444856,19.405115450798455
2024-01-06,20.96010691120736,-0.016689769749976713,0.30488391363253425,-0.20443302362437843,-0.546183211344259,1.3962974832866257,0.42570864129968455,1.0,30.0,0.03956950119942561,19.405115450798455
2024-01-07,20.620192917814023,-0.01621718795773819,0.3048936033591613,-0.21733488281323132,-0.546183211344259,1.3891481301799589,0.42354237901020897,1.0,30.0,0.03955983447627858,19.405115450798455
2024-01-08,21.40501710190267,0.03806095254378672,0.3051195667378645,-0.18754590293030848,-0.546183211344259,1.4031850245949438,0.42813920675746897,1.0,30.0,0.03956169950148254,19.405115450798455
2024-01-09,21.102268441451198,-0.014143817732552022,0.30511537543836703,-0.1990371055953274,-0.546183211344259,1.3969528457197324,0.4262317919914714,1.0,30.0,0.039576302460147934,19.39374597300514
2024-01-10,21.98036020391979,0.04161124975283492,0.30539678137892734,-0.16570803855350102,-0.546183211344259,1.412151548342535,0.43126653768307893,1.0,30.0,0.03957804497570505,19.39374597300514
2024-01-11,22.12245803908588,0.006464763718510458,0.30535040072088215,-0.1603145381504968,-0.546183211344259,1.414519224460419,0.4319240120163804,1.0,30.0,0.03957697864299585,19.39374597300514
2024-01-12,21.350415213822398,-0.034898600503589616,0.3055634061192866,-0.18961838563225475,-0.546183211344259,1.398843187652149,0.42743528904575107,1.0,30.0,0.03958281879474556,19.388018892178255
2024-01-13,21.747371039325923,0.018592417127631933,0.305573091295669,-0.17455143262536588,-0.546183211344259,1.4058889410940065,0.4296018297484903,1.0,30.0,0.03958570521905104,19.388018892178255
2024-01-14,21.362151647608595,-0.01771337744781809,0.3055936161638411,-0.18917291466303343,-0.546183211344259,1.3981097089500707,0.4272534017518275,1.0,30.0,0.03958341579453948,19.388018892178255
2024-01-15,21.50911212026185,0.006879478953128126,0.30554821283379097,-0.1835948467948315,-0.546183211344259,1.4006394684243062,0.42796288640151775,1.0,30.0,0.03957771829985448,19.388018892178255
2024-01-16,21.61431557969433,0.004891111211112076,0.3054990197671752,-0.17960171839717998,-0.546183211344259,1.402377216086263,0.4284248648581734,1.0,30.0,0.03958294371447562,19.384355337051304
2024-01-17,21.50997728822092,-0.004827277139019537,0.30545436065109216,-0.1835620082668522,-0.546183211344259,1.4001423416957182,0.4276795838031886,1.0,30.0,0.03957272312989355,19.384355337051304
2024-01-18,21.04399425836755,-0.021663576098174042,0.30550834175675146,-0.20124897483020365,-0.546183211344259,1.3906153478821772,0.424844588952972,1.0,30.0,0.03956341093183599,19.384355337051304
2024-01-19,21.084244986393053,0.001912694307521834,0.30545651165531745,-0.19972120829123408,-0.546183211344259,1.3911555213831066,0.42493751273171815,1.0,30.0,0.03956411855357333,19.382364523510052
2024-01-20,21.434590995210684,0.016616483494843237,0.30545307244742714,-0.1864233889575323,-0.546183211344259,1.3974474028816646,0.426854602793882,1.0,30.0,0.03955475979273992,19.382364523510052
2024-01-21,21.16790665816419,-0.012441774004742223,0.30543877622374443,-0.19654572528766678,-0.546183211344259,1.3919859814737847,0.4251664947019606,1.0,30.0,0.0395499770890668,19.382364523510052
2024-01-22,20.447216560707364,-0.0340463565479141,0.3056383807585214,-0.22390041599446875,-0.546183211344259,1.3767936314138756,0.4208009761439815,1.0,30.0,0.03954307229215091,19.382364523510052
2024-01-23,20.292811551877328,-0.00755139499655666,0.30560184383460776,-0.22976105050995776,-0.546183211344259,1.373428160196546,0.41972217813043744,1.0,30.0,0.039568865186725935,19.382192500352676
2024-01-24,20.418563490436465,0.00619687115497336,0.30555513461290357,-0.22498797898142597,-0.546183211344259,1.375684553099126,0.4203474788070955,1.0,30.0,0.03956082086334807,19.382192500352676
2024-01-25,20.368295767991352,-0.0024618638068568677,0.30550593439072066,-0.22689595302585064,-0.546183211344259,1.374441155622362,0.41989992951347155,1.0,30.0,0.03955125050951057,19.382192500352676
2024-01-26,20.96601587839492,0.02934561227959387,0.30561513353119457,-0.2042087414115622,-0.546183211344259,1.3853726750439794,0.423390855074034,1.0,30.0,0.039561247684959014,19.38298016747131
2024-01-27,21.02025368433397,0.002586939085309936,0.3055637246520535,-0.20215007790097184,-0.546183211344259,1.3861837559623829,0.4235674715240389,1.0,30.0,0.03955722029172888,19.38298016747131
2024-01-28,21.07479745011082,0.002594819577153906,0.30551234626875845,-0.20007980130347847,-0.546183211344259,1.3869977709680388,0.4237449432779836,1.0,30.0,0.03954650286909151,19.38298016747131
2024-01-29,21.56037441612988,0.02304064687542251,0.30555745123071687,-0.1816491224767942,-0.546183211344259,1.3956497337616043,0.4264511754590244,1.0,30.0,0.03953959229875555,19.38298016747131
2024-01-30,21.291786219750538,-0.012457492212120447,0.3055432486529341,-0.19184372216032153,-0.546183211344259,1.3902005987553145,0.4247664072229529,1.0,30.0,0.03954044855879484,19.384029459576574
2024-01-31,20.93817849660219,-0.016607705877693557,0.3055553735063969,-0.20526534392589446,-0.546183211344259,1.382956535354263,0.42256980070328437,1.0,30.0,0.03953057133037612,19.384029459576574
2024-02-01,21.16187091735075,0.010683470903873449,0.3055219933560869,-0.19677481935142693,-0.546183211344259,1.3869600982822148,0.42374681393253644,1.0,30.0,0.039525779769613155,19.384029459576574
2024-02-02,21.400897313006237,0.011295144771888088,0.3054910496655813,-0.1877022746515753,-0.546183211344259,1.3911981533572106,0.42499858416191266,1.0,30.0,0.039560837903805095,19.39264823667148
2024-02-03,21.344907431888302,-0.002616239884666305,0.30544226033607874,-0.18982744035885546,-0.546183211344259,1.3898920260408825,0.42453176205701915,1.0,30.0,0.03955209985422095,19.39264823667148
2024-02-04,21.23440899238065,-0.005176805749111502,0.3053987288877843,-0.1940215463233781,-0.546183211344259,1.3875276804388665,0.4237491899026456,1.0,30.0,0.03954094506717015,19.39264823667148
2024-02-05,21.298016366338814,0.002995485957767219,0.3053477818079052,-0.19160724918312688,-0.546183211344259,1.3885005407190412,0.4239755601476362,1.0,30.0,0.03953276879656114,19.39264823667148
2024-02-06,21.399106970348196,0.004746479778706236,0.30529877638980285,-0.18777022933812182,-0.546183211344259,1.3901718567105035,0.42441776682525706,1.0,30.0,0.03953071328864916,19.395937583150587
2024-02-07,21.7980965101066,0.01864514908548598,0.3053089075192193,-0.17262608417246106,-0.546183211344259,1.397186653878219,0.4265735308959926,1.0,30.0,0.039521598433271014,19.395937583150587
2024-02-08,21.975795363298275,0.008152035344429542,0.30526719121427576,-0.16588130276757584,-0.546183211344259,1.4001975115090013,0.4274343614835714,1.0,30.0,0.03951237186275701,19.395937583150587
2024-02-09,22.472501595872796,0.02260242345558372,0.3053083303654661,-0.14702819876050877,-0.546183211344259,1.408658899726527,0.43007529672996053,1.0,30.0,0.0395252516393072,19.40257001661179
2024-02-10,22.68331841985111,0.009381101746902543,0.30527037761255804,-0.1390263835058424,-0.546183211344259,1.4121441180414553,0.4310857681578678,1.0,30.0,0.03951685342548783,19.40257001661179
2024-02-11,22.703320338450876,0.0008817897906094885,0.30521889497696253,-0.13826718576083374,-0.546183211344259,1.412261567626913,0.4310489150895192,1.0,30.0,0.039507129951483984,19.40257001661179
2024-02-12,23.206122543193903,0.022146637463044128,0.3052560355749729,-0.11918270153387023,-0.546183211344259,1.420544723295066,0.4336298505899987,1.0,30.0,0.03950086088043065,19.40257001661179
2024-02-13,23.04596145221703,-0.006901673930177821,0.30521776096326403,-0.12526181531994363,-0.546183211344259,1.4174611582583392,0.4326343209760051,1.0,30.0,0.03952163237052231,19.406761978685473
2024-02-14,23.828393519598176,0.033950940558649556,0.3053825660818642,-0.09556363120749012,-0.546183211344259,1.4298954651722648,0.43666514638312715,1.0,30.0,0.03952053176325951,19.406761978685473
2024-02-15,24.236708682796227,0.01713565636987746,0.30538225868711993,-0.08006552038344183,-0.546183211344259,1.4363157182897337,0.4386253382391319,1.0,30.0,0.03951321859845756,19.406761978685473
2024-02-16,24.202787616591447,-0.0013995739540682006,0.3053321876791164,-0.08135303672056238,-0.546183211344259,1.4355038919542475,0.43830554375227637,1.0,30.0,0.03952361804964227,19.414714800466697
2024-02-17,24.120664168572464,-0.0033931400514660703,0.3052850271676052,-0.08447013452482355,-0.546183211344259,1.4338762962901397,0.4377409640679204,1.0,30.0,0.03951465115974157,19.414714800466697
2024-02-18,24.339966848124163,0.00909190053885145,0.3052461771726676,-0.0761462280475752,-0.546183211344259,1.4372353780254554,0.4387106048395841,1.0,30.0,0.039507787367364135,19.414714800466697
2024-02-19,24.49435085011766,0.006342818910018089,0.30520013488962516,-0.0702863908727438,-0.546183211344259,1.4395208917879685,0.43934197035012146,1.0,30.0,0.03949814127000537,19.414714800466697
2024-02-20,24.442043299247278,-0.002135494473417765,0.30515104418553096,-0.07227178914689625,-0.546183211344259,1.4384090216869387,0.4389320149336574,1.0,30.0,0.039515214172304594,19.42792580411178
2024-02-21,24.261950294309496,-0.0073681648761062535,0.3051145059709638,-0.07910744356467703,-0.546183211344259,1.4351337588944701,0.43788012784733854,1.0,30.0,0.03950829031681242,19.42792580411178
2024-02-22,24.020508639028563,-0.009951452886191259,0.305088217282433,-0.08827166245328721,-0.546183211344259,1.4307730746935416,0.436512006693958,1.0,30.0,0.0395013851004006,19.42792580411178
2024-02-23,23.78534105852002,-0.009790283130243216,0.30506121034909855,-0.09719774101573553,-0.546183211344259,1.426482808492167,0.43516457210080184,1.0,30.0,0.039502124469181985,19.434152677993524
2024-02-24,24.182974638422586,0.016717590003197724,0.3050583950611367,-0.08210506299607578,-0.546183211344259,1.4327358019426435,0.4370680842872534,1.0,30.0,0.03949729244625883,19.434152677993524
2024-02-25,24.34312262792274,0.00662234451694399,0.30501308309402875,-0.07602644649287715,-0.546183211344259,1.4351285690430216,0.43773298948013367,1.0,30.0,0.03948897230792744,19.434152677993524
2024-02-26,25.09480787630157,0.030878752075816696,0.3051387278843455,-0.04749529620951931,-0.546183211344259,1.4464550324145997,0.44136944853290067,1.0,30.0,0.03948364614869424,19.434152677993524
2024-02-27,25.7277119043632,0.02522051697631511,0.30520319692417724,-0.02347263515755149,-0.546183211344259,1.4557856294560554,0.4443104281462638,1.0,30.0,0.039483281780745304,19.43898739752113
2024-02-28,26.908934352075658,0.04591245626907581,0.30555238389183775,0.0,-0.546183211344259,1.4720323699476239,0.4497829998034481,1.0,30.0,0.039480288004206825,19.43898739752113
2024-02-29,26.94000283201513,0.001154578606977541,0.3055011480110134,0.0,-0.546183211344259,1.4722481134019683,0.44977348880135,1.0,30.0,0.0394845572836124,19.43898739752113
2024-03-01,27.909586352658557,0.03599047582471626,0.30569174272560945,0.0,-0.546183211344259,1.4852429506692018,0.4540265059609947,1.0,30.0,0.039523698298442184,19.476756010905554
2024-03-02,28.352904081912282,0.015884066630442728,0.3056833881241677,0.0,-0.546183211344259,1.4911417947932444,0.4558172760059513,1.0,30.0,0.039518693883752565,19.476756010905554
2024-03-03,28.354933951752525,7.159301334280777e-05,0.30563245772164177,0.0,-0.546183211344259,1.4909192925788555,0.45567332765548707,1.0,30.0,0.03951008389605737,19.476756010905554
2024-03-04,29.251792003422924,0.03162969990324971,0.3057657697192698,0.0,-0.546183211344259,1.5024148969161817,0.45938704739327363,1.0,30.0,0.03950640418749081,19.476756010905554
2024-03-05,27.481305695551296,-0.06052573830910779,0.30647627943442474,-0.06052573830910779,-0.546183211344259,1.4742975819914157,0.45183723770789785,1.0,30.0,0.03952540300852112,19.490330397106028
2024-03-06,28.713329198674323,0.04483133067882106,0.30680342146731143,-0.01840785701900216,-0.546183211344259,1.4900824845502674,0.45716240452853424,1.0,30.0,0.03954556967154294,19.490330397106028
2024-03-07,29.46892423136653,0.026315131466088992,0.30687705450657315,0.0,-0.546183211344259,1.4996980272573668,0.4602229132540592,1.0,30.0,0.03954044483298639,19.490330397106028
2024-03-08,29.460591057322926,-0.0002827783592701527,0.3068262068520262,-0.0002827783592701527,-0.546183211344259,1.4993323989527456,0.46003447278101983,1.0,30.0,0.039559006731942514,19.53053381659924
2024-03-09,29.65188355790387,0.006493165741608298,0.30678035532987663,0.0,-0.546183211344259,1.5016380205032271,0.4606730455068326,1.0,30.0,0.039550356599940745,19.53053381659924
2024-03-10,29.72067344872776,0.002319916395515209,0.3067293067118055,0.0,-0.546183211344259,1.5023086426730488,0.46080208843425774,1.0,30.0,0.039540211817418555,19.53053381659924
2024-03-11,31.075998694963598,0.04560210415736243,0.30706857483993893,0.0,-0.546183211344259,1.518258131609817,0.4662093607125749,1.0,30.0,0.03954341643578398,19.53053381659924
2024-03-12,30.863664026783425,-0.006832754443852673,0.3070303437904463,-0.006832754443852673,-0.546183211344259,1.515226983736084,0.4652206617370509,1.0,30.0,0.039571046309811925,19.552776470453548
2024-03-13,31.674696616340135,0.026277910129299586,0.30710311052183215,0.0,-0.546183211344259,1.5247901973524698,0.46826781250014177,1.0,30.0,0.03957305944486918,19.552776470453548
2024-03-14,31.331254287386248,-0.010842797742116828,0.3070810121440734,-0.010842797742116828,-0.546183211344259,1.5200892533975903,0.4667905464826609,1.0,30.0,0.03957233310436738,19.552776470453548
2024-03-15,30.813519790108288,-0.016524537847385057,0.30709261310746855,-0.02718816336784069,-0.546183211344259,1.5129712539930111,0.46462229594519733,1.0,30.0,0.039580350022217284,19.561771338317932
2024-03-16,29.160888678129204,-0.053633311716294374,0.3076383055927065,-0.07936328384323421,-0.546183211344259,1.488558384260909,0.45793757910984295,1.0,30.0,0.03958151915930459,19.561771338317932
2024-03-17,30.24208876491062,0.03707706231848551,0.30784070202342495,-0.045228778945603954,-0.546183211344259,1.501742381942655,0.46229742911555727,1.0,30.0,0.03959756886299948,19.561771338317932
2024-03-18,29.76609152704157,-0.015739562223008208,0.30784652749677466,-0.06025645998812712,-0.546183211344259,1.494992825302779,0.4602283499020528,1.0,30.0,0.0396023698793756,19.561771338317932
2024-03-19,26.994629020193305,-0.09310804222752855,0.30954916471082705,-0.14775414119459973,-0.546183211344259,1.449690945356527,0.44875062122396214,1.0,30.0,0.03963759190584066,19.597978323365272
2024-03-20,29.34767400686226,0.08716715406271236,0.31094438745954744,-0.07346629512080083,-0.546183211344259,1.4767895077780477,0.45919940890273164,1.0,30.0,0.039678006659442815,19.597978323365272
2024-03-21,29.077697231585184,-0.00919925630951024,0.31091397963833267,-0.08198971615138462,-0.546183211344259,1.4728458693078696,0.4579283706203894,1.0,30.0,0.03969705016793448,19.597978323365272
2024-03-22,28.558338057254474,-0.017861083365520614,0.3109336059207428,-0.09838637436161002,-0.546183211344259,1.465282997841629,0.45560572621325374,1.0,30.0,0.03976284720882023,19.753859549846133
2024-03-23,28.62799256444866,0.002439025235100978,0.3108821424914796,-0.0961873159763671,-0.546183211344259,1.4659908124396672,0.4557503646440686,1.0,30.0,0.03975583395905747,19.753859549846133
2024-03-24,29.379157733406625,0.026238834849034776,0.3109523438055723,-0.07247232422580818,-0.546183211344259,1.4754182747182283,0.45878477061720685,1.0,30.0,0.03974875663030829,19.753859549846133
2024-03-25,29.89292474162604,0.017487465531907276,0.31095203822535833,-0.056252215965816976,-0.546183211344259,1.4817554812995097,0.4607548870616794,1.0,30.0,0.03974025164631085,19.753859549846133
2024-03-26,29.959221314930858,0.002217801499111882,0.3109005245141724,-0.05415917071560239,-0.546183211344259,1.4823739077513751,0.4608708254460259,1.0,30.0,0.039731033687014784,19.754449428233496
2024-03-27,29.57301342613464,-0.012891119056013034,0.31088793035561146,-0.06635211745394565,-0.546183211344259,1.476911414683864,0.45915393302964475,1.0,30.0,0.03972253805636827,19.754449428233496
2024-03-28,29.98091386223011,0.01379299533049938,0.31086692084308,-0.05347431656965729,-0.546183211344259,1.4819008772913376,0.46067396271821703,1.0,30.0,0.03971755243045996,19.754449428233496
2024-03-29,29.97314492339934,-0.00025912948706208194,0.31081574581775956,-0.05371958928449572,-0.546183211344259,1.4815515612485572,0.46048955347693643,1.0,30.0,0.03971229625940334,19.760683378402707
2024-03-30,29.858095672154924,-0.003838411068923131,0.3107692148995298,-0.057351802487291215,-0.546183211344259,1.479784677359458,0.4598715224033528,1.0,30.0,0.03970276958344783,19.760683378402707
2024-03-31,30.340397047384883,0.016153119091240065,0.3107608606768497,-0.042125093891725585,-0.546183211344259,1.4856301688075908,0.46167570990614043,1.0,30.0,0.039695177888287976,19.760683378402707
2024-04-01,29.52216563736632,-0.026968381749937875,0.3108645545032289,-0.06795743002833943,-0.546183211344259,1.4741359669395142,0.4582566206398387,1.0,30.0,0.03969414301097395,19.760683378402707
2024-04-02,28.376249912584967,-0.03881543579346913,0.3111254418153115,-0.10413506855985444,-0.546183211344259,1.4573079472630677,0.4534055789531866,1.0,30.0,0.0397910901685659,19.949089734899196
2024-04-03,28.35660984027753,-0.0006921306503833158,0.311074585979935,-0.10475512413750765,-0.546183211344259,1.4567936548562215,0.4531714830425954,1.0,30.0,0.039790413393719096,19.949089734899196
2024-04-04,28.764145456199298,0.014371803195701638,0.3110565456716092,-0.09188884096965155,-0.546183211344259,1.4619849671642844,0.4547599937099433,1.0,30.0,0.03978065886230292,19.949089734899196
2024-04-05,28.54228745745851,-0.007713005035335452,0.3110206081484614,-0.0988931069118969,-0.546183211344259,1.4586701991907947,0.4536764924403583,1.0,30.0,0.03977880895049559,19.958285367223834
2024-04-06,28.90378784374533,0.012665431487424605,0.3109944470813875,-0.08748019929464346,-0.546183211344259,1.4632334621416991,0.4550574815097421,1.0,30.0,0.03977128650748275,19.958285367223834
2024-04-07,29.121856373074362,0.007544634997596722,0.31095065947293077,-0.0805955704702419,-0.546183211344259,1.4658873937683023,0.45581865180530934,1.0,30.0,0.039760926333078005,19.958285367223834
2024-04-08,29.77114442447187,0.022295558465765586,0.31098522203022727,-0.06009693525797721,-0.546183211344259,1.4739013491917339,0.4583615383290429,1.0,30.0,0.03975107066418127,19.958285367223834
2024-04-09,29.271896117029193,-0.016769536982672917,0.3109968423577313,-0.07585867446229622,-0.546183211344259,1.4668458352740499,0.45618442299581835,1.0,30.0,0.039760795665341575,19.979263041254615
2024-04-10,29.546483296021204,0.009380573704354855,0.3109582303327335,-0.06718969864484958,-0.546183211344259,1.4701850395897713,0.4571661381724951,1.0,30.0,0.03975603230692575,19.979263041254615
2024-04-11,29.42874226936275,-0.003984942149589332,0.3109121338726806,-0.07090689373229098,-0.546183211344259,1.4683697495917782,0.4565339721596734,1.0,30.0,0.0397469343437262,19.979263041254615
2024-04-12,27.985128226865676,-0.049054561329315516,0.3113513234749705,-0.11648314849434449,-0.546183211344259,1.4468031376368056,0.45046407171095937,1.0,30.0,0.039748526940720355,19.99620938249811
2024-04-13,26.44682225440808,-0.0549686948005772,0.31191104303975026,-0.1650489166559257,-0.546183211344259,1.4224722805799146,0.44368481273081345,1.0,30.0,0.03974451356316308,19.99620938249811
2024-04-14,27.346865249371554,0.034032179227637016,0.3120675781605346,-0.1366337117412505,-0.546183211344259,1.4344389397289536,0.4476418859403796,1.0,30.0,0.03975487127772418,19.99620938249811
2024-04-15,26.87423002230588,-0.017282976412681728,0.3120821928412348,-0.15155525093673106,-0.546183211344259,1.42722252070364,0.44541073393358654,0.0,30.0,0.03975649071402385,19.99620938249811
2024-04-16,26.822066007724086,-0.0019410422005951,0.31203260202291405,-0.1532021179995361,-0.546183211344259,1.4262284875541837,0.44502978605073723,0.0,30.0,0.03992017771647215,20.524190068283204
2024-04-17,26.822066007724086,0.0,0.3119813941522188,-0.1532021179995361,-0.546183211344259,1.4259918055139724,0.44488291153388876,0.0,30.0,0.039907002740328094,20.524190068283204
2024-04-18,26.822066007724086,0.0,0.311930211483467,-0.1532021179995361,-0.546183211344259,1.4257552412665326,0.44473613393193107,1.0,30.0,0.039893836457668794,20.524190068283204
2024-04-19,26.80774241514485,-0.0005340227175307799,0.31187936009124134,-0.1536543273056813,-0.546183211344259,1.425311267739353,0.44452516611338533,1.0,30.0,0.0399396403544096,20.524190068283204
2024-04-20,27.070395852342948,0.009797670879205134,0.3118421411140576,-0.14536211095458296,-0.546183211344259,1.428792406741091,0.4455576833256493,1.0,30.0,0.03992726042722677,20.524190068283204
2024-04-21,27.036178406553365,-0.0012640171934028555,0.31179193630564406,-0.14644238794046982,-0.546183211344259,1.42806375423834,0.44525876310187945,1.0,30.0,0.039917399310934555,20.524190068283204
2024-04-22,27.196645617645014,0.00593527711937103,0.31174485348091835,-0.14137628697554794,-0.546183211344259,1.4300985176560843,0.44582585284997456,1.0,30.0,0.03990514571372632,20.524190068283204
2024-04-23,27.046603691780497,-0.00551692763783973,0.3117022616139702,-0.14611325186843704,-0.546183211344259,1.427694932637284,0.4450157393978463,1.0,30.0,0.03996369600287187,20.524190068283204
2024-04-24,26.69857610066695,-0.012867700324950992,0.31168918822871383,-0.15710081065484094,-0.546183211344259,1.422323032156361,0.44332271129181894,1.0,30.0,0.039952106533236935,20.524190068283204
2024-04-25,26.651297365028814,-0.0017708336002592029,0.3116396030638298,-0.1585934448609646,-0.546183211344259,1.4213983864315844,0.44296402894310716,1.0,30.0,0.03994319559172191,20.524190068283204
2024-04-26,26.577897449658515,-0.0027540841395066185,0.31159135851931635,-0.1609107493093499,-0.546183211344259,1.4200890908886328,0.44248748904845,1.0,30.0,0.040028013814033654,20.421905442990756
2024-04-27,26.588847449401516,0.000411996462991171,0.3115402291028638,-0.16056504750593137,-0.546183211344259,1.4200137231326542,0.44239140063395765,1.0,30.0,0.04001547970609117,20.421905442990756
2024-04-28,26.567169239559103,-0.0008153121297816979,0.3114897931883573,-0.1612494490048626,-0.546183211344259,1.4194624535554745,0.442148066096633,1.0,30.0,0.040002738619165146,20.421905442990756
2024-04-29,26.561834846378456,-0.00020078891855379588,0.3114389748075487,-0.16141786082093335,-0.546183211344259,1.41915001653379,0.4419786262473993,1.0,30.0,0.039989964066393595,20.421905442990756
2024-04-30,26.327718244602377,-0.008814022191241833,0.31140714688161414,-0.16880914240483658,-0.546183211344259,1.4154336760223485,0.44077616265027453,1.0,30.0,0.03999869175778437,20.421905442990756
2024-05-01,26.303986778927296,-0.0009013871029232012,0.31135684788887247,-0.16955836712394057,-0.546183211344259,1.4148501324700162,0.44052327748101794,1.0,30.0,0.039988359262821314,20.421905442990756
2024-05-02,26.358263756519225,0.0020634506110461803,0.3113058589726998,-0.16784479182914425,-0.546183211344259,1.4154116820045506,0.4406259494664205,0.0,30.0,0.039976953308888355,20.421905442990756
2024-05-03,26.346997944346533,-0.0004274110114671492,0.31125526817502963,-0.1682004641283662,-0.546183211344259,1.4150124380362787,0.44043007587198446,0.0,30.0,0.04002113156652052,20.37676297534427
2024-05-04,26.346997944346533,0.0,0.31120446842848,-0.1682004641283662,-0.546183211344259,1.4147789477956147,0.44028553039253854,0.0,30.0,0.04000799696475927,20.37676297534427
2024-05-05,26.346997944346533,0.0,0.311153693545776,-0.1682004641283662,-0.546183211344259,1.414545573101016,0.4401410797592076,0.0,30.0,0.03999487098150312,20.37676297534427
2024-05-06,26.346997944346533,0.0,0.31110294350664236,-0.1682004641283662,-0.546183211344259,1.4143123138572156,0.43999672387867,0.0,30.0,0.03998175360827205,20.37676297534427
2024-05-07,26.346997944346533,0.0,0.31105221829082713,-0.1682004641283662,-0.546183211344259,1.4140791699690551,0.43985246265772615,0.0,30.0,0.03996864483659721,20.37676297534427
2024-05-08,26.346997944346533,0.0,0.31100151787810143,-0.1682004641283662,-0.546183211344259,1.413846141341486,0.4397082960032989,0.0,30.0,0.039955544658020814,20.37676297534427
2024-05-09,26.346997944346533,0.0,0.31095084224825936,-0.1682004641283662,-0.546183211344259,1.4136132278795697,0.43956422382243276,0.0,30.0,0.03994245306409616,20.37676297534427
2024-05-10,26.346997944346533,0.0,0.3109001913811181,-0.1682004641283662,-0.546183211344259,1.4133804294884769,0.43942024602229435,0.0,30.0,0.03992937004638765,20.37676297534427
2024-05-11,26.346997944346533,0.0,0.3108495652565179,-0.1682004641283662,-0.546183211344259,1.4131477460734878,0.4392763625101719,0.0,30.0,0.03991629559647069,20.37676297534427
2024-05-12,26.346997944346533,0.0,0.3107989638543219,-0.1682004641283662,-0.546183211344259,1.4129151775399915,0.4391325731934746,0.0,30.0,0.03990322970593175,20.37676297534427
2024-05-13,26.346997944346533,0.0,0.3107483871544161,-0.1682004641283662,-0.546183211344259,1.412682723793486,0.43898887797973324,1.0,30.0,0.03989017236636829,20.37676297534427
2024-05-14,26.31777923247649,-0.0011089958685905899,0.3106985837706044,-0.16912292637714343,-0.546183211344259,1.412020806306225,0.438712864773971,1.0,30.0,0.03989074935962898,20.37676297534427
2024-05-15,26.383943943296313,0.002514068920305146,0.31064810931405423,-0.16703404414975398,-0.546183211344259,1.4127543819825101,0.43886947768801193,1.0,30.0,0.039878073730544944,20.37676297534427
2024-05-16,26.36805707403956,-0.0006021415634788196,0.31059795434635923,-0.16753560757273434,-0.546183211344259,1.4122892817281085,0.4386541618500395,0.0,30.0,0.039865869657841835,20.37676297534427
2024-05-17,26.365750713705424,-8.746796654979239e-05,0.3105475180187043,-0.16760842154036504,-0.546183211344259,1.4120234492417503,0.4385003775462354,0.0,30.0,0.03986625708750101,20.36108028760239
2024-05-18,26.365750713705424,0.0,0.31049706444154046,-0.16760842154036504,-0.546183211344259,1.411791523287694,0.4383571235842797,0.0,30.0,0.03985323315509738,20.36108028760239
2024-05-19,26.365750713705424,0.0,0.31044663544645373,-0.16760842154036504,-0.546183211344259,1.4115597115781662,0.43821396319120837,0.0,30.0,0.03984021772950787,20.36108028760239
2024-05-20,26.365750713705424,0.0,0.31039623101348995,-0.16760842154036504,-0.546183211344259,1.4113280140194049,0.43807089627537715,0.0,30.0,0.03982721080240061,20.36108028760239
2024-05-21,26.365750713705424,0.0,0.3103458511227175,-0.16760842154036504,-0.546183211344259,1.4110964305177547,0.43792792274526116,0.0,30.0,0.03981421236545466,20.36108028760239
2024-05-22,26.365750713705424,0.0,0.31029549575422755,-0.16760842154036504,-0.546183211344259,1.4108649609796688,0.4377850425094552,0.0,30.0,0.039801222410359896,20.36108028760239
2024-05-23,26.365750713705424,0.0,0.31024516488813353,-0.16760842154036504,-0.546183211344259,1.4106336053117083,0.43764225547667324,0.0,30.0,0.039788240928817054,20.36108028760239
2024-05-24,26.365750713705424,0.0,0.3101948585045719,-0.16760842154036504,-0.546183211344259,1.4104023634205403,0.4374995615557483,0.0,30.0,0.03977526791253769,20.36108028760239
2024-05-25,26.365750713705424,0.0,0.3101445765837013,-0.16760842154036504,-0.546183211344259,1.41017123521294,0.4373569606556324,0.0,30.0,0.03976230335324416,20.36108028760239
2024-05-26,26.365750713705424,0.0,0.3100943191057031,-0.16760842154036504,-0.546183211344259,1.4099402205957887,0.43721445268539594,0.0,30.0,0.039749347242669625,20.36108028760239
2024-05-27,26.365750713705424,0.0,0.31004408605078104,-0.16760842154036504,-0.546183211344259,1.4097093194760746,0.4370720375542281,1.0,30.0,0.03973639957255801,20.36108028760239
2024-05-28,26.259536745022224,-0.004028482626439622,0.3099988363675727,-0.1709616965525843,-0.546183211344259,1.407911461356304,0.43645091472902303,1.0,30.0,0.03986455670650958,20.36108028760239
2024-05-29,26.179738817751215,-0.003038817022776974,0.309951812519882,-0.17348099226163438,-0.546183211344259,1.4065018041295774,0.4359477835024466,1.0,30.0,0.039853673810922675,20.36108028760239
2024-05-30,26.065010472501704,-0.004382333454439169,0.30990733476909876,-0.17710307415997606,-0.546183211344259,1.4045663099719925,0.435285401629888,1.0,30.0,0.03984219700843021,20.36108028760239
2024-05-31,25.95783738748988,-0.00411176067337049,0.3098623118957904,-0.18048662937788262,-0.546183211344259,1.4027378007756728,0.43465557793196663,1.0,30.0,0.0398962818426483,20.36108028760239
2024-06-01,26.025543171540598,0.0026082983354902556,0.30981230845239993,-0.17834909401737697,-0.546183211344259,1.4035072769975863,0.4348238294163641,1.0,30.0,0.03988504644450042,20.36108028760239
2024-06-02,25.993489936296434,-0.001231606773118732,0.30976306878420723,-0.17936104483832427,-0.546183211344259,1.4028022377646718,0.4345363260673379,1.0,30.0,0.03987369046859692,20.36108028760239
2024-06-03,26.22127452366132,0.008763139844750745,0.30972370739371957,-0.17216967091219237,-0.546183211344259,1.4058807781701685,0.43543460676843204,1.0,30.0,0.03986555911316202,20.36108028760239
2024-06-04,26.830977046530283,0.023252207756674137,0.3097665155147083,-0.15292078811296672,-0.546183211344259,1.4141311154533003,0.4380504681148965,1.0,30.0,0.0398651171651214,20.360986251701686
2024-06-05,27.015134206022825,0.006863602438822003,0.30972234464812176,-0.1471067731683834,-0.546183211344259,1.416500459055353,0.4387218433737647,1.0,30.0,0.03985831104425652,20.360986251701686
2024-06-06,26.954929076639182,-0.0022285704347979607,0.3096743120636572,-0.1490075057977398,-0.546183211344259,1.4154073621029442,0.438315301149065,1.0,30.0,0.03984861201638541,20.360986251701686
2024-06-07,26.21088093349187,-0.027603416838226758,0.3097826872470517,-0.1724978063414071,-0.546183211344259,1.4038967723812135,0.4349029147657148,1.0,30.0,0.039849704340704756,20.35360280344251
2024-06-08,25.93471155257595,-0.010536440252301271,0.3097587126657843,-0.18121673376353908,-0.546183211344259,1.3995214988743743,0.4335139778394151,1.0,30.0,0.03984358150611197,20.35360280344251
2024-06-09,26.103988489476674,0.006527041434702507,0.3097139191183462,-0.17587250145877265,-0.546183211344259,1.4017649218554429,0.43414610763047157,1.0,30.0,0.03983544089279874,20.35360280344251
2024-06-10,25.83263640567286,-0.010395043037703,0.30968933817491545,-0.1844393422746632,-0.546183211344259,1.3974489859563473,0.4327750515940279,1.0,30.0,0.039827135804996555,20.35360280344251
2024-06-11,25.153270295076425,-0.026298752474495757,0.3097833806474922,-0.20588757014011871,-0.546183211344259,1.3865277255397654,0.4295232461791868,1.0,30.0,0.03982063228376852,20.351633349530484
2024-06-12,25.738550745039753,0.02326856281896239,0.3098263245500557,-0.18740971518060512,-0.546183211344259,1.3947690754568791,0.43213617624488415,1.0,30.0,0.03982086490690409,20.351633349530484
2024-06-13,25.242462491869098,-0.019274133112030745,0.30985597627364336,-0.20307168849575719,-0.546183211344259,1.3868290199403117,0.4297172598982253,1.0,30.0,0.03981982846177932,20.351633349530484
2024-06-14,25.171086486986276,-0.0028276165570539913,0.30980885996529445,-0.20532509618415162,-0.546183211344259,1.38551195724552,0.42924387994251834,1.0,30.0,0.03995393408861235,20.300810968006992
2024-06-15,25.216635157610458,0.001809563152855187,0.30975878532630585,-0.2038870817597077,-0.546183211344259,1.385977611022535,0.42931874127979563,1.0,30.0,0.039942302900201405,20.300810968006992
2024-06-16,25.252052522680692,0.001404523833131055,0.30970866842656153,-0.20276892219217568,-0.546183211344259,1.3862889659949953,0.4293457097127448,1.0,30.0,0.03993029286875193,20.300810968006992
2024-06-17,25.135769360382074,-0.004604899431211562,0.3096649363658245,-0.20644009112891715,-0.546183211344259,1.384280197847246,0.4286630393788384,1.0,30.0,0.039918043283574116,20.300810968006992
2024-06-18,24.410354152720863,-0.02885987682575497,0.3097867174108254,-0.22934213235279388,-0.546183211344259,1.3722912242318817,0.4251175936864776,1.0,30.0,0.04008738122539156,20.300810968006992
2024-06-19,24.47188007808843,0.0025204847493254245,0.3097369847298785,-0.22739970095044149,-0.546183211344259,1.3730281108589726,0.4252775870068195,1.0,30.0,0.040083946362914985,20.300810968006992
2024-06-20,24.442592251626312,-0.0011967951121312215,0.30968798845064355,-0.2283243452119751,-0.546183211344259,1.3723456002969394,0.42499894841505004,1.0,30.0,0.04007336377703008,20.300810968006992
2024-06-21,24.337514594629734,-0.004298957161124606,0.3096436362821889,-0.2316417457941915,-0.546183211344259,1.370461380507667,0.4243546452447025,1.0,30.0,0.040079604957779916,20.300810968006992
2024-06-22,24.318306033158663,-0.0007892573169863137,0.30959435035341865,-0.23224817816839027,-0.546183211344259,1.3699362748695352,0.4241245310438161,1.0,30.0,0.04006844233847648,20.300810968006992
2024-06-23,23.980195331018308,-0.013903546640104403,0.3095875547603561,-0.24292265143125125,-0.546183211344259,1.364231092000723,0.4223489679005542,1.0,30.0,0.04006102757234541,20.300810968006992
2024-06-24,23.651515904255596,-0.013706286467882411,0.3095796126654994,-0.25329937044907935,-0.546183211344259,1.3586094645851574,0.42059779180995455,1.0,30.0,0.040050297504910945,20.300810968006992
2024-06-25,23.615837261528135,-0.0015085139942780934,0.30953100691433844,-0.2544257787982932,-0.546183211344259,1.3578103300238127,0.4202843986509609,1.0,30.0,0.04029180672020746,20.14582082959921
2024-06-26,23.614172935337916,-7.047500250734196e-05,0.30948136247112473,-0.2544783231434018,-0.546183211344259,1.35756325298747,0.4201405251752944,1.0,30.0,0.040278861772815346,20.14582082959921
2024-06-27,23.61881792278087,0.0001967033719822986,0.3094316313712978,-0.2543316765156781,-0.546183211344259,1.3574184080156828,0.4200281924457227,0.0,30.0,0.04026590528484139,20.14582082959921
2024-06-28,23.618457625222764,-1.5254682062648683e-05,0.30938200966297436,-0.25434305144887703,-0.546183211344259,1.3571926575127249,0.41989099188111967,0.0,30.0,0.040255108029785526,20.144989110619726
2024-06-29,23.618457625222764,0.0,0.30933240510349286,-0.25434305144887703,-0.546183211344259,1.356972846043368,0.41975567412672676,0.0,30.0,0.04024213506554776,20.144989110619726
2024-06-30,23.618457625222764,0.0,0.309282824395488,-0.25434305144887703,-0.546183211344259,1.35675314134169,0.4196204435616086,0.0,30.0,0.0402291704601787,20.144989110619726
2024-07-01,23.618457625222764,0.0,0.3092332675198524,-0.25434305144887703,-0.546183211344259,1.3565335433212855,0.4194853001015244,0.0,30.0,0.040216214205602153,20.144989110619726
2024-07-02,23.618457625222764,0.0,0.3091837344574999,-0.25434305144887703,-0.546183211344259,1.3563140518958483,0.4193502436623417,0.0,30.0,0.040203266293752316,20.144989110619726
2024-07-03,23.618457625222764,0.0,0.3091342251893659,-0.25434305144887703,-0.546183211344259,1.3560946669791687,0.41921527416003646,0.0,30.0,0.040190326716573764,20.144989110619726
2024-07-04,23.618457625222764,0.0,0.30908473969640704,-0.25434305144887703,-0.546183211344259,1.3558753884851351,0.41908039151069276,0.0,30.0,0.040177395466021455,20.144989110619726
2024-07-05,23.618457625222764,0.0,0.30903527795960134,-0.25434305144887703,-0.546183211344259,1.3556562163277341,0.41894559563050277,0.0,30.0,0.04016447253406069,20.144989110619726
2024-07-06,23.618457625222764,0.0,0.30898583995994816,-0.25434305144887703,-0.546183211344259,1.3554371504210485,0.4188108864357663,0.0,30.0,0.040151557912667106,20.144989110619726
2024-07-07,23.618457625222764,0.0,0.30893642567846813,-0.25434305144887703,-0.546183211344259,1.3552181906792584,0.41867626384289075,0.0,30.0,0.040138651593826645,20.144989110619726
2024-07-08,23.618457625222764,0.0,0.30888703509620297,-0.25434305144887703,-0.546183211344259,1.3549993370166418,0.41854172776839116,0.0,30.0,0.04012575356953557,20.144989110619726
2024-07-09,23.618457625222764,0.0,0.3088376681942158,-0.25434305144887703,-0.546183211344259,1.354780589347572,0.41840727812888956,0.0,30.0,0.04011286383180041,20.144989110619726
2024-07-10,23.618457625222764,0.0,0.30878832495359076,-0.25434305144887703,-0.546183211344259,1.354561947586521,0.4182729148411154,0.0,30.0,0.04009998237263799,20.144989110619726
2024-07-11,23.618457625222764,0.0,0.30873900535543336,-0.25434305144887703,-0.546183211344259,1.354343411648055,0.41813863782190475,0.0,30.0,0.04008710918407534,20.144989110619726
2024-07-12,23.618457625222764,0.0,0.30868970938086987,-0.25434305144887703,-0.546183211344259,1.3541249814468395,0.41800444698820066,0.0,30.0,0.040074244258149774,20.144989110619726
2024-07-13,23.618457625222764,0.0,0.308640437011048,-0.25434305144887703,-0.546183211344259,1.353906656897634,0.4178703422570527,0.0,30.0,0.04006138758690879,20.144989110619726
2024-07-14,23.618457625222764,0.0,0.30859118822713627,-0.25434305144887703,-0.546183211344259,1.3536884379152945,0.41773632354561674,0.0,30.0,0.0400485391624101,20.144989110619726
2024-07-15,23.618457625222764,0.0,0.30854196301032444,-0.25434305144887703,-0.546183211344259,1.3534703244147746,0.4176023907711552,0.0,30.0,0.04003569897672161,20.144989110619726
2024-07-16,23.618457625222764,0.0,0.308492761341823,-0.25434305144887703,-0.546183211344259,1.3532523163111223,0.41746854385103627,0.0,30.0,0.04002286702192138,20.144989110619726
2024-07-17,23.618457625222764,0.0,0.30844358320286364,-0.25434305144887703,-0.546183211344259,1.353034413519482,0.41733478270273416,0.0,30.0,0.04001004329009763,20.144989110619726
2024-07-18,23.618457625222764,0.0,0.3083944285746989,-0.25434305144887703,-0.546183211344259,1.3528166159550927,0.4172011072438287,0.0,30.0,0.039997227773348715,20.144989110619726
2024-07-19,23.618457625222764,0.0,0.3083452974386022,-0.25434305144887703,-0.546183211344259,1.3525989235332903,0.4170675173920055,0.0,30.0,0.03998442046378312,20.144989110619726
2024-07-20,23.618457625222764,0.0,0.30829618977586787,-0.25434305144887703,-0.546183211344259,1.352381336169505,0.41693401306505545,0.0,30.0,0.03997162135351943,20.144989110619726
2024-07-21,23.618457625222764,0.0,0.30824710556781093,-0.25434305144887703,-0.546183211344259,1.3521638537792633,0.4168005941808746,0.0,30.0,0.0399588304346863,20.144989110619726
2024-07-22,23.618457625222764,0.0,0.3081980447957676,-0.25434305144887703,-0.546183211344259,1.3519464762781848,0.4166672606574642,0.0,30.0,0.039946047699422484,20.144989110619726
2024-07-23,23.618457625222764,0.0,0.3081490074410944,-0.25434305144887703,-0.546183211344259,1.351729203581987,0.4165340124129303,0.0,30.0,0.03993327313987678,20.144989110619726
2024-07-24,23.618457625222764,0.0,0.3080999934851691,-0.25434305144887703,-0.546183211344259,1.351512035606479,0.41640084936548377,0.0,30.0,0.039920506748208025,20.144989110619726
2024-07-25,23.618457625222764,0.0,0.3080510029093897,-0.25434305144887703,-0.546183211344259,1.3512949722675665,0.4162677714334398,0.0,30.0,0.03990774851658507,20.144989110619726
2024-07-26,23.618457625222764,0.0,0.3080020356951753,-0.25434305144887703,-0.546183211344259,1.351078013481249,0.41613477853521824,0.0,30.0,0.0398949984371868,20.144989110619726
2024-07-27,23.618457625222764,0.0,0.3079530918239654,-0.25434305144887703,-0.546183211344259,1.3508611591636215,0.41600187058934307,0.0,30.0,0.039882256502202076,20.144989110619726
2024-07-28,23.618457625222764,0.0,0.3079041712772203,-0.25434305144887703,-0.546183211344259,1.3506444092308714,0.41586904751444226,0.0,30.0,0.03986952270382972,20.144989110619726
2024-07-29,23.618457625222764,0.0,0.3078552740364208,-0.25434305144887703,-0.546183211344259,1.3504277635992814,0.4157363092292477,1.0,30.0,0.03985679703427855,20.144989110619726
2024-07-30,23.424924002699946,-0.008194168543679048,0.3078226285688239,-0.26045309016107043,-0.546183211344259,1.3470397779595924,0.4146493252382866,1.0,30.0,0.04014657238154625,20.144989110619726
2024-07-31,22.922113835970563,-0.02146475124834679,0.30787009832910783,-0.27632728061724665,-0.546183211344259,1.3382851308582453,0.4120179748297109,1.0,30.0,0.04013989694995269,20.144989110619726
2024-08-01,22.785799795490263,-0.005946835508093051,0.3078304698388903,-0.2806308432411102,-0.546183211344259,1.3357821198040645,0.411194437541674,1.0,30.0,0.04013270331870616,20.144989110619726
2024-08-02,21.46055824801311,-0.058160852784260864,0.3084448766175419,-0.3224699668649019,-0.546183211344259,1.3107565978948432,0.4042961571133039,1.0,30.0,0.04015561918121044,20.1233032339112
2024-08-03,21.097901722840298,-0.016898746108172102,0.3084568446903356,-0.3339193748755134,-0.546183211344259,1.3039156970334067,0.4022017216491242,1.0,30.0,0.04015673192142669,20.1233032339112
2024-08-04,20.680299768107872,-0.01979353019169372,0.30848998008982004,-0.3471034618390171,-0.546183211344259,1.2958995223392735,0.3997720178448498,1.0,30.0,0.04014919886346464,20.1233032339112
2024-08-05,18.994209838689667,-0.08153121319925982,0.30972424429377143,-0.4003349086888789,-0.546183211344259,1.2597249156413397,0.3901673475150489,1.0,30.0,0.040153907364425576,20.1233032339112
2024-08-06,19.592479909572255,0.03149749718274464,0.30984855352455004,-0.3814469591647165,-0.546183211344259,1.2706313877928455,0.39370329757050476,1.0,30.0,0.040192017121805555,20.060936833164043
2024-08-07,19.519286328956007,-0.0037357997024403122,0.30980358643105316,-0.3837577494306126,-0.546183211344259,1.2690105306519772,0.3931440136147564,1.0,30.0,0.040190182347092276,20.060936833164043
2024-08-08,20.79006875329509,0.06510393889011867,0.31052156995042207,-0.3436379516080339,-0.546183211344259,1.29002155678021,0.40057951908127837,1.0,30.0,0.040195051574531,20.060936833164043
2024-08-09,20.60843791386273,-0.008736423221475387,0.3104902569988161,-0.3493722082493007,-0.546183211344259,1.2864747014830509,0.39943786068594767,1.0,30.0,0.04021526356839164,20.0571836023173
2024-08-10,20.677475063088675,0.003349945760785067,0.3104418412608695,-0.3471926404364766,-0.546183211344259,1.287518580716157,0.39969963885510523,1.0,30.0,0.040208995696972644,20.0571836023173
2024-08-11,20.07940693745132,-0.028923653580168684,0.3105608126924512,-0.3660742143590765,-0.546183211344259,1.275810856800238,0.39621685652973443,1.0,30.0,0.04020411399711615,20.0571836023173
2024-08-12,20.448727722233095,0.018393012599039027,0.31056738798534567,-0.35441440939692725,-0.546183211344259,1.2822474427133683,0.3982242390343799,1.0,30.0,0.04020445037577329,20.0571836023173
2024-08-13,20.58434502710596,0.00663206565782648,0.3105237866975642,-0.350132843372301,-0.546183211344259,1.2844964575709634,0.39886670400454266,1.0,30.0,0.040201262320906976,20.056121839498815
2024-08-14,20.516443555273348,-0.0032986947966135993,0.3104780763408821,-0.35227655678035885,-0.546183211344259,1.2830461108303737,0.3983576883472646,1.0,30.0,0.0401920267247596,20.056121839498815
2024-08-15,20.23633542516674,-0.01365285992925469,0.3104693475364328,-0.3611198342235312,-0.546183211344259,1.277579351008939,0.3966492275337645,1.0,30.0,0.04018365228707354,20.056121839498815
2024-08-16,20.400933564446575,0.008133791806748558,0.310429341146503,-0.3559233159656445,-0.546183211344259,1.2803736061740405,0.39746553498597953,1.0,30.0,0.04017673175055982,20.05556864303042
2024-08-17,20.59587743890808,0.009555634983353878,0.31039346189474565,-0.34976875427172327,-0.546183211344259,1.2836803029370163,0.3984459731947163,1.0,30.0,0.040166850600722635,20.05556864303042
2024-08-18,20.576997685537652,-0.0009166763312915549,0.3103449880662589,-0.35036480586454855,-0.546183211344259,1.283131679542575,0.3982134857750791,1.0,30.0,0.040157920029064424,20.05556864303042
2024-08-19,21.027442542195814,0.021890698708429746,0.31037642458398196,-0.3361438375593371,-0.546183211344259,1.290757034840671,0.40062055348046965,1.0,30.0,0.04015202423830429,20.05556864303042
2024-08-20,21.425478665366448,0.01892936444229454,0.31038647791942786,-0.3235774623232346,-0.546183211344259,1.2973616089181301,0.4026835003799806,1.0,30.0,0.04016120963458925,20.05428653768773
2024-08-21,21.59865558795495,0.008082756296522664,0.31034637398270426,-0.31811010379771787,-0.546183211344259,1.3001302222265674,0.40349070017334265,1.0,30.0,0.0401570613316485,20.05428653768773
2024-08-22,21.730873566635783,0.00612158373202476,0.31030190403903235,-0.313935857702094,-0.546183211344259,1.3021855174898522,0.4040706454891538,1.0,30.0,0.040151329345087534,20.05428653768773
2024-08-23,21.761443280227365,0.0014067411279092834,0.31025278737696543,-0.31297074305673966,-0.546183211344259,1.3025033163290123,0.4041052844588174,1.0,30.0,0.04034321233293833,20.085334985224943
2024-08-24,21.75633270423153,-0.0002348454525752386,0.31020401261094527,-0.31313208875351894,-0.546183211344259,1.3022082610569814,0.40395022783499696,1.0,30.0,0.040331220097958746,20.085334985224943
2024-08-25,21.748862482036134,-0.0003433585198824307,0.3101553172294546,-0.31336793070287927,-0.546183211344259,1.301872684334778,0.4037827354022147,1.0,30.0,0.040318822609430816,20.085334985224943
2024-08-26,21.70215608885063,-0.0021475326916101656,0.31010822412377964,-0.31484249551880283,-0.546183211344259,1.3008588291213632,0.40340702133456524,0.0,30.0,0.04030636982205866,20.085334985224943
2024-08-27,21.70002260013748,-9.830768447216531e-05,0.31005945307199845,-0.31490985176656705,-0.546183211344259,1.3006153808840275,0.4032680936539305,0.0,30.0,0.04031097536398817,20.092874788564593
2024-08-28,21.70002260013748,0.0,0.3100106628073479,-0.31490985176656705,-0.546183211344259,1.3004088135481433,0.4031405982085768,0.0,30.0,0.0402982308254602,20.092874788564593
2024-08-29,21.70002260013748,0.0,0.3099618955673682,-0.31490985176656705,-0.546183211344259,1.3002023446037942,0.40301318335452857,0.0,30.0,0.04028549434289842,20.092874788564593
2024-08-30,21.70002260013748,0.0,0.30991315133395614,-0.31490985176656705,-0.546183211344259,1.2999959739728966,0.402885849015396,0.0,30.0,0.04027276590866686,20.092874788564593
2024-08-31,21.70002260013748,0.0,0.3098644300890287,-0.31490985176656705,-0.546183211344259,1.2997897015774518,0.40275859511488576,0.0,30.0,0.04026004551513917,20.092874788564593
2024-09-01,21.70002260013748,0.0,0.3098157318145224,-0.31490985176656705,-0.546183211344259,1.2995835273395495,0.4026314215768009,0.0,30.0,0.04024733315469864,20.092874788564593
2024-09-02,21.70002260013748,0.0,0.30976705649239394,-0.31490985176656705,-0.546183211344259,1.2993774511813643,0.4025043283250405,0.0,30.0,0.040234628819738195,20.092874788564593
2024-09-03,21.70002260013748,0.0,0.3097184041046197,-0.31490985176656705,-0.546183211344259,1.2991714730251582,0.4023773152836,0.0,30.0,0.04022193250266033,20.092874788564593
2024-09-04,21.70002260013748,0.0,0.3096697746331959,-0.31490985176656705,-0.546183211344259,1.298965592793279,0.40225038237657046,0.0,30.0,0.04020924419587716,20.092874788564593
2024-09-05,21.70002260013748,0.0,0.30962116806013845,-0.31490985176656705,-0.546183211344259,1.2987598104081612,0.40212352952813885,0.0,30.0,0.040196563891810345,20.092874788564593
2024-09-06,21.70002260013748,0.0,0.3095725843674832,-0.31490985176656705,-0.546183211344259,1.2985541257923243,0.4019967566625877,0.0,30.0,0.04018389158289111,20.092874788564593
2024-09-07,21.70002260013748,0.0,0.30952402353728553,-0.31490985176656705,-0.546183211344259,1.2983485388683749,0.4018700637042951,0.0,30.0,0.04017122726156023,20.092874788564593
2024-09-08,21.70002260013748,0.0,0.3094754855516207,-0.31490985176656705,-0.546183211344259,1.2981430495590036,0.40174345057773425,0.0,30.0,0.04015857092026799,20.092874788564593
2024-09-09,21.70002260013748,0.0,0.3094269703925833,-0.31490985176656705,-0.546183211344259,1.2979376577869888,0.4016169172074735,1.0,30.0,0.04014592255147421,20.092874788564593
2024-09-10,21.707472797306846,0.00034332670092784845,0.30937835964316274,-0.31467464202613593,-0.546183211344259,1.2978603953031005,0.4015299201447,1.0,30.0,0.04015715885088481,20.092874788564593
2024-09-11,21.69780216186495,-0.0004454979873611542,0.30933010895652635,-0.3149799530938008,-0.546183211344259,1.297488797670687,0.401352351153346,1.0,30.0,0.04014478274271202,20.092874788564593
2024-09-12,21.73290897199449,0.0016179892261733997,0.3092814875907547,-0.31387159803819364,-0.546183211344259,1.2978852788591346,0.40141188976769465,1.0,30.0,0.04013262673341308,20.092874788564593
2024-09-13,21.82435800343667,0.004207859682292092,0.30923463213296976,-0.3109844659987031,-0.546183211344259,1.2992359447824908,0.40176874943874497,1.0,30.0,0.040153455268687424,20.092874788564593
2024-09-14,21.813259255497282,-0.0005085486563977115,0.3091864870693779,-0.31133486392275656,-0.546183211344259,1.2988408378396687,0.4015840359138947,1.0,30.0,0.04014246147376854,20.092874788564593
2024-09-15,21.704014669612356,-0.005008173451080955,0.3091448067734558,-0.31478381837394365,-0.546183211344259,1.2967487265931357,0.40088313451635976,1.0,30.0,0.040130599607875544,20.092874788564593
2024-09-16,21.661033151910484,-0.001980348721476455,0.30909798397749333,-0.3161407853631617,-0.546183211344259,1.2958026558787479,0.40052998856480254,1.0,30.0,0.04011961827408598,20.092874788564593
2024-09-17,21.84730797791184,0.008599535612867415,0.3090598639864216,-0.31025991369270467,-0.546183211344259,1.2987460506298742,0.4013902777605712,1.0,30.0,0.040272077221100606,20.092874788564593
2024-09-18,22.14715327499311,0.013724587824935686,0.30904088070438596,-0.30079351530180154,-0.546183211344259,1.3035089063059573,0.40283754041080394,1.0,30.0,0.04026155457001757,20.092874788564593
2024-09-19,22.524990177550634,0.0170602920323919,0.30903955927464494,-0.2888648484819081,-0.546183211344259,1.3094316011404645,0.40466616491674184,1.0,30.0,0.04025140113329659,20.092874788564593
2024-09-20,22.636291272773526,0.0049412272478510655,0.30899377798377375,-0.28535096809432214,-0.546183211344259,1.3110465817606978,0.40510523641095053,1.0,30.0,0.04030082868138704,20.042977034118035
2024-09-21,22.858739470441886,0.009827060227658224,0.30895937705106064,-0.2783280690161475,-0.546183211344259,1.314423921336974,0.4061035959172838,1.0,30.0,0.0402903900640363,20.042977034118035
2024-09-22,22.70278599230395,-0.006822488105242885,0.308922581286205,-0.28325166718117245,-0.546183211344259,1.3116396021159702,0.40519509160287637,1.0,30.0,0.0402820989648827,20.042977034118035
2024-09-23,22.83944459026316,0.006019463778830225,0.30887860593560856,-0.2789372265532325,-0.546183211344259,1.31364551305549,0.405756994766147,1.0,30.0,0.04027265119222695,20.042977034118035
2024-09-24,23.06191959696703,0.009740823855178826,0.30884397791352536,-0.27191348108856084,-0.546183211344259,1.3169897196641125,0.4067443438922831,1.0,30.0,0.04028203291705457,20.042938479631765
2024-09-25,22.814830713012384,-0.01071415078505189,0.3088214854162842,-0.2797143098367415,-0.546183211344259,1.3127044823773928,0.4053913481604009,1.0,30.0,0.04027468464748573,20.042938479631765
2024-09-26,23.30701394813084,0.021572951441526156,0.3088506031800136,-0.26417562161882335,-0.546183211344259,1.3201566502174908,0.4077311777117783,1.0,30.0,0.04026966454065837,20.042938479631765
2024-09-27,23.53308385763897,0.009699651358652916,0.30881586499123964,-0.2570383816873284,-0.546183211344259,1.323482115668933,0.40871227435073737,1.0,30.0,0.0402849443800628,20.02802569563395
2024-09-28,23.548359776690965,0.0006491252546587667,0.308767559060308,-0.2565561065376395,-0.546183211344259,1.3235149865346074,0.4086584917720272,1.0,30.0,0.040275475308134225,20.02802569563395
2024-09-29,23.57308723731828,0.0010500714640766518,0.30871923574148025,-0.25577543731997265,-0.546183211344259,1.3236964207140376,0.4086505473565706,1.0,30.0,0.04026536722080632,20.02802569563395
2024-09-30,23.09617846265842,-0.020231069857700845,0.30875522648687254,-0.27083189643736905,-0.546183211344259,1.3156447401064084,0.4062121897078167,1.0,30.0,0.040256985220987904,20.02802569563395
2024-10-01,22.37048237474174,-0.031420613115281104,0.30890253162723236,-0.29374280531541375,-0.546183211344259,1.302993052221647,0.40249785252396136,1.0,30.0,0.04030132263065724,20.02802569563395
2024-10-02,22.011175498963883,-0.016061650784229276,0.30890864597095663,-0.305086461740287,-0.546183211344259,1.296625461049713,0.4005388155043342,1.0,30.0,0.04029493792633309,20.02802569563395
2024-10-03,21.99949986950658,-0.0005304409779411934,0.3088608494119559,-0.305455072357106,-0.546183211344259,1.2962247770220916,0.4003530856598663,0.0,30.0,0.04028778576570233,20.02802569563395
2024-10-04,21.972043381482955,-0.001248050555080149,0.30881360129029967,-0.3063218995395788,-0.546183211344259,1.2955569893375876,0.4000856195541588,0.0,30.0,0.040511773527777815,19.934059537301028
2024-10-05,21.972043381482955,0.0,0.30876558225663114,-0.3063218995395788,-0.546183211344259,1.2953536755410628,0.39996063185670355,0.0,30.0,0.04049911755354233,19.934059537301028
2024-10-06,21.972043381482955,0.0,0.30871758561555035,-0.3063218995395788,-0.546183211344259,1.295150457433567,0.3998357222277664,0.0,30.0,0.04048646948435009,19.934059537301028
2024-10-07,21.972043381482955,0.0,0.3086696113496593,-0.3063218995395788,-0.546183211344259,1.2949473349400642,0.3997108905942267,0.0,30.0,0.04047382931279706,19.934059537301028
2024-10-08,21.972043381482955,0.0,0.308621659441579,-0.3063218995395788,-0.546183211344259,1.294744307985601,0.399586136883055,0.0,30.0,0.040461197031488455,19.934059537301028
2024-10-09,21.972043381482955,0.0,0.30857372987394954,-0.3063218995395788,-0.546183211344259,1.2945413764953047,0.39946146102131297,0.0,30.0,0.040448572633038686,19.934059537301028
2024-10-10,21.972043381482955,0.0,0.30852582262942957,-0.3063218995395788,-0.546183211344259,1.2943385403943872,0.39933686293615345,0.0,30.0,0.040435956110071426,19.934059537301028
2024-10-11,21.972043381482955,0.0,0.3084779376906967,-0.3063218995395788,-0.546183211344259,1.2941357996081413,0.39921234255482013,0.0,30.0,0.04042334745521952,19.934059537301028
2024-10-12,21.972043381482955,0.0,0.3084300750404475,-0.3063218995395788,-0.546183211344259,1.2939331540619403,0.39908789980464715,0.0,30.0,0.040410746661125,19.934059537301028
2024-10-13,21.972043381482955,0.0,0.30838223466139714,-0.3063218995395788,-0.546183211344259,1.2937306036812413,0.3989635346130595,0.0,30.0,0.040398153720439076,19.934059537301028
2024-10-14,21.972043381482955,0.0,0.3083344165362796,-0.3063218995395788,-0.546183211344259,1.2935281483915826,0.39883924690757266,0.0,30.0,0.04038556862582212,19.934059537301028
2024-10-15,21.972043381482955,0.0,0.3082866206478474,-0.3063218995395788,-0.546183211344259,1.2933257881185836,0.39871503661579205,0.0,30.0,0.04037299136994363,19.934059537301028
2024-10-16,21.972043381482955,0.0,0.3082388469788724,-0.3063218995395788,-0.546183211344259,1.293123522787944,0.3985909036654135,0.0,30.0,0.040360421945482255,19.934059537301028
2024-10-17,21.972043381482955,0.0,0.3081910955121443,-0.3063218995395788,-0.546183211344259,1.2929213523254481,0.39846684798422294,1.0,30.0,0.04034786034512574,19.934059537301028
2024-10-18,22.200974192824123,0.010419186207055287,0.30815917353451683,-0.29909433824312526,-0.546183211344259,1.2964927396923265,0.3995261311570888,1.0,30.0,0.04058283833030315,19.934059537301028
2024-10-19,22.257366441552755,0.0025400799189641,0.3081116294148793,-0.2973139818466084,-0.546183211344259,1.297225419941915,0.39969023785670454,1.0,30.0,0.04057391952144398,19.934059537301028
2024-10-20,22.545304104159705,0.012936735501168473,0.3080895442148426,-0.2882235186893888,-0.546183211344259,1.3016806922346713,0.4010342111838407,1.0,30.0,0.04056549281287925,19.934059537301028
2024-10-21,22.32952389638781,-0.009570960177560206,0.3080626141708432,-0.2950359030473365,-0.546183211344259,1.297864827343691,0.3998236315518875,1.0,30.0,0.04055951511006345,19.934059537301028
2024-10-22,22.293816676696423,-0.0015991034944171645,0.308016081289607,-0.2961632135982122,-0.546183211344259,1.2970686672726512,0.39951800805685517,1.0,30.0,0.04055579698033373,19.925489312106112
2024-10-23,22.06312219776474,-0.010347913158038291,0.30799232900167195,-0.30344645554133065,-0.546183211344259,1.292956077062518,0.3982205534713501,1.0,30.0,0.04054660272797519,19.925489312106112
2024-10-24,22.30673314847602,0.011041544733680464,0.3079627174899326,-0.2957554284207865,-0.546183211344259,1.2967429610316181,0.3993484861652389,1.0,30.0,0.04054017526833561,19.925489312106112
2024-10-25,21.395581274830857,-0.04084649543169039,0.30823831416808795,-0.32452135109658964,-0.546183211344259,1.2801647542660024,0.39459582571235713,1.0,30.0,0.04055912327484737,19.925489312106112
2024-10-26,21.802797261919455,0.019032714365542214,0.308249680844494,-0.31166515891198876,-0.546183211344259,1.2867148839525702,0.39662945231623986,1.0,30.0,0.040564443033280155,19.925489312106112
2024-10-27,22.067055018969604,0.012120360239816552,0.30822421619533896,-0.3033222926723852,-0.546183211344259,1.2908752205379694,0.397879003056301,1.0,30.0,0.04055480672765041,19.925489312106112
2024-10-28,22.45552889434569,0.0176042464679651,0.30822648490724147,-0.29105780660385305,-0.546183211344259,1.296931469609102,0.39974862804319644,1.0,30.0,0.04054536031976501,19.925489312106112
2024-10-29,22.96738507642165,0.022794216270044965,0.3082651142945508,-0.27489802492462123,-0.546183211344259,1.3047356539978536,0.4022044855038238,1.0,30.0,0.04056341762954383,19.92458203027257
2024-10-30,22.812388052622293,-0.006748570779112284,0.30822864056769234,-0.2797914269254914,-0.546183211344259,1.3020083204609856,0.4013162546235139,1.0,30.0,0.04055997641084768,19.92458203027257
2024-10-31,22.12686650764181,-0.03005040697182426,0.3083588346958481,-0.3014339876509773,-0.546183211344259,1.2900325915812696,0.39779294665966525,1.0,30.0,0.04055538040968787,19.92458203027257
2024-11-01,22.135429715647394,0.00038700500148203254,0.3083111584116402,-0.30116363911033284,-0.546183211344259,1.2899743121595995,0.3977134745031849,1.0,30.0,0.040563662388024176,19.91871831440631
2024-11-02,21.987142102565905,-0.006699107041805763,0.30827453270761873,-0.3058452186966387,-0.546183211344259,1.2872716000837052,0.3968330509835929,1.0,30.0,0.04057520604262084,19.908605632002644
2024-11-03,21.63081121796392,-0.016206330178782036,0.3082816090405693,-0.3170949202776212,-0.546183211344259,1.2809029646569419,0.39487882696927745,1.0,30.0,0.040566001022133674,19.908605632002644
2024-11-04,21.388792529452125,-0.011188608974165626,0.3082614797579094,-0.3247356781811064,-0.546183211344259,1.2764898665675732,0.3934926551640965,1.0,30.0,0.040555985297649345,19.908605632002644
2024-11-05,21.76934543738644,0.017792164163091373,0.3082649476419062,-0.3127212645138261,-0.546183211344259,1.2825987342824665,0.3953802316691597,1.0,30.0,0.04057812615600365,19.90768256551333
2024-11-06,23.22911489555391,0.06705619433372934,0.3090131306186003,-0.2666349680656255,-0.546183211344259,1.303596587707303,0.40282846263115846,1.0,30.0,0.04057997433738026,19.90768256551333
2024-11-07,23.751786693688786,0.022500719484362053,0.30904893637275366,-0.25013372720242977,-0.546183211344259,1.31125967625637,0.40524340825551247,1.0,30.0,0.040581773248097364,19.90768256551333
2024-11-08,24.031091699150725,0.011759326111502766,0.3090218630218758,-0.24131580516058604,-0.546183211344259,1.3152626880431826,0.4064449262222645,1.0,30.0,0.04060645950251307,19.90634807610724
2024-11-09,24.93156611743931,0.03747122392780877,0.3092152249491072,-0.21288697980526905,-0.546183211344259,1.327702536211326,0.4105458384000853,1.0,30.0,0.04060383257512699,19.90634807610724
2024-11-10,26.500750703497637,0.06293967168635684,0.3098632674951112,-0.16334634473415588,-0.546183211344259,1.3474201377050021,0.41751600655798465,1.0,30.0,0.04060211603634335,19.90634807610724
2024-11-11,28.129163251865418,0.06144778940744722,0.310476074310307,-0.11193582711840944,-0.546183211344259,1.3666550623384215,0.424313698691141,1.0,30.0,0.04060808900123191,19.90634807610724
2024-11-12,28.858857496047598,0.025940844299155996,0.31053952696265,-0.08889869268202932,-0.546183211344259,1.375367418943764,0.42710594767863735,1.0,30.0,0.04063547104447837,19.90222161742724
2024-11-13,28.360648203490708,-0.017263652680121644,0.3105532203810661,-0.10462762920797153,-0.546183211344259,1.3686198432052945,0.42502929978483395,1.0,30.0,0.04064463002398625,19.90222161742724
2024-11-14,28.276485494508773,-0.0029675876368572274,0.3105084019444425,-0.10728472518591747,-0.546183211344259,1.3673187176250294,0.42456394995847235,1.0,30.0,0.04064098442530698,19.90222161742724
2024-11-15,29.802696716279524,0.05397457269104877,0.3109656494737603,-0.05910079969305515,-0.546183211344259,1.3844285085684511,0.43050971031697777,1.0,30.0,0.040705975030110426,19.90642159871983
2024-11-16,30.778554710010688,0.03274394941576242,0.3110979236031243,-0.028292043872873318,-0.546183211344259,1.3952593764690344,0.4340622949073066,1.0,30.0,0.040705484712816375,19.90642159871983
2024-11-17,30.50478964687312,-0.008894669217477058,0.31106835503512786,-0.03693506471861485,-0.546183211344259,1.3917445984632935,0.43292770287300125,1.0,30.0,0.040707567966515326,19.90642159871983
2024-11-18,31.10364684766283,0.019631579424809864,0.3110819191056911,-0.018028578950388896,-0.546183211344259,1.3983534141773457,0.435002463670284,1.0,30.0,0.04070706781008548,19.90642159871983
2024-11-19,30.950747464817756,-0.004915802432876593,0.31104073842440877,-0.02285575645099991,-0.546183211344259,1.3963305619395985,0.43431568907026236,1.0,30.0,0.04072339035906055,19.914115166581563
2024-11-20,30.739207466847056,-0.006834729862700728,0.31100447236784473,-0.029534273392550325,-0.546183211344259,1.3935929112648728,0.4334136280635004,1.0,30.0,0.040714483076814606,19.914115166581563
2024-11-21,32.03137009659779,0.04203630269727543,0.31125786735801725,0.0,-0.546183211344259,1.4072065030637366,0.43800409507595184,1.0,30.0,0.040715663254174694,19.914115166581563
2024-11-22,32.98528434477525,0.029780625845873043,0.3113573185892784,0.0,-0.546183211344259,1.4170693269400818,0.44121490589117734,1.0,30.0,0.04071578573129746,19.917891752492725
2024-11-23,33.97658854689983,0.030052922744672417,0.3114594041647773,0.0,-0.546183211344259,1.4270056255036463,0.444454321859151,1.0,30.0,0.04071338672865136,19.917891752492725
2024-11-24,33.70815023059458,-0.007900684788724743,0.3114264814792534,-0.007900684788724743,-0.546183211344259,1.4238691966720305,0.4434305740062615,1.0,30.0,0.04071250237983126,19.917891752492725
2024-11-25,32.61663386235015,-0.03238137841375055,0.31158189206220754,-0.04002622813860379,-0.546183211344259,1.4110568927069973,0.4396597764370656,1.0,30.0,0.040706389666980466,19.917891752492725
2024-11-26,32.24386610929936,-0.011428762226781353,0.31156272813384706,-0.050997540121154206,-0.546183211344259,1.4065940097820453,0.43824226706442115,1.0,30.0,0.04070974207344924,19.929237257179285
2024-11-27,33.54529195066694,0.04036196642660794,0.31179075278322144,-0.012693934696755838,-0.546183211344259,1.41965395777096,0.44263497618508724,1.0,30.0,0.0407097803595816,19.929237257179285
2024-11-28,33.648126051870946,0.0030655300706650124,0.3117434722182835,-0.009667318264618974,-0.546183211344259,1.420535739279932,0.44284274377329236,1.0,30.0,0.040709091305489026,19.929237257179285
2024-11-29,34.2739451476693,0.01859892865455892,0.31174992879607927,0.0,-0.546183211344259,1.426757949516673,0.4447916891710628,1.0,30.0,0.04070375110535837,19.936296927283593
2024-11-30,34.60601063730664,0.009688569209252984,0.31171495884330885,0.0,-0.546183211344259,1.429963092782578,0.44574088661417194,1.0,30.0,0.04069624324548044,19.936296927283593
2024-12-01,35.42499703395734,0.02366601586164352,0.31175761837289895,0.0,-0.546183211344259,1.4378330958346923,0.44825542157515585,1.0,30.0,0.04069015150608212,19.936296927283593
2024-12-02,35.68455866465592,0.0073270755802681276,0.31171646487469146,0.0,-0.546183211344259,1.4402142420680926,0.44893849219964893,1.0,30.0,0.0407267715554171,19.973380352325336
2024-12-03,39.63863551963849,0.11080638245076369,0.3138172671871102,0.0,-0.546183211344259,1.4696674316607126,0.4612070170776639,1.0,30.0,0.04077634947289221,19.973811421234785
2024-12-04,39.04636973748675,-0.01494162890289974,0.3138159682989183,-0.01494162890289985,-0.546183211344259,1.4638935965368132,0.459393186483786,1.0,30.0,0.04080589797341457,19.973811421234785
2024-12-05,38.42077301927784,-0.01602189198163284,0.3138210875412385,-0.030724127720220817,-0.546183211344259,1.4577082630983933,0.4574595924433876,1.0,30.0,0.04080839849652576,19.973811421234785
2024-12-06,39.308888500733595,0.0231155026737786,0.3138581540419363,-0.008318828702908454,-0.546183211344259,1.4653278764469786,0.4599051023678392,1.0,30.0,0.04084820817189431,20.02280723340802
2024-12-07,39.56918088192055,0.006621718168960733,0.3138151921275982,-0.0017521954731143374,-0.546183211344259,1.4674390907378434,0.46050468019544427,1.0,30.0,0.040841570174074075,20.02280723340802
2024-12-08,39.68844661110513,0.003014106598276056,0.31376767791849197,0.0,-0.546183211344259,1.4682856840547718,0.4607005896068303,1.0,30.0,0.04083253788303331,20.02280723340802
2024-12-09,37.09940713490189,-0.0652340844067908,0.31450600110809235,-0.0652340844067908,-0.546183211344259,1.4412098024885693,0.45326913173846356,1.0,30.0,0.0408355880698921,20.02280723340802
2024-12-10,36.90448888080586,-0.0052539452554394295,0.3144653570042651,-0.07014529335396813,-0.546183211344259,1.439088255323982,0.452543401971101,1.0,30.0,0.040845555850125684,20.04690280715063
2024-12-11,38.0954400940351,0.032271174844766826,0.31458817287165675,-0.04013778953556457,-0.546183211344259,1.4495435709455515,0.4560092634816178,1.0,30.0,0.04084140689803483,20.04690280715063
2024-12-12,38.2099466461698,0.003005781055476664,0.3145405997106786,-0.037252653887482556,-0.546183211344259,1.4503863067995393,0.45620537875288336,1.0,30.0,0.04083828108277337,20.04690280715063
2024-12-13,38.42417976311544,0.005606736877428187,0.31449586871074375,-0.031854782838387496,-0.546183211344259,1.4521389317609628,0.45669169483285543,1.0,30.0,0.04083290146522936,20.052145465313014
2024-12-14,37.96725113555875,-0.011891695030932348,0.31447842983655655,-0.04336767050652912,-0.546183211344259,1.4475559485572702,0.45522512180285757,1.0,30.0,0.040824507257791846,20.052145465313014
2024-12-15,38.44677894263429,0.012630037538494232,0.31445334636640593,-0.03128536827448947,-0.546183211344259,1.4517094911130308,0.45649490743236476,1.0,30.0,0.040817902647425686,20.052145465313014
2024-12-16,38.357976447794954,-0.002309751227062118,0.31440755269576354,-0.03352285808379052,-0.546183211344259,1.4506580730419858,0.45609785454348295,1.0,30.0,0.04080979885893726,20.052145465313014
2024-12-17,38.274442117573706,-0.0021777564396531224,0.31436161548764646,-0.0356276099033761,-0.546183211344259,1.4496545924013868,0.4557157595663856,1.0,30.0,0.040809608004252824,20.059797393196902
2024-12-18,36.60426347249793,-0.043636916769295486,0.314670496262818,-0.07770984762462896,-0.546183211344259,1.432334025718266,0.45071325868688666,1.0,30.0,0.0408051126979583,20.059797393196902
2024-12-19,35.30145805276269,-0.035591630486270454,0.3148624327013247,-0.11053565792909936,-0.546183211344259,1.4184295805942848,0.4466101883614362,1.0,30.0,0.040799683941110124,20.059797393196902
2024-12-20,35.63888637001688,0.009558481033555388,0.3148266732139615,-0.10203372988539072,-0.546183211344259,1.4215394893057227,0.4475385482603945,1.0,30.0,0.040793066870387376,20.077423069018415
2024-12-21,35.02660964289229,-0.01718001849911044,0.31483854481174894,-0.11746080701753703,-0.546183211344259,1.4149762168292896,0.4454890530497673,1.0,30.0,0.04078651746623849,20.077423069018415
2024-12-22,34.68698420190191,-0.00969621223558248,0.3148115966929254,-0.12601809433891453,-0.546183211344259,1.4112372865915195,0.4442738635044678,1.0,30.0,0.04077844483519941,20.077423069018415
2024-12-23,35.44719599843096,0.021916341648616777,0.3148393085404857,-0.10686360829973707,-0.546183211344259,1.4184292216102639,0.4465772753453948,1.0,30.0,0.04077270688082011,20.077423069018415
2024-12-24,36.06733678805311,0.017494777009995355,0.31483808981138184,-0.09123838628742909,-0.546183211344259,1.4241840923960913,0.4483873991897419,1.0,30.0,0.040789477859526975,20.115638006390014
2024-12-25,35.95768478790192,-0.0030402022970411613,0.3147933395399418,-0.0940012054329008,-0.546183211344259,1.422878484796949,0.4479126699887639,1.0,30.0,0.04078302634530067,20.115638006390014
2024-12-26,35.02889597742423,-0.025830050403862104,0.3148746270485354,-0.11740319996240733,-0.546183211344259,1.4129575513932855,0.4449044820303726,1.0,30.0,0.04077450507357053,20.115638006390014
2024-12-27,34.90546831346429,-0.0035235956063098817,0.3148306515808653,-0.12051311416916288,-0.546183211344259,1.411480659723639,0.44437737579458286,1.0,30.0,0.04076968557890475,20.122046815950124
2024-12-28,35.412625120307204,0.014529437115367028,0.3148139926904606,-0.10773466476769378,-0.546183211344259,1.4162537033061575,0.4458564830004625,1.0,30.0,0.04076075588486261,20.122046815950124
2024-12-29,34.857712788212375,-0.01566990106521693,0.31481641049433046,-0.12171637429470661,-0.546183211344259,1.4102829912397243,0.4439802290832973,1.0,30.0,0.04075541227091872,20.122046815950124
2024-12-30,34.83041480747727,-0.0007831259870939578,0.3147692237410105,-0.12240418102603556,-0.546183211344259,1.4097890231820125,0.44375819646559955,1.0,30.0,0.04074766602469589,20.122046815950124
2024-12-31,34.805722588628285,-0.0007089269245131868,0.31472200686487195,-0.1230263323309464,-0.546183211344259,1.4093216427434512,0.44354453572231706,1.0,30.0,0.04074929316420452,20.142226899152774
2025-01-01,35.8166033636567,0.02904352215226491,0.31481064393660685,-0.09755592818704728,-0.546183211344259,1.418734787770426,0.44663281211327305,1.0,30.0,0.040741598371693416,20.142226899152774
2025-01-02,36.38489902291639,0.015866821694107136,0.3148005709754171,-0.0832370090106872,-0.546183211344259,1.4239407411404477,0.44825735834617153,1.0,30.0,0.04075028100685158,20.140413415639568
2025-01-03,37.253751591533884,0.023879482751079317,0.3148430965751826,-0.061345182980530044,-0.546183211344259,1.4317277232478238,0.4507695898398809,1.0,30.0,0.040780166274949355,20.157570152113955
2025-01-04,37.29002625789275,0.0009737184795934883,0.3147952855351962,-0.06043119743923875,-0.546183211344259,1.4318531523370635,0.45074062193441666,1.0,30.0,0.04077496198188809,20.157570152113955
2025-01-05,37.10809653824169,-0.0048787769253059166,0.31475406353936947,-0.06501514403290953,-0.546183211344259,1.4298877322670767,0.45006297413615637,1.0,30.0,0.04076449305299143,20.157570152113955
2025-01-06,37.56645666312677,0.012352024696624442,0.31472804091354795,-0.0534661880010342,-0.546183211344259,1.4339206605783184,0.45129504032927464,1.0,30.0,0.04075528020575914,20.157570152113955
2025-01-07,37.04950033105281,-0.013761115047652983,0.31471985367139355,-0.06649154868444562,-0.546183211344259,1.4286791859824506,0.4496337043557625,1.0,30.0,0.04085869574026635,20.3690914446061
2025-01-08,36.9715226546142,-0.0021046890171757537,0.31467406566913164,-0.06845629366937012,-0.546183211344259,1.4277128670671668,0.44926421248815784,1.0,30.0,0.04085016597794131,20.3690914446061
2025-01-09,36.72615018829327,-0.006636796342233131,0.31463722758329427,-0.07463875953217547,-0.546183211344259,1.4251117502622612,0.4483932100988939,0.0,30.0,0.04083867715393602,20.3690914446061
2025-01-10,36.71315308689568,-0.0003538922901243913,0.3145899630514253,-0.07496623774075695,-0.546183211344259,1.424769182882469,0.4482180845998053,0.0,30.0,0.04088079604729364,20.476736450425726
2025-01-11,36.71315308689568,0.0,0.3145425449757489,-0.07496623774075695,-0.546183211344259,1.4245520261851723,0.4480822197666438,0.0,30.0,0.04086840417216563,20.476736450425726
2025-01-12,36.71315308689568,0.0,0.31449514833466596,-0.07496623774075695,-0.546183211344259,1.4243349687516609,0.4479464372758054,0.0,30.0,0.04085601980726498,20.476736450425726
2025-01-13,36.71315308689568,0.0,0.3144477731120333,-0.07496623774075695,-0.546183211344259,1.4241180105063345,0.44781073705245616,1.0,30.0,0.04084364294576626,20.476736450425726
2025-01-14,36.885584954127864,0.004696732716584107,0.31440227064879095,-0.07062160140560914,-0.546183211344259,1.4255440666840664,0.4481942914753819,1.0,30.0,0.04089413936407579,20.476736450425726
2025-01-15,37.41215614575666,0.014275798859735067,0.3143845867035628,-0.057353982322692953,-0.546183211344259,1.4302105546193682,0.4496361541130834,1.0,30.0,0.04088280823764462,20.476736450425726
2025-01-16,37.38033019255023,-0.0008506848170535264,0.31433776863323315,-0.05815587697778701,-0.546183211344259,1.4296916678445466,0.4494060887037803,0.0,30.0,0.0408748073226197,20.476736450425726
2025-01-17,37.365821402635035,-0.0003881396938031356,0.31429067076153294,-0.05852144406730708,-0.546183211344259,1.4293368757151987,0.4492272454127237,0.0,30.0,0.04092504055369817,20.4062130143109
2025-01-18,37.365821402635035,0.0,0.31424339980904986,-0.05852144406730708,-0.546183211344259,1.429119476419341,0.44909136300334296,0.0,30.0,0.040912661533566985,20.4062130143109
2025-01-19,37.365821402635035,0.0,0.3141961501786447,-0.05852144406730708,-0.546183211344259,1.428902176291318,0.4489555627726192,0.0,30.0,0.04090028999999167,20.4062130143109
2025-01-20,37.365821402635035,0.0,0.3141489218542937,-0.05852144406730708,-0.546183211344259,1.42868497525576,0.4488198446460253,1.0,30.0,0.04088792594618273,20.4062130143109
2025-01-21,37.36965504031963,0.00010259744174456742,0.31410167237724784,-0.05842485077601112,-0.546183211344259,1.4285040961018667,0.4486955255833451,1.0,30.0,0.04087689708838489,20.4062130143109
2025-01-22,37.36948399150257,-4.577211560441441e-06,0.31405448861560203,-0.05842916056466907,-0.546183211344259,1.428285471295859,0.44855946328491514,1.0,30.0,0.040864582001620145,20.4062130143109
2025-01-23,37.36809034807607,-3.729362243298784e-05,0.31400734046154144,-0.058464275152048994,-0.546183211344259,1.428055394832908,0.44841987656323795,1.0,30.0,0.040852264713461726,20.4062130143109
2025-01-24,37.28984004787826,-0.002094040649894935,0.3139618693450483,-0.06043588923320875,-0.546183211344259,1.427095941987282,0.4480537096810596,1.0,30.0,0.040927460547021635,20.4062130143109
2025-01-25,37.35493400622066,0.001745621817063947,0.31391452953591814,-0.05879576562292399,-0.546183211344259,1.4274929803130196,0.4481107873307872,1.0,30.0,0.04091596941762665,20.4062130143109
2025-01-26,37.02648205320918,-0.008792732787502366,0.3138847754993858,-0.06707152295426733,-0.546183211344259,1.4241122336673062,0.4470071487505913,1.0,30.0,0.040904949476467126,20.4062130143109
2025-01-27,36.99602617116436,-0.0008225432273326616,0.3138381637995312,-0.06783889695464695,-0.546183211344259,1.4236055072347524,0.446781738365455,0.0,30.0,0.040895224909905006,20.4062130143109
2025-01-28,36.972031040438836,-0.0006485867053533934,0.31379145331027514,-0.0684434842533298,-0.546183211344259,1.4231605323542447,0.44657561174126326,0.0,30.0,0.040971521682718476,20.31315237285473
2025-01-29,36.972031040438836,0.0,0.3137444116851936,-0.0684434842533298,-0.546183211344259,1.4229448007093755,0.4464409793590681,0.0,30.0,0.04095916970150572,20.31315237285473
2025-01-30,36.972031040438836,0.0,0.3136973912094401,-0.0684434842533298,-0.546183211344259,1.422729167140661,0.44630642812960486,0.0,30.0,0.0409468251657307,20.31315237285473
2025-01-31,36.972031040438836,0.0,0.3136503918671727,-0.0684434842533298,-0.546183211344259,1.4225136315738107,0.44617195797952064,0.0,30.0,0.040934488068663594,20.31315237285473
2025-02-01,36.972031040438836,0.0,0.3136034136425658,-0.0684434842533298,-0.546183211344259,1.4222981939346138,0.4460375688355509,0.0,30.0,0.04092215840358267,20.31315237285473
2025-02-02,36.972031040438836,0.0,0.3135564565198106,-0.0684434842533298,-0.546183211344259,1.4220828541489372,0.4459032606245194,0.0,30.0,0.040909836163774305,20.31315237285473
2025-02-03,36.972031040438836,0.0,0.3135095204831149,-0.0684434842533298,-0.546183211344259,1.4218676121427272,0.44576903327333806,0.0,30.0,0.04089752134253295,20.31315237285473
2025-02-04,36.972031040438836,0.0,0.31346260551670285,-0.0684434842533298,-0.546183211344259,1.4216524678420086,0.44563488670900664,0.0,30.0,0.040885213933161135,20.31315237285473
2025-02-05,36.972031040438836,0.0,0.3134157116048153,-0.0684434842533298,-0.546183211344259,1.4214374211728835,0.4455008208586128,0.0,30.0,0.040872913928969454,20.31315237285473
2025-02-06,36.972031040438836,0.0,0.3133688387317094,-0.0684434842533298,-0.546183211344259,1.4212224720615334,0.44536683564933205,0.0,30.0,0.04086062132327653,20.31315237285473
2025-02-07,36.972031040438836,0.0,0.313321986881659,-0.0684434842533298,-0.546183211344259,1.4210076204342168,0.4452329310084272,0.0,30.0,0.040848336109409036,20.31315237285473
2025-02-08,36.972031040438836,0.0,0.3132751560389543,-0.0684434842533298,-0.546183211344259,1.4207928662172715,0.44509910686324883,0.0,30.0,0.04083605828070167,20.31315237285473
2025-02-09,36.972031040438836,0.0,0.3132283461879018,-0.0684434842533298,-0.546183211344259,1.4205782093371124,0.4449653631412347,0.0,30.0,0.04082378783049713,20.31315237285473
2025-02-10,36.972031040438836,0.0,0.31318155731282465,-0.0684434842533298,-0.546183211344259,1.4203636497202319,0.4448316997699096,0.0,30.0,0.040811524752146125,20.31315237285473
2025-02-11,36.972031040438836,0.0,0.3131347893980622,-0.0684434842533298,-0.546183211344259,1.4201491872932006,0.4446981166768856,0.0,30.0,0.040799269039007345,20.31315237285473
2025-02-12,36.972031040438836,0.0,0.3130880424279703,-0.0684434842533298,-0.546183211344259,1.4199348219826669,0.4445646137898616,0.0,30.0,0.04078702068444745,20.31315237285473
2025-02-13,36.972031040438836,0.0,0.3130413163869209,-0.0684434842533298,-0.546183211344259,1.4197205537153563,0.4444311910366234,0.0,30.0,0.040774779681841074,20.31315237285473
2025-02-14,36.972031040438836,0.0,0.3129946112593027,-0.0684434842533298,-0.546183211344259,1.419506382418071,0.4442978483450432,0.0,30.0,0.040762546024570794,20.31315237285473
2025-02-15,36.972031040438836,0.0,0.31294792702952023,-0.0684434842533298,-0.546183211344259,1.4192923080176922,0.4441645856430801,0.0,30.0,0.04075031970602713,20.31315237285473
2025-02-16,36.972031040438836,0.0,0.3129012636819946,-0.0684434842533298,-0.546183211344259,1.4190783304411767,0.4440314028587793,0.0,30.0,0.04073810071960853,20.31315237285473
2025-02-17,36.972031040438836,0.0,0.3128546212011631,-0.0684434842533298,-0.546183211344259,1.4188644496155591,0.4438982999202725,0.0,30.0,0.04072588905872136,20.31315237285473
2025-02-18,36.972031040438836,0.0,0.31280799957147903,-0.0684434842533298,-0.546183211344259,1.4186506654679512,0.4437652767557773,0.0,30.0,0.04071368471677988,20.31315237285473
2025-02-19,36.972031040438836,0.0,0.3127613987774124,-0.0684434842533298,-0.546183211344259,1.4184369779255404,0.44363233329359764,0.0,30.0,0.04070148768720625,20.31315237285473
2025-02-20,36.972031040438836,0.0,0.31271481880344887,-0.0684434842533298,-0.546183211344259,1.4182233869155927,0.44349946946212315,1.0,30.0,0.04068929796343051,20.31315237285473
2025-02-21,36.792431104849584,-0.0048577243536557235,0.3126744445109607,-0.07296872902667895,-0.546183211344259,1.4162840419654998,0.44283582609130084,1.0,30.0,0.04071702510184037,20.31315237285473
2025-02-22,36.89014629231802,0.002655850253275638,0.31262801098170717,-0.07050667279087008,-0.546183211344259,1.4169985186857688,0.44299342846075734,1.0,30.0,0.040706325595099985,20.31315237285473
2025-02-23,36.86935551089765,-0.0005635863098949478,0.3125817865456135,-0.0710305225052239,-0.546183211344259,1.416587086856418,0.44279932240702535,1.0,30.0,0.04069498600664752,20.31315237285473
2025-02-24,36.40991576323532,-0.012461290448283924,0.31256768219084224,-0.08260668098187673,-0.546183211344259,1.411874375414966,0.44130630106809904,0.0,30.0,0.04068344175208418,20.31315237285473
2025-02-25,36.39752436473242,-0.0003403303260429702,0.31252136218864296,-0.08291889774924788,-0.546183211344259,1.4115424977408029,0.4411371841811152,0.0,30.0,0.040707410891379775,20.27122976329993
2025-02-26,36.39752436473242,0.0,0.31247489896061437,-0.08291889774924788,-0.546183211344259,1.4113303374808535,0.4410053046043795,0.0,30.0,0.04069524126181584,20.27122976329993
2025-02-27,36.39752436473242,0.0,0.31242845644896067,-0.08291889774924788,-0.546183211344259,1.4111182728576617,0.44087350385584256,0.0,30.0,0.04068307890638792,20.27122976329993
2025-02-28,36.39752436473242,0.0,0.31238203463829267,-0.08291889774924788,-0.546183211344259,1.4109063037993976,0.4407417818648489,0.0,30.0,0.04067092381857603,20.27122976329993
2025-03-01,36.39752436473242,0.0,0.3123356335132369,-0.08291889774924788,-0.546183211344259,1.4106944302343074,0.44061013856082715,0.0,30.0,0.04065877599186797,20.27122976329993
2025-03-02,36.39752436473242,0.0,0.312289253058436,-0.08291889774924788,-0.546183211344259,1.410482652090712,0.44047857387329037,0.0,30.0,0.040646635419759325,20.27122976329993
2025-03-03,36.39752436473242,0.0,0.3122428932585487,-0.08291889774924788,-0.546183211344259,1.4102709692970077,0.44034708773183556,0.0,30.0,0.04063450209575343,20.27122976329993
2025-03-04,36.39752436473242,0.0,0.3121965540982493,-0.08291889774924788,-0.546183211344259,1.4100593817816671,0.44021568006614425,0.0,30.0,0.040622376013361376,20.27122976329993
2025-03-05,36.39752436473242,0.0,0.31215023556222843,-0.08291889774924788,-0.546183211344259,1.4098478894732362,0.4400843508059813,0.0,30.0,0.040610257166102025,20.27122976329993
2025-03-06,36.39752436473242,0.0,0.31210393763519234,-0.08291889774924788,-0.546183211344259,1.409636492300337,0.4399530998811957,0.0,30.0,0.040598145547501935,20.27122976329993
2025-03-07,36.39752436473242,0.0,0.3120576603018632,-0.08291889774924788,-0.546183211344259,1.4094251901916668,0.43982192722172014,0.0,30.0,0.0405860411510954,20.27122976329993
2025-03-08,36.39752436473242,0.0,0.31201140354697915,-0.08291889774924788,-0.546183211344259,1.4092139830759964,0.43969083275757054,0.0,30.0,0.040573943970424436,20.27122976329993
2025-03-09,36.39752436473242,0.0,0.311965167355294,-0.08291889774924788,-0.546183211344259,1.4090028708821725,0.4395598164188466,0.0,30.0,0.04056185399903873,20.27122976329993
2025-03-10,36.39752436473242,0.0,0.31191895171157746,-0.08291889774924788,-0.546183211344259,1.4087918535391155,0.43942887813573106,0.0,30.0,0.040549771230495676,20.27122976329993
2025-03-11,36.39752436473242,0.0,0.31187275660061503,-0.08291889774924788,-0.546183211344259,1.408580930975821,0.43929801783848993,0.0,30.0,0.04053769565836032,20.27122976329993
2025-03-12,36.39752436473242,0.0,0.3118265820072079,-0.08291889774924788,-0.546183211344259,1.4083701031213587,0.4391672354574722,0.0,30.0,0.040525627276205414,20.27122976329993
2025-03-13,36.39752436473242,0.0,0.3117804279161731,-0.08291889774924788,-0.546183211344259,1.4081593699048727,0.4390365309231099,0.0,30.0,0.0405135660776113,20.27122976329993
2025-03-14,36.39752436473242,0.0,0.31173429431234345,-0.08291889774924788,-0.546183211344259,1.4079487312555805,0.4389059041659177,0.0,30.0,0.04050151205616601,20.27122976329993
2025-03-15,36.39752436473242,0.0,0.3116881811805671,-0.08291889774924788,-0.546183211344259,1.4077381871027754,0.43877535511649296,0.0,30.0,0.04048946520546519,20.27122976329993
2025-03-16,36.39752436473242,0.0,0.3116420885057084,-0.08291889774924788,-0.546183211344259,1.4075277373758228,0.4386448837055157,0.0,30.0,0.0404774255191121,20.27122976329993
2025-03-17,36.39752436473242,0.0,0.31159601627264705,-0.08291889774924788,-0.546183211344259,1.4073173820041633,0.4385144898637483,1.0,31.0,0.040465392990717594,20.27122976329993
2025-03-18,36.38089585746253,-0.00045685819461960264,0.31155019182902344,-0.08333787376594182,-0.546183211344259,1.4069470339618984,0.438334618324105,1.0,31.0,0.040622677006458496,20.27122976329993
2025-03-19,37.08864696288991,0.019453921866033674,0.31156187689471265,-0.06550520038463215,-0.546183211344259,1.4132471198476857,0.4403139251757919,1.0,31.0,0.04061738066427039,20.27122976329993
2025-03-20,36.622056419842195,-0.012580414257618466,0.3115486671653576,-0.07726153208538356,-0.546183211344259,1.408509863420328,0.438819370637863,0.0,31.0,0.040614461869910655,20.27122976329993
2025-03-21,36.572576564224086,-0.0013510944074484055,0.3115035461933425,-0.07850823886892055,-0.546183211344259,1.4078255710461507,0.43854265780254337,0.0,31.0,0.040768049169420034,20.083586854325088
2025-03-22,36.572576564224086,0.0,0.3114575628996285,-0.07850823886892055,-0.546183211344259,1.407615482964714,0.43841248782397335,0.0,31.0,0.04075594823467102,20.083586854325088
2025-03-23,36.572576564224086,0.0,0.3114115999628767,-0.07850823886892055,-0.546183211344259,1.4074054889087741,0.4382823950976161,0.0,31.0,0.04074385448148566,20.083586854325088
2025-03-24,36.572576564224086,0.0,0.3113656573680719,-0.07850823886892055,-0.546183211344259,1.4071955888082168,0.43815237955472147,0.0,31.0,0.04073176790347276,20.083586854325088
2025-03-25,36.572576564224086,0.0,0.3113197351002146,-0.07850823886892055,-0.546183211344259,1.4069857825930006,0.43802244112662103,0.0,31.0,0.040719688494248715,20.083586854325088
2025-03-26,36.572576564224086,0.0,0.31127383314432056,-0.07850823886892055,-0.546183211344259,1.4067760701931566,0.4378925797447276,0.0,31.0,0.040707616247437496,20.083586854325088
2025-03-27,36.572576564224086,0.0,0.3112279514854212,-0.07850823886892055,-0.546183211344259,1.406566451538789,0.4377627953405353,0.0,31.0,0.04069555115667062,20.083586854325088
2025-03-28,36.572576564224086,0.0,0.31118209010856307,-0.07850823886892055,-0.546183211344259,1.4063569265600768,0.43763308784561966,0.0,31.0,0.04068349321558716,20.083586854325088
2025-03-29,36.572576564224086,0.0,0.31113624899880854,-0.07850823886892055,-0.546183211344259,1.4061474951872686,0.4375034571916369,0.0,31.0,0.04067144241783373,20.083586854325088
2025-03-30,36.572576564224086,0.0,0.31109042814123505,-0.07850823886892055,-0.546183211344259,1.405938157350688,0.4373739033103246,0.0,31.0,0.04065939875706446,20.083586854325088
2025-03-31,36.572576564224086,0.0,0.31104462752093565,-0.07850823886892055,-0.546183211344259,1.40572891298073,0.4372444261335009,0.0,31.0,0.04064736222694099,20.083586854325088
2025-04-01,36.572576564224086,0.0,0.31099884712301845,-0.07850823886892055,-0.546183211344259,1.4055197620078637,0.43711502559306487,0.0,31.0,0.040635332821132485,20.083586854325088
2025-04-02,36.572576564224086,0.0,0.3109530869326073,-0.07850823886892055,-0.546183211344259,1.405310704362628,0.43698570162099587,0.0,31.0,0.04062331053331558,20.083586854325088
2025-04-03,36.572576564224086,0.0,0.3109073469348411,-0.07850823886892055,-0.546183211344259,1.4051017399756363,0.4368564541493541,0.0,31.0,0.04061129535717441,20.083586854325088
2025-04-04,36.572576564224086,0.0,0.31086162711487403,-0.07850823886892055,-0.546183211344259,1.4048928687775737,0.43672728311027975,0.0,31.0,0.040599287286400554,20.083586854325088
2025-04-05,36.572576564224086,0.0,0.31081592745787556,-0.07850823886892055,-0.546183211344259,1.404684090699197,0.4365981884359936,0.0,31.0,0.04058728631469308,20.083586854325088
2025-04-06,36.572576564224086,0.0,0.3107702479490306,-0.07850823886892055,-0.546183211344259,1.4044754056713353,0.43646917005879615,0.0,31.0,0.04057529243575847,20.083586854325088
2025-04-07,36.572576564224086,0.0,0.3107245885735391,-0.07850823886892055,-0.546183211344259,1.404266813624889,0.4363402279110683,0.0,31.0,0.04056330564331068,20.083586854325088
2025-04-08,36.572576564224086,0.0,0.31067894931661627,-0.07850823886892055,-0.546183211344259,1.4040583144908312,0.4362113619252706,0.0,31.0,0.04055132593107108,20.083586854325088
2025-04-09,36.572576564224086,0.0,0.3106333301634926,-0.07850823886892055,-0.546183211344259,1.403849908200206,0.4360825720339434,0.0,31.0,0.04053935329276843,20.083586854325088
2025-04-10,36.572576564224086,0.0,0.3105877310994136,-0.07850823886892055,-0.546183211344259,1.4036415946841299,0.43595385816970667,1.0,31.0,0.04052738772213892,20.083586854325088
2025-04-11,36.60049676974787,0.0007634191557368553,0.3105419370010374,-0.07780475440661938,-0.546183211344259,1.4036991131591245,0.4359074415670729,1.0,31.0,0.04052286613642571,20.083586854325088
2025-04-12,36.634749609520874,0.0009358572368152185,0.31049614255153596,-0.07694171131227412,-0.546183211344259,1.4038165341090558,0.4358796186909285,1.0,31.0,0.04051115124051192,20.083586854325088
2025-04-13,36.61816704135098,-0.00045264587165583237,0.3104508268087633,-0.0773595298359463,-0.546183211344259,1.4034504632933618,0.43570235671456603,1.0,31.0,0.04049948686423251,20.083586854325088
2025-04-14,36.61947311473555,3.566736104221313e-05,0.31040529360454655,-0.07732662168518478,-0.546183211344259,1.403254885559433,0.4355777447540901,1.0,31.0,0.040487767644238476,20.083586854325088
2025-04-15,36.23726399886385,-0.010437318818710684,0.31038298402725734,-0.08695685790019325,-0.546183211344259,1.3993247156090487,0.43432658085382975,1.0,31.0,0.04061808453683658,20.083586854325088
2025-04-16,36.32071031837729,0.002302776487652425,0.3103374699242363,-0.08485432362035361,-0.546183211344259,1.3999155785893838,0.4344462587669527,1.0,31.0,0.04060915162758672,20.083586854325088
2025-04-17,36.489621594607215,0.004650549913514768,0.3102938351890244,-0.08059839297421278,-0.546183211344259,1.401311365044418,0.4348182777535995,1.0,31.0,0.04059844540196095,20.083586854325088
2025-04-18,36.40269131907484,-0.0023823287755119216,0.31025035805191864,-0.0827887098788822,-0.546183211344259,1.4002697398374329,0.4344341881538305,1.0,31.0,0.04059723341495656,20.080251316527747
2025-04-19,36.62107815848782,0.005999194880916603,0.31020869332039225,-0.07728618060246872,-0.546183211344259,1.4021235055499293,0.4349509005304513,1.0,31.0,0.04058736328276399,20.080251316527747
2025-04-20,36.59184653870208,-0.0007982184374591972,0.3101637296237838,-0.07802270778561027,-0.546183211344259,1.4016376366567727,0.43473715696653054,1.0,31.0,0.040577316702415135,20.080251316527747
2025-04-21,36.681907843209984,0.0024612396756924504,0.31011837978062207,-0.07575350069392461,-0.546183211344259,1.402282427889379,0.43487355453189125,1.0,31.0,0.04056660615183672,20.080251316527747
2025-04-22,37.745177168155436,0.028986205665479492,0.31020643808389997,-0.04896310157943928,-0.546183211344259,1.4115032804656829,0.43785740497699954,1.0,31.0,0.040564296579650605,20.06908023881424
2025-04-23,37.87340304130378,0.00339714588110418,0.31016166479421237,-0.04573229049719174,-0.546183211344259,1.4124674237689123,0.4380932476237581,1.0,31.0,0.040560425830002494,20.06908023881424
2025-04-24,37.91955954535211,0.001218704957618666,0.3101160763079931,-0.04456931970872535,-0.546183211344259,1.412681445868442,0.43809522706582377,1.0,31.0,0.040550827182287814,20.06908023881424
2025-04-25,37.86146177613672,-0.001532131963344674,0.3100717987758803,-0.04603316559275972,-0.546183211344259,1.4119379994474728,0.43780215524869576,1.0,31.0,0.04061199176687292,20.022319760439405
2025-04-26,37.98690152672409,0.003313124869004147,0.31002702257912784,-0.04287255434948001,-0.546183211344259,1.4128729596755445,0.4380287969707692,1.0,31.0,0.04060073302079001,20.022319760439405
2025-04-27,37.885871854920055,-0.0026595923263960097,0.30998406899957476,-0.04541812315931504,-0.546183211344259,1.4117340280246347,0.43761505835223596,1.0,31.0,0.04059012478932593,20.022319760439405
2025-04-28,37.96147074337541,0.0019954374745512204,0.30993866971271583,-0.04351331470973974,-0.546183211344259,1.4122162100707398,0.4377004134960583,1.0,31.0,0.04057938851685563,20.022319760439405
2025-04-29,37.626531472657405,-0.008823137358987876,0.30991053783050415,-0.05195252811609874,-0.546183211344259,1.4088798076368043,0.4366266989232592,1.0,31.0,0.040656658863313315,20.022319760439405
2025-04-30,37.53251230731921,-0.0024987465402310782,0.3098674251752845,-0.05432145845644343,-0.546183211344259,1.4077987139595738,0.43623096265972994,1.0,31.0,0.040646877259807444,20.022319760439405
2025-05-01,37.84495432388847,0.008324569749313948,0.30983075347890743,-0.046449091476934545,-0.546183211344259,1.4104290841400013,0.4369943058676619,1.0,32.0,0.040637096586896196,20.022319760439405
2025-05-02,37.81555095124107,-0.0007769430079307416,0.30978599354503344,-0.04718994618801753,-0.546183211344259,1.4099507454327664,0.4367829925234501,1.0,32.0,0.04067768492290172,20.011378573451
2025-05-03,37.562648922695324,-0.0066877784981062005,0.30975131507756876,-0.05356212877868061,-0.546183211344259,1.4073848361793513,0.43593930382678275,1.0,32.0,0.040667812927272395,20.011378573451
2025-05-04,37.264746598701116,-0.007930812457004666,0.3097202966401959,-0.061068150037543734,-0.546183211344259,1.4043740121625992,0.4349631356407823,1.0,32.0,0.040657254650297035,20.011378573451
2025-05-05,37.30248169021013,0.001012621712294992,0.30967492523556306,-0.06011736725990646,-0.546183211344259,1.4045179347748327,0.4349439864434037,0.0,32.0,0.0406486466032351,20.011378573451
2025-05-06,37.27557951109819,-0.0007211900627781542,0.3096301997384565,-0.06079520127481641,-0.546183211344259,1.404060334914661,0.43473948194447065,0.0,32.0,0.04081945888673953,19.90728381594274
2025-05-07,37.27557951109819,0.0,0.3095851073833353,-0.06079520127481641,-0.546183211344259,1.4038536371950006,0.43461217902150007,0.0,32.0,0.040807505897314425,19.90728381594274
2025-05-08,37.27557951109819,0.0,0.3095400347225002,-0.06079520127481641,-0.546183211344259,1.4036470307350344,0.4344849506318568,0.0,32.0,0.04079555990612668,19.90728381594274
2025-05-09,37.27557951109819,0.0,0.3094949817416201,-0.06079520127481641,-0.546183211344259,1.4034405154676273,0.4343577967101032,0.0,32.0,0.04078362090703212,19.90728381594274
2025-05-10,37.27557951109819,0.0,0.30944994842637846,-0.06079520127481641,-0.546183211344259,1.4032340913257149,0.4342307171908785,0.0,32.0,0.04077168889389372,19.90728381594274
2025-05-11,37.27557951109819,0.0,0.30940493476247316,-0.06079520127481641,-0.546183211344259,1.4030277582423012,0.4341037120088982,0.0,32.0,0.04075976386058168,19.90728381594274
2025-05-12,37.27557951109819,0.0,0.3093599407356168,-0.06079520127481641,-0.546183211344259,1.4028215161504587,0.433976781098954,0.0,32.0,0.04074784580097332,19.90728381594274
2025-05-13,37.27557951109819,0.0,0.3093149663315364,-0.06079520127481641,-0.546183211344259,1.40261536498333,0.4338499243959143,0.0,32.0,0.04073593470895316,19.90728381594274
2025-05-14,37.27557951109819,0.0,0.3092700115359735,-0.06079520127481641,-0.546183211344259,1.402409304674125,0.4337231418347232,0.0,32.0,0.04072403057841285,19.90728381594274
2025-05-15,37.27557951109819,0.0,0.30922507633468427,-0.06079520127481641,-0.546183211344259,1.4022033351561232,0.43359643335040104,0.0,32.0,0.04071213340325117,19.90728381594274
2025-05-16,37.27557951109819,0.0,0.30918016071343923,-0.06079520127481641,-0.546183211344259,1.4019974563626725,0.4334697988780441,0.0,32.0,0.04070024317737405,19.90728381594274
2025-05-17,37.27557951109819,0.0,0.3091352646580233,-0.06079520127481641,-0.546183211344259,1.4017916682271894,0.43334323835282423,0.0,32.0,0.04068835989469453,19.90728381594274
2025-05-18,37.27557951109819,0.0,0.3090903881542362,-0.06079520127481641,-0.546183211344259,1.401585970683158,0.4332167517099892,0.0,32.0,0.04067648354913274,19.90728381594274
2025-05-19,37.27557951109819,0.0,0.30904553118789163,-0.06079520127481641,-0.546183211344259,1.4013803636641313,0.4330903388848622,0.0,32.0,0.04066461413461592,19.90728381594274
2025-05-20,37.27557951109819,0.0,0.3090006937448179,-0.06079520127481641,-0.546183211344259,1.401174847103731,0.4329639998128421,0.0,32.0,0.0406527516450784,19.90728381594274
2025-05-21,37.27557951109819,0.0,0.3089558758108578,-0.06079520127481641,-0.546183211344259,1.4009694209356465,0.432837734429403,0.0,32.0,0.04064089607446158,19.90728381594274
2025-05-22,37.27557951109819,0.0,0.3089110773718683,-0.06079520127481641,-0.546183211344259,1.400764085093635,0.43271154267009415,0.0,32.0,0.04062904741671392,19.90728381594274
2025-05-23,37.27557951109819,0.0,0.3088662984137208,-0.06079520127481641,-0.546183211344259,1.4005588395115212,0.43258542447054,0.0,32.0,0.040617205665790954,19.90728381594274
2025-05-24,37.27557951109819,0.0,0.3088215389223011,-0.06079520127481641,-0.546183211344259,1.4003536841231992,0.4324593797664402,0.0,32.0,0.04060537081565523,19.90728381594274
2025-05-25,37.27557951109819,0.0,0.3087767988835091,-0.06079520127481641,-0.546183211344259,1.400148618862629,0.4323334084935691,0.0,32.0,0.04059354286027636,19.90728381594274
2025-05-26,37.27557951109819,0.0,0.3087320782832593,-0.06079520127481641,-0.546183211344259,1.3999436436638402,0.432207510587776,1.0,32.0,0.040581721793630975,19.90728381594274
2025-05-27,37.59915494416715,0.008680627834977583,0.3086968052814251,-0.05264231395625807,-0.546183211344259,1.402684039019884,0.43300408166468407,1.0,32.0,0.04078759234694523,19.90728381594274
2025-05-28,37.25229094664003,-0.009225313655112588,0.3086705293202906,-0.061381985753593105,-0.546183211344259,1.399220309736437,0.431898073642047,1.0,32.0,0.04078066955226917,19.90728381594274
2025-05-29,36.74930711205097,-0.013502091329350208,0.3086627130203812,-0.07405529190532145,-0.546183211344259,1.3942031510878496,0.4303385271163401,1.0,32.0,0.04077017779342314,19.90728381594274
2025-05-30,35.65757395850886,-0.02970758469576973,0.30878181629685314,-0.10156287274464393,-0.546183211344259,1.38304584918262,0.427059409332433,1.0,32.0,0.040777594635381394,19.88915029374266
2025-05-31,35.72271372169063,0.001826814220663664,0.3087369930295592,-0.09992159502420173,-0.546183211344259,1.3834724297653243,0.42712911790504426,1.0,32.0,0.04077469874483835,19.88915029374266
2025-06-01,35.97230610626264,0.006986937960999917,0.30869792826791714,-0.09363280304860011,-0.546183211344259,1.385646808447649,0.42774629907884065,1.0,32.0,0.04076423842758965,19.88915029374266
2025-06-02,36.01913569650636,0.0013018234111925597,0.30865307206246423,-0.09245287301247174,-0.546183211344259,1.3858928306756113,0.427760079737372,1.0,33.0,0.04076797388073155,19.876868192174932
2025-06-03,35.955161960194246,-0.0017761041478382422,0.30860972525701436,-0.09406477122907297,-0.546183211344259,1.3850744961643289,0.4274474597217711,1.0,33.0,0.04081312939034872,19.836956917991518
2025-06-04,35.855231003730594,-0.002779321549831626,0.3085675850279248,-0.09658265653314768,-0.546183211344259,1.383906439759234,0.4270286680211001,1.0,33.0,0.04080248299519826,19.836956917991518
2025-06-05,35.21049053225839,-0.017981768724488756,0.3085857573305881,-0.11282769826506067,-0.546183211344259,1.3772474345700225,0.42499894262839993,1.0,33.0,0.040793006451235805,19.836956917991518
2025-06-06,35.715758975723844,0.014349940481588774,0.3085708074249718,-0.10009682853825008,-0.546183211344259,1.3818415450931196,0.4263959613027545,1.0,33.0,0.04082326975762904,19.836956917991518
2025-06-07,36.14896558977137,0.012129284844317079,0.3085466486786898,-0.0891816466392863,-0.546183211344259,1.385712531194927,0.42755695753225914,1.0,33.0,0.040815774435995975,19.836956917991518
2025-06-08,36.18549878742439,0.0010106291302387493,0.30850189404247624,-0.08826114707902388,-0.546183211344259,1.3858583790436536,0.4275399348096031,1.0,33.0,0.04080722753213485,19.836956917991518
2025-06-09,37.16836116660302,0.027161775078811567,0.3085730109063068,-0.06349670142537067,-0.546183211344259,1.3944552083845234,0.4302912422251938,1.0,33.0,0.04080030544524868,19.836956917991518
2025-06-10,37.4691979912499,0.008093895323993738,0.3085364723740845,-0.055916741756132815,-0.546183211344259,1.396992192171877,0.43102304290685006,1.0,33.0,0.04084033610315594,19.812788685431123
2025-06-11,37.07540881285737,-0.010509677268365714,0.30851518134711575,-0.06583875211474288,-0.546183211344259,1.393079632006162,0.42978621529935435,1.0,33.0,0.04083236477363735,19.812788685431123
2025-06-12,36.43708490437933,-0.0172169081587219,0.30852846284281227,-0.08192212052502046,-0.546183211344259,1.386713888824596,0.42784070452183104,1.0,33.0,0.04082184848718403,19.812788685431123
2025-06-13,36.324774573945845,-0.0030823083330684398,0.308486872398367,-0.08475191962333195,-0.546183211344259,1.3854425988891905,0.42739085421879164,1.0,33.0,0.040867097735996206,19.793179651796887
2025-06-14,36.18599295068093,-0.003820577688167126,0.3084464677982826,-0.08824869601835683,-0.546183211344259,1.3839134830137803,0.4268632255740191,1.0,33.0,0.040856330193523714,19.793179651796887
2025-06-15,36.30120664053253,0.0031839305890715153,0.308402508983776,-0.08534574315198384,-0.546183211344259,1.384800993758618,0.42707610091838416,1.0,33.0,0.0408458705407454,19.793179651796887
2025-06-16,36.33008908306019,0.0007956331262941596,0.3083578984312743,-0.08461801392612955,-0.546183211344259,1.3848730514914533,0.4270365437520105,1.0,33.0,0.04083507155837666,19.793179651796887
2025-06-17,35.967129161331606,-0.009990614691275934,0.30833461022877734,-0.09376324264432834,-0.546183211344259,1.3811548323317935,0.42585783689261586,1.0,33.0,0.04087663927778082,19.793179651796887
2025-06-18,35.96854498781626,3.936445631524954e-05,0.30829022888774327,-0.09372756912708224,-0.546183211344259,1.3809675627144509,0.425738805995787,1.0,33.0,0.040867605532342983,19.793179651796887
2025-06-19,35.92866644500513,-0.0011087060325803977,0.3082465352606371,-0.0947323588383524,-0.546183211344259,1.3803842500731518,0.4254986624134019,1.0,33.0,0.040856569217000836,19.793179651796887
2025-06-20,35.52221433020506,-0.011312752601664422,0.3082286224264894,-0.10497342770110651,-0.546183211344259,1.3761924661804172,0.4241819080445031,1.0,33.0,0.04086022842940691,19.78775303913545
2025-06-21,35.19395330312211,-0.009241006881821279,0.30820259437169756,-0.11324437441513335,-0.546183211344259,1.3727479058965366,0.4230844660156275,1.0,33.0,0.040850802929400964,19.78775303913545
2025-06-22,34.9066548520715,-0.008163290113393451,0.3081729326062948,-0.12048321784646643,-0.546183211344259,1.3696897761885982,0.4221013150888999,1.0,33.0,0.04084127031717734,19.78775303913545
2025-06-23,35.81069836114935,0.02589888698613585,0.3082331078039867,-0.0977047121030622,-0.546183211344259,1.3778854700935552,0.4247099206448937,0.0,33.0,0.04083484026306312,19.78775303913545
2025-06-24,35.78117271487807,-0.0008244923339253418,0.3081892764934912,-0.09844864765087014,-0.546183211344259,1.3774015171311949,0.4245003770057001,0.0,33.0,0.040944101547495275,19.773355172335112
2025-06-25,35.78117271487807,0.0,0.30814501988038634,-0.09844864765087014,-0.546183211344259,1.3772016528848021,0.4243778307074883,0.0,33.0,0.04093228165674831,19.773355172335112
2025-06-26,35.78117271487807,0.0,0.3081007823271357,-0.09844864765087014,-0.546183211344259,1.3770018756155058,0.42425535514307056,0.0,33.0,0.0409204685884491,19.773355172335112
2025-06-27,35.78117271487807,0.0,0.3080565638200631,-0.09844864765087014,-0.546183211344259,1.376802185260239,0.42413295025122316,0.0,33.0,0.040908662336692485,19.773355172335112
2025-06-28,35.78117271487807,0.0,0.30801236434550583,-0.09844864765087014,-0.546183211344259,1.376602581756,0.42401061597079304,0.0,33.0,0.04089686289558008,19.773355172335112
2025-06-29,35.78117271487807,0.0,0.3079681838898151,-0.09844864765087014,-0.546183211344259,1.37640306503985,0.42388835224069765,0.0,33.0,0.04088507025922034,19.773355172335112
2025-06-30,35.78117271487807,0.0,0.3079240224393558,-0.09844864765087014,-0.546183211344259,1.3762036350489142,0.42376615899992487,0.0,33.0,0.040873284421728495,19.773355172335112
2025-07-01,35.78117271487807,0.0,0.30787987998050637,-0.09844864765087014,-0.546183211344259,1.376004291720382,0.42364403618753294,0.0,33.0,0.040861505377226555,19.773355172335112
2025-07-02,35.78117271487807,0.0,0.30783575649965894,-0.09844864765087014,-0.546183211344259,1.3758050349915072,0.4235219837426504,0.0,33.0,0.040849733119843315,19.773355172335112
2025-07-03,35.78117271487807,0.0,0.30779165198321945,-0.09844864765087014,-0.546183211344259,1.375605864799605,0.42340000160447566,0.0,33.0,0.04083796764371433,19.773355172335112
2025-07-04,35.78117271487807,0.0,0.3077475664176073,-0.09844864765087014,-0.546183211344259,1.3754067810820556,0.42327808971227737,0.0,33.0,0.040826208942981904,19.773355172335112
2025-07-05,35.78117271487807,0.0,0.30770349978925554,-0.09844864765087014,-0.546183211344259,1.3752077837763028,0.42315624800539414,0.0,33.0,0.04081445701179509,19.773355172335112
2025-07-06,35.78117271487807,0.0,0.3076594520846109,-0.09844864765087014,-0.546183211344259,1.375008872819853,0.4230344764232344,0.0,33.0,0.04080271184430968,19.773355172335112
2025-07-07,35.78117271487807,0.0,0.30761542329013347,-0.09844864765087014,-0.546183211344259,1.3748100481502763,0.422912774905276,0.0,33.0,0.04079097343468819,19.773355172335112
2025-07-08,35.78117271487807,0.0,0.3075714133922972,-0.09844864765087014,-0.546183211344259,1.3746113097052055,0.4227911433910668,0.0,33.0,0.040779241777099844,19.773355172335112
2025-07-09,35.78117271487807,0.0,0.3075274223775894,-0.09844864765087014,-0.546183211344259,1.374412657422337,0.4226695818202241,0.0,33.0,0.04076751686572057,19.773355172335112
2025-07-10,35.78117271487807,0.0,0.30748345023251084,-0.09844864765087014,-0.546183211344259,1.3742140912394303,0.42254809013243444,0.0,33.0,0.04075579869473301,19.773355172335112
2025-07-11,35.78117271487807,0.0,0.3074394969435759,-0.09844864765087014,-0.546183211344259,1.3740156110943074,0.4224266682674539,0.0,33.0,0.04074408725832648,19.773355172335112
2025-07-12,35.78117271487807,0.0,0.3073955624973125,-0.09844864765087014,-0.546183211344259,1.373817216924853,0.4223053161651076,0.0,33.0,0.04073238255069697,19.773355172335112
2025-07-13,35.78117271487807,0.0,0.3073516468802619,-0.09844864765087014,-0.546183211344259,1.3736189086690154,0.4221840337652899,0.0,33.0,0.04072068456604714,19.773355172335112
2025-07-14,35.78117271487807,0.0,0.3073077500789789,-0.09844864765087014,-0.546183211344259,1.3734206862648044,0.4220628210079642,0.0,33.0,0.04070899329858632,19.773355172335112
2025-07-15,35.78117271487807,0.0,0.30726387208003175,-0.09844864765087014,-0.546183211344259,1.3732225496502937,0.4219416778331629,0.0,33.0,0.04069730874253047,19.773355172335112
2025-07-16,35.78117271487807,0.0,0.307220012870002,-0.09844864765087014,-0.546183211344259,1.3730244987636187,0.42182060418098694,0.0,33.0,0.04068563089210219,19.773355172335112
2025-07-17,35.78117271487807,0.0,0.30717617243548473,-0.09844864765087014,-0.546183211344259,1.372826533542977,0.4216995999916063,0.0,33.0,0.040673959741530735,19.773355172335112
2025-07-18,35.78117271487807,0.0,0.30713235076308837,-0.09844864765087014,-0.546183211344259,1.3726286539266295,0.4215786652052594,0.0,33.0,0.04066229528505195,19.773355172335112
2025-07-19,35.78117271487807,0.0,0.3070885478394346,-0.09844864765087014,-0.546183211344259,1.3724308598528985,0.4214577997622532,0.0,33.0,0.0406506375169083,19.773355172335112
2025-07-20,35.78117271487807,0.0,0.30704476365115885,-0.09844864765087014,-0.546183211344259,1.3722331512601689,0.42133700360296344,0.0,33.0,0.040638986431348854,19.773355172335112
2025-07-21,35.78117271487807,0.0,0.3070009981849093,-0.09844864765087014,-0.546183211344259,1.3720355280868877,0.4212162766678337,0.0,33.0,0.04062734202262927,19.773355172335112
2025-07-22,35.78117271487807,0.0,0.30695725142734775,-0.09844864765087014,-0.546183211344259,1.371837990271564,0.42109561889737596,0.0,33.0,0.04061570428501179,19.773355172335112
2025-07-23,35.78117271487807,0.0,0.30691352336514943,-0.09844864765087014,-0.546183211344259,1.3716405377527687,0.42097503023217053,0.0,33.0,0.04060407321276522,19.773355172335112
2025-07-24,35.78117271487807,0.0,0.3068698139850027,-0.09844864765087014,-0.546183211344259,1.3714431704691343,0.4208545106128656,1.0,33.0,0.040592448800164944,19.773355172335112
2025-07-25,36.08625699633018,0.00852639134785127,0.3068351492930552,-0.09076166800055685,-0.546183211344259,1.3741084380037285,0.42162476771972096,1.0,33.0,0.04072725443355772,19.773355172335112
2025-07-26,36.14940551950476,0.0017499327564232114,0.30679131004932836,-0.08917056205999552,-0.546183211344259,1.374507267364653,0.42168688522712433,1.0,33.0,0.04071852758572574,19.773355172335112
2025-07-27,36.65253739697528,0.013918123140339134,0.30677514091478186,-0.07649352578290058,-0.546183211344259,1.37892329303961,0.4230193875329014,1.0,33.0,0.04070839830279567,19.773355172335112
2025-07-28,36.29145532463223,-0.009851489091526,0.3067518947611042,-0.08559143973960404,-0.546183211344259,1.3752813835402988,0.42187017023065954,1.0,33.0,0.04070224307513203,19.773355172335112
2025-07-29,36.3336249656846,0.0011619716177031503,0.3067080448788736,-0.08452892294559655,-0.546183211344259,1.3754801034662043,0.4218708133039103,1.0,33.0,0.04083319721341336,19.773355172335112
2025-07-30,35.94613111232433,-0.01066488283858924,0.3066879712912056,-0.09429231472449895,-0.546183211344259,1.3715494930603354,0.4206377315521558,1.0,33.0,0.040826508084416284,19.773355172335112
2025-07-31,35.10479764432095,-0.02340539696398436,0.30674666020330915,-0.11549076263170333,-0.546183211344259,1.3629380692377002,0.41807670080261106,1.0,33.0,0.0408198277664576,19.773355172335112
2025-08-01,34.17578017086867,-0.02646411703793361,0.30683234433124934,-0.13889851861055136,-0.546183211344259,1.3531762575088633,0.41519824338483086,1.0,33.0,0.04088320488515149,19.703569541566242
2025-08-02,33.66880013278016,-0.014834483237946783,0.30683185142449515,-0.15167251410239424,-0.546183211344259,1.3477529792715177,0.41353354189275904,1.0,33.0,0.04089254142239694,19.688931008461065
2025-08-03,34.27974742998114,0.018145799517404138,0.3068371863275111,-0.13627893361819277,-0.546183211344259,1.3535067983464648,0.4153062176797872,1.0,33.0,0.04088846442772451,19.688931008461065
2025-08-04,34.95039481368994,0.019563953470737916,0.3068510170952234,-0.11938113486380308,-0.546183211344259,1.3597009062747567,0.4172256060357061,0.0,33.0,0.04087871151829043,19.688931008461065
2025-08-05,34.90658896666558,-0.0012533720222009936,0.30680821501540595,-0.12048487791158724,-0.546183211344259,1.359077189037685,0.4169760464368076,0.0,33.0,0.04106702450169737,19.55810986183229
2025-08-06,34.90658896666558,0.0,0.3067646785482713,-0.12048487791158724,-0.546183211344259,1.3588823728987292,0.41685711430719075,0.0,33.0,0.04105531114616352,19.55810986183229
2025-08-07,34.90658896666558,0.0,0.3067211606088762,-0.12048487791158724,-0.546183211344259,1.3586876405131847,0.41673825000313963,1.0,33.0,0.04104360447061571,19.55810986183229
2025-08-08,34.944462670217206,0.001085001561962784,0.3066774406557875,-0.11953060263035131,-0.546183211344259,1.358862082255794,0.4167323455904011,1.0,33.0,0.0411518428540538,19.55810986183229
2025-08-09,35.15407706799433,0.0059985011003123034,0.3066377385504569,-0.11424910598143811,-0.546183211344259,1.360685544068145,0.417237538111354,1.0,33.0,0.04114124711949301,19.55810986183229
2025-08-10,35.29947132933126,0.004135914621103964,0.3065955733746233,-0.11058571590821087,-0.546183211344259,1.3618877481161307,0.4175487550055396,1.0,33.0,0.04113180311373856,19.55810986183229
2025-08-11,35.07128054880925,-0.006464424874612962,0.3065617207045958,-0.11633526773012981,-0.546183211344259,1.3594580338181332,0.41675779407297353,0.0,33.0,0.04112236211281334,19.55810986183229
2025-08-12,35.04537792967053,-0.0007385706690313798,0.3065186719665511,-0.11698791658264174,-0.546183211344259,1.3590113953161977,0.4165623680797305,0.0,33.0,0.04122870494625259,19.441044187897965
2025-08-13,35.04537792967053,0.0,0.3064752632396748,-0.11698791658264174,-0.546183211344259,1.3588169769020073,0.4164437906905818,0.0,33.0,0.04121696890726988,19.441044187897965
2025-08-14,35.04537792967053,0.0,0.30643187294938284,-0.11698791658264174,-0.546183211344259,1.3586226419036913,0.4163252807899868,0.0,33.0,0.041205239547876804,19.441044187897965
2025-08-15,35.04537792967053,0.0,0.30638850108262883,-0.11698791658264174,-0.546183211344259,1.3584283902616172,0.4162068383203453,0.0,33.0,0.04119351686237243,19.441044187897965
2025-08-16,35.04537792967053,0.0,0.306345147626379,-0.11698791658264174,-0.546183211344259,1.358234221916213,0.41608846322412224,0.0,33.0,0.04118180084506231,19.441044187897965
2025-08-17,35.04537792967053,0.0,0.3063018125676127,-0.11698791658264174,-0.546183211344259,1.358040136807964,0.4159701554438481,0.0,33.0,0.041170091490258486,19.441044187897965
2025-08-18,35.04537792967053,0.0,0.3062584958933222,-0.11698791658264174,-0.546183211344259,1.3578461348774167,0.41585191492211876,1.0,33.0,0.04115838879227944,19.441044187897965
2025-08-19,33.893274396726085,-0.03287462144812636,0.30641080312272445,-0.14601660455910892,-0.546183211344259,1.3456571850441046,0.4123238987972287,1.0,33.0,0.04137448811624255,19.441044187897965
2025-08-20,34.91248935373756,0.030071303972623253,0.30650895317153026,-0.12033621028723296,-0.546183211344259,1.3550173533883563,0.41532495051632257,1.0,33.0,0.04137798476246874,19.441044187897965
2025-08-21,34.16687197728034,-0.02135675198931075,0.30655096814169625,-0.13912297167810572,-0.546183211344259,1.3472248216182114,0.41299307337158675,1.0,33.0,0.04137986736360487,19.441044187897965
2025-08-22,36.48242239481253,0.06777180009548278,0.30725708507852373,-0.08077978580788114,-0.546183211344259,1.3666057376228589,0.41989929539358545,1.0,33.0,0.041406881105701836,19.44009458433884
2025-08-23,36.13161276350869,-0.009615853561130816,0.3072330136976034,-0.08961887277798386,-0.546183211344259,1.36308221888686,0.41878385802622636,1.0,33.0,0.041417045479487366,19.44009458433884
2025-08-24,35.99122250982782,-0.0038855241419685216,0.3071936880967749,-0.09315618062619757,-0.546183211344259,1.3615597961534087,0.4182625753446586,1.0,33.0,0.04140788617008952,19.44009458433884
2025-08-25,34.0764290107166,-0.053201679898157384,0.3076474351978924,-0.14140179522214513,-0.546183211344259,1.3412596552294331,0.4126350928657445,1.0,33.0,0.04140880605178631,19.44009458433884
2025-08-26,35.16198042261725,0.03185637237866845,0.3077625741346573,-0.11404997108708559,-0.546183211344259,1.3510925921447685,0.41581573405274064,1.0,33.0,0.04141106660212243,19.422215436724045
2025-08-27,34.8973015281387,-0.007527417150494209,0.307731567724392,-0.12071888652920548,-0.546183211344259,1.348314212283789,0.41491884633116904,1.0,33.0,0.041410242599101456,19.422215436724045
2025-08-28,35.18490743032503,0.00824149402940022,0.3076964356720143,-0.11347229648237156,-0.546183211344259,1.3508570125001962,0.4156538878488561,1.0,33.0,0.04140340068207387,19.422215436724045
2025-08-29,34.24993676751358,-0.026573060186755537,0.3077818600714921,-0.1370300505051717,-0.546183211344259,1.3411696435057414,0.41278768754961703,1.0,33.0,0.041406641658116784,19.41959525990127
2025-08-30,34.266940197031,0.0004964514134093712,0.30773832942925694,-0.13660162785401508,-0.546183211344259,1.3411461746996842,0.4127220833225192,1.0,33.0,0.041402486209162766,19.41959525990127
2025-08-31,34.15594107335329,-0.0032392481803007467,0.30769795655998183,-0.1393983894598636,-0.546183211344259,1.3398540602473408,0.4122703564267015,1.0,33.0,0.04139208679257092,19.41959525990127
2025-09-01,33.8724893784365,-0.008298752310997637,0.30766931968008554,-0.14654030906418192,-0.546183211344259,1.3368119776237462,0.4112960316956877,1.0,33.0,0.04138194313137602,19.41959525990127
2025-09-02,34.46469443935574,0.017483363986121603,0.3076706824072969,-0.13161896264006823,-0.546183211344259,1.3422983556030483,0.41298585106258234,1.0,33.0,0.04141111976278703,19.41274241009302
2025-09-03,34.69689030422243,0.006737209444153347,0.30763242288466813,-0.1257684977140432,-0.546183211344259,1.3443473272530586,0.4135648254813863,1.0,33.0,0.041403381556770695,19.41274241009302
2025-09-04,34.07601612422964,-0.017894231285540685,0.30764964966753283,-0.14141219841305375,-0.546183211344259,1.3378861251238026,0.4116001976893909,1.0,33.0,0.041397656674815174,19.41274241009302
2025-09-05,34.25409719237433,0.00522599436200144,0.30760896146033695,-0.1369252234026772,-0.546183211344259,1.3394383600203157,0.41202324286598624,1.0,33.0,0.04139373385499188,19.411415173069013
2025-09-06,33.890483512958866,-0.010615187940098747,0.30758860441742875,-0.1460869243626166,-0.546183211344259,1.3355869343858489,0.4108113212258952,1.0,33.0,0.04138591310536661,19.411415173069013
2025-09-07,34.61331697476965,0.021328508385972,0.3076135636751828,-0.12787423216799354,-0.546183211344259,1.342254129846878,0.4128955762399297,1.0,33.0,0.04138170720689483,19.411415173069013
2025-09-08,35.16345411489864,0.01589380008076069,0.30760662709717534,-0.11401283956879182,-0.546183211344259,1.3472340976739012,0.41441813669577526,1.0,33.0,0.0413733534564515,19.411415173069013
2025-09-09,35.19609262386725,0.0009281940523238053,0.3075631839587791,-0.11319047155604423,-0.546183211344259,1.347354932783829,0.41439677304956124,1.0,33.0,0.04149303488545845,19.41011201249001
2025-09-10,35.42323668292393,0.006453672613153882,0.3075244910678933,-0.10746729318924164,-0.546183211344259,1.3493070960281455,0.4149449780003525,1.0,33.0,0.04148227628435373,19.41011201249001
2025-09-11,35.66981073724345,0.006960799673012108,0.3074867589379268,-0.10125455181552079,-0.546183211344259,1.3514244770757073,0.4155451324053918,1.0,33.0,0.041471707941221375,19.41011201249001
2025-09-12,35.93266022449375,0.007368962206907748,0.30744986425353915,-0.09463173057421903,-0.546183211344259,1.3536743558436277,0.4161869969476204,1.0,33.0,0.04147273166603701,19.412110488582677
2025-09-13,35.96514541676857,0.0009040575362877501,0.3074064944253963,-0.0938132255671289,-0.546183211344259,1.353786208175215,0.4161626724565926,1.0,33.0,0.041463382150231855,19.412110488582677
2025-09-14,35.78647428512613,-0.00496789682265919,0.3073693806712363,-0.09831506796456968,-0.546183211344259,1.351903605678082,0.4155337740044833,1.0,33.0,0.04145260952926476,19.412110488582677
2025-09-15,35.65580373062303,-0.0036513950343920465,0.30732987830096536,-0.1016074758479899,-0.546183211344259,1.350473126397332,0.4150407415844163,1.0,33.0,0.04144201322299697,19.412110488582677
2025-09-16,35.93360876759991,0.007791299253150363,0.30729396451446306,-0.09460783084552848,-0.546183211344259,1.3528592572898488,0.41572548460268965,1.0,33.0,0.041571982652859496,19.412110488582677
2025-09-17,36.55021652019834,0.01715963894932826,0.30729360934765265,-0.07907162811528856,-0.546183211344259,1.3582241724611206,0.4173736082588064,1.0,33.0,0.04156307769354037,19.412110488582677
2025-09-18,36.72511385044622,0.004785124327546075,0.30725253219020854,-0.07466487135905553,-0.546183211344259,1.359624711331948,0.41774813538512234,1.0,33.0,0.04155595610581342,19.412110488582677
2025-09-19,36.02016353290393,-0.019195320140136918,0.3072784569639663,-0.09242697539023326,-0.546183211344259,1.3527041909235402,0.41565685651567585,1.0,33.0,0.04155671382201565,19.409671575171902
2025-09-20,36.228553128052106,0.005785359496155884,0.3072387980711765,-0.08717633917385215,-0.546183211344259,1.3544333296708893,0.41613446827562556,1.0,33.0,0.04155167688635976,19.409671575171902
2025-09-21,35.90703628179146,-0.008874680838735771,0.30721231594414733,-0.09527735782573055,-0.546183211344259,1.3512002558148,0.41510535989318903,1.0,33.0,0.04154426723000742,19.409671575171902
2025-09-22,34.647899598275195,-0.035066572290589626,0.30738811964863194,-0.12700287976046787,-0.546183211344259,1.3383280263945498,0.41138613550648534,1.0,33.0,0.041538779991784514,19.409671575171902
2025-09-23,34.440206503532615,-0.0059943920742867585,0.307353342169402,-0.1322359667789068,-0.546183211344259,1.3360998402210242,0.4106547513639358,1.0,33.0,0.041597972322075766,19.395123480528905
2025-09-24,34.607794880798785,0.004866067723751311,0.30731244800502433,-0.1280133682250174,-0.546183211344259,1.3375274892480216,0.41103884699482335,1.0,33.0,0.041589075044809146,19.395123480528905
2025-09-25,33.58261960563117,-0.029622669652853317,0.30742707009646336,-0.15384394015979197,-0.546183211344259,1.3267624237835123,0.40788268465784744,1.0,33.0,0.04158304281374341,19.395123480528905
2025-09-26,34.371765518448065,0.023498640727972475,0.3074674287156192,-0.13396042290981014,-0.546183211344259,1.3340577852313475,0.4101793169831362,1.0,33.0,0.04165137678026041,19.395123480528905
2025-09-27,34.340745231484554,-0.0009024932672387909,0.3074249026218256,-0.13474201779729633,-0.546183211344259,1.33356617140537,0.40997145038405663,1.0,33.0,0.041646565203929696,19.395123480528905
2025-09-28,34.95917790683104,0.018008714463758624,0.3074292574810582,-0.11915983385831996,-0.546183211344259,1.339180202862001,0.4117031753991979,1.0,33.0,0.04163883230776341,19.395123480528905
2025-09-29,35.18911683658204,0.006577355175908517,0.30739102727113565,-0.11336623523239997,-0.546183211344259,1.3411643656692591,0.41226189210251457,1.0,33.0,0.04163132182216443,19.395123480528905
2025-09-30,34.878910249574744,-0.008815412687049995,0.30736434993746825,-0.12118227777109924,-0.546183211344259,1.3379643644176453,0.41124254710872743,1.0,33.0,0.04162848811878914,19.39463962509263
2025-10-01,36.0009639969296,0.03216997719613479,0.3074817764303648,-0.09291073168743635,-0.546183211344259,1.3477987982679724,0.41442356876214703,1.0,33.0,0.041625743997899534,19.39463962509263
2025-10-02,36.82295201090828,0.0228323889896056,0.3075170230262371,-0.07219971666502711,-0.546183211344259,1.3548721359727023,0.41664624583552456,1.0,33.0,0.041618432494383045,19.39463962509263
2025-10-03,37.01353616831791,0.0051756892644885255,0.30747658748857765,-0.06739771069898093,-0.546183211344259,1.3563940041614742,0.41705939968953765,1.0,33.0,0.041617511497379786,19.395041821831843
2025-10-04,36.59925254962583,-0.011192759773293148,0.3074587891223819,-0.07783610408715058,-0.546183211344259,1.3523648189914184,0.4157964496988107,1.0,33.0,0.041610158319600805,19.395041821831843
2025-10-05,36.686352782769234,0.002379836392158552,0.30741593252207816,-0.07564150488812238,-0.546183211344259,1.3529664373073254,0.4159234389959052,1.0,33.0,0.04160213868442549,19.395041821831843
2025-10-06,37.39066529401612,0.019198215625775727,0.3074271012500775,-0.057895471183446956,-0.546183211344259,1.3589281093154877,0.41777132945410883,1.0,33.0,0.04159375771137416,19.395041821831843
2025-10-07,36.407150037985474,-0.02630376454382155,0.30750932507156553,-0.0826763668851056,-0.546183211344259,1.3494335921333578,0.4149634131458271,1.0,33.0,0.04161589168205074,19.39843882112862
2025-10-08,36.94431686824914,0.014754432294294073,0.30749707142463356,-0.06914177744835603,-0.546183211344259,1.3540163860768002,0.416356073379582,1.0,33.0,0.04161604246777925,19.39843882112862
2025-10-09,36.22378304214618,-0.019503238581255355,0.3075248333451433,-0.08729652744810401,-0.546183211344259,1.3470307874913459,0.41424541843405327,1.0,33.0,0.041612776543135305,19.39843882112862
2025-10-10,36.066841641042345,-0.004332551377122518,0.30748673876903426,-0.0912508621350131,-0.546183211344259,1.3453802188711073,0.4136865759050463,1.0,33.0,0.04179905186489058,19.467716245608113
2025-10-11,36.05226042389307,-0.00040428317218343945,0.30744408731687994,-0.09161825411918811,-0.546183211344259,1.3450557942828454,0.4135294510635704,1.0,33.0,0.04178809494564682,19.467716245608113
2025-10-12,36.10153267915729,0.0013666897632740316,0.3074010701390326,-0.0903767780859479,-0.546183211344259,1.3453216926609308,0.4135533280052249,1.0,33.0,0.041776546055226974,19.467716245608113
2025-10-13,36.12775268099065,0.0007262850047500269,0.30735808942145193,-0.08971613237989928,-0.546183211344259,1.345374673844096,0.41351178930873034,1.0,33.0,0.04176529675372843,19.467716245608113
2025-10-14,35.61173320893098,-0.01428318768167347,0.30735456338682077,-0.1027178877047169,-0.546183211344259,1.3402691459613825,0.41193783817778784,1.0,33.0,0.041856781326640426,19.467716245608113
2025-10-15,35.237789205055925,-0.010500584222653764,0.30733403735397863,-0.11213987409635418,-0.546183211344259,1.3364964673296034,0.4107508552137368,1.0,33.0,0.0418476637232175,19.467716245608113
2025-10-16,34.89692235679468,-0.009673332406799573,0.3073104299069494,-0.1207284402249631,-0.546183211344259,1.3330134922509709,0.40964894937540985,1.0,33.0,0.04183874164117451,19.467716245608113
2025-10-17,34.568901600621956,-0.009399704444390977,0.3072858550647789,-0.12899333301320703,-0.546183211344259,1.329627010660718,0.4085755728881046,1.0,33.0,0.04183295130165023,19.460717544428547
2025-10-18,34.79796193740336,0.006626196557465436,0.3072479545241598,-0.12322187163488973,-0.546183211344259,1.3316188843170516,0.40913717841215785,1.0,33.0,0.04182449214111545,19.460717544428547
2025-10-19,35.043181888588734,0.00704696302692942,0.3072108655953947,-0.11704324858148052,-0.546183211344259,1.333746346408298,0.40974136956478835,1.0,33.0,0.04181392855300705,19.460717544428547
2025-10-20,35.26433025212782,0.006310738683552586,0.30717243265997335,-0.11147113925439966,-0.546183211344259,1.3356347726389437,0.41027018225675477,0.0,33.0,0.04180365218543859,19.460717544428547
2025-10-21,35.22171848705491,-0.0012083531650325385,0.30713045462218674,-0.11254479591550448,-0.546183211344259,1.3350434977461951,0.4100325164031832,0.0,33.0,0.04189548040952387,19.392578553455174
2025-10-22,35.22171848705491,0.0,0.30708780149069204,-0.11254479591550448,-0.546183211344259,1.3348562726650224,0.40991807807876146,0.0,33.0,0.04188378755984217,19.392578553455174
2025-10-23,35.22171848705491,0.0,0.3070451661242164,-0.11254479591550448,-0.546183211344259,1.334669126330502,0.4098037036150117,1.0,33.0,0.0418721012351882,19.392578553455174
2025-10-24,35.23893330234594,0.0004887556891173261,0.3070024061756668,-0.11211104713567144,-0.546183211344259,1.3346447664676262,0.4097391546953222,1.0,33.0,0.04205847635560657,19.392578553455174
2025-10-25,35.45556275445025,0.006147446355587727,0.30696378252118134,-0.10665279742821898,-0.546183211344259,1.3364788726616263,0.4102506100118571,1.0,33.0,0.04205086412907691,19.392578553455174
2025-10-26,36.207081492073044,0.021196074162677547,0.30698775206850343,-0.08771734386948704,-0.546183211344259,1.3430277615367447,0.41229307347975935,1.0,33.0,0.04204473174928641,19.392578553455174
2025-10-27,35.96402957082004,-0.006712828298691242,0.3069551580160214,-0.09384134069996508,-0.546183211344259,1.3405713224649412,0.4114952821189728,1.0,33.0,0.042040294742895286,19.392578553455174
2025-10-28,35.52069083626112,-0.0123272820050907,0.30694237495393245,-0.10501181403451154,-0.546183211344259,1.3361691994704346,0.4101269474257499,1.0,33.0,0.042036639078630735,19.392578553455174
2025-10-29,35.337151852095836,-0.005167100634707156,0.3069061754810332,-0.10963630805826918,-0.546183211344259,1.3342428167440512,0.40948736004995784,1.0,33.0,0.0420280886887742,19.392578553455174
2025-10-30,34.452407202422364,-0.025037237108881505,0.3069767183125224,-0.13192855492655342,-0.546183211344259,1.3252746687686532,0.4068284686813163,1.0,33.0,0.04202029739246017,19.392578553455174
2025-10-31,34.74926382969074,0.008616426292775925,0.30694329769636697,-0.12444888130321452,-0.546183211344259,1.3279024748590822,0.40759076465241373,1.0,33.0,0.042017643353751924,19.39147951789994
2025-11-01,34.803206191908025,0.0015523310790599432,0.3069006120567326,-0.12308973609035567,-0.546183211344259,1.328231369235273,0.40763502017125725,1.0,33.0,0.04200912187497307,19.39147951789994
2025-11-02,34.870268552995846,0.0019269018123799775,0.3068580214076943,-0.12140001611353368,-0.546183211344259,1.3286838320338592,0.40771729177430327,1.0,33.0,0.04199827457216534,19.39147951789994
2025-11-03,32.92934622872788,-0.05566123820693125,0.3073481268583857,-0.1703039791052442,-0.546183211344259,1.307808846816273,0.401952599357807,1.0,33.0,0.041999302595029,19.39147951789994
2025-11-04,32.03301125136444,-0.027219944518104944,0.30743778718806813,-0.19288825876089177,-0.546183211344259,1.2980771021188484,0.39907795187491873,1.0,33.0,0.041996763659886735,19.38563103994224
2025-11-05,32.784004086033,0.023444340863725932,0.307477470237953,-0.1739660559841667,-0.546183211344259,1.305285822321184,0.4013459825847839,1.0,33.0,0.041996981620570584,19.38563103994224
2025-11-06,32.07385318778965,-0.021661505909398526,0.3075201768208132,-0.19185919514382943,-0.546183211344259,1.29759608920372,0.39903697879392364,1.0,33.0,0.04199631009326686,19.38563103994224
2025-11-07,33.151519836700835,0.03359953799755644,0.30765161500801763,-0.16470603746368873,-0.546183211344259,1.3077573824884323,0.402333670761224,1.0,33.0,0.04199271664417159,19.383685566155858
2025-11-08,32.866266415326685,-0.008604535260502866,0.30762440593937845,-0.1718933538172176,-0.546183211344259,1.3046738145277672,0.4013495071387672,1.0,33.0,0.041992125874579206,19.383685566155858
2025-11-09,33.36995802937023,0.015325489292834948,0.3076150237857811,-0.159202214277818,-0.546183211344259,1.3094011144107174,0.4027914549545811,1.0,33.0,0.04198568957537954,19.383685566155858
2025-11-10,33.74727421231738,0.011307061957196884,0.3075894653178078,-0.1496952616211833,-0.546183211344259,1.3128713756633863,0.40382540447135573,0.0,33.0,0.041977414672628874,19.383685566155858
2025-11-11,33.69822356379673,-0.0014534699369215254,0.3075478560945332,-0.15093115399563883,-0.546183211344259,1.3122058019636316,0.4035660811487225,0.0,33.0,0.042160098833865324,19.36372245138786
2025-11-12,33.69822356379673,0.0,0.3075053868186599,-0.15093115399563883,-0.546183211344259,1.3120228821117392,0.4034541038787034,0.0,33.0,0.042148400693234396,19.36372245138786
2025-11-13,33.69822356379673,0.0,0.3074629351311463,-0.15093115399563883,-0.546183211344259,1.311840038734924,0.4033421887319964,1.0,33.0,0.04213670904255666,19.36372245138786
2025-11-14,33.59352344664337,-0.003106992181802992,0.30742321993605193,-0.15356920426198684,-0.546183211344259,1.3106226829781698,0.40291584532237634,1.0,33.0,0.04214935282564535,19.36372245138786
2025-11-15,33.63480107052571,0.0012287375555559699,0.3073806047401207,-0.15252916295508434,-0.546183211344259,1.3108454919038068,0.4029284800222531,1.0,33.0,0.04213849355250758,19.36372245138786
2025-11-16,33.58744084856033,-0.0014080720104774347,0.307339042926937,-0.15372246292042313,-0.546183211344259,1.3101959109071852,0.40267435730500073,1.0,33.0,0.04212720055368205,19.36372245138786
2025-11-17,33.5240032000372,-0.0018887312316873128,0.30729793311717507,-0.15532085373538074,-0.546183211344259,1.3093864945948193,0.4023717634405311,1.0,33.0,0.042115886018643876,19.36372245138786
2025-11-18,33.971213579432444,0.013340005271051503,0.30728000083699986,-0.14405282947186349,-0.546183211344259,1.313489598136027,0.403609084814629,1.0,33.0,0.042259291257479153,19.36372245138786
2025-11-19,33.4301169803323,-0.015928091524753274,0.30728516280648077,-0.15768643434438923,-0.546183211344259,1.3078643206027556,0.4018873006852051,1.0,33.0,0.0422546525024936,19.36372245138786
2025-11-20,32.51538266456661,-0.027362581958772503,0.3073757912768121,-0.18073430831962678,-0.546183211344259,1.2981210705718436,0.39901099124012285,1.0,33.0,0.04224520409035558,19.36372245138786
2025-11-21,31.745803168244677,-0.023668166672403124,0.3074339770756274,-0.20012482525929953,-0.546183211344259,1.289738703155641,0.39650949889950077,1.0,33.0,0.042238916061298835,19.359803772950652
2025-11-22,31.530672889124915,-0.006776652585528398,0.3074015942094961,-0.20554530143030603,-0.546183211344259,1.287291204194803,0.3957153683813444,1.0,33.0,0.04223259326547897,19.359803772950652
2025-11-23,31.982487335596247,0.014329362651412492,0.30738787994668604,-0.19416127194438226,-0.546183211344259,1.2916993129385264,0.3970527133327646,1.0,33.0,0.042225312834822205,19.359803772950652
2025-11-24,32.713758580876096,0.022864739618483343,0.3074232172561191,-0.17573597925290085,-0.546183211344259,1.2987011370930583,0.39925088181932816,1.0,33.0,0.04221604182471687,19.359803772950652
2025-11-25,32.661265590450554,-0.0016046150825429484,0.30738191227084044,-0.17705860573258903,-0.546183211344259,1.2979897600486312,0.3989785745517176,1.0,33.0,0.042338831862765575,19.267261477466647
2025-11-26,32.81178538146344,0.004608510671334498,0.307341457523674,-0.17326607153522477,-0.546183211344259,1.299314543856624,0.3993332256906024,1.0,33.0,0.04232752448142891,19.267261477466647
2025-11-27,32.79691326469756,-0.000453255334721292,0.3072993851654148,-0.1736407930986965,-0.546183211344259,1.2989845982306951,0.39917716837563594,1.0,33.0,0.04231712499617698,19.267261477466647
2025-11-28,32.617905742621396,-0.005458060050695268,0.30726397858002563,-0.17815111127340877,-0.546183211344259,1.296984342330168,0.3985165691803653,1.0,33.0,0.042417771903706096,19.267261477466647
2025-11-29,32.483241186359884,-0.004128546980425862,0.3072260171329992,-0.1815441530213272,-0.546183211344259,1.295431795336396,0.3979903509486515,1.0,33.0,0.04240758576657025,19.267261477466647
2025-11-30,32.31896550866307,-0.005057244034065045,0.3071898004726906,-0.18568328397060574,-0.546183211344259,1.2935678041241003,0.39737083564677894,1.0,33.0,0.0423970701731091,19.267261477466647
2025-12-01,31.399815229544018,-0.028439965965886937,0.30729033007232986,-0.20884242365993455,-0.546183211344259,1.2834636362901528,0.39439596443143377,1.0,33.0,0.042389450582732156,19.267261477466647
2025-12-02,32.72063906880099,0.04206470100544468,0.30752303884050297,-0.17556261676299745,-0.546183211344259,1.2959152133624048,0.3985237844928455,1.0,33.0,0.04245136470150186,19.257976435603506
2025-12-03,33.45948251317078,0.022580348837815567,0.3075561936100882,-0.15694653305457007,-0.546183211344259,1.3028105522181646,0.4006874544352757,1.0,33.0,0.04244751787332707,19.257976435603506
2025-12-04,33.10112809544796,-0.010710100420164959,0.3075365936113546,-0.16597572034512398,-0.546183211344259,1.2990286679257248,0.39949885153737297,1.0,33.0,0.042444222535306,19.257976435603506
2025-12-05,32.440566660863844,-0.01995585868491767,0.30756667673878446,-0.18261939100970692,-0.546183211344259,1.2920140419840038,0.3973804651928644,1.0,33.0,0.04244460496042445,19.25177014618209
2025-12-06,32.537159229139604,0.0029775240761218402,0.3075248693158154,-0.1801856205670831,-0.546183211344259,1.2928076109400313,0.39757049160482466,1.0,33.0,0.04243893472796479,19.25177014618209
2025-12-07,32.58754940053344,0.001548696093564006,0.3074825304439355,-0.1789159772402078,-0.546183211344259,1.2931359160319997,0.39761670366945573,1.0,33.0,0.04242848509201307,19.25177014618209
2025-12-08,32.619520164971014,0.0009810729872510304,0.30744017647809546,-0.17811043388521475,-0.546183211344259,1.2932786461973294,0.3976058152222593,0.0,33.0,0.042418445180269514,19.25177014618209
2025-12-09,32.57869292932308,-0.0012516197492008496,0.3073987338711627,-0.1791391270978261,-0.546183211344259,1.2926874817911627,0.39737049519370504,0.0,33.0,0.04259678435603573,19.17282104463181
2025-12-10,32.57869292932308,0.0,0.30735660656404556,-0.1791391270978261,-0.546183211344259,1.2925086968479924,0.3972610870177156,0.0,33.0,0.042585056166510385,19.17282104463181
2025-12-11,32.57869292932308,0.0,0.30731449657164234,-0.1791391270978261,-0.546183211344259,1.2923299860647814,0.39715173907193585,1.0,33.0,0.04257333443346153,19.17282104463181
2025-12-12,32.14337125286876,-0.013362159046672484,0.30730632670229263,-0.19010760063673537,-0.546183211344259,1.2876414113376622,0.39570035222793276,1.0,33.0,0.04271954697810113,19.17282104463181
2025-12-13,32.22970351078383,0.0026858495095583024,0.307264472416339,-0.1879323515331106,-0.546183211344259,1.288340249608417,0.39586118708866475,1.0,33.0,0.04271180256981301,19.17282104463181
2025-12-14,31.967079406635307,-0.008148511327777164,0.3072361399272064,-0.19454949396556442,-0.546183211344259,1.2854422850291245,0.394934325751556,1.0,33.0,0.042702249598892204,19.17282104463181
2025-12-15,31.602175322143726,-0.01141499602919116,0.3072194018788133,-0.2037437082936575,-0.546183211344259,1.2814299997243719,0.39368015806488943,1.0,33.0,0.04269368635383003,19.17282104463181
2025-12-16,31.819034064381476,0.00686214603985813,0.3071826364082343,-0.19827968133481266,-0.546183211344259,1.2834723584020524,0.3942604228110366,1.0,33.0,0.0427652436097914,19.17282104463181
2025-12-17,31.034458111223227,-0.024657440938363084,0.30724854109735206,-0.21804805274138517,-0.546183211344259,1.2747949291431486,0.3916788821775347,1.0,33.0,0.04276167248480782,19.17282104463181
2025-12-18,30.59997800747004,-0.013999925572925176,0.3072434006270162,-0.22899532180460969,-0.546183211344259,1.2698968915266748,0.3901674393983327,1.0,33.0,0.042755297873644564,19.17282104463181
2025-12-19,31.82450014215641,0.04001709198573411,0.30744854798831334,-0.19814195667583334,-0.546183211344259,1.2817490385830714,0.39407188079778194,1.0,33.0,0.042759397268198364,19.171363964774145
2025-12-20,31.7160391656375,-0.003408096781863823,0.3074096183874941,-0.20087476649279812,-0.546183211344259,1.2804482908158854,0.39362212044463035,1.0,33.0,0.042759500559110535,19.171363964774145
2025-12-21,31.911546038248648,0.006164290300882502,0.3073716382537504,-0.19594872656669926,-0.546183211344259,1.2822643210812064,0.3941316850450634,1.0,33.0,0.04275042848513916,19.171363964774145
2025-12-22,31.8390218561254,-0.0022726627546131306,0.3073312913386762,-0.19777606394863034,-0.546183211344259,1.281340028122274,0.39379588548675415,1.0,33.0,0.04274168643620018,19.171363964774145
2025-12-23,31.519172513187655,-0.010045828178487537,0.30730928924082707,-0.20583506777087235,-0.546183211344259,1.2778067605130194,0.39268188736037973,1.0,33.0,0.04280203456585922,19.130479631728786
2025-12-24,31.449014785226137,-0.0022258746777747973,0.30726891837376974,-0.20760277938349792,-0.546183211344259,1.276898931599103,0.39235135358507855,1.0,33.0,0.04279252121257432,19.130479631728786
2025-12-25,31.20245313288222,-0.007840043766959126,0.3072397306037516,-0.21381520827394795,-0.546183211344259,1.2741162139963422,0.3914591223461081,1.0,33.0,0.042782158788049945,19.130479631728786
2025-12-26,31.418618942240734,0.006927846616351818,0.30720319880241415,-0.20836864062476146,-0.546183211344259,1.2761747940085724,0.3920449789504454,1.0,33.0,0.04284163343118617,19.130479631728786
2025-12-27,31.92858355932195,0.016231286869060835,0.3071984968614033,-0.19551944493619733,-0.546183211344259,1.2811296847293756,0.39356111343338773,1.0,33.0,0.042832908871338476,19.130479631728786
2025-12-28,31.932223091857733,0.00011398979002685827,0.3071565633069323,-0.19542774236664495,-0.546183211344259,1.2809906557543702,0.39346468744980595,1.0,33.0,0.0428256849235898,19.130479631728786
2025-12-29,31.674157515820397,-0.008081666450061142,0.30712814719865567,-0.20193002698781037,-0.546183211344259,1.2781276373442199,0.3925489731409256,1.0,33.0,0.04281630857588973,19.130479631728786
2025-12-30,31.88890508280045,0.00677989830898551,0.3070913888722534,-0.19651919372733295,-0.546183211344259,1.2801371746428574,0.3931191029080775,1.0,33.0,0.04281468636620501,19.128613654891947
2025-12-31,31.56240689659541,-0.010238613880196867,0.307070180414587,-0.20474572346290798,-0.546183211344259,1.2765435784641832,0.39198846694607925,1.0,33.0,0.04280738425476111,19.128613654891947
2026-01-01,31.977695265378173,0.01315769010086365,0.3070519048170416,-0.19428201414084645,-0.546183211344259,1.2805506589939053,0.3931955190587965,1.0,33.0,0.04280153615175076,19.128613654891947
2026-01-02,32.96636600641305,0.030917510872188858,0.30715464378710633,-0.16937121955312784,-0.546183211344259,1.2898241040612894,0.3961754632309689,1.0,33.0,0.042813819068251234,19.126066411698627
2026-01-03,33.31609776139417,0.01060874452807714,0.30712737093950043,-0.1605592910236988,-0.546183211344259,1.2930343275366583,0.39712623355085874,1.0,33.0,0.04280842775731114,19.126066411698627
2026-01-04,33.694887623666546,0.01136957470185207,0.307102550129557,-0.1510152071752171,-0.546183211344259,1.2964803487108414,0.3981524212819567,1.0,33.0,0.0427998058030391,19.126066411698627
2026-01-05,34.43930027440275,0.022092747690701353,0.3071322084594575,-0.13225880035409676,-0.546183211344259,1.3031782700687016,0.40024802010257565,1.0,33.0,0.042792305114954694,19.126066411698627
2026-01-06,34.667239579655714,0.006618581197550766,0.3070951873308845,-0.1265155847657803,-0.546183211344259,1.305129091964389,0.40079886298779116,1.0,33.0,0.04281604386818305,19.12633902929632
2026-01-07,33.948367587332115,-0.020736349390375608,0.30713062041560946,-0.14462846278712493,-0.546183211344259,1.297888778697835,0.3986213858319237,1.0,33.0,0.04281157693391401,19.12633902929632
2026-01-08,33.630438092357146,-0.009365089327405762,0.3071064172246052,-0.15263909364124384,-0.546183211344259,1.294596222281099,0.3975788075772569,1.0,33.0,0.042805593640140804,19.12633902929632
2026-01-09,33.527520113599444,-0.003060262803448066,0.307067276612502,-0.1552322407040696,-0.546183211344259,1.2934143283937882,0.39716521535146887,1.0,33.0,0.04280925280623231,19.12633902929632
2026-01-10,33.58789602259499,0.0018007866013047824,0.30702544142131194,-0.15371099424191514,-0.546183211344259,1.2938218632978877,0.3972362286995783,1.0,33.0,0.042800280674524856,19.12633902929632
2026-01-11,33.670998931777326,0.002474192165131006,0.3069838525306379,-0.15161711261443211,-0.546183211344259,1.2944468683285133,0.3973742865357064,1.0,33.0,0.042791079181309144,19.12633902929632
2026-01-12,33.47295388987939,-0.0058817691242011305,0.30694984930968167,-0.15660710488695706,-0.546183211344259,1.2923286774657214,0.39668009280668337,1.0,33.0,0.042782380336987634,19.12633902929632
2026-01-13,35.0542094581124,0.04723979764185393,0.3072532048533452,-0.11676539518923956,-0.546183211344259,1.3060083462119396,0.4012752499388356,1.0,33.0,0.042791147614557865,19.127490553747133
2026-01-14,35.05269116592433,-4.3312692299846134e-05,0.3072115191156999,-0.1168036504579063,-0.546183211344259,1.3058153260248577,0.4011615099926594,1.0,33.0,0.04279273341521849,19.127490553747133
2026-01-15,34.59401435197188,-0.013085352328050082,0.307202217973691,-0.12836058586651233,-0.546183211344259,1.3012602280855394,0.39975002822882877,1.0,33.0,0.0427853770230186,19.127490553747133
2026-01-16,34.61673680318689,0.0006568318722373068,0.3071603816617345,-0.12778806531821119,-0.546183211344259,1.3012954851494063,0.39970641787318356,1.0,33.0,0.04279861090202373,19.13105556281774
2026-01-17,34.84232636280532,0.0065167771561203125,0.30712328950244705,-0.12210405450698147,-0.546183211344259,1.3032083403037615,0.4002456323811157,1.0,33.0,0.042789513808319864,19.13105556281774
2026-01-18,34.135826438703205,-0.020277059480629744,0.30715538391818686,-0.13990520281154717,-0.546183211344259,1.2961534055620556,0.3981204969022786,1.0,33.0,0.04278514115859699,19.13105556281774
2026-01-19,33.55310299207455,-0.01707072912604113,0.3071669160208343,-0.1545876481170685,-0.546183211344259,1.2902275937464303,0.39631523093607285,1.0,33.0,0.04277706645792021,19.13105556281774
2026-01-20,31.77898406503999,-0.05287495846371104,0.3075956771983835,-0.1992887911075868,-0.546183211344259,1.2709962275159485,0.39095294531935887,1.0,33.0,0.04278493978523456,19.134778044755592
2026-01-21,32.31363004338885,0.016823885158022467,0.3075938787071748,-0.18581771768443944,-0.546183211344259,1.2760914968733383,0.3925179331085148,1.0,33.0,0.04279183134963422,19.134778044755592
2026-01-22,32.36831618195722,0.0016923551608081233,0.3075520877977421,-0.18443983209712422,-0.546183211344259,1.276464135141591,0.3925792097617356,1.0,33.0,0.04278445274451927,19.134778044755592
2026-01-23,32.339901023920916,-0.0008778695152558136,0.3075108684057054,-0.18515578750638306,-0.546183211344259,1.2760044890071427,0.39238524850416484,1.0,33.0,0.04279479599411469,19.1458770579592
2026-01-24,32.25688765624971,-0.0025669023417791426,0.3074711905871182,-0.18724741302361814,-0.546183211344259,1.2749933708007386,0.39202372971078614,1.0,33.0,0.04278580387716014,19.1458770579592
2026-01-25,31.23274978944447,-0.031749432174582926,0.30760318270242754,-0.21305184615854156,-0.546183211344259,1.2638567887233252,0.3887663706913643,1.0,33.0,0.04278197594727733,19.1458770579592
2026-01-26,32.09023505713721,0.02745468373657367,0.30767364585273876,-0.1914464334777437,-0.546183211344259,1.2720768620410654,0.39138452594908596,1.0,33.0,0.04278568577779264,19.1458770579592
2026-01-27,32.24376737147538,0.004784393572212942,0.3076340603061647,-0.1875779949912847,-0.546183211344259,1.2734373759031485,0.39175271049471333,1.0,33.0,0.042985743344880596,19.32414690113758
2026-01-28,32.261849619512724,0.0005607982413786683,0.3075923130407847,-0.1871223901596185,-0.546183211344259,1.2734449978364715,0.39170189241473735,1.0,33.0,0.042975792514658426,19.32414690113758
2026-01-29,31.938015081108823,-0.01003769288565648,0.30757043002577217,-0.19528180596082279,-0.546183211344259,1.2699545397328054,0.39060046389880054,0.0,33.0,0.04296494241318717,19.32414690113758
2026-01-30,31.928217965948516,-0.0003067540401439084,0.3075289771619656,-0.19552865651802154,-0.546183211344259,1.269682005188335,0.3904640083765222,0.0,33.0,0.04300591370850031,19.381080198166952
2026-01-31,31.928217965948516,0.0,0.3074874201894664,-0.19552865651802154,-0.546183211344259,1.2695089086619624,0.39035801923201174,0.0,33.0,0.042994240007710814,19.381080198166952
2026-02-01,31.928217965948516,0.0,0.30744588005899076,-0.19552865651802154,-0.546183211344259,1.2693358829113586,0.3902520876121387,0.0,33.0,0.0429825726427155,19.381080198166952
2026-02-02,31.928217965948516,0.0,0.307404356759166,-0.19552865651802154,-0.546183211344259,1.2691629278883059,0.39014621347008444,0.0,33.0,0.04297091160835774,19.381080198166952
2026-02-03,31.928217965948516,0.0,0.3073628502786301,-0.19552865651802154,-0.546183211344259,1.2689900435446315,0.39004039675908087,0.0,33.0,0.04295925689948647,19.381080198166952
2026-02-04,31.928217965948516,0.0,0.30732136060603177,-0.19552865651802154,-0.546183211344259,1.2688172298322098,0.38993463743241086,0.0,33.0,0.04294760851095625,19.381080198166952
2026-02-05,31.928217965948516,0.0,0.30727988773003045,-0.19552865651802154,-0.546183211344259,1.2686444867029603,0.38982893544340774,0.0,33.0,0.04293596643762717,19.381080198166952
2026-02-06,31.928217965948516,0.0,0.30723843163929654,-0.19552865651802154,-0.546183211344259,1.2684718141088474,0.3897232907454556,0.0,33.0,0.04292433067436494,19.381080198166952
2026-02-07,31.928217965948516,0.0,0.3071969923225107,-0.19552865651802154,-0.546183211344259,1.2682992120018834,0.38961770329198897,0.0,33.0,0.042912701216040815,19.381080198166952
2026-02-08,31.928217965948516,0.0,0.30715556976836456,-0.19552865651802154,-0.546183211344259,1.2681266803341245,0.3895121730364927,0.0,33.0,0.04290107805753159,19.381080198166952
2026-02-09,31.928217965948516,0.0,0.30711416396556046,-0.19552865651802154,-0.546183211344259,1.267954219057673,0.3894066999325023,0.0,33.0,0.04288946119371964,19.381080198166952
2026-02-10,31.928217965948516,0.0,0.30707277490281115,-0.19552865651802154,-0.546183211344259,1.2677818281246773,0.38930128393360347,0.0,33.0,0.04287785061949286,19.381080198166952
2026-02-11,31.928217965948516,0.0,0.30703140256884026,-0.19552865651802154,-0.546183211344259,1.2676095074873308,0.389195924993432,0.0,33.0,0.042866246329744694,19.381080198166952
2026-02-12,31.928217965948516,0.0,0.30699004695238197,-0.19552865651802154,-0.546183211344259,1.2674372570978722,0.38909062306567405,0.0,33.0,0.04285464831937409,19.381080198166952
2026-02-13,31.928217965948516,0.0,0.30694870804218105,-0.19552865651802154,-0.546183211344259,1.2672650769085863,0.38898537810406575,0.0,33.0,0.04284305658328554,19.381080198166952
2026-02-14,31.928217965948516,0.0,0.30690738582699284,-0.19552865651802154,-0.546183211344259,1.267092966871803,0.3888801900623935,0.0,33.0,0.04283147111638903,19.381080198166952
2026-02-15,31.928217965948516,0.0,0.3068660802955834,-0.19552865651802154,-0.546183211344259,1.266920926939897,0.3887750588944934,0.0,33.0,0.04281989191360006,19.381080198166952
2026-02-16,31.928217965948516,0.0,0.3068247914367292,-0.19552865651802154,-0.546183211344259,1.2667489570652897,0.3886699845542517,1.0,33.0,0.04280831896983963,19.381080198166952
2026-02-17,31.70774739199966,-0.006905195090561866,0.30679354428348377,-0.20108368808953103,-0.546183211344259,1.2643159222673102,0.3878839628864296,1.0,33.0,0.04290962379720844,19.381080198166952
2026-02-18,31.43745600443722,-0.00852445884032238,0.3067668722382523,-0.20789401730727397,-0.546183211344259,1.2613445225034692,0.38693871398324103,1.0,33.0,0.042898836844603334,19.381080198166952
2026-02-19,31.533569716006962,0.0030572992788022724,0.30672608878346647,-0.2054723122576526,-0.546183211344259,1.2621540486281921,0.3871355747779425,1.0,33.0,0.04288993117762695,19.381080198166952
2026-02-20,31.804165120873446,0.008581185298825345,0.30669376521659275,-0.19865432294408825,-0.546183211344259,1.2647034556533372,0.38787666469675813,1.0,33.0,0.04290080712445658,19.381080198166952
2026-02-21,31.812944456429307,0.0002760435786475224,0.3066524726211444,-0.19843311661566,-0.546183211344259,1.2646210412087333,0.38779916921538427,1.0,33.0,0.04289161293026539,19.381080198166952
2026-02-22,31.63165904136665,-0.005698479601941364,0.306618436816996,-0.20300082915021744,-0.546183211344259,1.2625897357581382,0.38713329111934436,1.0,33.0,0.042881600154019296,19.381080198166952
2026-02-23,30.874211228427846,-0.023945876880761885,0.3066774507659628,-0.2220856731694556,-0.546183211344259,1.2543181422764889,0.38467109032285185,0.0,33.0,0.042872145786018154,19.381080198166952
2026-02-24,30.84669589192616,-0.0008912077558228537,0.3066367016006663,-0.22277895645089263,-0.546183211344259,1.253860417554556,0.3844796227065633,0.0,33.0,0.042989209641037834,19.277202030573477
2026-02-25,30.84669589192616,0.0,0.3065955399972996,-0.22277895645089263,-0.546183211344259,1.2536906487531534,0.3843759614440379,0.0,33.0,0.042977619128867155,19.277202030573477
2026-02-26,30.84669589192616,0.0,0.30655439496514514,-0.22277895645089263,-0.546183211344259,1.253520948891586,0.3842723560635948,0.0,33.0,0.04296603486495102,19.277202030573477
2026-02-27,30.84669589192616,0.0,0.30651326649308736,-0.22277895645089263,-0.546183211344259,1.2533513179232076,0.3841688065200584,0.0,33.0,0.042954456844238285,19.277202030573477
2026-02-28,30.84669589192616,0.0,0.30647215457002086,-0.22277895645089263,-0.546183211344259,1.2531817558014164,0.38406531276830186,0.0,33.0,0.04294288506168326,19.277202030573477
2026-03-01,30.84669589192616,0.0,0.30643105918485086,-0.22277895645089263,-0.546183211344259,1.2530122624796554,0.38396187476324717,0.0,33.0,0.0429313195122457,19.277202030573477
2026-03-02,30.84669589192616,0.0,0.30638998032649284,-0.22277895645089263,-0.546183211344259,1.2528428379114103,0.3838584924598645,0.0,33.0,0.04291976019089076,19.277202030573477
2026-03-03,30.84669589192616,0.0,0.30634891798387287,-0.22277895645089263,-0.546183211344259,1.2526734820502115,0.3837551658131727,0.0,33.0,0.04290820709258904,19.277202030573477
2026-03-04,30.84669589192616,0.0,0.30630787214592714,-0.22277895645089263,-0.546183211344259,1.252504194849634,0.38365189477823913,0.0,33.0,0.04289666021231654,19.277202030573477
2026-03-05,30.84669589192616,0.0,0.30626684280160243,-0.22277895645089263,-0.546183211344259,1.252334976263296,0.3835486793101794,0.0,33.0,0.04288511954505469,19.277202030573477
2026-03-06,30.84669589192616,0.0,0.3062258299398558,-0.22277895645089263,-0.546183211344259,1.252165826244859,0.3834455193641572,0.0,33.0,0.04287358508579028,19.277202030573477
2026-03-07,30.84669589192616,0.0,0.30618483354965453,-0.22277895645089263,-0.546183211344259,1.2519967447480302,0.38334241489538495,0.0,33.0,0.042862056829515535,19.277202030573477
2026-03-08,30.84669589192616,0.0,0.30614385361997665,-0.22277895645089263,-0.546183211344259,1.251827731726558,0.38323936585912277,0.0,33.0,0.042850534771228035,19.277202030573477
2026-03-09,30.84669589192616,0.0,0.30610289013981007,-0.22277895645089263,-0.546183211344259,1.2516587871342362,0.38313637221067903,0.0,33.0,0.04283901890593074,19.277202030573477
2026-03-10,30.84669589192616,0.0,0.3060619430981532,-0.22277895645089263,-0.546183211344259,1.2514899109249018,0.3830334339054101,0.0,33.0,0.042827509228631995,19.277202030573477
2026-03-11,30.84669589192616,0.0,0.30602101248401464,-0.22277895645089263,-0.546183211344259,1.251321103052436,0.3829305508987205,0.0,33.0,0.0428160057343455,19.277202030573477
2026-03-12,30.84669589192616,0.0,0.3059800982864135,-0.22277895645089263,-0.546183211344259,1.2511523634707626,0.3828277231460625,0.0,33.0,0.042804508418090303,19.277202030573477
2026-03-13,30.84669589192616,0.0,0.3059392004943789,-0.22277895645089263,-0.546183211344259,1.250983692133849,0.38272495060293604,0.0,33.0,0.042793017274890814,19.277202030573477
2026-03-14,30.84669589192616,0.0,0.3058983190969504,-0.22277895645089263,-0.546183211344259,1.2508150889957066,0.3826222332248891,0.0,33.0,0.04278153229977678,19.277202030573477
2026-03-15,30.84669589192616,0.0,0.3058574540831777,-0.22277895645089263,-0.546183211344259,1.2506465540103897,0.3825195709675172,0.0,33.0,0.04277005348778328,19.277202030573477
2026-03-16,30.84669589192616,0.0,0.3058166054421209,-0.22277895645089263,-0.546183211344259,1.2504780871319958,0.38241696378646367,0.0,33.0,0.04275858083395072,19.277202030573477
2026-03-17,30.84669589192616,0.0,0.30577577316285015,-0.22277895645089263,-0.546183211344259,1.2503096883146665,0.3823144116374193,0.0,33.0,0.04274711433332483,19.277202030573477
2026-03-18,30.84669589192616,0.0,0.3057349572344458,-0.22277895645089263,-0.546183211344259,1.2501413575125855,0.3822119144761224,0.0,33.0,0.04273565398095664,19.277202030573477
2026-03-19,30.84669589192616,0.0,0.3056941576459986,-0.22277895645089263,-0.546183211344259,1.2499730946799807,0.3821094722583588,0.0,33.0,0.04272419977190251,19.277202030573477
2026-03-20,30.84669589192616,0.0,0.30565337438660933,-0.22277895645089263,-0.546183211344259,1.2498048997711224,0.3820070849399616,0.0,33.0,0.042712751701224086,19.277202030573477
2026-03-21,30.84669589192616,0.0,0.3056126074453889,-0.22277895645089263,-0.546183211344259,1.2496367727403241,0.3819047524768113,0.0,33.0,0.04270130976398829,19.277202030573477
2026-03-22,30.84669589192616,0.0,0.3055718568114585,-0.22277895645089263,-0.546183211344259,1.2494687135419424,0.3818024748248357,0.0,33.0,0.04268987395526735,19.277202030573477
2026-03-23,30.84669589192616,0.0,0.3055311224739495,-0.22277895645089263,-0.546183211344259,1.2493007221303771,0.3817002519400098,0.0,33.0,0.04267844427013876,19.277202030573477
2026-03-24,30.84669589192616,0.0,0.3054904044220032,-0.22277895645089263,-0.546183211344259,1.2491327984600709,0.38159808377835563,0.0,33.0,0.0426670207036853,19.277202030573477
2026-03-25,30.84669589192616,0.0,0.3054497026447712,-0.22277895645089263,-0.546183211344259,1.2489649424855085,0.38149597029594234,0.0,33.0,0.04265560325099499,19.277202030573477
2026-03-26,30.84669589192616,0.0,0.3054090171314154,-0.22277895645089263,-0.546183211344259,1.248797154161218,0.3813939114488862,0.0,33.0,0.04264419190716112,19.277202030573477
2026-03-27,30.84669589192616,0.0,0.3053683478711072,-0.22277895645089263,-0.546183211344259,1.2486294334417711,0.38129190719335027,0.0,33.0,0.042632786667282235,19.277202030573477
2026-03-28,30.84669589192616,0.0,0.3053276948530288,-0.22277895645089263,-0.546183211344259,1.2484617802817806,0.3811899574855446,0.0,33.0,0.04262138752646211,19.277202030573477
2026-03-29,30.84669589192616,0.0,0.30528705806637196,-0.22277895645089263,-0.546183211344259,1.248294194635903,0.3810880622817259,0.0,33.0,0.04260999447980975,19.277202030573477
2026-03-30,30.84669589192616,0.0,0.30524643750033875,-0.22277895645089263,-0.546183211344259,1.248126676458837,0.38098622153819794,1.0,34.0,0.042598607522439415,19.277202030573477
2026-03-31,31.098091798983123,0.008149848785677039,0.3052137237829773,-0.21644472247292135,-0.546183211344259,1.2505308278252882,0.38167917066596546,1.0,34.0,0.042755871252768106,19.277202030573477
2026-04-01,31.060077438233275,-0.0012224017150496147,0.3051737821441831,-0.21740254178800666,-0.546183211344259,1.249969943864433,0.38145805533566124,1.0,34.0,0.0427478388534995,19.277202030573477
2026-04-02,30.774207380984983,-0.009203777994976958,0.30514980575058204,-0.22460539505282306,-0.546183211344259,1.2467947210683987,0.380459166944873,1.0,34.0,0.04274915280239057,19.266365807355506
2026-04-03,30.80105932638731,0.0008725470999106921,0.3051090775487156,-0.22392882673899006,-0.546183211344259,1.2469069242145352,0.38044262143620305,1.0,34.0,0.04279784378715581,19.20991070321929
2026-04-04,30.86267859336176,0.002000556744542248,0.30506850761277116,-0.22237625231907798,-0.546183211344259,1.2473787234876086,0.3805359656022883,1.0,34.0,0.04278687589051113,19.20991070321929
2026-04-05,30.942731478825124,0.0025938411412087525,0.30502819144015625,-0.2203592198499622,-0.546183211344259,1.2480388626484358,0.3806870371206819,1.0,34.0,0.04277598977397925,19.20991070321929
2026-04-06,30.88456509937348,-0.0018798075241498458,0.3049888705995152,-0.22182479445462244,-0.546183211344259,1.2472667478474921,0.3804024767623369,0.0,34.0,0.04276599605252236,19.20991070321929
2026-04-07,30.862700057256305,-0.0007079601751496245,0.30494869140752356,-0.22237571150943747,-0.546183211344259,1.2468724696707174,0.38023212797815237,0.0,34.0,0.042859265766863344,19.132213834169843
2026-04-08,30.862700057256305,0.0,0.30490821283042974,-0.22237571150943747,-0.546183211344259,1.246705545406052,0.3801307597755455,0.0,34.0,0.042847839676283,19.132213834169843
2026-04-09,30.862700057256305,0.0,0.3048677503679197,-0.22237571150943747,-0.546183211344259,1.2465386881640834,0.38002944560716184,0.0,34.0,0.04283641967636928,19.132213834169843
2026-04-10,30.862700057256305,0.0,0.3048273040093043,-0.22237571150943747,-0.546183211344259,1.2463718978999725,0.3799281854298085,0.0,34.0,0.042825005762253544,19.132213834169843
2026-04-11,30.862700057256305,0.0,0.3047868737439047,-0.22237571150943747,-0.546183211344259,1.2462051745689218,0.37982697920033864,0.0,34.0,0.042813597929072335,19.132213834169843
2026-04-12,30.862700057256305,0.0,0.3047464595610516,-0.22237571150943747,-0.546183211344259,1.2460385181261762,0.37972582687565143,0.0,34.0,0.042802196171967385,19.132213834169843
2026-04-13,30.862700057256305,0.0,0.3047060614500859,-0.22237571150943747,-0.546183211344259,1.2458719285270228,0.379624728412692,0.0,34.0,0.042790800486085606,19.132213834169843
2026-04-14,30.862700057256305,0.0,0.3046656794003582,-0.22237571150943747,-0.546183211344259,1.2457054057267896,0.3795236837684512,0.0,34.0,0.04277941086657906,19.132213834169843
2026-04-15,30.862700057256305,0.0,0.304625313401229,-0.22237571150943747,-0.546183211344259,1.2455389496808473,0.3794226928999657,0.0,34.0,0.04276802730860499,19.132213834169843
2026-04-16,30.862700057256305,0.0,0.30458496344206876,-0.22237571150943747,-0.546183211344259,1.2453725603446077,0.3793217557643179,0.0,34.0,0.04275664980732576,19.132213834169843
2026-04-17,30.862700057256305,0.0,0.3045446295122577,-0.22237571150943747,-0.546183211344259,1.245206237673525,0.37922087231863594,0.0,34.0,0.04274527835790892,19.132213834169843
2026-04-18,30.862700057256305,0.0,0.3045043116011858,-0.22237571150943747,-0.546183211344259,1.2450399816230944,0.37912004252009335,0.0,34.0,0.04273391295552713,19.132213834169843
2026-04-19,30.862700057256305,0.0,0.30446400969825316,-0.22237571150943747,-0.546183211344259,1.2448737921488529,0.3790192663259095,0.0,34.0,0.0427225535953582,19.132213834169843
2026-04-20,30.862700057256305,0.0,0.3044237237928694,-0.22237571150943747,-0.546183211344259,1.244707669206378,0.3789185436933487,0.0,34.0,0.04271120027258505,19.132213834169843
2026-04-21,30.862700057256305,0.0,0.30438345387445404,-0.22237571150943747,-0.546183211344259,1.2445416127512916,0.3788178745797214,0.0,34.0,0.04269985298239573,19.132213834169843
2026-04-22,30.862700057256305,0.0,0.3043431999324366,-0.22237571150943747,-0.546183211344259,1.244375622739253,0.3787172589423828,0.0,34.0,0.04268851171998341,19.132213834169843
2026-04-23,30.862700057256305,0.0,0.3043029619562559,-0.22237571150943747,-0.546183211344259,1.244209699125967,0.3786166967387337,1.0,34.0,0.04267717648054634,19.132213834169843
2026-04-24,30.75419699860764,-0.0035156696739874205,0.30426586848244974,-0.2251095816382397,-0.546183211344259,1.2429114781528356,0.3781755403469779,1.0,34.0,0.042807107536934834,19.132213834169843
2026-04-25,30.741414103604306,-0.00041564717179620736,0.3042258262656943,-0.22543166264908376,-0.546183211344259,1.2426128210966563,0.3780349122264756,1.0,34.0,0.04279679714945662,19.132213834169843
2026-04-26,30.874747366809686,0.004337252110655054,0.30418719929243027,-0.22207216449306189,-0.546183211344259,1.2438217092536927,0.3783546421570043,1.0,34.0,0.04278624679786249,19.132213834169843
2026-04-27,30.727023897440066,-0.0047846049593404105,0.304152245403052,-0.22579424187283736,-0.546183211344259,1.2421116646721266,0.37779105185135015,1.0,34.0,0.042776723081164446,19.132213834169843
2026-04-28,30.536935916865907,-0.006186345322886755,0.3041202114013966,-0.23058374604357934,-0.546183211344259,1.2399441735251455,0.3770920841783973,1.0,34.0,0.04286886165466621,19.132213834169843
2026-04-29,30.49418698587022,-0.0013999089860249336,0.30408083751093556,-0.23166085877148657,-0.546183211344259,1.2393304779798293,0.3768566496969346,1.0,34.0,0.04285938927357527,19.132213834169843
2026-04-30,30.562534787680477,0.002241338712913654,0.3040407703056492,-0.22993875050960433,-0.546183211344259,1.2398784344586973,0.3769735942981847,1.0,34.0,0.042850722572537275,19.132213834169843
2026-05-01,30.81079558091563,0.00812304329336011,0.30400848109819717,-0.22368350964145478,-0.546183211344259,1.242265744902645,0.3776593222281736,1.0,34.0,0.04287588301615185,19.10082032089513
2026-05-02,30.871757065418127,0.0019785754750278883,0.3039683540673388,-0.22214750887277168,-0.546183211344259,1.2427299781114982,0.3777505859966921,1.0,34.0,0.04286659689093384,19.10082032089513
2026-05-03,30.972058139095562,0.0032489590231257193,0.3039288806645041,-0.21962029800306304,-0.546183211344259,1.2435955406973531,0.37796460068351523,1.0,34.0,0.042856303900367355,19.10082032089513
2026-05-04,31.11985267344596,0.004771866747978137,0.30389086294869055,-0.21589643005230674,-0.546183211344259,1.244939279960425,0.378325672105895,0.0,34.0,0.04284684162946016,19.10082032089513
2026-05-05,31.097358055621253,-0.0007228381850246102,0.3038511337616681,-0.21646321005367908,-0.546183211344259,1.2445426596482092,0.3781556981488702,0.0,34.0,0.04304305539900693,18.980934595239024
2026-05-06,31.097358055621253,0.0,0.30381109909522636,-0.21646321005367908,-0.546183211344259,1.2443772844765606,0.37805563048595703,0.0,34.0,0.04303166533406938,18.980934595239024
2026-05-07,31.097358055621253,0.0,0.3037710802488361,-0.21646321005367908,-0.546183211344259,1.244211975212691,0.3779556157688972,0.0,34.0,0.043020281295621216,18.980934595239024
2026-05-08,31.097358055621253,0.0,0.303731077212081,-0.21646321005367908,-0.546183211344259,1.2440467318128359,0.37785565395568144,0.0,34.0,0.04300890327888077,18.980934595239024
2026-05-09,31.097358055621253,0.0,0.30369108997455474,-0.21646321005367908,-0.546183211344259,1.2438815542332688,0.37775574500434467,0.0,34.0,0.04299753127907144,18.980934595239024
2026-05-10,31.097358055621253,0.0,0.30365111852586046,-0.21646321005367908,-0.546183211344259,1.2437164424303055,0.37765588887296625,0.0,34.0,0.04298616529142167,18.980934595239024
2026-05-11,31.097358055621253,0.0,0.3036111628556109,-0.21646321005367908,-0.546183211344259,1.2435513963603022,0.37755608551967007,1.0,34.0,0.04297480531116495,18.980934595239024
2026-05-12,30.941796573948803,-0.005002401856588956,0.30357683975978406,-0.2203827759464122,-0.546183211344259,1.2417743630755471,0.37697393683719327,1.0,34.0,0.04306955879575712,18.980934595239024
2026-05-13,30.879549464321173,-0.002011748396020363,0.30353821672660936,-0.22195116964641193,-0.546183211344259,1.2409653786573476,0.37668041805711283,1.0,34.0,0.04305992462967729,18.980934595239024
2026-05-14,31.16303555264261,0.00918038291487977,0.3035086775301246,-0.21480838345729159,-0.546183211344259,1.243673760499125,0.3774657783280064,1.0,34.0,0.043050206360295655,18.980934595239024
2026-05-15,30.789319428107955,-0.011992288873892032,0.3034955442891556,-0.22422462814423005,-0.546183211344259,1.2395918083535777,0.3762105905726477,1.0,34.0,0.04313589124399832,18.980934595239024
2026-05-16,30.34981677734012,-0.014274516583390517,0.30349266116649026,-0.23529844655477117,-0.546183211344259,1.2347455570543933,0.3747362149739382,1.0,34.0,0.04312680049333224,18.980934595239024
2026-05-17,30.314521855507067,-0.0011629368998169465,0.3034533805073862,-0.23618774620861993,-0.546183211344259,1.2342104789740866,0.37452534210232685,1.0,34.0,0.04311964045905144,18.980934595239024
2026-05-18,30.11233204648793,-0.006669734392739879,0.30342274929465113,-0.2412821710673284,-0.546183211344259,1.2318930707261473,0.3737843823567577,1.0,34.0,0.043111149841068425,18.980934595239024
2026-05-19,29.859921520203727,-0.0083822975216441,0.30339677048290425,-0.24764196964441798,-0.546183211344259,1.2290143022471303,0.3728789701790793,1.0,34.0,0.04315690583799745,18.980934595239024
2026-05-20,30.304953151461785,0.01490397859743009,0.30338733109804755,-0.23642884166239375,-0.546183211344259,1.2334558269648135,0.37421487137018994,1.0,34.0,0.04315174487533463,18.980934595239024
2026-05-21,30.584884664397368,0.009237153792533759,0.3033580362820662,-0.2293756174412862,-0.546183211344259,1.236179198358767,0.3750048941068544,1.0,34.0,0.04314246904160538,18.980934595239024
2026-05-22,29.970657393418968,-0.020082706791874738,0.3033886922578605,-0.24485184096288237,-0.546183211344259,1.2293620354729151,0.3729745402535892,1.0,34.0,0.04317025680355698,18.95952008024547
2026-05-23,30.302958310029272,0.01108754179957594,0.30336478098834113,-0.23647910418468543,-0.546183211344259,1.232649334583309,0.37394239542128993,1.0,34.0,0.04316644059734766,18.95952008024547
2026-05-24,30.282324266584922,-0.0006809250513841736,0.30332529115068496,-0.23699900468990143,-0.546183211344259,1.2322693371212938,0.373778455458378,1.0,34.0,0.04315850125676942,18.95952008024547
2026-05-25,30.413751176975957,0.004340053598067328,0.303287097971693,-0.23368753947487686,-0.546183211344259,1.233475266516925,0.3740971340017788,1.0,34.0,0.04314926010552801,18.95952008024547
2026-05-26,30.164234638889482,-0.00820406981810795,0.3032606676970137,-0.23997442040351102,-0.546183211344259,1.2306588730524173,0.3732104315491305,1.0,34.0,0.043166130537813284,18.95952008024547
2026-05-27,29.72371485189835,-0.014604043240771913,0.30325942609255596,-0.2510738668320309,-0.546183211344259,1.2257144527446744,0.37170946149270123,1.0,34.0,0.04315735493949288,18.95952008024547
2026-05-28,29.16866625979262,-0.01867359429571036,0.3032809115979288,-0.26505900960026474,-0.546183211344259,1.2193925790285156,0.36981849296351765,1.0,34.0,0.04314822399933854,18.95952008024547
2026-05-29,29.174967412034043,0.00021602469531178947,0.3032411251511655,-0.2649002441967415,-0.546183211344259,1.2193001926863036,0.3697419623272276,1.0,34.0,0.04316687147308799,18.95360206001579
2026-05-30,29.86823824699097,0.02376252302756532,0.3032831338148371,-0.24743241932190885,-0.546183211344259,1.2263306114089199,0.37192539092116245,1.0,34.0,0.043161880495155014,18.95360206001579
2026-05-31,29.818302033648084,-0.0016718834545896843,0.3032444127234726,-0.2486906246085051,-0.546183211344259,1.2256357683756902,0.37166719879396826,1.0,34.0,0.043157217494942654,18.95360206001579
2026-06-01,29.39812958613142,-0.01409109234464534,0.3032406633964733,-0.2592773943965445,-0.546183211344259,1.2208712646773794,0.37021781222245986,1.0,35.0,0.043149219364557546,18.95360206001579
2026-06-02,28.60360925878704,-0.027026220325227723,0.30332511255865285,-0.27929632673546034,-0.546183211344259,1.2116658913474494,0.3675286928764455,1.0,35.0,0.04326680305302396,18.934525540152556
2026-06-03,28.363809797645803,-0.00838353855877716,0.30329920622904993,-0.2853383737697258,-0.546183211344259,1.2088009622655396,0.3666283723440499,1.0,35.0,0.04326275521892041,18.934525540152556
2026-06-04,27.94370742266724,-0.014811211116407597,0.3032988967260217,-0.2959233779926176,-0.546183211344259,1.2038040058643487,0.3651124268530223,1.0,35.0,0.043253734793692426,18.934525540152556
2026-06-05,26.25087055411495,-0.0605802531119799,0.30385746892732873,-0.33857651796405264,-0.546183211344259,1.1821708027135671,0.359211427952333,1.0,35.0,0.04335537222543944,18.934525540152556
2026-06-06,26.05861125513697,-0.00732392088032463,0.30382846934430224,-0.3434207312148727,-0.546183211344259,1.179664012547071,0.35841551127273436,1.0,35.0,0.043358306615483705,18.934525540152556
2026-06-07,27.23548165004275,0.0451624372221211,0.3040960582699333,-0.31376801120701825,-0.546183211344259,1.1925406584095912,0.3626469135489877,1.0,35.0,0.04335975136636343,18.934525540152556
2026-06-08,27.24473281777563,0.00033967336622686695,0.30405623627598194,-0.3135349164773723,-0.546183211344259,1.1924909313665044,0.36258430438453965,0.0,35.0,0.04336047941222747,18.934525540152556
2026-06-09,27.190572141517748,-0.00198793200212799,0.30401776160419397,-0.3148995623852504,-0.546183211344259,1.1917031287031556,0.36229891768504807,0.0,35.0,0.043611789703081834,18.862816781855592
2026-06-10,27.190572141517748,0.0,0.3039780585413867,-0.3148995623852504,-0.546183211344259,1.1915462832172339,0.36220392583458005,0.0,35.0,0.043600355044009186,18.862816781855592
2026-06-11,27.190572141517748,0.0,0.3039383710292126,-0.3148995623852504,-0.546183211344259,1.1913894996444645,0.36210898378324724,0.0,35.0,0.04358892637951534,18.862816781855592
2026-06-12,27.190572141517748,0.0,0.30389869905752315,-0.3148995623852504,-0.546183211344259,1.1912327779441265,0.3620140914918994,0.0,35.0,0.04357750370488759,18.862816781855592
2026-06-13,27.190572141517748,0.0,0.3038590426161792,-0.3148995623852504,-0.546183211344259,1.1910761180755354,0.36191924892142735,0.0,35.0,0.043566087015418135,18.862816781855592
2026-06-14,27.190572141517748,0.0,0.30381940169505095,-0.3148995623852504,-0.546183211344259,1.1909195199980434,0.3618244560327628,0.0,35.0,0.043554676306404146,18.862816781855592
2026-06-15,27.190572141517748,0.0,0.3037797762840177,-0.3148995623852504,-0.546183211344259,1.1907629836710412,0.3617297127868783,0.0,35.0,0.04354327157314769,18.862816781855592
2026-06-16,27.190572141517748,0.0,0.303740166372968,-0.3148995623852504,-0.546183211344259,1.1906065090539568,0.3616350191447875,0.0,35.0,0.04353187281095577,18.862816781855592
2026-06-17,27.190572141517748,0.0,0.3037005719517997,-0.3148995623852504,-0.546183211344259,1.1904500961062552,0.36154037506754466,0.0,35.0,0.043520480015140285,18.862816781855592
2026-06-18,27.190572141517748,0.0,0.30366099301041993,-0.3148995623852504,-0.546183211344259,1.1902937447874384,0.36144578051624493,0.0,35.0,0.04350909318101806,18.862816781855592
2026-06-19,27.190572141517748,0.0,0.30362142953874477,-0.3148995623852504,-0.546183211344259,1.1901374550570467,0.36135123545202413,0.0,35.0,0.043497712303910814,18.862816781855592
2026-06-20,27.190572141517748,0.0,0.30358188152669974,-0.3148995623852504,-0.546183211344259,1.189981226874656,0.3612567398360586,0.0,35.0,0.043486337379145146,18.862816781855592
2026-06-21,27.190572141517748,0.0,0.3035423489642194,-0.3148995623852504,-0.546183211344259,1.189825060199881,0.3611622936295656,0.0,35.0,0.043474968402052554,18.862816781855592
2026-06-22,27.190572141517748,0.0,0.3035028318412475,-0.3148995623852504,-0.546183211344259,1.1896689549923718,0.36106789679380247,0.0,35.0,0.04346360536796943,18.862816781855592
2026-06-23,27.190572141517748,0.0,0.3034633301477371,-0.3148995623852504,-0.546183211344259,1.189512911211817,0.3609735492900675,0.0,35.0,0.04345224827223701,18.862816781855592
2026-06-24,27.190572141517748,0.0,0.3034238438736502,-0.3148995623852504,-0.546183211344259,1.1893569288179413,0.3608792510796991,0.0,35.0,0.04344089711020142,18.862816781855592
2026-06-25,27.190572141517748,0.0,0.3033843730089581,-0.3148995623852504,-0.546183211344259,1.1892010077705069,0.3607850021240763,0.0,35.0,0.04342955187721364,18.862816781855592
2026-06-26,27.190572141517748,0.0,0.30334491754364107,-0.3148995623852504,-0.546183211344259,1.1890451480293125,0.3606908023846183,0.0,35.0,0.04341821256862951,18.862816781855592
2026-06-27,27.190572141517748,0.0,0.30330547746768866,-0.3148995623852504,-0.546183211344259,1.1888893495541946,0.3605966518227848,0.0,35.0,0.04340687917980972,18.862816781855592
2026-06-28,27.190572141517748,0.0,0.3032660527710995,-0.3148995623852504,-0.546183211344259,1.1887336123050243,0.36050255040007523,0.0,35.0,0.043395551706119785,18.862816781855592
2026-06-29,27.190572141517748,0.0,0.3032266434438813,-0.3148995623852504,-0.546183211344259,1.188577936241712,0.3604084980780298,0.0,35.0,0.04338423014293009,18.862816781855592
2026-06-30,27.190572141517748,0.0,0.30318724947605064,-0.3148995623852504,-0.546183211344259,1.1884223213242038,0.3603144948182286,0.0,35.0,0.04337291448561582,18.862816781855592
2026-07-01,27.190572141517748,0.0,0.30314787085763356,-0.3148995623852504,-0.546183211344259,1.1882667675124823,0.36022054058229164,0.0,35.0,0.04336160472955698,18.862816781855592
2026-07-02,27.190572141517748,0.0,0.30310850757866487,-0.3148995623852504,-0.546183211344259,1.188111274766567,0.3601266353318791,0.0,35.0,0.043350300870138435,18.862816781855592
2026-07-03,27.190572141517748,0.0,0.30306915962918857,-0.3148995623852504,-0.546183211344259,1.187955843046514,0.36003277902869124,0.0,35.0,0.043339002902749814,18.862816781855592
2026-07-04,27.190572141517748,0.0,0.3030298269992577,-0.3148995623852504,-0.546183211344259,1.1878004723124163,0.35993897163446803,0.0,35.0,0.043327710822785574,18.862816781855592
2026-07-05,27.190572141517748,0.0,0.30299050967893426,-0.3148995623852504,-0.546183211344259,1.1876451625244024,0.3598452131109894,0.0,35.0,0.043316424625644966,18.862816781855592
2026-07-06,27.190572141517748,0.0,0.3029512076582894,-0.3148995623852504,-0.546183211344259,1.1874899136426385,0.3597515034200751,1.0,35.0,0.04330514430673204,18.862816781855592
2026-07-07,27.008540471930797,-0.006694661246535727,0.30292101848869024,-0.31948607773493454,-0.546183211344259,1.1851989290372835,0.35902166669567886,1.0,35.0,0.043460026907737245,18.862816781855592
2026-07-08,26.789691445209453,-0.008102956431458752,0.30289453887997264,-0.3250002523980494,-0.546183211344259,1.1824525444168923,0.35815841818860494,1.0,35.0,0.04345087481117347,18.862816781855592
2026-07-09,26.903336302841186,0.004242111480237121,0.30285679459899284,-0.32213682821959,-0.546183211344259,1.1836225362402597,0.3584681273408553,1.0,35.0,0.043443002201567354,18.862816781855592
2026-07-10,26.911878166243735,0.00031750201188418536,0.3028174678254415,-0.32192160529876757,-0.546183211344259,1.1835678562501348,0.358405021229252,1.0,35.0,0.04358977472627302,18.717666123665357
2026-07-11,26.911337768747305,-2.0080259470978135e-05,0.3027782445334033,-0.32193522128887475,-0.546183211344259,1.18340702557228,0.3583099017712712,1.0,35.0,0.043578565892563426,18.717666123665357
2026-07-12,26.91245113610485,4.137168382745138e-05,0.30273901777746276,-0.32190716860723545,-0.546183211344259,1.183265594339107,0.358220663800087,1.0,35.0,0.04356731793680105,18.717666123665357
2026-07-13,26.89491269996801,-0.000651684829751864,0.30270008567991746,-0.32234907141861757,-0.546183211344259,1.1829058945308044,0.3580657156257539,0.0,35.0,0.04355606833217777,18.717666123665357
2026-07-14,26.893543221592044,-5.09196066648121e-05,0.30266091781403137,-0.322383577137357,-0.546183211344259,1.1827355703471087,0.3579678332525578,0.0,35.0,0.04355381818771504,18.711329693276628
2026-07-15,26.893543221592044,0.0,0.30262174909734874,-0.322383577137357,-0.546183211344259,1.182581329681206,0.35787483043799495,0.0,35.0,0.043542502568544424,18.711329693276628
2026-07-16,26.893543221592044,0.0,0.30258259558343314,-0.322383577137357,-0.546183211344259,1.182427149343191,0.3577818759365825,0.0,35.0,0.043531192827617526,18.711329693276628
2026-07-17,26.893543221592044,0.0,0.3025434572624527,-0.322383577137357,-0.546183211344259,1.1822730292937482,0.3576889697106836,0.0,35.0,0.0435198889603551,18.711329693276628
2026-07-18,26.893543221592044,0.0,0.3025043341245846,-0.322383577137357,-0.546183211344259,1.1821189694935965,0.35759611172270056,0.0,35.0,0.043508590962182625,18.711329693276628
2026-07-19,26.893543221592044,0.0,0.3024652261600148,-0.322383577137357,-0.546183211344259,1.1819649699034913,0.35750330193507457,0.0,35.0,0.04349729882853036,18.711329693276628
2026-07-20,26.893543221592044,0.0,0.30242613335893803,-0.322383577137357,-0.546183211344259,1.1818110304842246,0.3574105403102861,0.0,35.0,0.04348601255483329,18.711329693276628
2026-07-21,26.893543221592044,0.0,0.3023870557115581,-0.322383577137357,-0.546183211344259,1.1816571511966223,0.35731782681085406,0.0,35.0,0.04347473213653112,18.711329693276628
2026-07-22,26.893543221592044,0.0,0.30234799320808753,-0.322383577137357,-0.546183211344259,1.1815033320015478,0.35722516139933674,0.0,35.0,0.04346345756906833,18.711329693276628
2026-07-23,26.893543221592044,0.0,0.3023089458387479,-0.322383577137357,-0.546183211344259,1.1813495728598982,0.35713254403833095,0.0,35.0,0.043452188847894084,18.711329693276628
2026-07-24,26.893543221592044,0.0,0.3022699135937693,-0.322383577137357,-0.546183211344259,1.1811958737326085,0.3570399746904724,0.0,35.0,0.04344092596846228,18.711329693276628
2026-07-25,26.893543221592044,0.0,0.3022308964633909,-0.322383577137357,-0.546183211344259,1.1810422345806473,0.35694745331843547,0.0,35.0,0.043429668926231534,18.711329693276628
2026-07-26,26.893543221592044,0.0,0.30219189443786054,-0.322383577137357,-0.546183211344259,1.1808886553650202,0.35685497988493325,0.0,35.0,0.04341841771666515,18.711329693276628
2026-07-27,26.893543221592044,0.0,0.30215290750743506,-0.322383577137357,-0.546183211344259,1.180735136046767,0.3567625543527176,1.0,35.0,0.04340717233523115,18.711329693276628
2026-07-28,26.885089296578684,-0.0003143477578875231,0.30211404720800794,-0.3225965843405917,-0.546183211344259,1.1804829029969286,0.3566404674842603,1.0,35.0,0.04348687640909737,18.711329693276628
2026-07-29,26.871316875549823,-0.0005122698636754741,0.30207528795253336,-0.3229435976959848,-0.546183211344259,1.1801685114415401,0.3564997429262159,1.0,35.0,0.0434762229283196,18.711329693276628
2026-07-30,26.99476546679622,0.004594065553918725,0.3020382426727531,-0.3198331562000998,-0.546183211344259,1.1814445785472287,0.35684144431965636,1.0,35.0,0.04346544354112214,18.711329693276628
2026-07-31,26.936445875871687,-0.002160403689977053,0.30200070590178396,-0.3213025911592452,-0.546183211344259,1.1806101389044115,0.35654509534393547,1.0,35.0,0.043518118578941556,18.6538406942545
2026-08-01,26.92474293598281,-0.00043446488608067657,0.3019619561236636,-0.32159746135166045,-0.546183211344259,1.180320378833326,0.35641185044513485,1.0,35.0,0.043507329696105386,18.6538406942545
2026-08-02,26.96358581371015,0.001442646186806451,0.30192294412121573,-0.3206187665161595,-0.546183211344259,1.1806186278298114,0.35645585199872654,1.0,35.0,0.04349632751107636,18.6538406942545
2026-08-03,26.962597281111695,-3.666176321226455e-05,0.3018840737169244,-0.3206436738300724,-0.546183211344259,1.1804539172250077,0.35636023736698635,0.0,35.0,0.043485524485783966,18.6538406942545
2026-08-04,26.960007728074135,-9.604241796745683e-05,0.30184523766741633,-0.32070892085429914,-0.546183211344259,1.1802706345999767,0.35625907021270226,0.0,35.0,0.04350254169774951,18.634620402208913
2026-08-05,26.960007728074135,0.0,0.30180638587380393,-0.32070892085429914,-0.546183211344259,1.1801175530935861,0.35616701360541214,0.0,35.0,0.04349130073090255,18.634620402208913
2026-08-06,26.960007728074135,0.0,0.30176754907837966,-0.32070892085429914,-0.546183211344259,1.1799645311359206,0.35607500456030616,0.0,35.0,0.04348006557184006,18.634620402208913
2026-08-07,26.960007728074135,0.0,0.30172872727149647,-0.32070892085429914,-0.546183211344259,1.1798115686883823,0.3559830430405333,0.0,35.0,0.04346883621606221,18.634620402208913
2026-08-08,26.960007728074135,0.0,0.30168992044351595,-0.32070892085429914,-0.546183211344259,1.1796586657124093,0.35589112900928094,0.0,35.0,0.04345761265907381,18.634620402208913
2026-08-09,26.960007728074135,0.0,0.30165112858480836,-0.32070892085429914,-0.546183211344259,1.1795058221694743,0.35579926242977417,0.0,35.0,0.04344639489638432,18.634620402208913
2026-08-10,26.960007728074135,0.0,0.3016123516857528,-0.32070892085429914,-0.546183211344259,1.179353038021084,0.35570744326527615,0.0,35.0,0.043435182923507835,18.634620402208913
2026-08-11,26.960007728074135,0.0,0.3015735897367368,-0.32070892085429914,-0.546183211344259,1.1792003132287812,0.355615671479088,0.0,35.0,0.04342397673596307,18.634620402208913
2026-08-12,26.960007728074135,0.0,0.30153484272815667,-0.32070892085429914,-0.546183211344259,1.1790476477541432,0.3555239470345486,0.0,35.0,0.04341277632927337,18.634620402208913
2026-08-13,26.960007728074135,0.0,0.3014961106504172,-0.32070892085429914,-0.546183211344259,1.1788950415587822,0.3554322698950348,0.0,35.0,0.0434015816989667,18.634620402208913
2026-08-14,26.960007728074135,0.0,0.301457393493932,-0.32070892085429914,-0.546183211344259,1.178742494604345,0.3553406400239611,0.0,35.0,0.04339039284057563,18.634620402208913
2026-08-15,26.960007728074135,0.0,0.3014186912491233,-0.32070892085429914,-0.546183211344259,1.1785900068525128,0.35524905738477963,0.0,35.0,0.04337920974963733,18.634620402208913
2026-08-16,26.960007728074135,0.0,0.3013800039064216,-0.32070892085429914,-0.546183211344259,1.1784375782650023,0.35515752194098044,0.0,35.0,0.0433680324216936,18.634620402208913
2026-08-17,26.960007728074135,0.0,0.3013413314562665,-0.32070892085429914,-0.546183211344259,1.178285208803564,0.35506603365609096,0.0,35.0,0.0433568608522908,18.634620402208913
2026-08-18,26.960007728074135,0.0,0.3013026738891057,-0.32070892085429914,-0.546183211344259,1.178132898429984,0.3549745924936763,0.0,35.0,0.04334569503697988,18.634620402208913
2026-08-19,26.960007728074135,0.0,0.3012640311953959,-0.32070892085429914,-0.546183211344259,1.1779806471060812,0.3548831984173391,0.0,35.0,0.04333453497131639,18.634620402208913
2026-08-20,26.960007728074135,0.0,0.30122540336560194,-0.32070892085429914,-0.546183211344259,1.1778284547937117,0.35479185139071945,0.0,35.0,0.04332338065086046,18.634620402208913
2026-08-21,26.960007728074135,0.0,0.30118679039019763,-0.32070892085429914,-0.546183211344259,1.1776763214547634,0.35470055137749484,0.0,35.0,0.04331223207117675,18.634620402208913
2026-08-22,26.960007728074135,0.0,0.30114819225966505,-0.32070892085429914,-0.546183211344259,1.1775242470511604,0.3546092983413802,0.0,35.0,0.043301089227834544,18.634620402208913
2026-08-23,26.960007728074135,0.0,0.3011096089644949,-0.32070892085429914,-0.546183211344259,1.177372231544861,0.35451809224612785,0.0,35.0,0.04328995211640763,18.634620402208913
2026-08-24,26.960007728074135,0.0,0.3010710404951864,-0.32070892085429914,-0.546183211344259,1.1772202748978569,0.35442693305552714,0.0,35.0,0.04327882073247438,18.634620402208913
2026-08-25,26.960007728074135,0.0,0.30103248684224737,-0.32070892085429914,-0.546183211344259,1.1770683770721748,0.3543358207334049,0.0,35.0,0.0432676950716177,18.634620402208913
2026-08-26,26.960007728074135,0.0,0.30099394799619394,-0.32070892085429914,-0.546183211344259,1.1769165380298758,0.3542447552436251,0.0,35.0,0.043256575129425046,18.634620402208913
2026-08-27,26.960007728074135,0.0,0.300955423947551,-0.32070892085429914,-0.546183211344259,1.176764757733055,0.35415373655008864,0.0,35.0,0.043245460901488404,18.634620402208913
2026-08-28,26.960007728074135,0.0,0.30091691468685156,-0.32070892085429914,-0.546183211344259,1.176613036143842,0.3540627646167339,0.0,35.0,0.04323435238340428,18.634620402208913
2026-08-29,26.960007728074135,0.0,0.3008784202046375,-0.32070892085429914,-0.546183211344259,1.1764613732244003,0.35397183940753596,0.0,35.0,0.04322324957077372,18.634620402208913
2026-08-30,26.960007728074135,0.0,0.300839940491459,-0.32070892085429914,-0.546183211344259,1.176309768936927,0.35388096088650706,0.0,35.0,0.04321215245920228,18.634620402208913
2026-08-31,26.960007728074135,0.0,0.30080147553787456,-0.32070892085429914,-0.546183211344259,1.1761582232436552,0.35379012901769635,0.0,35.0,0.043201061044300014,18.634620402208913
2026-09-01,26.960007728074135,0.0,0.3007630253344513,-0.32070892085429914,-0.546183211344259,1.17600673610685,0.3536993437651899,0.0,35.0,0.04318997532168151,18.634620402208913
2026-09-02,26.960007728074135,0.0,0.30072458987176487,-0.32070892085429914,-0.546183211344259,1.1758553074888107,0.3536086050931106,0.0,35.0,0.04317889528696584,18.634620402208913
2026-09-03,26.960007728074135,0.0,0.3006861691403991,-0.32070892085429914,-0.546183211344259,1.1757039373518718,0.35351791296561813,0.0,35.0,0.04316782093577658,18.634620402208913
2026-09-04,26.960007728074135,0.0,0.3006477631309463,-0.32070892085429914,-0.546183211344259,1.175552625658401,0.353427267346909,0.0,35.0,0.04315675226374176,18.634620402208913
2026-09-05,26.960007728074135,0.0,0.3006093718340073,-0.32070892085429914,-0.546183211344259,1.1754013723708001,0.35333666820121634,0.0,35.0,0.04314568926649394,18.634620402208913
2026-09-06,26.960007728074135,0.0,0.3005709952401913,-0.32070892085429914,-0.546183211344259,1.1752501774515043,0.3532461154928101,0.0,35.0,0.04313463193967013,18.634620402208913
2026-09-07,26.960007728074135,0.0,0.3005326333401159,-0.32070892085429914,-0.546183211344259,1.175099040862983,0.3531556091859967,0.0,35.0,0.043123580278911826,18.634620402208913
2026-09-08,26.960007728074135,0.0,0.30049428612440693,-0.32070892085429914,-0.546183211344259,1.174947962567739,0.3530651492451191,0.0,35.0,0.04311253427986497,18.634620402208913
2026-09-09,26.960007728074135,0.0,0.3004559535836987,-0.32070892085429914,-0.546183211344259,1.1747969425283098,0.352974735634557,0.0,35.0,0.04310149393817999,18.634620402208913
2026-09-10,26.960007728074135,0.0,0.30041763570863395,-0.32070892085429914,-0.546183211344259,1.1746459807072653,0.3528843683187263,0.0,35.0,0.04309045924951174,18.634620402208913
2026-09-11,26.960007728074135,0.0,0.3003793324898637,-0.32070892085429914,-0.546183211344259,1.17449507706721,0.3527940472620796,0.0,35.0,0.04307943020951954,18.634620402208913
2026-09-12,26.960007728074135,0.0,0.3003410439180472,-0.32070892085429914,-0.546183211344259,1.174344231570782,0.35270377242910567,0.0,35.0,0.04306840681386716,18.634620402208913
2026-09-13,26.960007728074135,0.0,0.30030276998385225,-0.32070892085429914,-0.546183211344259,1.1741934441806527,0.3526135437843298,0.0,35.0,0.04305738905822278,18.634620402208913
2026-09-14,26.960007728074135,0.0,0.3002645106779549,-0.32070892085429914,-0.546183211344259,1.174042714859526,0.3525233612923133,0.0,35.0,0.043046376938259044,18.634620402208913
2026-09-15,26.960007728074135,0.0,0.30022626599103935,-0.32070892085429914,-0.546183211344259,1.1738920435701417,0.3524332249176541,0.0,35.0,0.043035370449653,18.634620402208913
