,short_7,long_7,short_21,long_21,exposure,models_ready
2014-01-01,0.0,0.0,0.0,0.0,0.0,0
2014-01-02,0.0,0.0,0.0,0.0,0.0,0
2014-01-03,0.0,0.0,0.0,0.0,0.0,0
2014-01-04,0.0,0.0,0.0,0.0,0.0,0
2014-01-05,0.0,0.0,0.0,0.0,0.0,0
2014-01-06,0.0,0.0,0.0,0.0,0.0,0
2014-01-07,0.0,0.0,0.0,0.0,0.0,0
2014-01-08,0.0,0.0,0.0,0.0,0.0,0
2014-01-09,0.0,0.0,0.0,0.0,0.0,0
2014-01-10,0.0,0.0,0.0,0.0,0.0,0
2014-01-11,0.0,0.0,0.0,0.0,0.0,0
2014-01-12,0.0,0.0,0.0,0.0,0.0,0
2014-01-13,0.0,0.0,0.0,0.0,0.0,0
2014-01-14,0.0,0.0,0.0,0.0,0.0,0
2014-01-15,0.0,0.0,0.0,0.0,0.0,0
2014-01-16,0.0,0.0,0.0,0.0,0.0,0
2014-01-17,0.0,0.0,0.0,0.0,0.0,0
2014-01-18,0.0,0.0,0.0,0.0,0.0,0
2014-01-19,0.0,0.0,0.0,0.0,0.0,0
2014-01-20,0.0,0.0,0.0,0.0,0.0,0
2014-01-21,0.0,0.0,0.0,0.0,0.0,0
2014-01-22,0.0,0.0,0.0,0.0,0.0,0
2014-01-23,0.0,0.0,0.0,0.0,0.0,0
2014-01-24,0.0,0.0,0.0,0.0,0.0,0
2014-01-25,0.0,0.0,0.0,0.0,0.0,0
2014-01-26,0.0,0.0,0.0,0.0,0.0,0
2014-01-27,0.0,0.0,0.0,0.0,0.0,0
2014-01-28,0.0,0.0,0.0,0.0,0.0,0
2014-01-29,0.0,0.0,0.0,0.0,0.0,0
2014-01-30,0.0,0.0,0.0,0.0,0.0,0
2014-01-31,0.0,0.0,0.0,0.0,0.0,0
2014-02-01,0.0,0.0,0.0,0.0,0.0,0
2014-02-02,0.0,0.0,0.0,0.0,0.0,0
2014-02-03,0.0,0.0,0.0,0.0,0.0,0
2014-02-04,0.0,0.0,0.0,0.0,0.0,0
2014-02-05,0.0,0.0,0.0,0.0,0.0,0
2014-02-06,0.0,0.0,0.0,0.0,0.0,0
2014-02-07,0.0,0.0,0.0,0.0,0.0,0
2014-02-08,0.0,0.0,0.0,0.0,0.0,0
2014-02-09,0.0,0.0,0.0,0.0,0.0,0
2014-02-10,0.0,0.0,0.0,0.0,0.0,0
2014-02-11,0.0,0.0,0.0,0.0,0.0,0
2014-02-12,0.0,0.0,0.0,0.0,0.0,0
2014-02-13,0.0,0.0,0.0,0.0,0.0,0
2014-02-14,0.0,0.0,0.0,0.0,0.0,0
2014-02-15,0.0,0.0,0.0,0.0,0.0,0
2014-02-16,0.0,0.0,0.0,0.0,0.0,0
2014-02-17,0.0,0.0,0.0,0.0,0.0,0
2014-02-18,0.0,0.0,0.0,0.0,0.0,0
2014-02-19,0.0,0.0,0.0,0.0,0.0,0
2014-02-20,0.0,0.0,0.0,0.0,0.0,0
2014-02-21,0.0,0.0,0.0,0.0,0.0,0
2014-02-22,0.0,0.0,0.0,0.0,0.0,0
2014-02-23,0.0,0.0,0.0,0.0,0.0,0
2014-02-24,0.0,0.0,0.0,0.0,0.0,0
2014-02-25,0.0,0.0,0.0,0.0,0.0,0
2014-02-26,0.0,0.0,0.0,0.0,0.0,0
2014-02-27,0.0,0.0,0.0,0.0,0.0,0
2014-02-28,0.0,0.0,0.0,0.0,0.0,0
2014-03-01,0.0,0.0,0.0,0.0,0.0,0
2014-03-02,0.0,0.0,0.0,0.0,0.0,0
2014-03-03,0.0,0.0,0.0,0.0,0.0,0
2014-03-04,0.0,0.0,0.0,0.0,0.0,0
2014-03-05,0.0,0.0,0.0,0.0,0.0,0
2014-03-06,0.0,0.0,0.0,0.0,0.0,0
2014-03-07,0.0,0.0,0.0,0.0,0.0,0
2014-03-08,0.0,0.0,0.0,0.0,0.0,0
2014-03-09,0.0,0.0,0.0,0.0,0.0,0
2014-03-10,0.0,0.0,0.0,0.0,0.0,0
2014-03-11,0.0,0.0,0.0,0.0,0.0,0
2014-03-12,0.0,0.0,0.0,0.0,0.0,0
2014-03-13,0.0,0.0,0.0,0.0,0.0,0
2014-03-14,0.0,0.0,0.0,0.0,0.0,0
2014-03-15,0.0,0.0,0.0,0.0,0.0,0
2014-03-16,0.0,0.0,0.0,0.0,0.0,0
2014-03-17,0.0,0.0,0.0,0.0,0.0,0
2014-03-18,0.0,0.0,0.0,0.0,0.0,0
2014-03-19,0.0,0.0,0.0,0.0,0.0,0
2014-03-20,0.0,0.0,0.0,0.0,0.0,0
2014-03-21,0.0,0.0,0.0,0.0,0.0,0
2014-03-22,0.0,0.0,0.0,0.0,0.0,0
2014-03-23,0.0,0.0,0.0,0.0,0.0,0
2014-03-24,0.0,0.0,0.0,0.0,0.0,0
2014-03-25,0.0,0.0,0.0,0.0,0.0,0
2014-03-26,0.0,0.0,0.0,0.0,0.0,0
2014-03-27,0.0,0.0,0.0,0.0,0.0,0
2014-03-28,0.0,0.0,0.0,0.0,0.0,0
2014-03-29,0.0,0.0,0.0,0.0,0.0,0
2014-03-30,0.0,0.0,0.0,0.0,0.0,0
2014-03-31,0.0,0.0,0.0,0.0,0.0,0
2014-04-01,0.0,0.0,0.0,0.0,0.0,0
2014-04-02,0.0,0.0,0.0,0.0,0.0,0
2014-04-03,0.0,0.0,0.0,0.0,0.0,0
2014-04-04,0.0,0.0,0.0,0.0,0.0,0
2014-04-05,0.0,0.0,0.0,0.0,0.0,0
2014-04-06,0.0,0.0,0.0,0.0,0.0,0
2014-04-07,0.0,0.0,0.0,0.0,0.0,0
2014-04-08,0.0,0.0,0.0,0.0,0.0,0
2014-04-09,0.0,0.0,0.0,0.0,0.0,0
2014-04-10,0.0,0.0,0.0,0.0,0.0,0
2014-04-11,0.0,0.0,0.0,0.0,0.0,0
2014-04-12,0.0,0.0,0.0,0.0,0.0,0
2014-04-13,0.0,0.0,0.0,0.0,0.0,0
2014-04-14,0.0,0.0,0.0,0.0,0.0,0
2014-04-15,0.0,0.0,0.0,0.0,0.0,0
2014-04-16,0.0,0.0,0.0,0.0,0.0,0
2014-04-17,0.0,0.0,0.0,0.0,0.0,0
2014-04-18,0.0,0.0,0.0,0.0,0.0,0
2014-04-19,0.0,0.0,0.0,0.0,0.0,0
2014-04-20,0.0,0.0,0.0,0.0,0.0,0
2014-04-21,0.0,0.0,0.0,0.0,0.0,0
2014-04-22,0.0,0.0,0.0,0.0,0.0,0
2014-04-23,0.0,0.0,0.0,0.0,0.0,0
2014-04-24,0.0,0.0,0.0,0.0,0.0,0
2014-04-25,0.0,0.0,0.0,0.0,0.0,0
2014-04-26,0.0,0.0,0.0,0.0,0.0,0
2014-04-27,0.0,0.0,0.0,0.0,0.0,0
2014-04-28,0.0,0.0,0.0,0.0,0.0,0
2014-04-29,0.0,0.0,0.0,0.0,0.0,0
2014-04-30,0.0,0.0,0.0,0.0,0.0,0
2014-05-01,0.0,0.0,0.0,0.0,0.0,0
2014-05-02,0.0,0.0,0.0,0.0,0.0,0
2014-05-03,0.0,0.0,0.0,0.0,0.0,0
2014-05-04,0.0,0.0,0.0,0.0,0.0,0
2014-05-05,0.0,0.0,0.0,0.0,0.0,0
2014-05-06,0.0,0.0,0.0,0.0,0.0,0
2014-05-07,0.0,0.0,0.0,0.0,0.0,0
2014-05-08,0.0,0.0,0.0,0.0,0.0,0
2014-05-09,0.0,0.0,0.0,0.0,0.0,0
2014-05-10,0.0,0.0,0.0,0.0,0.0,0
2014-05-11,0.0,0.0,0.0,0.0,0.0,0
2014-05-12,0.0,0.0,0.0,0.0,0.0,0
2014-05-13,0.0,0.0,0.0,0.0,0.0,0
2014-05-14,0.0,0.0,0.0,0.0,0.0,0
2014-05-15,0.0,0.0,0.0,0.0,0.0,0
2014-05-16,0.0,0.0,0.0,0.0,0.0,0
2014-05-17,0.0,0.0,0.0,0.0,0.0,0
2014-05-18,0.0,0.0,0.0,0.0,0.0,0
2014-05-19,0.0,0.0,0.0,0.0,0.0,0
2014-05-20,0.0,0.0,0.0,0.0,0.0,0
2014-05-21,0.0,0.0,0.0,0.0,0.0,0
2014-05-22,0.0,0.0,0.0,0.0,0.0,0
2014-05-23,0.0,0.0,0.0,0.0,0.0,0
2014-05-24,0.0,0.0,0.0,0.0,0.0,0
2014-05-25,0.0,0.0,0.0,0.0,0.0,0
2014-05-26,0.0,0.0,0.0,0.0,0.0,0
2014-05-27,0.0,0.0,0.0,0.0,0.0,0
2014-05-28,0.0,0.0,0.0,0.0,0.0,0
2014-05-29,0.0,0.0,0.0,0.0,0.0,0
2014-05-30,0.0,0.0,0.0,0.0,0.0,0
2014-05-31,0.0,0.0,0.0,0.0,0.0,0
2014-06-01,0.0,0.0,0.0,0.0,0.0,0
2014-06-02,0.0,0.0,0.0,0.0,0.0,0
2014-06-03,0.0,0.0,0.0,0.0,0.0,0
2014-06-04,0.0,0.0,0.0,0.0,0.0,0
2014-06-05,0.0,0.0,0.0,0.0,0.0,0
2014-06-06,0.0,0.0,0.0,0.0,0.0,0
2014-06-07,0.0,0.0,0.0,0.0,0.0,0
2014-06-08,0.0,0.0,0.0,0.0,0.0,0
2014-06-09,0.0,0.0,0.0,0.0,0.0,0
2014-06-10,0.0,0.0,0.0,0.0,0.0,0
2014-06-11,0.0,0.0,0.0,0.0,0.0,0
2014-06-12,0.0,0.0,0.0,0.0,0.0,0
2014-06-13,0.0,0.0,0.0,0.0,0.0,0
2014-06-14,0.0,0.0,0.0,0.0,0.0,0
2014-06-15,0.0,0.0,0.0,0.0,0.0,0
2014-06-16,0.0,0.0,0.0,0.0,0.0,0
2014-06-17,0.0,0.0,0.0,0.0,0.0,0
2014-06-18,0.0,0.0,0.0,0.0,0.0,0
2014-06-19,0.0,0.0,0.0,0.0,0.0,0
2014-06-20,0.0,0.0,0.0,0.0,0.0,0
2014-06-21,0.0,0.0,0.0,0.0,0.0,0
2014-06-22,0.0,0.0,0.0,0.0,0.0,0
2014-06-23,0.0,0.0,0.0,0.0,0.0,0
2014-06-24,0.0,0.0,0.0,0.0,0.0,0
2014-06-25,0.0,0.0,0.0,0.0,0.0,0
2014-06-26,0.0,0.0,0.0,0.0,0.0,0
2014-06-27,0.0,0.0,0.0,0.0,0.0,0
2014-06-28,0.0,0.0,0.0,0.0,0.0,0
2014-06-29,0.0,0.0,0.0,0.0,0.0,0
2014-06-30,0.0,0.0,0.0,0.0,0.0,0
2014-07-01,0.0,0.0,0.0,0.0,0.0,0
2014-07-02,0.0,0.0,0.0,0.0,0.0,0
2014-07-03,0.0,0.0,0.0,0.0,0.0,0
2014-07-04,0.0,0.0,0.0,0.0,0.0,0
2014-07-05,0.0,0.0,0.0,0.0,0.0,0
2014-07-06,0.0,0.0,0.0,0.0,0.0,0
2014-07-07,0.0,0.0,0.0,0.0,0.0,0
2014-07-08,0.0,0.0,0.0,0.0,0.0,0
2014-07-09,0.0,0.0,0.0,0.0,0.0,0
2014-07-10,0.0,0.0,0.0,0.0,0.0,0
2014-07-11,0.0,0.0,0.0,0.0,0.0,0
2014-07-12,0.0,0.0,0.0,0.0,0.0,0
2014-07-13,0.0,0.0,0.0,0.0,0.0,0
2014-07-14,0.0,0.0,0.0,0.0,0.0,0
2014-07-15,0.0,0.0,0.0,0.0,0.0,0
2014-07-16,0.0,0.0,0.0,0.0,0.0,0
2014-07-17,0.0,0.0,0.0,0.0,0.0,0
2014-07-18,0.0,0.0,0.0,0.0,0.0,0
2014-07-19,0.0,0.0,0.0,0.0,0.0,0
2014-07-20,0.0,0.0,0.0,0.0,0.0,0
2014-07-21,0.0,0.0,0.0,0.0,0.0,0
2014-07-22,0.0,0.0,0.0,0.0,0.0,0
2014-07-23,0.0,0.0,0.0,0.0,0.0,0
2014-07-24,0.0,0.0,0.0,0.0,0.0,0
2014-07-25,0.0,0.0,0.0,0.0,0.0,0
2014-07-26,0.0,0.0,0.0,0.0,0.0,0
2014-07-27,0.0,0.0,0.0,0.0,0.0,0
2014-07-28,0.0,0.0,0.0,0.0,0.0,0
2014-07-29,0.0,0.0,0.0,0.0,0.0,0
2014-07-30,0.0,0.0,0.0,0.0,0.0,0
2014-07-31,0.0,0.0,0.0,0.0,0.0,0
2014-08-01,0.0,0.0,0.0,0.0,0.0,0
2014-08-02,0.0,0.0,0.0,0.0,0.0,0
2014-08-03,0.0,0.0,0.0,0.0,0.0,0
2014-08-04,0.0,0.0,0.0,0.0,0.0,0
2014-08-05,0.0,0.0,0.0,0.0,0.0,0
2014-08-06,0.0,0.0,0.0,0.0,0.0,0
2014-08-07,0.0,0.0,0.0,0.0,0.0,0
2014-08-08,0.0,0.0,0.0,0.0,0.0,0
2014-08-09,0.0,0.0,0.0,0.0,0.0,0
2014-08-10,0.0,0.0,0.0,0.0,0.0,0
2014-08-11,0.0,0.0,0.0,0.0,0.0,0
2014-08-12,0.0,0.0,0.0,0.0,0.0,0
2014-08-13,0.0,0.0,0.0,0.0,0.0,0
2014-08-14,0.0,0.0,0.0,0.0,0.0,0
2014-08-15,0.0,0.0,0.0,0.0,0.0,0
2014-08-16,0.0,0.0,0.0,0.0,0.0,0
2014-08-17,0.0,0.0,0.0,0.0,0.0,0
2014-08-18,0.0,0.0,0.0,0.0,0.0,0
2014-08-19,0.0,0.0,0.0,0.0,0.0,0
2014-08-20,0.0,0.0,0.0,0.0,0.0,0
2014-08-21,0.0,0.0,0.0,0.0,0.0,0
2014-08-22,0.0,0.0,0.0,0.0,0.0,0
2014-08-23,0.0,0.0,0.0,0.0,0.0,0
2014-08-24,0.0,0.0,0.0,0.0,0.0,0
2014-08-25,0.0,0.0,0.0,0.0,0.0,0
2014-08-26,0.0,0.0,0.0,0.0,0.0,0
2014-08-27,0.0,0.0,0.0,0.0,0.0,0
2014-08-28,0.0,0.0,0.0,0.0,0.0,0
2014-08-29,0.0,0.0,0.0,0.0,0.0,0
2014-08-30,0.0,0.0,0.0,0.0,0.0,0
2014-08-31,0.0,0.0,0.0,0.0,0.0,0
2014-09-01,0.0,0.0,0.0,0.0,0.0,0
2014-09-02,0.0,0.0,0.0,0.0,0.0,0
2014-09-03,0.0,0.0,0.0,0.0,0.0,0
2014-09-04,0.0,0.0,0.0,0.0,0.0,0
2014-09-05,0.0,0.0,0.0,0.0,0.0,0
2014-09-06,0.0,0.0,0.0,0.0,0.0,0
2014-09-07,0.0,0.0,0.0,0.0,0.0,0
2014-09-08,0.0,0.0,0.0,0.0,0.0,0
2014-09-09,0.0,0.0,0.0,0.0,0.0,0
2014-09-10,0.0,0.0,0.0,0.0,0.0,0
2014-09-11,0.0,0.0,0.0,0.0,0.0,0
2014-09-12,0.0,0.0,0.0,0.0,0.0,0
2014-09-13,0.0,0.0,0.0,0.0,0.0,0
2014-09-14,0.0,0.0,0.0,0.0,0.0,0
2014-09-15,0.0,0.0,0.0,0.0,0.0,0
2014-09-16,0.0,0.0,0.0,0.0,0.0,0
2014-09-17,0.0,0.0,0.0,0.0,0.0,0
2014-09-18,0.0,0.0,0.0,0.0,0.0,0
2014-09-19,0.0,0.0,0.0,0.0,0.0,0
2014-09-20,0.0,0.0,0.0,0.0,0.0,0
2014-09-21,0.0,0.0,0.0,0.0,0.0,0
2014-09-22,0.0,0.0,0.0,0.0,0.0,0
2014-09-23,0.0,0.0,0.0,0.0,0.0,0
2014-09-24,0.0,0.0,0.0,0.0,0.0,0
2014-09-25,0.0,0.0,0.0,0.0,0.0,0
2014-09-26,0.0,0.0,0.0,0.0,0.0,0
2014-09-27,0.0,0.0,0.0,0.0,0.0,0
2014-09-28,0.0,0.0,0.0,0.0,0.0,0
2014-09-29,0.0,0.0,0.0,0.0,0.0,0
2014-09-30,0.0,0.0,0.0,0.0,0.0,0
2014-10-01,0.0,0.0,0.0,0.0,0.0,0
2014-10-02,0.0,0.0,0.0,0.0,0.0,0
2014-10-03,0.0,0.0,0.0,0.0,0.0,0
2014-10-04,0.0,0.0,0.0,0.0,0.0,0
2014-10-05,0.0,0.0,0.0,0.0,0.0,0
2014-10-06,0.0,0.0,0.0,0.0,0.0,0
2014-10-07,0.0,0.0,0.0,0.0,0.0,0
2014-10-08,0.0,0.0,0.0,0.0,0.0,0
2014-10-09,0.0,0.0,0.0,0.0,0.0,0
2014-10-10,0.0,0.0,0.0,0.0,0.0,0
2014-10-11,0.0,0.0,0.0,0.0,0.0,0
2014-10-12,0.0,0.0,0.0,0.0,0.0,0
2014-10-13,0.0,0.0,0.0,0.0,0.0,0
2014-10-14,0.0,0.0,0.0,0.0,0.0,0
2014-10-15,0.0,0.0,0.0,0.0,0.0,0
2014-10-16,0.0,0.0,0.0,0.0,0.0,0
2014-10-17,0.0,0.0,0.0,0.0,0.0,0
2014-10-18,0.0,0.0,0.0,0.0,0.0,0
2014-10-19,0.0,0.0,0.0,0.0,0.0,0
2014-10-20,0.0,0.0,0.0,0.0,0.0,0
2014-10-21,0.0,0.0,0.0,0.0,0.0,0
2014-10-22,0.0,0.0,0.0,0.0,0.0,0
2014-10-23,0.0,0.0,0.0,0.0,0.0,0
2014-10-24,0.0,0.0,0.0,0.0,0.0,0
2014-10-25,0.0,0.0,0.0,0.0,0.0,0
2014-10-26,0.0,0.0,0.0,0.0,0.0,0
2014-10-27,-1.3732953924600173,-1.3184114977467218,0.0,0.0,0.0,2
2014-10-28,-1.2947070055509395,-1.2584539054522452,0.0,0.0,0.0,2
2014-10-29,-1.152895635861511,-1.116011368619916,0.0,0.0,0.0,2
2014-10-30,-1.3910432461326627,-1.4377417797501684,0.0,0.0,0.0,2
2014-10-31,-1.341152746739968,-1.3800710445875035,0.0,0.0,0.0,2
2014-11-01,-1.5571878043497995,-1.5984835843501415,0.0,0.0,0.0,2
2014-11-02,-1.6272429509102007,-1.6725844167408737,0.0,0.0,0.0,2
2014-11-03,-1.9708691305986072,-2.0,0.0,0.0,0.0,2
2014-11-04,-1.821038109481275,-1.867468199503087,0.0,0.0,0.0,2
2014-11-05,-1.7443942007745763,-1.7931953793996895,0.0,0.0,0.0,2
2014-11-06,-1.7052153591764752,-1.7199669787884317,0.0,0.0,0.0,2
2014-11-07,-1.7510703074637979,-1.7792111446890957,0.0,0.0,0.0,2
2014-11-08,-1.8593328906380395,-1.8900374998593463,0.0,0.0,0.0,2
2014-11-09,-1.8394679477559697,-1.8919038836244557,0.0,0.0,0.0,2
2014-11-10,-1.5771647801899193,-1.684519872305079,-1.3898142232491557,-1.410584096148243,0.0,4
2014-11-11,-1.2391469047386503,-1.3684588501076633,-1.4606387599183486,-1.525411208964514,0.0,4
2014-11-12,-1.3978420076372058,-1.5390896567263663,-1.8392528613085712,-1.9270283529549193,0.0,4
2014-11-13,-1.4673471225194676,-1.620191011334159,-1.9141565845592072,-1.9926309391896222,0.0,4
2014-11-14,-1.5156605349067152,-1.6584369058080188,-2.0,-2.0,0.0,4
2014-11-15,-1.464003621366405,-1.598573870241445,-2.0,-2.0,0.0,4
2014-11-16,-1.3918017778204683,-1.5809683186048797,-2.0,-2.0,0.0,4
2014-11-17,-0.1276192187518644,-0.32653422768905427,-1.7749412667469338,-1.9842944264907245,0.0,4
2014-11-18,-0.28358202279604144,-0.46498418784315715,-1.8499826842562213,-2.0,0.0,4
2014-11-19,-0.38940317787932105,-0.5671259540000068,-2.0,-2.0,0.0,4
2014-11-20,-0.2626575608181701,-0.43819555610626804,-2.0,-2.0,0.0,4
2014-11-21,-0.38818134489748435,-0.5940493932954708,-2.0,-2.0,0.0,4
2014-11-22,-0.2508710743056711,-0.4595230773268149,-1.9717890622575474,-2.0,0.0,4
2014-11-23,-0.4939183219686493,-0.5898715157826054,-1.3778413420344129,-1.5077342070641462,0.0,4
2014-11-24,-0.5935709240002475,-0.6248275987104714,-0.901263184483711,-1.0199664432334647,0.0,4
2014-11-25,-1.0769089917501584,-1.1411792430794792,-1.34921226692992,-1.5263170439071505,0.0,4
2014-11-26,-0.6624915464454936,-0.715975092302092,-0.6199618139484337,-0.7503116365465329,0.0,4
2014-11-27,-0.6030983936317748,-0.7142257516091306,-0.8065967759204848,-0.9710610868141689,0.0,4
2014-11-28,-0.3771393439833738,-0.4863017292877335,-0.8556690997778296,-1.0305885642734682,0.0,4
2014-11-29,-0.6581562292817384,-0.8128419060614266,-1.2731889294490237,-1.4468008187445027,0.0,4
2014-11-30,-0.7060247988868084,-0.8710599846199284,-1.1240885116870956,-1.3015579650346834,0.0,4
2014-12-01,0.07720868561184972,-0.22335235739420148,-0.2761515150071338,-0.6073122761578201,0.0,4
2014-12-02,0.10283958690398116,-0.19920096761897516,-0.2612738108419299,-0.5894869967588043,0.0,4
2014-12-03,-0.06469967153403201,-0.36866442166788926,-0.1415980408877381,-0.4375943537020943,0.0,4
2014-12-04,0.49608003852903765,0.1754002384503221,-0.47989208061075034,-0.7865900485496368,0.0,4
2014-12-05,0.812855142946102,0.5014484861914716,-0.3105714858535373,-0.6250344188263097,0.0,4
2014-12-06,0.8284097344513095,0.6217612865549592,-0.1501073041196663,-0.3841090380939099,0.4077277368447294,4
2014-12-07,1.5624128714750003,1.1462921994384938,0.045518922378990655,-0.5101874000947972,1.0,4
2014-12-08,1.6197527401169323,1.327016461766348,0.8738414363143923,0.32318837858960414,1.0,4
2014-12-09,1.6968453870986389,1.410138316789159,0.8822239808115375,0.3177921120154985,1.0,4
2014-12-10,1.6523239266468857,1.3474610669285871,0.7253461118575881,0.153866521353839,1.0,4
2014-12-11,1.3757236778426079,1.137067775540827,0.015399788421646285,-0.46050973615167456,1.0,4
2014-12-12,1.2988865509294232,1.0663554259457058,0.099584721696464,-0.3686689517303555,1.0,4
2014-12-13,1.0161307326696019,0.7764883913089424,0.046344417677761256,-0.40551958929433946,0.8659143410367555,4
2014-12-14,1.1626266676172432,1.0006992271052837,0.2644343293394318,-0.10818783592989277,1.0,4
2014-12-15,0.6154883293164183,0.6288490981610062,1.3067257278117028,1.088228381399302,1.0,4
2014-12-16,0.6855168394204735,0.7050364986964482,1.4080588419869144,1.179055896332729,1.0,4
2014-12-17,0.6684509295630376,0.6875921930695169,1.153146774078365,0.9211863763941571,1.0,4
2014-12-18,0.522990344329484,0.5956385785021189,1.5202101141474127,1.3587234528494656,1.0,4
2014-12-19,0.5437999402425974,0.5924122257254747,1.4583435492655612,1.289740585042899,1.0,4
2014-12-20,0.881733087394043,0.9527385134177863,1.635613881349955,1.4379924583692056,1.0,4
2014-12-21,1.6090668580528948,1.5650186345345276,2.0,1.922307407661885,1.0,4
2014-12-22,0.729996017086946,0.7420857220939544,0.7834151730998589,0.6369162782186093,1.0,4
2014-12-23,0.8919446111145951,1.0225809646171624,1.1624772248772064,1.1148964055220985,1.0,4
2014-12-24,0.7286202846748617,0.8271811955812889,1.2367271991738389,1.2218372351384947,1.0,4
2014-12-25,0.45788844363157966,0.5962663909201464,0.9898071605623728,0.8836961192221471,1.0,4
2014-12-26,0.3219345099559445,0.430529310120728,1.0402394107800836,0.9635809286699345,1.0,4
2014-12-27,0.346356342670669,0.4834737502706954,1.1848001453197747,1.1040312570251198,1.0,4
2014-12-28,-0.23088464583376503,-0.02221184441858935,0.5373946559558536,0.5757892923149932,0.5103769340673996,4
2014-12-29,-0.4436437897332365,-0.2800224989048907,0.32426472494064384,0.4503273713541655,0.0,4
2014-12-30,-0.8295617664547297,-0.7826796857712329,0.24313498415532878,0.5463402363906001,0.0,4
2014-12-31,-1.0040306807821846,-0.9513276410745629,0.27428561290395986,0.6467450761631728,0.0,4
2015-01-01,-1.2429173590339941,-1.3041119056895278,0.05424714197897479,0.5281004878767389,0.0,4
2015-01-02,-1.2500241434314885,-1.3473296188630945,-0.0749243761492679,0.35356484133810306,0.0,4
2015-01-03,-1.4969417447779376,-1.706192633750561,-0.2221412206087892,0.18041528019558847,0.0,4
2015-01-04,-1.458568627442084,-1.7034220506953848,-0.3090488887520599,0.12230872748756834,0.0,4
2015-01-05,-1.4946279838201686,-1.6192421997962378,0.37083413173406665,0.7343744257716374,0.0,4
2015-01-06,-1.5672737540596946,-1.8826283877297043,-0.3397346666993922,-0.17156326091786545,0.0,4
2015-01-07,-1.3016966141729542,-1.6018440768815656,-0.09712567587867632,0.038620876250378744,0.0,4
2015-01-08,-1.506218185354557,-1.7826415487204483,0.12035903800958947,0.32561489885570843,0.0,4
2015-01-09,-1.5049576114350465,-1.7450205488380974,-0.4136472269465971,-0.1627457092675239,0.0,4
2015-01-10,-1.223697898186066,-1.4411904518340197,-0.23713196836211065,-0.004059911957044696,0.0,4
2015-01-11,-1.2006917461615283,-1.2110400142205209,-0.09116243784849212,0.1591808251551071,0.0,4
2015-01-12,-1.2427639535543156,-1.2028782435534693,-0.4031035484908294,-0.2280253377287688,0.0,4
2015-01-13,-0.5219372256014158,-0.2604400268894785,0.23802631548645697,0.49331817001856393,0.0,4
2015-01-14,-0.5656954312084451,-0.21499877136761752,0.15642380367510444,0.4968033613435463,0.0,4
2015-01-15,-0.08664080759969084,0.4042263897260691,0.7313393411538542,1.1268318767046865,1.0,4
2015-01-16,0.10469799966889462,0.6816773768826885,0.9455994474919027,1.451285201469885,1.0,4
2015-01-17,0.20663907712734528,0.8284535936188917,0.88049224116336,1.4069491583386553,1.0,4
2015-01-18,0.8350229775138363,1.4269737463883994,0.7984021250614254,1.27795475421446,1.0,4
2015-01-19,0.4254859703530314,0.8945824951879371,-1.1533554624143931,-0.554523505803843,0.0,4
2015-01-20,0.03704196617607508,0.5775205391221124,-1.5420813703410428,-0.7440022208884309,0.0,4
2015-01-21,0.0002663964223916758,0.5501053467933048,-1.2392232632981375,-0.35625939842479637,0.0,4
2015-01-22,-0.13356390052438394,0.4171547368917493,-1.2404117142103832,-0.351066942420757,0.0,4
2015-01-23,-0.28682814240863297,0.30404911070054536,-0.5328569043800612,0.46184854920577917,0.0,4
2015-01-24,-0.21091388891484597,0.32880928709819535,-1.0907331324914287,-0.15488439279662322,0.0,4
2015-01-25,-0.685382114653408,-0.3315179545079079,-0.8500785670023903,-0.06984283545874702,0.0,4
2015-01-26,-0.2814581941414437,-0.18111282391285488,-2.0,-1.5020048039908183,0.0,4
2015-01-27,-0.2506950679453078,-0.15781725420020754,-2.0,-1.5490354684654448,0.0,4
2015-01-28,-0.34400348256607494,-0.24533981391783694,-2.0,-2.0,0.0,4
2015-01-29,-0.31551620281095444,-0.2282262680899528,-2.0,-2.0,0.0,4
2015-01-30,-0.5806206091563529,-0.567447967212306,-2.0,-2.0,0.0,4
2015-01-31,-0.6294558434623791,-0.6596479135188791,-2.0,-2.0,0.0,4
2015-02-01,-1.4073241332053732,-1.4765042090017324,-2.0,-2.0,0.0,4
2015-02-02,-1.746924058113923,-1.8155585600061883,-2.0,-2.0,0.0,4
2015-02-03,-2.0,-2.0,-2.0,-2.0,0.0,4
2015-02-04,-2.0,-2.0,-2.0,-2.0,0.0,4
2015-02-05,-2.0,-2.0,-2.0,-2.0,0.0,4
2015-02-06,-2.0,-2.0,-2.0,-2.0,0.0,4
2015-02-07,-1.8980448557043017,-1.9535689287142985,-2.0,-1.9264229692516852,0.0,4
2015-02-08,-1.9473014529703987,-1.9217486280612979,-2.0,-2.0,0.0,4
2015-02-09,-1.7992321808303648,-1.6522052522886856,-0.8907546733724673,-0.682187403074556,0.0,4
2015-02-10,-1.902109587870062,-1.741980892277637,-0.6428855320239404,-0.4101235874524341,0.0,4
2015-02-11,-1.7022263443349914,-1.5358683122457444,-1.0099144031246488,-0.7720806361070713,0.0,4
2015-02-12,-1.6545380407538413,-1.5231447924544321,-0.19773124458163782,0.002627262043346984,0.0,4
2015-02-13,-1.6994201843407497,-1.5491653515485266,-0.251113241245845,0.02264955779101845,0.0,4
2015-02-14,-1.5939825794254383,-1.4763456298954651,-0.21570955906868247,0.013668898367667482,0.0,4
2015-02-15,-1.0423893324897928,-0.8560244368198896,-0.2884085122178639,0.07500925507965102,0.0,4
2015-02-16,-0.37058604978573556,-0.24830635955813135,0.17635497567014508,0.46323943592648587,0.0,4
2015-02-17,-0.015993510147124298,-0.038218208087277716,-0.17500451561412772,-0.012986765680084889,0.0,4
2015-02-18,-0.011011400178462891,-0.041392989237549416,-0.17379878320268188,-0.03144704196074133,0.0,4
2015-02-19,0.4504918955631649,0.510768713062934,0.1386473791142983,0.29296012840928526,1.0,4
2015-02-20,0.6426883223414576,0.6757004129112577,0.20650337739327446,0.273393502809107,1.0,4
2015-02-21,0.6750280914908177,0.6656241735030535,0.8505253553919384,0.8736200207163799,1.0,4
2015-02-22,0.24546608315097534,0.3022645003795638,1.0013197352496443,1.0419971610827197,1.0,4
2015-02-23,0.11275227932164782,0.14426425889464817,0.5263446068348266,0.7077327505936544,1.0,4
2015-02-24,0.33539328111347577,0.42094104089154205,0.20170774578833386,0.41965916104115536,1.0,4
2015-02-25,0.28365414776275183,0.3572695139783524,0.4355725660631133,0.6321517564356389,1.0,4
2015-02-26,0.23292720306999182,0.33848475779072684,0.4496389278497914,0.6718309971949145,1.0,4
2015-02-27,0.25954720757896166,0.3712334725397405,0.44722809644768124,0.6521454336355151,1.0,4
2015-02-28,0.11101358596492238,0.2264899357309296,0.6424543350137558,0.8553191022750151,1.0,4
2015-03-01,0.2423102151357639,0.25935857566634074,0.876479499727655,0.965695713705434,1.0,4
2015-03-02,0.4120747203960463,0.39207098220762016,0.6914091217763266,0.7961658509570636,1.0,4
2015-03-03,0.3491286609729942,0.1938325943679431,0.41933061182996717,0.2851580668336535,1.0,4
2015-03-04,0.40694284343627873,0.254450105185723,0.4111488889050139,0.2954745987381143,1.0,4
2015-03-05,0.27532015057203413,-0.050401465793725196,0.32016512342796977,-0.038879216550253226,0.3342321951421071,4
2015-03-06,0.21399234630153477,-0.18922044961297932,-0.4949898042908572,-1.058168646228929,0.0,4
2015-03-07,0.20330027484941457,-0.18464205399154518,-0.7868197367421583,-1.342636082475398,0.0,4
2015-03-08,0.22563069832589763,-0.1670014640283309,-0.7897176267013365,-1.344904257307147,0.0,4
2015-03-09,0.2824781704085035,0.03380290702928887,-0.6278689697690585,-1.0053544784127704,0.0,4
2015-03-10,0.30072079888662506,0.006998971848502612,-0.4841727804825948,-0.8638999645223757,0.0,4
2015-03-11,0.25978081898031424,-0.04370680763528916,-0.33212508072700797,-0.7026095651000125,0.0,4
2015-03-12,0.276600880575327,0.025190094545819587,-0.39491812511115687,-0.7302562746343985,0.0,4
2015-03-13,0.5143520231050859,0.26850869183303816,-0.07427872517953592,-0.39967953857815447,0.0,4
2015-03-14,0.5577745470776835,0.351052469887418,0.07053260666383228,-0.23513358137551751,0.44583668621713035,4
2015-03-15,0.25962211821425824,0.16418016845936872,-0.23904210555441155,-0.29317302988325356,0.0,4
2015-03-16,0.37749883505421833,0.27106444769789095,-0.501799570050635,-0.6756234366719506,0.0,4
2015-03-17,0.1749283743709047,0.11408383386159815,-0.5524649390841871,-0.6509100612217082,0.0,4
2015-03-18,0.09538617986786381,0.07367358398731387,-0.6319916242289798,-0.6674877476370845,0.0,4
2015-03-19,0.030319524842999435,0.03754677078338922,-0.7377047192609583,-0.7321811527159552,0.0,4
2015-03-20,-0.49466904795195693,-0.3953451008151196,-1.0116102452826274,-0.7149534468539274,0.0,4
2015-03-21,-0.6128402843565675,-0.49447553241141434,-0.9745977357991988,-0.4789998472496931,0.0,4
2015-03-22,-0.5669937907951982,-0.45350371846182275,-0.8093268965956515,-0.23824875206319931,0.0,4
2015-03-23,-0.5409456972407835,-0.32861020659977364,-1.0690493477363099,-0.22863533648858003,0.0,4
2015-03-24,-0.5523227182628263,-0.33781649130136016,-1.1606229699811337,-0.3222338122007282,0.0,4
2015-03-25,-0.5165291316772993,-0.26533737717791855,-1.2771578336444196,-0.34689786681387824,0.0,4
2015-03-26,-0.6237397093371498,-0.37738581118000963,-1.388481683555293,-0.4428758854889695,0.0,4
2015-03-27,-0.8443869919194484,-0.736936490408761,-1.6830264233791759,-1.1504519396220154,0.0,4
2015-03-28,-0.9252416284062763,-0.7943781250235403,-1.964570209963859,-1.4669573382092662,0.0,4
2015-03-29,-0.9551522531389137,-0.8151087431993896,-1.8085820375329986,-1.2888565353296502,0.0,4
2015-03-30,-1.0043103576546801,-0.9710953250212129,-1.6844399848065275,-1.3544081384509308,0.0,4
2015-03-31,-0.9512079435208333,-0.9223715296161618,-1.6436759386311286,-1.3700317420284103,0.0,4
2015-04-01,-0.884762595991375,-0.9078563280365011,-1.5789874981317846,-1.447792853380386,0.0,4
2015-04-02,-0.737628324178036,-0.7569251905729087,-1.5545884337534401,-1.4593003105433546,0.0,4
2015-04-03,-0.38133445633068624,-0.3836524473127214,-1.2103737815216362,-1.1386873686755135,0.0,4
2015-04-04,-0.10707540282426482,-0.0924924239924537,-1.0881759705644467,-1.1405503251163116,0.0,4
2015-04-05,0.15578915216478967,0.11093953449603779,-0.7216375103441512,-0.8235392378503088,0.0,4
2015-04-06,0.3448239899282553,0.3086050201876744,-0.492712064053551,-0.49603705112751195,0.0,4
2015-04-07,0.35970063475213193,0.42540111747337184,-0.4282564044523337,-0.226651053496675,0.0,4
2015-04-08,0.3819827187733993,0.43951406936805276,-0.2945059683884139,-0.11416592577820844,0.09808494561752168,4
2015-04-09,0.44734952400147293,0.4862381342753205,-0.32992099303748473,-0.08286545680003143,0.1727871315876886,4
2015-04-10,0.27568082003685096,0.31319742206628043,-0.45601388602604964,-0.09250766460178948,0.0,4
2015-04-11,0.44204081647174176,0.5558347549641567,-0.33011779014191844,0.05382506883956026,0.37299398081356167,4
2015-04-12,0.4544330926069008,0.5518314154552245,-0.42086999107394646,-0.06276653864144559,0.12771864268805905,4
2015-04-13,0.41323281373617615,0.49390940190618693,-0.5609508884421671,-0.4060995283073342,0.0,4
2015-04-14,0.45057878840970167,0.5401264695836705,-0.4532449729097505,-0.28422942791619,0.0,4
2015-04-15,0.5251409328154083,0.5957802098300512,-0.5270332230845327,-0.4714005908176431,0.0,4
2015-04-16,0.4821434641244642,0.5399216177441076,-0.3782618251734152,-0.32863966204793926,0.0,4
2015-04-17,0.46471536039619077,0.5070716576786467,-0.3409746742597527,-0.3606413537303009,0.0,4
2015-04-18,0.4338510500209772,0.4054170954564965,-0.25034083979771704,-0.2911830562052838,0.0,4
2015-04-19,0.38655149511094417,0.41346860610128094,-0.7318994405362012,-0.7587253155976216,0.0,4
2015-04-20,-0.018896241732345435,0.06972898451617493,-0.962145812829159,-0.9422299000979638,0.0,4
2015-04-21,-0.029109723888144742,0.05243880623533499,-1.0141623834530757,-0.9991152456043355,0.0,4
2015-04-22,-0.03226955520568528,0.048380141264726735,-0.9832756313084701,-0.9605769846437353,0.0,4
2015-04-23,-0.04937131171305717,0.07034065045990263,-1.0132274653216509,-0.9887778747001088,0.0,4
2015-04-24,-0.11434161998132103,0.007848846789943877,-0.9917472066064265,-0.8861712906075088,0.0,4
2015-04-25,-0.3941856013605623,-0.28511133881027856,-1.102397458213828,-0.9455301905982354,0.0,4
2015-04-26,-0.1366685735889352,-0.05548363507696108,-0.7426617957592796,-0.6489877997511861,0.0,4
2015-04-27,-0.3141363870471693,-0.3124803009206356,-0.8467809581906072,-0.6888584307429944,0.0,4
2015-04-28,-0.32083575620621996,-0.31899846264542203,-0.6921576559720739,-0.5329593004382321,0.0,4
2015-04-29,-0.4240733640580694,-0.42458379478147085,-0.3801585933231907,-0.17019073666977527,0.0,4
2015-04-30,-0.34594005559366187,-0.3808722878159441,-0.7209264946547003,-0.5643703003986412,0.0,4
2015-05-01,-0.34104027374297596,-0.41700055996391294,-0.7102796517087299,-0.6189174549356552,0.0,4
2015-05-02,-0.15604427416515296,-0.23640503922244327,-0.5341518837395005,-0.5166338596852837,0.0,4
2015-05-03,-0.20227208502091976,-0.3494650410289288,-0.4914751046345518,-0.5144596109360864,0.0,4
2015-05-04,-0.3920057687953406,-0.5472654662373115,-0.4139243621048041,-0.35569596490725475,0.0,4
2015-05-05,-0.4087769065304529,-0.5598108454696088,-0.3963472517716471,-0.3308860049697239,0.0,4
2015-05-06,-0.31716441283174124,-0.47032226362276586,-0.6633832289519338,-0.7066686556488169,0.0,4
2015-05-07,-0.551770423757977,-0.6089072518698269,-0.9498028676150438,-0.8831038106753856,0.0,4
2015-05-08,-0.44925541746163045,-0.2778192244782284,-0.7698428954127184,-0.42976285908534895,0.0,4
2015-05-09,-0.5667274072715316,-0.42514780133950947,-0.8969370825645648,-0.5725508545431294,0.0,4
2015-05-10,-0.5743457487324739,-0.4126254292092354,-0.8320951205596294,-0.4587353695785238,0.0,4
2015-05-11,-0.2110607544602432,-0.05438397007016077,-0.49617614171461766,-0.13857413476502406,0.0,4
2015-05-12,-0.15572867827065154,0.007989426539496984,-0.6217244664346997,-0.2972326568172569,0.0,4
2015-05-13,-0.10574683189193147,0.05501597482545367,-0.6986874795018493,-0.36103840977780044,0.0,4
2015-05-14,-0.1366963478667224,0.013643176275296395,-0.32060297196007304,0.057014459968372455,0.0,4
2015-05-15,-0.22849326953858773,-0.09169308707395021,-0.6295881336732382,-0.3824141267341665,0.0,4
2015-05-16,-0.2731321285893314,-0.17351485973794278,-0.23659994379285934,-0.0010443780833258808,0.0,4
2015-05-17,-0.2846001960045142,-0.18897759322100952,-0.42974267543676903,-0.201904885659343,0.0,4
2015-05-18,-0.4807646770747139,-0.3336017113329079,-0.9865906905052828,-0.6112891868087836,0.0,4
2015-05-19,-0.3913323921363907,-0.2438316279252505,-0.973595611346362,-0.6553717265917599,0.0,4
2015-05-20,-0.6483939411215478,-0.5634633252651838,-0.7973635074845635,-0.4494790462056609,0.0,4
2015-05-21,-0.7327676690217657,-0.6291829106927059,-0.8281741196521716,-0.38341951263898116,0.0,4
2015-05-22,-0.4998914008225666,-0.4906135037825275,-1.2607098146041325,-1.1585595061669713,0.0,4
2015-05-23,-0.20613208109578454,-0.18741794951500473,-0.9083736235057996,-0.8253900074893432,0.0,4
2015-05-24,-0.36415886063978703,-0.3324999529179806,-0.9904035792990508,-0.8222825321993553,0.0,4
2015-05-25,-0.3039961783814507,-0.3035802286947634,-1.0377302837674767,-0.9474345803378332,0.0,4
2015-05-26,-0.29075898531341504,-0.31911263620874647,-0.8185255558744746,-0.6980890849606972,0.0,4
2015-05-27,-0.337396210240473,-0.3451443328478766,-0.9032421514517195,-0.8239303684741108,0.0,4
2015-05-28,-0.11775184362925846,-0.08644299426916362,-0.5674413324744808,-0.34933645162311694,0.0,4
2015-05-29,-0.2204034289218875,-0.07339828850554034,-0.8785472599080847,-0.4244127294992346,0.0,4
2015-05-30,-0.1976218100556311,-0.021664700409197,-0.8309639296572584,-0.3905189927464363,0.0,4
2015-05-31,-0.07890176378819662,0.041666110076519845,-0.5403693238990213,-0.2270430738266367,0.0,4
2015-06-01,0.13747940675421336,0.28635206280056846,-0.26434752179979504,0.003082159083059869,0.0,4
2015-06-02,0.14546619463243488,0.2640938355322942,-0.3298139780462029,-0.1278916420696142,0.0,4
2015-06-03,0.16126151080986675,0.31728996388067976,-0.5321442823306348,-0.21202874365426516,0.0,4
2015-06-04,0.31352243413492487,0.5356131122680086,-0.3690573754158285,-0.40589903469099925,0.0,4
2015-06-05,0.6000078501774732,0.6454563366334944,0.6352440858880639,0.5356546113672345,1.0,4
2015-06-06,0.5281964510750307,0.42431879731590705,0.9103202942356403,0.4050100777760407,1.0,4
2015-06-07,0.531027878077017,0.40291638778373373,0.7136943502777144,0.20651429665882184,1.0,4
2015-06-08,0.3682789022776501,0.31245455079248186,0.7499563727034827,0.3880995693597021,1.0,4
2015-06-09,0.15451708668379285,0.16903672085372842,0.25268756861185726,0.004028968089554941,0.49063529962987135,4
2015-06-10,0.08642010118820789,0.050331612172242954,0.3452607957189568,0.08932839566338083,0.4534652530505911,4
2015-06-11,-0.08251884697674124,-0.15380129883172772,-0.17600803500383222,-0.4743007101425441,0.0,4
2015-06-12,-0.11563529324896288,-0.19235254608368094,-0.21285259933316267,-0.5003787083833112,0.0,4
2015-06-13,-0.09866085049444588,-0.31834378290713466,-0.05708179532648265,-0.1308870258128115,0.0,4
2015-06-14,-0.09010170139753969,-0.3286116130047121,-0.05899706459629119,-0.12812901031161616,0.0,4
2015-06-15,0.12626236799480897,-0.11683765328429528,0.5176875240610601,0.3766206102372022,0.6612182031488963,4
2015-06-16,0.057676336334818536,-0.21571435740186873,0.33219035447280854,0.15675260278262504,0.1325324742337648,4
2015-06-17,0.1055873363827435,-0.1531618677554205,-0.10464418831075788,-0.3614568166262291,0.0,4
2015-06-18,0.1145147677084652,-0.18854723712215665,0.21456231803036216,-0.026204729560055012,0.0,4
2015-06-19,0.06598158974516424,-0.22525471225896587,-0.28653442773371907,-0.5802460850142889,0.0,4
2015-06-20,0.3038238207492019,-0.07721536499455457,-0.2572616241719937,-0.6954426768680819,0.0,4
2015-06-21,0.37673573398414323,-0.059788777838089835,-0.26917739201958424,-0.7715278123541183,0.0,4
2015-06-22,0.7066181313760463,0.09037366613730409,-0.3977334184865771,-0.9982004736092848,0.0,4
2015-06-23,0.6263620716518822,0.08830181914585844,-0.3703409618707386,-0.9909712038330457,0.0,4
2015-06-24,0.6385083411213959,0.13045291949396678,-0.195626883387223,-0.7959623281007542,0.0,4
2015-06-25,0.5418923114848235,0.04082858494020558,-0.350686565124225,-0.9451114242093105,0.0,4
2015-06-26,0.601489164380953,0.2923988500906397,0.26384259269840354,-0.11970964182163703,0.7821607821705048,4
2015-06-27,0.6922169877143679,0.31462341998054383,-0.20164156644288495,-0.47131815236685054,0.0,4
2015-06-28,0.39623504746662824,0.10236233584208228,-0.40917236707479776,-0.6022819794876884,0.0,4
2015-06-29,0.2856525642630756,0.01332124087533812,-0.5427749572951406,-0.7631127363538546,0.0,4
2015-06-30,0.3223194573111008,0.09015668461197517,-0.4873542715708109,-0.7395419843027892,0.0,4
2015-07-01,0.27423908659073865,0.02980449630364152,-0.4820953601134324,-0.7415848393580469,0.0,4
2015-07-02,0.12282103178236319,-0.08390377150516408,-0.7423238088880943,-1.0350721362007917,0.0,4
2015-07-03,0.11076070880087516,-0.14428007644416693,-0.8490201577457478,-1.148122903063419,0.0,4
2015-07-04,-0.2643384550454873,-0.5227072846079649,-1.2223384662116776,-1.5763065956689144,0.0,4
2015-07-05,-0.08144779100094962,-0.3571002764128814,-0.8534809148641403,-1.215881250566942,0.0,4
2015-07-06,0.20138482547744607,-0.059071808344216055,-0.2721398052372771,-0.5711517269981028,0.0,4
2015-07-07,0.24103350357741976,-0.08659726413842286,-0.3282257203327491,-0.6170388334710074,0.0,4
2015-07-08,0.20178187702066397,-0.11919340958821671,-0.6857412292693914,-0.9539105346643536,0.0,4
2015-07-09,0.5913232910126474,0.17715763393470166,-0.3973345298345614,-0.7158188876300648,0.0,4
2015-07-10,0.7095121359288583,0.3458043298562794,-0.43075172404655077,-0.8933427276234726,0.0,4
2015-07-11,0.8822718251531129,0.44979092474606314,-0.4234391269520113,-0.8249825073878272,0.0,4
2015-07-12,1.5285112758200259,0.9743089869776176,0.7600405184506013,0.2628457242207141,1.0,4
2015-07-13,1.8928201108349816,0.995699338110481,0.9075905417354542,0.08011890840380598,1.0,4
2015-07-14,1.833823348871933,0.9810314862428433,0.5284348742653354,-0.3657738237098248,1.0,4
2015-07-15,1.7631308087524902,1.0175713629699055,0.7749564447858818,8.46056767955794e-06,1.0,4
2015-07-16,1.7039217099836799,0.9343198896623117,0.8518207986616689,0.0667476552756111,1.0,4
2015-07-17,1.5871104767420134,0.9345348462130699,1.0537667620351292,0.35903227052832387,1.0,4
2015-07-18,1.3872265143731095,0.7780594490447496,0.9945822215008303,0.22159800452714756,1.0,4
2015-07-19,0.8068584583526859,0.23236764038627358,0.16879473882807047,-0.43652122738993876,0.3312568289170908,4
2015-07-20,0.04804797899005561,-0.1912273281347655,-0.25426334578002535,-0.6405333678092711,0.0,4
2015-07-21,-0.007874506024357122,-0.23790443541845527,-0.46173493884476635,-0.7059068926675435,0.0,4
2015-07-22,0.09728248716525284,-0.1950063681438927,-0.1741786973473446,-0.39242410587420645,0.0,4
2015-07-23,0.05970000102470577,-0.15529869187249745,-0.10557659015734044,-0.24860630849891951,0.0,4
2015-07-24,-0.27506790743953435,-0.3908822238434449,-0.731891774850497,-0.7904511036325406,0.0,4
2015-07-25,-0.1790838679489597,-0.2993529032791805,-1.0158781615738193,-1.16919782727024,0.0,4
2015-07-26,-0.11881316589796008,-0.16375585308066426,-0.835669029022453,-1.0428783331449085,0.0,4
2015-07-27,-0.24343196754257065,-0.283523308874648,-0.6818527816836354,-0.8389893639145567,0.0,4
2015-07-28,-0.36444705226369123,-0.40803354984635604,-0.860429106924897,-0.9705191116707196,0.0,4
2015-07-29,-0.4105429773402504,-0.41626066623064367,-1.2184586099314327,-1.3509254400322972,0.0,4
2015-07-30,-0.3651532836210748,-0.43895832759612957,-1.257952776984621,-1.4503322509571455,0.0,4
2015-07-31,-0.2705907273626099,-0.3467412096038343,-1.0612927533076946,-1.3524307059471632,0.0,4
2015-08-01,-0.570230689211084,-0.7702029465491084,-1.4584243320795278,-1.8288715196486014,0.0,4
2015-08-02,-0.5017608095767659,-0.5873505917102964,-1.2175916256223176,-1.4808901468862725,0.0,4
2015-08-03,-0.19702297776407945,-0.18698331191864462,-0.5635488702542685,-0.9317708478786491,0.0,4
2015-08-04,-0.06532223921307252,-0.009995144136101988,-0.39011955589722025,-0.7753155909349831,0.0,4
2015-08-05,-0.14295496102728533,-0.13166153800818242,-0.4390596799440188,-0.7552416874800174,0.0,4
2015-08-06,-0.3382285896421993,-0.12555080680909747,-0.5923430950846647,-0.8104424587706195,0.0,4
2015-08-07,-0.1686637387141344,-0.006991317678378038,-0.10962530752220426,-0.39405116487002656,0.0,4
2015-08-08,-0.353821129818424,-0.08679524840759492,-0.31874072843369,-0.49856496598384364,0.0,4
2015-08-09,-0.32530540826229803,-0.04617480133293038,-0.2273797044971819,-0.4280109898812987,0.0,4
2015-08-10,-0.2797868369247637,-0.1349011226495943,-0.5064693172613899,-0.7964134767390815,0.0,4
2015-08-11,-0.39481131782689155,-0.2795345051267315,-0.7557548701005545,-1.071083333202269,0.0,4
2015-08-12,-0.4585600590411403,-0.3807535175882538,-0.9736493347174701,-1.3163387976776935,0.0,4
2015-08-13,-0.5731806136000323,-0.5203211516109415,-1.2859571343975649,-1.550357105277803,0.0,4
2015-08-14,-0.7056617701796675,-0.7352060854451314,-1.4329216251471564,-1.842711959782242,0.0,4
2015-08-15,-0.4432905385054708,-0.6311624972748242,-1.1431082494114173,-1.5548570343506638,0.0,4
2015-08-16,-0.6489214439824857,-0.8775030038506426,-1.435323329894536,-1.7014589807331295,0.0,4
2015-08-17,-0.7359049482330626,-1.035581229108088,-1.4561907570122319,-1.7528705059487233,0.0,4
2015-08-18,-0.48474467458152665,-0.7501934107820273,-1.1234612893440805,-1.6018193971201145,0.0,4
2015-08-19,-0.7609411583245584,-0.9845036566563372,-1.400085641292125,-1.6592172511167336,0.0,4
2015-08-20,-0.6217821694640211,-0.8894012105917648,-1.3080451323131563,-1.6923031988970068,0.0,4
2015-08-21,-0.6741808710384831,-0.8512831599817947,-1.3317066670342732,-1.6943545398958153,0.0,4
2015-08-22,-0.588782414493061,-0.8125090044479386,-1.1750706014929777,-1.589571415677247,0.0,4
2015-08-23,-0.6384617775002386,-0.8979623167316558,-1.495433996159769,-1.928226724425023,0.0,4
2015-08-24,-1.5966041372843347,-1.3150429573709417,-1.3824963375645916,-1.7108502252038298,0.0,4
2015-08-25,-1.6876876731303962,-1.3489385688175155,-1.5440336623583024,-1.7908352498021531,0.0,4
2015-08-26,-1.5884933817534932,-1.3161232689746536,-1.5035364113115817,-1.7162756569706283,0.0,4
2015-08-27,-1.4714216571476992,-1.181435199391103,-1.4483163675200086,-1.5910834937227036,0.0,4
2015-08-28,-1.3924768301266297,-1.2864114455558835,-1.2576008113434836,-1.684713991143418,0.0,4
2015-08-29,-1.0976884411339265,-1.1118036484627118,-0.9861715974141527,-1.421650242431842,0.0,4
2015-08-30,-0.9497450701772033,-0.920424923693382,-0.9063348598062435,-1.2933564726197058,0.0,4
2015-08-31,-0.7592782961994522,-0.881080737667399,-1.2991163569292064,-1.4196616726552984,0.0,4
2015-09-01,-0.6041094283667892,-0.8440725906795775,-0.9815052730166335,-1.0906491405199181,0.0,4
2015-09-02,-0.6600847344996896,-0.8033342072031654,-1.2063750280204495,-1.3975080221189262,0.0,4
2015-09-03,-0.6730986270890065,-0.7934319969723129,-1.1694316995598208,-1.2528554768025257,0.0,4
2015-09-04,-0.7816530720018673,-0.8630517097612239,-1.273161412343491,-1.2795751423326749,0.0,4
2015-09-05,-0.9318731903235351,-0.8423534991770779,-1.2392915987604083,-1.0633248740021675,0.0,4
2015-09-06,-0.9504498558208911,-0.8588982526501362,-1.263071777153355,-0.9213098781386456,0.0,4
2015-09-07,-0.5104657322003507,-0.4923585334595331,-1.3942327796887355,-0.9295890262578532,0.0,4
2015-09-08,-0.44021540110015783,-0.4306419654001471,-1.2890084599543807,-0.8520820245792281,0.0,4
2015-09-09,-0.4937546846866481,-0.4285154251589055,-1.4790978306055844,-0.8825118276229115,0.0,4
2015-09-10,-0.4522021021571312,-0.3502930995104128,-1.2263203983655033,-0.849628839461552,0.0,4
2015-09-11,-0.6201486105954381,-0.5811967550775319,-1.2788339625669354,-0.9338780002483709,0.0,4
2015-09-12,-0.46438301029341267,-0.474874327678265,-0.9863914073014438,-0.7592264200326532,0.0,4
2015-09-13,-0.3547030335178832,-0.45957929480315307,-1.0218233322119294,-0.7780860816595104,0.0,4
2015-09-14,-0.4516112523169082,-0.36608575812380906,-0.8399447761985498,-0.5630751156218715,0.0,4
2015-09-15,-0.5774587911333549,-0.5078290798134026,-0.6057359059646712,-0.46050673353711136,0.0,4
2015-09-16,-0.5433024206374344,-0.4155269081344566,-0.3686136837705749,-0.23105477149097756,0.0,4
2015-09-17,-0.4888751811473509,-0.4317021649765965,-0.3715955022482413,-0.22930006023693184,0.0,4
2015-09-18,-0.46940823618697336,-0.3910553447700256,-1.1852245946099673,-0.5832972891987056,0.0,4
2015-09-19,-0.14867978047354352,-0.11641204605609431,-0.7139077711848959,-0.18483568365256245,0.0,4
2015-09-20,-0.15974066908267082,-0.01330637723573207,-0.3042855763828788,-0.04157486105892632,0.0,4
2015-09-21,-0.13503836451090787,-0.035694627747358786,-0.20572318822285968,-0.08126477607446492,0.0,4
2015-09-22,-0.0519500642465071,0.0009787431865520314,-0.0756578135790859,-0.009948969212895453,0.0,4
2015-09-23,-0.049282197101024855,0.0037989777599943715,-0.17317274948877343,-0.12561878654060432,0.0,4
2015-09-24,-0.24886014984314375,-0.34671559258207524,0.14416372987991816,-0.2335161130472954,0.0,4
2015-09-25,-0.29468606964463906,-0.4841195210403579,-0.076703199409756,-0.649616449587833,0.0,4
2015-09-26,-0.3755972255768311,-0.5399554065883778,-0.18187202100110988,-0.7672660780713042,0.0,4
2015-09-27,-0.42087831103578593,-0.5749201608752899,-0.45814111146807984,-0.8019474816213423,0.0,4
2015-09-28,-0.5913755234783686,-0.8015681944745915,-0.46724667926903773,-0.8316615187580941,0.0,4
2015-09-29,-0.5343836922597944,-0.7487905606863453,-0.3861923598715379,-0.6607249574505645,0.0,4
2015-09-30,-0.4260708590427055,-0.7031325281458222,-0.24011576329066892,-0.6315136167637887,0.0,4
2015-10-01,-0.33606002470302204,-0.5589168957515587,-0.22836996110319296,-0.5326616810403811,0.0,4
2015-10-02,-0.2513357967860647,-0.40786335795389767,-0.5285353864909547,-0.8244574360307645,0.0,4
2015-10-03,-0.11193035414754157,-0.2629418102343202,-0.4089282470591524,-0.7073814497355702,0.0,4
2015-10-04,-0.05037045814150933,-0.37684570634911796,-0.22307950694993897,-0.6055716691185566,0.0,4
2015-10-05,-0.2456065134453174,-0.42879615969092316,-0.3835824687237271,-0.744262609058699,0.0,4
2015-10-06,-0.24258764986579906,-0.4297751878265525,-0.3998007392590938,-0.6724652527446151,0.0,4
2015-10-07,-0.03384528801499087,-0.23195620545215323,-0.07937118435522664,-0.4419420979596614,0.0,4
2015-10-08,-0.21833988926708867,-0.6814616181163294,0.0016234764818568274,-0.5976848267536659,0.0,4
2015-10-09,-0.25567330195853444,-0.774562401962931,0.060637932042806514,-0.4620759803942405,0.0,4
2015-10-10,-0.5662773707693408,-0.9502594191280689,-0.3127398668224751,-0.7675161146808529,0.0,4
2015-10-11,-0.4633690151503118,-0.7842297109464393,-0.3137284213758382,-0.8172207850558075,0.0,4
2015-10-12,-0.30177793929189567,-0.5484775899747613,-0.5070226653535719,-0.978936056076928,0.0,4
2015-10-13,-0.5348893997087361,-0.6081381261059283,-0.7981722096347297,-1.1965837033772633,0.0,4
2015-10-14,-0.7699502745386236,-0.7289838366690816,-1.0713637290924616,-1.3988429743743849,0.0,4
2015-10-15,-0.8842914670457558,-0.7028449044121878,-0.9540942511818777,-1.301634507085013,0.0,4
2015-10-16,-0.8638591987538533,-0.7210996526483973,-0.8386867804707814,-1.231684818051945,0.0,4
2015-10-17,-1.0533343778711746,-0.8456934260966942,-1.1373369323490934,-1.4361225031654137,0.0,4
2015-10-18,-0.8276069550802848,-0.758352283297636,-1.111338770038207,-1.268443080428438,0.0,4
2015-10-19,-0.5416551499850427,-0.56393444354547,-0.9941525709289258,-1.2659992241731124,0.0,4
2015-10-20,-0.9634588252943722,-0.8310379836018054,-1.5214603814169128,-1.7933614161238802,0.0,4
2015-10-21,-0.6549743295379097,-0.6250011417896213,-1.1063870251225252,-1.5148678657162207,0.0,4
2015-10-22,-0.6674505409041971,-0.6242568418157187,-1.226387089406447,-1.4834808385055913,0.0,4
2015-10-23,-0.6371358941256267,-0.5707501560890708,-1.1843592262430795,-1.4226969236932485,0.0,4
2015-10-24,-0.6081000484656672,-0.45857876217060095,-1.0528234616616714,-1.3183256183709966,0.0,4
2015-10-25,-0.7676914033776684,-0.5447695085238983,-1.1710123257001128,-1.3487931774444577,0.0,4
2015-10-26,-0.5983606389334319,-0.4891043765206396,-1.0015777916960966,-1.183473689718682,0.0,4
2015-10-27,-0.5154043394714756,-0.41336443673142786,-0.8972660902234729,-1.0660640202142282,0.0,4
2015-10-28,-0.5330187759354768,-0.41025570410732753,-1.0161270064247152,-1.0365260402021201,0.0,4
2015-10-29,-0.3980046391412579,-0.32907047772960935,-0.726219894985021,-0.7999679102141577,0.0,4
2015-10-30,-0.17106458105747174,-0.1404076013721559,-0.6036254361639234,-0.6640359828518313,0.0,4
2015-10-31,-0.0937795983610375,-0.13887917244582926,-0.5884716804655279,-0.8072325663729975,0.0,4
2015-11-01,-0.19726469450728792,-0.1736389551758062,-0.9357623084051753,-1.2708167866264564,0.0,4
2015-11-02,0.9062034461272458,0.44074442257495533,-0.8231499852521369,-0.8886520854147002,0.0,4
2015-11-03,1.0425316737319565,0.5090956850016741,-0.6968678130984699,-0.7808489462034072,0.0,4
2015-11-04,0.6138558017904596,0.3059443833861724,-0.3683854403472065,-0.6213513329549111,0.0,4
2015-11-05,0.9407762062407088,0.5396134061824392,-0.5558395611228459,-0.7850481295831023,0.0,4
2015-11-06,1.0924814350595462,0.6071782553153212,-0.37869607437978936,-0.791076179514581,0.0,4
2015-11-07,1.1918971814962538,0.5393964344982654,0.2948561419766178,-0.5937943675059832,0.7923966400361364,4
2015-11-08,1.258319934049585,0.6224754969789986,0.27409096157486507,-0.5572993692346568,0.9421325686919061,4
2015-11-09,1.8061763775159774,1.2754990217892366,-0.29178990828791185,-0.7629981871276964,0.9627667268691209,4
2015-11-10,1.692477042403283,1.2128243768112992,-0.4211987204605574,-0.8281407525597917,0.5937596956309348,4
2015-11-11,1.8335416982899857,1.2801929847669244,-0.4842906524647867,-0.9736651425045013,0.4833956794215648,4
2015-11-12,1.9151332655972173,1.3014220939013799,-0.3627474501072652,-1.0761169320818367,0.5672156623131128,4
2015-11-13,1.313116243948981,0.8318773818533052,-0.3896696058133312,-1.1026974945967147,0.0,4
2015-11-14,1.0840448342148503,0.5874435417288804,-0.36326433247925777,-1.11284452398404,0.0,4
2015-11-15,0.866615225244043,0.5040405017945032,-0.4539604125590026,-0.8810753743630055,0.0,4
2015-11-16,-0.18397803656253564,-0.027055829364685053,0.02758530031382128,-0.2993475404956656,0.0,4
2015-11-17,-0.5546797330125276,0.2380952212573185,-0.11706199264161851,-0.5468247453769643,0.0,4
2015-11-18,-0.5243414225657708,-0.030930294788192845,0.03681072895589256,-0.6785597530632599,0.0,4
2015-11-19,-0.6478247663985917,-0.13064687655406546,-0.18158762616755802,-0.571730963628271,0.0,4
2015-11-20,-0.8447070536457764,-0.1063790775642988,-0.76929137261746,-0.07108757473663367,0.0,4
2015-11-21,-0.8767097406242321,-0.24417440920312275,-1.15616618768206,-0.587517132008689,0.0,4
2015-11-22,-1.030885890415467,-0.4525413904408516,-1.2850789724768032,-0.9045703759556484,0.0,4
2015-11-23,-1.337683554760519,-0.801882712418096,-1.5722025782543363,-1.0468600230188594,0.0,4
2015-11-24,-1.3226424917561792,-0.7980038703453881,-1.6634079992757878,-0.9506632507166768,0.0,4
2015-11-25,-1.4846917764933636,-0.895413491729961,-1.8157272577769386,-0.9623232547599152,0.0,4
2015-11-26,-1.73826802600185,-1.137248502151378,-2.0,-1.2898493858489328,0.0,4
2015-11-27,-1.2622621361780595,-0.5696061639114155,-2.0,-0.9732823573778553,0.0,4
2015-11-28,-1.2075037582378723,-0.5338136279015994,-1.7243420988551903,-0.48261468446141986,0.0,4
2015-11-29,-1.0263551147984171,-0.3227148550173807,-1.8736412080178257,-0.40410097736075334,0.0,4
2015-11-30,-1.034119379572204,0.32254335140802903,-2.0,-0.41526150007279183,0.0,4
2015-12-01,-0.7012777463334955,0.10111314464675193,-1.5412931689044642,-0.11999580604785466,0.0,4
2015-12-02,-0.875857532586187,-0.10192071032380993,-1.4217428000834,-0.104663413462997,0.0,4
2015-12-03,-0.6190303453604643,0.17162253073263115,-1.2906896078393182,-0.06964462442718336,0.0,4
2015-12-04,-0.5091466562499595,0.17081079382925105,-1.0177448847629342,-0.2506064067958597,0.0,4
2015-12-05,-0.4693224735034928,0.33716510435412184,-1.3965519240316413,-0.4909032487629799,0.0,4
2015-12-06,-0.4565869384574903,0.3945593371909662,-1.4545235797517153,-0.4632499805958013,0.0,4
2015-12-07,-0.28811110167249965,0.461028654204933,-1.332410539323439,-0.4407219566663868,0.0,4
2015-12-08,-0.3022615531296551,0.49145687509065555,-1.198944235686969,-0.3773773722937335,0.0,4
2015-12-09,-0.17683876992975864,0.617247970595995,-1.2568882203099159,-0.41682692906129054,0.0,4
2015-12-10,0.020506087536422024,0.701166816265522,-1.2254638955262427,-0.056863615381842036,0.0,4
2015-12-11,-0.17212510710199136,0.6236366347252106,-1.0144584490929596,-0.18069420443295417,0.0,4
2015-12-12,0.13356357511177744,0.8880674519001813,-0.8445536011690986,-0.08171520544207037,0.0,4
2015-12-13,-0.29412281318190137,1.0881796004420958,-1.3519861223075234,-0.25269008007022803,0.0,4
2015-12-14,0.9487667944262584,1.0659606746069084,0.520731256323186,0.45026254512352093,1.0,4
2015-12-15,1.0205977051370279,1.08928778963472,0.4338204112085233,0.6620329102717296,1.0,4
2015-12-16,1.2122676459485646,1.2819003440077885,0.30431598552451666,0.6578112321493197,1.0,4
2015-12-17,1.1021049774227432,1.1272032840406692,0.25749790147943247,0.6366841836909554,1.0,4
2015-12-18,1.222218154642525,1.1255556589675975,0.0796200146611861,0.5476195072567978,1.0,4
2015-12-19,1.0526466368721237,0.8590228148072683,0.006186742336363198,0.3378833374657832,1.0,4
2015-12-20,0.9403083348644011,0.873801933548619,0.03142208382211205,0.4121541017399686,1.0,4
2015-12-21,0.8181145444517611,0.7211021707834764,0.5041259957077364,0.6370899220662577,1.0,4
2015-12-22,0.8907250393778913,0.733512168040189,0.4681165148385681,0.6180831509274917,1.0,4
2015-12-23,0.7760514563929449,0.6232935137800882,0.5600300336075065,0.6390820883529478,1.0,4
2015-12-24,0.8818690583390706,0.7858666797389363,0.55837335842746,0.8498784492692926,1.0,4
2015-12-25,0.9651834214333741,1.233770069357104,0.5242058322220216,0.8277867401730282,1.0,4
2015-12-26,0.8922961256978281,1.119620738904236,0.7502506584519181,0.9098087866057981,1.0,4
2015-12-27,0.7381785415529656,0.8389774873644011,0.8788754320270329,0.7172480017135143,1.0,4
2015-12-28,0.45185647773626925,0.5869307376910402,1.4683703421084622,0.9256522083896921,1.0,4
2015-12-29,0.324842314012865,0.4788604246605144,1.4132377308454707,0.8725331737310487,1.0,4
2015-12-30,0.2555673309253717,0.45204943447277507,1.2569840482617893,0.8472721724300931,1.0,4
2015-12-31,0.3535203462645822,0.3847569760172826,1.3247610395068692,0.7020180475957197,1.0,4
2016-01-01,0.2683398885749121,0.2900945385108433,1.1728313396749563,0.8133762095075652,1.0,4
2016-01-02,0.32374569985565227,0.3305003166059314,1.0845968211865449,0.7395334829062378,1.0,4
2016-01-03,0.5007977274595748,0.4127066232478085,1.011231476287136,0.8116531071964624,1.0,4
2016-01-04,0.4952764155863834,0.3497212915132046,0.9020170434902398,0.6356473661803844,1.0,4
2016-01-05,0.7043079738208113,0.4550667584419805,1.0348172082319307,0.5974405132424937,1.0,4
2016-01-06,0.8258403378606827,0.7407083168578183,1.318178050584645,0.6225368088042267,1.0,4
2016-01-07,0.7777156522588362,0.7337224852448357,1.2049800745287107,0.5477655036204281,1.0,4
2016-01-08,0.7319481856738175,0.22492009175908695,1.630461527353482,0.7155819014010327,1.0,4
2016-01-09,0.8093083155677425,0.3380821269548988,1.5242262692928044,0.6281801891696968,1.0,4
2016-01-10,0.6101481202924862,0.2800107920842013,1.3997991936060623,0.7029217490033961,1.0,4
2016-01-11,0.4290160404562007,0.21610755351112626,1.1647186495548307,0.7262419442645422,1.0,4
2016-01-12,0.49362610281628216,0.30488008165434727,1.1243319538436418,0.9252900409167055,1.0,4
2016-01-13,0.5683846627653709,0.34322609567896045,1.1295039829942053,0.8685647725732681,1.0,4
2016-01-14,0.5601594786284588,0.41963978885591224,1.0774728830811442,0.8794570215692776,1.0,4
2016-01-15,0.5254618830781748,0.4621992076190107,0.8803502059932887,0.830769021753139,1.0,4
2016-01-16,0.402770249855786,0.4092873916179807,0.8442966562891127,0.7663504581387782,1.0,4
2016-01-17,0.3445789583235057,0.41433375829790464,0.697498507851426,0.6298725981359047,1.0,4
2016-01-18,0.11489684214314153,0.38951542649766696,0.6841447680623112,0.5495446348897677,1.0,4
2016-01-19,0.028803019774718493,0.5750670737466841,0.6250637365046676,0.489472309477286,1.0,4
2016-01-20,-0.10229371854347723,0.3004023301204967,0.9742484556502482,0.3482462241909725,1.0,4
2016-01-21,0.0634339058043278,0.44101222698487025,0.9272306650552077,0.36759578465657744,1.0,4
2016-01-22,-0.10899829999454617,0.3048856688101044,0.9040648960992134,0.42980107064552575,1.0,4
2016-01-23,0.052445928050589334,0.42238578429993795,0.9269643872932348,0.28792756102781836,1.0,4
2016-01-24,0.1038360242864373,0.483400580201918,0.9368094578673697,0.2681703517715512,1.0,4
2016-01-25,0.2326435516126889,0.5565274824713207,1.0763898315479692,0.5035250858807768,1.0,4
2016-01-26,0.34744443826324695,0.6544793293727706,1.0097150913409094,0.6484577216561098,1.0,4
2016-01-27,0.3204257927152397,0.5562769605645946,1.136960518141653,0.853415136064261,1.0,4
2016-01-28,0.32763124396694326,0.5280507431821504,1.1151444964924964,0.6857156295850624,1.0,4
2016-01-29,0.19846987191359441,0.47795967428032315,1.0872259338183252,0.6579535706837026,1.0,4
2016-01-30,0.3114879601843492,0.5538849895969219,1.0737882733684119,0.8013615239498141,1.0,4
2016-01-31,0.133006952637965,0.47861541790729056,0.9510721966437571,0.6912303674775251,1.0,4
2016-02-01,0.6803144434887531,0.8330343353033547,1.2467071796491036,0.9871826272718934,1.0,4
2016-02-02,0.7282413632825185,0.6142183225314557,1.4542935244126867,1.03238374288068,1.0,4
2016-02-03,0.8148192084788769,0.5272167880549744,1.4084600774435427,0.97374731553477,1.0,4
2016-02-04,0.6118030333078153,0.3681139792221656,1.3049182107609079,0.9479363134874377,1.0,4
2016-02-05,0.6209787757496426,0.469845748337056,1.0896758763255197,0.9171753315302738,1.0,4
2016-02-06,0.5429302263321615,0.33808305308016773,1.2123424642781433,1.0700561212715272,1.0,4
2016-02-07,0.690390482029213,0.2424092964054008,1.5253150850544552,0.921863297056136,1.0,4
2016-02-08,0.5050302688894258,0.12218559675371288,1.6670002049814046,0.9737551994595737,1.0,4
2016-02-09,0.19121538239386549,0.13583990094686976,1.3823808993314006,1.1318579999318348,1.0,4
2016-02-10,0.30003900711370085,0.2668702975472262,1.48458797513964,1.2350334907869511,1.0,4
2016-02-11,0.4947521220034448,0.365464840612163,1.6321975181106487,1.5634595302773917,1.0,4
2016-02-12,0.49138044644840956,0.3631498167424274,1.7894739568700395,1.682443569476272,1.0,4
2016-02-13,0.5969256932656595,0.8287780524029148,1.8115834752202042,1.6307821767541217,1.0,4
2016-02-14,0.6048889963222918,0.8152226823499023,1.810641359723105,1.81072142799057,1.0,4
2016-02-15,0.7000049066024499,0.7480893555771571,2.0,1.9518863897799483,1.0,4
2016-02-16,0.6791888219335638,0.7039387719313148,1.8930920017841202,1.831528484237452,1.0,4
2016-02-17,0.6122921158441925,0.6438484197580077,1.8026491981804944,1.720758948646215,1.0,4
2016-02-18,0.5857492752117378,0.6706372620616247,1.7116917806205527,1.7155168792503461,1.0,4
2016-02-19,0.5833624501605883,0.641318275128727,1.697319940067382,1.5157117141728391,1.0,4
2016-02-20,0.4659762772634277,0.6440508895134868,1.6030855990698767,1.352080968665839,1.0,4
2016-02-21,0.3752307980449544,0.517315238320007,1.4734911740922159,1.1382895417533274,1.0,4
2016-02-22,0.22748397803245776,0.45035114738895343,1.4555881822536816,1.1430528508557296,1.0,4
2016-02-23,0.2976674824660884,0.5025282624162367,1.4962692194536569,1.1710745597694079,1.0,4
2016-02-24,0.20839074540975144,0.46708415479624504,1.4380891992934404,1.0374944679405216,1.0,4
2016-02-25,0.1972554105037014,0.7235958561652913,1.4687726844904596,0.9344137867496667,1.0,4
2016-02-26,0.4065556091670404,0.8696333097249159,1.5047139961666496,0.9202668054031882,1.0,4
2016-02-27,0.2982424407781166,0.46950217303946556,1.7954598578563126,1.1126480407110428,1.0,4
2016-02-28,0.2530621927001722,0.4862446303329983,1.777346599142985,1.1112553088056456,1.0,4
2016-02-29,0.2386713482096589,0.44561417977416323,1.7146663964886861,1.031566342871265,1.0,4
2016-03-01,0.22839547377003788,0.4424645666803109,1.6885797828552367,0.9754132470703719,1.0,4
2016-03-02,0.10143751673217444,0.38771377328877915,1.462946700758404,0.9894682874880073,1.0,4
2016-03-03,0.19198253218070846,0.45208947652077314,1.518832672224166,0.9968017647660448,1.0,4
2016-03-04,0.34830548447566584,0.41864473683597037,1.5306551425193284,0.9065625473213661,1.0,4
2016-03-05,0.2580252264609485,0.32410757779991883,1.321162586523042,0.8706200918389965,1.0,4
2016-03-06,0.37874926814216964,0.3642629828256081,1.3238020798811376,0.4489588147420956,1.0,4
2016-03-07,0.3896344424373913,0.30199727047700864,1.2641906284542301,0.32295664465992047,1.0,4
2016-03-08,0.3718133552799532,0.252009762647775,1.2383195023293874,0.35401792741950583,1.0,4
2016-03-09,0.3208869109686624,0.24613500555957546,1.1524235311323379,0.13436589569058655,1.0,4
2016-03-10,0.2151025898148649,-0.1593013178083149,1.3974632560821396,0.3561115028051507,1.0,4
2016-03-11,0.12087810826060283,-0.3012009452760092,1.5231106522222015,0.5046336676780134,1.0,4
2016-03-12,0.3722246227544545,-0.2515884495444808,1.6866069932767151,0.5454271117461527,1.0,4
2016-03-13,0.4041584117035113,-0.3258121857964169,1.6654107888419374,0.5066983180709119,1.0,4
2016-03-14,0.2786948085271335,-0.4133000422159459,1.4686023575731089,0.5514302349440301,1.0,4
2016-03-15,0.11335332924508326,-0.4881613107962822,1.217016433281443,0.4902816911589646,0.7142723246916413,4
2016-03-16,0.1915021408670951,-0.4070500382393513,1.3374254867612363,0.5007641505709467,0.9934372984908076,4
2016-03-17,0.17424303055398221,-0.3989967169350679,1.321008699377887,0.4684201924153985,0.9437910878612258,4
2016-03-18,0.17904381513469667,-0.3961702501444015,1.2795788981803344,0.47542224209555567,0.9334966432241717,4
2016-03-19,0.3715058041769864,-0.22776098931420416,1.579967027503227,0.650516040567779,1.0,4
2016-03-20,0.4816680481262723,-0.31680982092568927,1.8026679823212177,0.6488334946069071,1.0,4
2016-03-21,0.02282757025698845,-0.39007559302617834,1.5784121852256994,0.5901365625060464,1.0,4
2016-03-22,0.03658965065456171,-0.2746644616459887,1.5819971132767299,0.6906450938457156,1.0,4
2016-03-23,0.05652574182819689,-0.3956574554295438,1.4642522555409756,0.5164976197527233,0.9529932831493008,4
2016-03-24,-0.10721263436984152,-0.30805684190525473,1.1991228525787077,0.33779321801328405,0.5420194145949306,4
2016-03-25,-0.0737347366384649,-0.19099689410322795,1.0090912466434003,0.2637029641879692,0.5401754460034173,4
2016-03-26,-0.2138175445663238,-0.2683716214414431,0.746626922489122,0.02915124486943461,0.0,4
2016-03-27,-0.20670869962852295,-0.33217556250269215,0.6702418515465568,0.05805820159227886,0.0,4
2016-03-28,-0.07442036703331142,-0.23605308879481518,0.6156071831716698,0.01292679912058569,0.0,4
2016-03-29,-0.10455718320184831,-0.27392499346173665,0.45388204826533474,-0.09686047352819593,0.0,4
2016-03-30,-0.1739211641069464,-0.26998026176019724,0.4021819410268127,0.036408755719178294,0.0,4
2016-03-31,-0.18511683199900944,-0.280063404362366,0.333240291550291,0.0022066306441681366,0.0,4
2016-04-01,-0.22326900251753812,-0.3119974521934863,0.2906662147373941,-0.013375219070420552,0.0,4
2016-04-02,-0.31182745978305526,-0.37140692898607414,0.24623835309520625,-0.01708219564565668,0.0,4
2016-04-03,-0.45419956394646727,-0.39190319360236503,0.14173230421862193,0.017294989689632504,0.0,4
2016-04-04,-0.24610303490779054,-0.2704700789415376,0.011895912614739768,-0.045008974662288585,0.0,4
2016-04-05,-0.2106589700760126,-0.28155359196524743,0.030612007247463047,-0.03628285155686554,0.0,4
2016-04-06,-0.19449572991837968,-0.24016025171320105,0.08867230483374869,-0.05205383464732404,0.0,4
2016-04-07,-0.09377794610171598,-0.2379049411187948,0.155119705015814,0.006537745332603262,0.0,4
2016-04-08,-0.11357486088161038,-0.1781084203017346,0.1267675184669023,0.10894934079227758,0.0,4
2016-04-09,-0.04213145541485011,-0.16565234714225155,0.10920549457410601,0.05252543825194287,0.0,4
2016-04-10,-0.05292243084919786,-0.06805911281435348,0.16168072732830718,0.15370530258757845,0.08514501516600698,4
2016-04-11,-0.30442505728393904,-0.17671312255872693,-0.0838226426380827,0.14291990789807973,0.0,4
2016-04-12,-0.3664930625859334,-0.22786017948985823,-0.18226963989097733,0.08971825974134513,0.0,4
2016-04-13,-0.34564615755382455,-0.23041530647531971,-0.21274059429731823,0.10005049188559627,0.0,4
2016-04-14,-0.4475410531049935,-0.2886207491328057,-0.36202205301052615,-0.014055989881500953,0.0,4
2016-04-15,-0.4578895405507389,-0.27422241861229935,-0.3858443846207452,-0.01674834013047246,0.0,4
2016-04-16,-0.3966616310627083,-0.1772489702115129,-0.46303762066451876,0.001873438237955382,0.0,4
2016-04-17,-0.21982490456773796,-0.07964589682074619,-0.4744493734244658,0.0700575512679038,0.0,4
2016-04-18,-0.6822141575968401,-0.32710192800190674,-0.9622597787679323,-0.11847195447411948,0.0,4
2016-04-19,-0.6845035976810829,-0.30984924584061446,-0.9530569821518126,-0.13640464441067754,0.0,4
2016-04-20,-0.6278279286417954,-0.2231462883734491,-0.8870075062058449,-0.15232574220010697,0.0,4
2016-04-21,-0.37587829440076737,-0.11516237375151617,-0.5626156512335164,-0.013584668209600609,0.0,4
2016-04-22,-0.37227211181040876,-0.12546055589209565,-0.5353836403936817,-0.04980513219738405,0.0,4
2016-04-23,-0.39516167704953076,-0.1972158489850346,-0.440709234767559,-0.054710178512730995,0.0,4
2016-04-24,-0.25793099743661835,-0.1618160174713499,-0.2324749221212185,-0.08526820531248448,0.0,4
2016-04-25,0.10711924359690933,-0.01685249725542356,-0.30046852087862896,-0.16303198334835303,0.0,4
2016-04-26,0.1030579862778169,-0.016485073847509128,-0.33328257494896774,-0.16820417948516336,0.0,4
2016-04-27,-0.16323565780213295,-0.11739105096086477,-0.6187046684225961,-0.3345256089402952,0.0,4
2016-04-28,-0.1762587274954059,-0.11157781465093555,-0.702383620426571,-0.38366919642228414,0.0,4
2016-04-29,-0.26620292209545976,-0.15700577535770982,-0.7802987446898689,-0.4430819444671524,0.0,4
2016-04-30,-0.19540716593064658,-0.11627869875809362,-0.5625502701706259,-0.44027661345880675,0.0,4
2016-05-01,-0.48876592163117316,-0.19807590016393603,-0.8605134333290807,-0.5822110698871286,0.0,4
2016-05-02,-0.47524694533183653,-0.08448735716817919,-0.9587405823393558,-0.49157893765256794,0.0,4
2016-05-03,-0.46362102149412887,-0.1069602141255791,-0.9095279980410159,-0.5130146991909528,0.0,4
2016-05-04,-0.3870193205053906,-0.1907072794824337,-0.734237447297534,-0.3353490639820503,0.0,4
2016-05-05,-0.2225194597464731,-0.13542893295272287,-0.7512137770815288,-0.24662005000774667,0.0,4
2016-05-06,-0.3122573441139595,-0.19069964369613884,-0.6577877135215863,-0.21492367811882965,0.0,4
2016-05-07,-0.23085457789419508,-0.13118729240978527,-0.6677163553873339,-0.12126021646746046,0.0,4
2016-05-08,-0.19591334905371927,-0.17644596264093287,-0.4962093341961293,-0.06739083348964736,0.0,4
2016-05-09,-0.12041061035547812,-0.14504429935101798,0.058206627256604304,0.13758292095996705,0.0,4
2016-05-10,-0.08017316718825696,-0.0941897300698282,0.05548182740271018,0.1939520864398198,0.0,4
2016-05-11,-0.07260590312814405,-0.14261555728644942,0.046186840316494226,0.08807658078057809,0.0,4
2016-05-12,0.1119001812432539,-0.031389950530564134,0.10778621293505875,0.2037798914347518,0.30808209677460485,4
2016-05-13,0.1672592557938093,-0.033879103108817046,0.053315075444454414,0.09951864064621645,0.21308672827367117,4
2016-05-14,0.16475337449644942,-0.07742486369148013,0.027437707758336743,0.012433515922666364,0.04059609579579204,4
2016-05-15,0.32620257155547133,-0.02582047092276288,0.06784822881112042,0.014568137791138774,0.2456336388621088,4
2016-05-16,0.48589882965550213,0.06744740819815445,0.19069676275374442,0.06462613099379586,0.6371303775512288,4
2016-05-17,0.4897248803018531,0.12659638573513463,0.17781323316573722,-0.022434469834189653,0.5852209951839871,4
2016-05-18,0.41607949647534037,0.16370303581243212,0.1768120225522201,-0.02448551383974626,0.5757545151225096,4
2016-05-19,0.162777669395924,0.09911144840474491,0.08328072674280951,-0.1341494440061481,0.0990840354988737,4
2016-05-20,0.27470419409677377,0.15956393380213102,0.13510093621745925,-0.08849679165806523,0.3493452289267766,4
2016-05-21,0.16275352627796438,0.10815799552254671,0.05333087467420328,-0.15715308208440626,0.04589894145617694,4
2016-05-22,0.1260552694207697,0.08390651621146497,0.04541581174093792,-0.19843129618298347,0.0,4
2016-05-23,0.07963909172759698,-0.010850636271026688,0.08436793320707506,-0.3345026024282325,0.0,4
2016-05-24,0.07939090750391922,-0.01827880026669569,0.08916066560013637,-0.34622856788545325,0.0,4
2016-05-25,0.10359094278070688,0.01062160043354752,0.08916398478268227,-0.30884985693306677,0.0,4
2016-05-26,0.09574977387127906,-0.005351173992547731,0.13204706580063807,-0.2820297391456941,0.0,4
2016-05-27,0.07002417759385833,-0.039872274057672526,0.08917891991448437,-0.3157220037725479,0.0,4
2016-05-28,0.1496217310579673,-0.007992210852617438,0.1341985041941171,-0.31193993614522586,0.0,4
2016-05-29,0.1688500445679566,0.03734440878205815,0.13834447098697242,-0.2221321807461039,0.0,4
2016-05-30,0.3662706563706617,0.14471115345808405,0.2288744012447726,-0.2794013884829339,0.21934308595537966,4
2016-05-31,0.2672311836960649,0.04534831189407123,0.2115703930216243,-0.3546616866849602,0.0,4
2016-06-01,0.2587619663026614,0.008565705708522282,0.18761048264846816,-0.39905979673604186,0.0,4
2016-06-02,0.26801369143973114,-0.017276513195457893,0.18430987214262268,-0.4460904614640317,0.0,4
2016-06-03,0.15101490273566803,-0.07408101338299009,0.11010556866059146,-0.4654135006854942,0.0,4
2016-06-04,0.11739860960045875,-0.10223709770312699,0.08228345810985487,-0.4911490063661135,0.0,4
2016-06-05,0.06880711728840581,-0.15961217773479153,-0.06519592766517229,-0.6483252074839391,0.0,4
2016-06-06,0.3557076215952615,-0.06268843095301696,0.1573126014653135,-0.48035751222955475,0.0,4
2016-06-07,0.4803303036356545,0.008573357780386539,0.22875046317938896,-0.3626173991410647,0.04556294364335861,4
2016-06-08,0.4862309069479303,-0.003541178745048364,0.24180557208162584,-0.37065401502423667,0.03722382894549353,4
2016-06-09,0.6320718020386967,0.1557324045245821,0.33950970675432307,-0.14944854738773017,0.6940018927702946,4
2016-06-10,0.7013433309318707,0.22152520489100375,0.3093228146865599,-0.10700939936811771,0.8372675134650304,4
2016-06-11,0.46942788880676606,0.10477654727382797,0.2683771916045655,-0.1352136307294854,0.48569405860390547,4
2016-06-12,0.574909288827912,0.14250612331715626,0.22093659917071587,-0.1861027756428592,0.48169139464074695,4
2016-06-13,0.39527749043873217,-0.03245093179486652,0.3557687308529702,-0.19742506241328656,0.2687119131266009,4
2016-06-14,0.41344048396637956,-0.10603226993655168,0.48668333516244694,-0.03156081206319235,0.5004862044793211,4
2016-06-15,0.2538136862151504,-0.17494091952242707,0.24589623842302635,-0.22761061825375828,0.0,4
2016-06-16,0.20451114440363138,-0.225730911090734,0.21978663002361906,-0.2583311041191204,0.0,4
2016-06-17,0.07547676063471466,-0.2786467187496257,0.09337132004120254,-0.36686811582452133,0.0,4
2016-06-18,0.16935007187404397,-0.21141703608335694,0.19271663551917703,-0.17318771991142734,0.0,4
2016-06-19,-0.08256070367712004,-0.2676815229521245,-0.026057107024060694,-0.26464299044258316,0.0,4
2016-06-20,1.0116774563450408,0.32246426955183594,-0.4501380173972656,-0.5225207457693022,0.0,4
2016-06-21,1.0211419466790712,0.33946957698641356,-0.5230474008170346,-0.618185877364482,0.0,4
2016-06-22,1.2114857069622664,0.4303528421235121,-0.26608376268847345,-0.38122484707066917,0.357787901756888,4
2016-06-23,1.4206405773666018,0.5093760470416696,-0.15325544984180267,-0.4030554059707109,0.6680398391573973,4
2016-06-24,1.3289811961642506,0.43153304080601484,-0.02666823926082761,-0.26937722929526275,0.854239328306116,4
2016-06-25,1.0538165424431094,0.3329120769362095,-0.14669060872601464,-0.4466511891442277,0.2265955209819286,4
2016-06-26,0.9615075820700635,0.24890885250472514,0.03372159044699409,-0.39810770295896775,0.35431457348734174,4
2016-06-27,0.5116801896751668,0.12147484172192856,0.3249492946914671,-0.20129411089465896,0.49247440064010767,4
2016-06-28,0.5798192895381793,0.23244292745323483,0.42263998919549944,-0.1449079017440049,0.8194295767116706,4
2016-06-29,0.7097729621482571,0.169719638245297,0.6481542516067137,-0.10056315674174722,1.0,4
2016-06-30,0.503652078376683,0.10758786688699136,0.8176909672153191,0.04495951680894207,1.0,4
2016-07-01,0.8757201330529789,0.10899648382180586,0.9348675503055961,-0.10499026299954196,1.0,4
2016-07-02,0.8744706573094896,0.15523631435269564,0.970989321190369,-0.08458402575587264,1.0,4
2016-07-03,0.8167995602445199,0.10478677972751572,1.0153716856884845,-0.08875633349974299,1.0,4
2016-07-04,0.45528365515448216,-0.10728511939951364,1.2109217473053338,0.021067992483209626,1.0,4
2016-07-05,0.35101688347085425,-0.15455206422197812,1.2780735249821396,0.06223649318254572,0.9904175174859499,4
2016-07-06,0.24666162547197062,-0.10416205300444475,1.3353132270281083,0.2219712732894777,1.0,4
2016-07-07,0.25591771894147586,-0.11982002607459073,1.294801570818237,0.2227558558117049,1.0,4
2016-07-08,0.3166938357928306,-0.057265492382364766,1.3670926321055106,0.2522859571616443,1.0,4
2016-07-09,0.5040458798475125,0.016049370081212638,1.3620006413227208,0.36708575056670456,1.0,4
2016-07-10,0.5249444067023117,0.05587873306082699,1.4032108354340784,0.3928147243447816,1.0,4
2016-07-11,0.27591943537940367,-0.00811358857528005,1.2119786231550989,0.26858861656992916,1.0,4
2016-07-12,0.29270667520094584,-0.03989443146741115,1.2624336439118744,0.2833143080950676,1.0,4
2016-07-13,0.40712625022660565,0.001135050852053013,1.2237164957656892,0.2799458327453736,1.0,4
2016-07-14,0.5416674345012027,0.10076312181792976,1.2885259794769661,0.3995774731476613,1.0,4
2016-07-15,0.506597339647262,0.06214138613428817,1.3038297009102875,0.35579594960380356,1.0,4
2016-07-16,0.655105367399831,-0.0994385724590727,1.9021918220150196,0.5227565711793872,1.0,4
2016-07-17,0.7914468998762468,-0.041241912570175725,1.9927912477746945,0.6077984011091252,1.0,4
2016-07-18,0.934730405353322,0.12119628910566076,1.7900963163532437,0.479486701137845,1.0,4
2016-07-19,0.9728680809392184,0.17525467215336366,1.7725027581826922,0.5044750853706385,1.0,4
2016-07-20,1.0070904487916608,0.2110210427108852,1.7818746956924372,0.49340562617129685,1.0,4
2016-07-21,0.8789699451373317,0.1372612493319063,1.6995465756724448,0.36523315343417184,1.0,4
2016-07-22,1.0312961326858838,0.22430245256075107,1.7938120825646835,0.4523795111260931,1.0,4
2016-07-23,1.0221868125261717,0.22252755573261707,1.8991727398743177,0.605174675846927,1.0,4
2016-07-24,1.0554205464041806,0.24604940385744592,1.9480237327757581,0.6421869485732974,1.0,4
2016-07-25,0.9408112932056947,0.2971184992390509,1.9603782949876079,0.728502561652266,1.0,4
2016-07-26,0.9243468684941953,0.3322804993784366,1.6447613153683875,0.3738545584085376,1.0,4
2016-07-27,0.9625799559800647,0.3496423718404519,1.6266305682712594,0.35998644477838027,1.0,4
2016-07-28,1.1149000367674342,0.45645198546647836,1.6970335117808135,0.5158565022710819,1.0,4
2016-07-29,1.1239285766052192,0.46026329278537376,1.70494302802917,0.551721575154681,1.0,4
2016-07-30,1.2817826559176193,0.5043380841529529,1.5157694211210346,0.47544162670531853,1.0,4
2016-07-31,0.8859652994262437,0.43298143891002994,1.24497424492116,0.45081896845362,1.0,4
2016-08-01,0.6968030214659268,0.3654484148243949,1.3972448304343534,0.4871981490735474,1.0,4
2016-08-02,0.7408027058151926,0.4153389899169324,1.441087578901128,0.5248332782244118,1.0,4
2016-08-03,0.7605197479966943,0.42027793216235176,1.5407093601221358,0.6261543758430229,1.0,4
2016-08-04,0.7764093655043584,0.3641019386105282,1.625805999009098,0.6454185686463033,1.0,4
2016-08-05,0.7943270586995997,0.34650789541192617,1.8120129034264911,0.8243240669006704,1.0,4
2016-08-06,0.9858200497957263,0.40817718817467696,1.7404194300242148,0.6668070705639844,1.0,4
2016-08-07,0.753986375671602,0.32035684652251817,1.6410927331057426,0.6746231176737415,1.0,4
2016-08-08,0.5105692756426214,0.17590674317762656,1.5789256297665464,0.7071673665452647,1.0,4
2016-08-09,0.4462649060016101,0.0007201622230980625,1.5029612433051471,0.6174930150803204,1.0,4
2016-08-10,0.42099922289196107,-0.026582134144581486,1.4767893517288928,0.5596368415025212,1.0,4
2016-08-11,0.3048423173697325,-0.03212060619974292,1.2463137983777985,0.420692334597987,1.0,4
2016-08-12,0.246738418170916,-0.06294115551181745,1.1702942525178957,0.3884398943192425,1.0,4
2016-08-13,0.2577705308790864,-0.0564084088047467,1.1677739942953183,0.3818222423260125,1.0,4
2016-08-14,0.3893845579721221,-0.03098391364520719,1.2095133179232245,0.32382260365804366,1.0,4
2016-08-15,0.4257250254666432,0.03923543956712935,1.022511993956168,0.33487642830609937,1.0,4
2016-08-16,0.4010316396069769,0.054522939826052,0.9726672169817853,0.3964689327628539,1.0,4
2016-08-17,0.4489571620610478,0.07295673995975896,1.0862973316780324,0.44215854156848106,1.0,4
2016-08-18,0.4704617183465128,0.09177782438024723,1.0860249043829127,0.4982925433165976,1.0,4
2016-08-19,0.5044115648453434,0.1783257991060567,1.1362111444938592,0.5994904393648098,1.0,4
2016-08-20,0.3932606092818214,0.1043710695744609,1.0034890645923178,0.5427616057917967,1.0,4
2016-08-21,0.3893944477248988,0.11871501117900421,1.0458280984200146,0.7094921004899858,1.0,4
2016-08-22,0.3803876014481386,0.28349253221517534,0.7652418673473957,0.7436586772404017,1.0,4
2016-08-23,0.3994776283375729,0.3417630771542453,0.780126534222744,0.7774640165231274,1.0,4
2016-08-24,0.36148272954868754,0.31748750372063095,0.6968150326435806,0.7526454500273384,1.0,4
2016-08-25,0.3499169798937196,0.25105307994195253,0.6429700981119721,0.6118819613258313,1.0,4
2016-08-26,0.3249038382484153,0.2524035530180868,0.6604619143192687,0.646211311604519,1.0,4
2016-08-27,0.475017898459541,0.31227136783368037,0.9136600801830941,0.758230908072447,1.0,4
2016-08-28,0.5067280042968244,0.30953653621694455,0.9810464533986185,0.7722558406589703,1.0,4
2016-08-29,0.6194929329345988,0.3132544661743739,0.8634648833252628,0.582950453212198,1.0,4
2016-08-30,0.6203557967442119,0.3268407752243324,0.8384893740770274,0.5224804024677376,1.0,4
2016-08-31,0.6095746924416658,0.2882884385344629,0.8707066095672928,0.4545406899222882,1.0,4
2016-09-01,0.5792091404086229,0.3120876640332872,0.9041374550947593,0.5431715371651423,1.0,4
2016-09-02,0.6685559001525737,0.35070055660854416,1.0905061966069285,0.6339398170309506,1.0,4
2016-09-03,0.7175846057387466,0.33985847753629883,1.0438925432627402,0.48010589194396786,1.0,4
2016-09-04,0.7502391293034932,0.38323332017113565,1.0470260850277289,0.48922586932132617,1.0,4
2016-09-05,0.7279946521416709,0.33960106535957096,1.0795089567794298,0.6302778286893569,1.0,4
2016-09-06,0.7492435945007861,0.3543880682613059,1.081080417002816,0.634500030147231,1.0,4
2016-09-07,0.8071931796995866,0.4081287454586197,1.0935592604064202,0.6670169027832913,1.0,4
2016-09-08,0.8325274442945987,0.42234152111148154,0.967329571959419,0.5458244452190352,1.0,4
2016-09-09,0.8397995348734354,0.43700195925530455,0.9489870557118641,0.5564425578032812,1.0,4
2016-09-10,0.7695676753389612,0.42868966073921677,0.8790689601074316,0.5718705601901067,1.0,4
2016-09-11,0.9277595814810539,0.4757267871404695,0.8912878809033214,0.52620181544476,1.0,4
2016-09-12,0.8726444570541085,0.47835933104746364,0.8049228440879095,0.492811912858241,1.0,4
2016-09-13,0.8589290092876584,0.4509908853990477,0.8216216366502209,0.486304765003145,1.0,4
2016-09-14,0.8907365068599,0.4653151494832536,0.8463274717629689,0.4887275497732577,1.0,4
2016-09-15,1.0267305316406776,0.48602741969527813,1.0249490114731346,0.5835993641945364,1.0,4
2016-09-16,1.0453001018265353,0.5007840662703467,1.0769552161051426,0.6159473597410734,1.0,4
2016-09-17,1.0699995106803495,0.45512670625050006,1.2678522417239335,0.6539595499659834,1.0,4
2016-09-18,1.046830251229198,0.4394873130086068,1.2060713866358617,0.5935482792070013,1.0,4
2016-09-19,1.67551523215247,0.6485776583211857,1.4037601464604443,0.5155445630428743,1.0,4
2016-09-20,1.525070909878,0.6497790904377388,1.3486101377797326,0.6457925941300724,1.0,4
2016-09-21,1.5109941308949795,0.6203270931679108,1.2936871430128223,0.5482407937189738,1.0,4
2016-09-22,1.2381829566592535,0.6009979146226374,1.2410755939698328,0.6752764452550223,1.0,4
2016-09-23,1.192025468683254,0.5411721707055004,1.133533169709142,0.539987972880388,1.0,4
2016-09-24,1.238564807979252,0.5805036889947258,1.099621522990532,0.552565708327938,1.0,4
2016-09-25,1.1786364116994172,0.5168057299229748,0.9596725368411283,0.3765735647753975,1.0,4
2016-09-26,0.9836852434971117,0.44666649915807993,0.9381311789522554,0.3069550054701815,1.0,4
2016-09-27,0.9084930231575835,0.3525202989494463,0.987915017500808,0.22353091188616656,1.0,4
2016-09-28,0.7783017803926714,0.3185038353392835,1.0544854605263105,0.3527881375568032,1.0,4
2016-09-29,0.2974161735318398,0.2470919475243183,0.7920329831959044,0.523871179207906,1.0,4
2016-09-30,0.30254562248899103,0.27892169374191744,0.8092166882863644,0.586085441792502,1.0,4
2016-10-01,0.3772476314689598,0.35952052476969637,0.8312100765528455,0.5336799031741556,1.0,4
2016-10-02,0.7991585891927682,0.4570926709197522,0.79314931538604,0.2904371215756494,1.0,4
2016-10-03,0.3941300450849534,0.3766531490417965,0.5916164950474693,0.3104336442450853,1.0,4
2016-10-04,0.49972703265066326,0.41920935667211523,0.6775924025790261,0.3260358558428725,1.0,4
2016-10-05,0.5639466298662327,0.41015767125986824,0.6193490005721063,0.22047615347787364,1.0,4
2016-10-06,0.6630494161225029,0.5141923080436922,0.7352981461681122,0.4178752525219788,1.0,4
2016-10-07,0.72736950346642,0.5832926685647355,0.6737680600031737,0.4521626576340325,1.0,4
2016-10-08,0.5595847252692875,0.5638983284605749,0.5771038974023397,0.5904478545150296,1.0,4
2016-10-09,0.64006517715828,0.6631028079254975,0.6103418093668418,0.7199552308224465,1.0,4
2016-10-10,0.4223779139839132,0.6339351651448045,0.5263018683826762,0.855805759090018,1.0,4
2016-10-11,0.4178073882562689,0.6324052799482772,0.5391880600114963,0.872446063205595,1.0,4
2016-10-12,0.44638280622879556,0.6852737429821633,0.6127999267248032,0.9526255730868521,1.0,4
2016-10-13,0.6257612731009665,0.7515202946125457,0.6830295466642748,0.9802686914910539,1.0,4
2016-10-14,0.5566248363562913,0.7636767232100241,0.7236773080293811,1.0180944723895498,1.0,4
2016-10-15,0.6585986099128575,0.6825239691010548,0.7820829720442718,0.788943644804295,1.0,4
2016-10-16,0.49977772812345,0.3244190186853857,0.8752980604695281,0.5027337527308383,1.0,4
2016-10-17,0.40988958613042525,0.2217285658484568,0.5553447615816177,0.4086904874012055,1.0,4
2016-10-18,0.432898953693601,0.1994585121444377,0.5170520183241271,0.3636256071390288,1.0,4
2016-10-19,0.38632812141691514,0.15628033399596478,0.5301962972433885,0.3722862123619773,1.0,4
2016-10-20,0.48264292441871054,0.16978083611273045,0.5798187374740267,0.2528446211350659,1.0,4
2016-10-21,0.49966711709943673,0.15355053970889357,0.6339772263537744,0.26410053353675467,1.0,4
2016-10-22,0.8412210728577348,0.231944241997995,0.9011449438589184,0.28476432102572086,1.0,4
2016-10-23,0.8330382794191752,0.2569984900288915,0.9644518040507151,0.32857848854259025,1.0,4
2016-10-24,0.7580544178416292,0.22405657899783077,0.8394089846661434,0.2809601168657277,1.0,4
2016-10-25,0.7680170711561551,0.2291041465998005,0.8404977027851444,0.2735735079009537,1.0,4
2016-10-26,0.6224993543154502,0.22018111442353414,0.7696989154524686,0.39573726712917434,1.0,4
2016-10-27,0.7523644416468795,0.20197374456819542,0.6101193597841224,0.300950552268741,1.0,4
2016-10-28,0.736040784656045,0.16367575721441524,0.5090781729947877,0.25090190952347374,1.0,4
2016-10-29,0.5098757361601293,0.030068427465292244,0.2289050238870735,0.15768548895133355,0.7508055003367912,4
2016-10-30,0.25655701409902126,0.0038125463672946825,-0.09246359188473048,0.1290320322902222,0.1656065746213261,4
2016-10-31,0.007520267133199622,-0.07409518480173949,-0.10723140590800062,0.04252940947902997,0.0,4
2016-11-01,-0.06026032182295421,-0.10744364235485183,-0.2650498022495038,-0.09982361906842305,0.0,4
2016-11-02,-0.054453299385528536,-0.09502245912545765,-0.26864290704512195,-0.05170947166714154,0.0,4
2016-11-03,-0.06413867314316427,-0.08664981233187616,-0.11130061328745874,0.020258369765052006,0.0,4
2016-11-04,-0.1231141126427174,-0.07513681385275174,-0.12122939992011371,0.011364929859341552,0.0,4
2016-11-05,-0.15917795475682373,-0.10768993915948953,-0.09481976458658026,-0.0435116096127518,0.0,4
2016-11-06,-0.09428300903492193,-0.10618412203298352,0.06675099493216698,-0.019542261067267502,0.0,4
2016-11-07,0.03956733051257445,-0.05983934878393324,-0.030738584140571207,-0.11644688343720136,0.0,4
2016-11-08,0.04413578499010988,-0.06736382957161403,-0.03500093351941008,-0.13584053118446798,0.0,4
2016-11-09,0.035066686057697985,-0.02336366866254165,-0.05647488366533529,-0.10141369817690268,0.0,4
2016-11-10,-0.08216323533878092,-0.04396116285939435,-0.3824030822842309,-0.16311083716969785,0.0,4
2016-11-11,-0.393981506439249,-0.05353810313294529,-0.5257409800720673,-0.055147807162361465,0.0,4
2016-11-12,-0.4319158056381762,-0.09307869859844632,-0.6140166641983023,-0.2369480470489257,0.0,4
2016-11-13,-0.3782374088167533,-0.041601125941788795,-0.6098168914164576,-0.1923604969596354,0.0,4
2016-11-14,-0.26871860331129943,0.04061467891364269,-0.649713675254936,-0.11694977250316402,0.0,4
2016-11-15,-0.3427633808106256,-0.03070975737295597,-0.6160337747123403,-0.04558758545022891,0.0,4
2016-11-16,-0.34810895042798057,-0.017591164402932256,-0.6083085849677277,-0.047598423467216544,0.0,4
2016-11-17,-0.17556685690507431,0.10881049188616426,-0.3370932593795365,0.17482932160028544,0.0,4
2016-11-18,-0.037978615353390054,0.1606074719968294,-0.1004010242709317,0.20950295270994482,0.1015537911804209,4
2016-11-19,-0.028087410907387325,0.13225671184997373,-0.24182175902778832,0.11207433364832631,0.0,4
2016-11-20,0.036787048650994573,0.1640756786052249,-0.22274883371752813,0.05047159112549738,0.0,4
2016-11-21,-0.18131733671594177,0.04277449981167768,-0.2398978755554816,0.009920440270487912,0.0,4
2016-11-22,-0.19603131364683762,0.04961942738836653,-0.3343932576125246,-0.03330765424333648,0.0,4
2016-11-23,-0.203150748873411,0.009567067036636673,-0.3351920153664607,-0.09101955021983675,0.0,4
2016-11-24,-0.30477407820413,0.0441168179144848,-0.21083287127319886,-0.04404398029180963,0.0,4
2016-11-25,-0.11519159431415565,0.1341950828378116,0.1894088007532318,0.0723493725627138,0.1660002011028343,4
2016-11-26,-0.10837919565115002,0.0961856975457617,0.17260060749909295,0.07886869823546787,0.13596105589494525,4
2016-11-27,-0.1146488868310361,0.012645046100382118,0.1459701279872068,-0.09248984296658735,0.0,4
2016-11-28,-0.24340847590659614,0.07048170151551533,0.40938304087948435,0.15171009368824284,0.1551655542310839,4
2016-11-29,-0.29412670734690527,0.07551961371512225,0.29071757643991547,0.1652145910958758,0.01941138415701052,4
2016-11-30,-0.24351980435120785,0.14112770555092424,0.31358641281969674,0.24339620737394502,0.2394545522254309,4
2016-12-01,-0.22850438182052013,0.1867417994900787,0.1923975930218211,0.26439607842692336,0.22077213112510283,4
2016-12-02,-0.2816185390703338,0.17791951116777532,0.2686277837694244,0.33888982346922114,0.26168573230521464,4
2016-12-03,-0.3623542361119331,0.18691309112756774,0.2780703537170115,0.3683376865778397,0.18645836516009467,4
2016-12-04,-0.3703149471156609,0.1279170436641091,0.42301095688348284,0.3688085683353855,0.23597787473215887,4
2016-12-05,-0.452530051729127,0.06931084499304706,0.3068065717873689,0.2760879580677771,0.0,4
2016-12-06,-0.41600288867922297,0.04982411692146536,0.35279350870467757,0.25512575896296985,0.0,4
2016-12-07,-0.45083050716263035,-0.027042214971718454,0.321504596331815,0.21374265427775385,0.0,4
2016-12-08,-0.41046538146954503,-0.12728089233323248,0.13520878961924548,0.16117194809164848,0.0,4
2016-12-09,-0.29473138999231335,-0.20541202229480127,-0.17434222378551978,-0.11138681619304439,0.0,4
2016-12-10,-0.3738908928627749,-0.24756950135752634,-0.35099918213852904,-0.12584198640550315,0.0,4
2016-12-11,-0.4731920955740503,-0.3635731760834525,-0.44589372222475754,-0.18546576289353323,0.0,4
2016-12-12,-0.30938610254388155,-0.36668000194899775,-0.5090210619615438,-0.3040897803809094,0.0,4
2016-12-13,-0.2797444910266888,-0.3115671125436721,-0.23533670202749435,-0.06584136788451177,0.0,4
2016-12-14,-0.2919895307726407,-0.30531247060359235,-0.22374725396489006,-0.020173865784712752,0.0,4
2016-12-15,-0.17728912705349567,-0.3688251951907602,-0.4420563663983338,-0.2002944805220303,0.0,4
2016-12-16,-0.17783216863303897,-0.31707670551043143,-0.3487975024288749,-0.16090491987002417,0.0,4
2016-12-17,0.02575825996077328,-0.18409361193301937,-0.15127626298959967,-0.11459242415390362,0.0,4
2016-12-18,0.36749594023945154,0.061811243690237314,0.4878179555787216,-0.033500168079021286,0.6698702975319855,4
2016-12-19,0.24369731866373304,0.0475666339625067,0.3375244863037453,0.023386811564722554,0.5200885836233609,4
2016-12-20,0.17643533062258335,-0.02598916189409647,0.24861094047911678,0.09688975196469855,0.3940779945926586,4
2016-12-21,0.2812608736471828,0.1331289426298472,0.6090174651616133,0.23980000369062823,1.0,4
2016-12-22,0.29957997753909593,0.10039755986891273,0.7518645874275155,0.26864403103122436,1.0,4
2016-12-23,0.2972514383104952,0.005542346833238824,0.776862376926333,0.15491786084330558,0.9452383281897314,4
2016-12-24,0.29949226276690044,-0.04842468241968277,0.6826870261285354,0.062228997237714356,0.7158145679736109,4
2016-12-25,0.19577668938705514,-0.1842390578564704,0.2867489386804175,-0.18458010560481852,0.0,4
2016-12-26,-0.018941576687304104,-0.14832303096075636,0.6580858756467689,0.21022576222596862,0.394141645365051,4
2016-12-27,-0.003330267689245603,-0.09567004531756142,0.6043120841438088,0.20006547119632445,0.4361218465838885,4
2016-12-28,0.067691465968856,0.02382549101963187,0.6867209149195158,0.30336064923339867,0.8187776473296329,4
2016-12-29,-0.045102024115810185,0.0740690997827486,0.6688798241483743,0.3431879083051997,0.76637127952962,4
2016-12-30,0.05459970337095703,-0.11947502673954577,0.6802993962111223,0.1294482671484026,0.445660529038118,4
2016-12-31,0.10638728729730695,-0.04847759973695943,0.7437081671995625,0.19438809609545035,0.6974469370478468,4
2017-01-01,0.13704217010333392,-0.042298900644418894,0.8362635176394541,0.14904444056663035,0.7444573488524819,4
2017-01-02,1.2654587296627129,0.2619963066401142,1.452282585269618,0.3634415839587602,1.0,4
2017-01-03,1.3027928353279463,0.34971584812210466,1.42556917864605,0.41969945994682517,1.0,4
2017-01-04,1.338467745486795,0.30580066716410714,1.316575538303028,0.4266422404993522,1.0,4
2017-01-05,1.3150354705820169,0.25143613407929893,1.1685815366205607,0.3516518693871341,1.0,4
2017-01-06,1.1967877453219011,0.16189957580554498,1.023884424754192,0.2821297316646456,1.0,4
2017-01-07,1.156780608148544,0.1477749968579537,0.9238205522734552,0.235296375932604,1.0,4
2017-01-08,1.0034519536808635,0.08169325807064085,0.9587595277774539,0.35608737746327923,1.0,4
2017-01-09,1.989340824212789,0.5900665865096044,1.9510822860305885,0.6283743966521883,1.0,4
2017-01-10,2.0,0.56718379466847,1.9773865541852242,0.579875544929256,1.0,4
2017-01-11,1.9145360019167752,0.48726358971265427,1.9054904029944213,0.5618239823305328,1.0,4
2017-01-12,1.8748675576154432,0.46649604997724475,1.8553616669468278,0.48464686948104596,1.0,4
2017-01-13,1.383286767497812,0.29126575645629893,1.3272557588258802,0.4562426343431202,1.0,4
2017-01-14,1.342597578664199,0.20646912882574434,1.5853419176694081,0.614886897361466,1.0,4
2017-01-15,0.9034805931097442,-0.004408926937458828,1.43320361340205,0.5965895214891608,1.0,4
2017-01-16,0.4520189854779758,-0.08943853585142476,0.9428225431721694,0.5197595910450732,1.0,4
2017-01-17,0.5173963811997753,-0.04595992339613629,0.9174778827813327,0.619857320899074,1.0,4
2017-01-18,0.5188499282614695,-0.10527788848789382,0.8522138670593136,0.5843560534507621,1.0,4
2017-01-19,0.3907676590650409,-0.19356214130251856,0.7240690674324619,0.6033143410335523,1.0,4
2017-01-20,0.4961214684889404,-0.18615921107462555,0.7864217078710877,0.5693895938050579,1.0,4
2017-01-21,0.38382535579671107,-0.19827993753639805,0.7210485206966449,0.6331262149230632,1.0,4
2017-01-22,0.5013436010963019,-0.058007283181378516,0.6477834398855389,0.7601907274062002,1.0,4
2017-01-23,-0.02755996714683323,-0.03408413653455291,0.48122406436225396,0.923223040977919,0.9443501536484101,4
2017-01-24,0.015537411310342475,-0.05288723622897618,0.4773686112739685,0.8610510112926433,0.9305524392840447,4
2017-01-25,0.04893373018958913,-0.007437423241094143,0.4693904703913856,0.9056817260252756,1.0,4
2017-01-26,0.048376022706272614,0.01419821694076584,0.37061965995819124,0.8411829431129892,0.9421568776518429,4
2017-01-27,0.41189305018994177,0.04401235055466718,0.37468818288609895,0.6220262890253025,1.0,4
2017-01-28,0.4670858438080799,0.13922900571575988,0.3985199077482224,0.6702407861187508,1.0,4
2017-01-29,0.5518908635510361,0.25403532076442753,0.5380776308833707,0.9337905900395841,1.0,4
2017-01-30,0.4248986258229217,0.1853693970068006,0.024639745343019076,0.7493552878524624,1.0,4
2017-01-31,0.15587462765672025,0.13859305717137177,-0.0572651643186659,0.902952317258882,0.7737128717596243,4
2017-02-01,0.1774671149762044,0.19931390945929559,-0.06341547965432803,0.9863513467780799,0.9041745062825488,4
2017-02-02,0.14612934632660088,0.3269982105632538,-0.02459220686069539,1.2377194084426546,1.0,4
2017-02-03,0.1410214595952363,0.3085504628431246,-0.03249435026242858,1.193072008159215,1.0,4
2017-02-04,0.1357953774015027,0.26579252680522586,-0.0938126608522868,1.1499538114462422,0.986285225611425,4
2017-02-05,0.33214134287795666,0.30442180371497457,-0.0024542277936253835,1.0436700442270126,1.0,4
2017-02-06,0.997969607591417,0.4276152509835963,0.7760205543472477,1.0255319994804284,1.0,4
2017-02-07,0.5784339164514111,0.41960690660786626,0.4621121817918804,1.0593161647495863,1.0,4
2017-02-08,0.414749196843708,0.4430741465406124,0.395131901911423,1.107093919430898,1.0,4
2017-02-09,0.4059021516190144,0.43324389955919396,0.3876347842504848,1.0575591168935998,1.0,4
2017-02-10,0.11228279159153808,0.33312285715163137,0.030301343794732188,0.9521446480067752,1.0,4
2017-02-11,0.10208191803992575,0.36142051877272224,0.10871100845413151,1.0349959782009053,1.0,4
2017-02-12,0.028989133525644875,0.30959947641110797,0.10756982357993561,1.075982021336691,1.0,4
2017-02-13,-0.3747375298074431,0.16077988359608164,-0.3057658543635016,0.8325442280808113,0.0,4
2017-02-14,-0.2885494244687774,0.24718996898707812,-0.3663283950753537,0.7790078517148183,0.0,4
2017-02-15,-0.2813851882440229,0.2400890309731999,-0.25695946464201286,0.7776639384582258,0.046351838961050384,4
2017-02-16,-0.1440954797301874,0.35135803275567024,-0.0897623268288755,0.8425042223369544,0.5626115449944822,4
2017-02-17,-0.16237337490400375,0.392889751275248,-0.12005280583456947,0.9340422623158215,0.5987404840421802,4
2017-02-18,-0.1519777725833154,0.4294938436535296,-0.14661768085961005,1.0313990201413545,0.6736490013048332,4
2017-02-19,-0.012709292209396547,0.3979921688529606,-0.2690191872235196,0.8332598014519078,0.5312371662516605,4
2017-02-20,-0.17562825976652519,0.2424541254454973,-0.3175955905324968,0.7580250167658013,0.08869490470710123,4
2017-02-21,0.30746347993757167,0.37617436557868084,0.4029374766468989,0.9676931248155304,1.0,4
2017-02-22,0.5116595525949331,0.4554237170915587,0.6645597883071506,1.0215488778614326,1.0,4
2017-02-23,0.5447939215990837,0.43652176882083027,0.6745803174300289,0.9602410479288176,1.0,4
2017-02-24,0.6172905068633263,0.47054962739113515,0.8606658865691862,1.0461162708130582,1.0,4
2017-02-25,0.6801942792646419,0.48736358107569655,0.8846582080276252,1.1380062895603142,1.0,4
2017-02-26,0.9962675272633934,0.5911530240147626,1.354368128118479,1.2551995419713848,1.0,4
2017-02-27,0.6945773170411541,0.46274117491507943,0.9590651910490946,1.0826235165498934,1.0,4
2017-02-28,0.7343654884755126,0.4337558941836621,0.992341719655575,1.0031811433028135,1.0,4
2017-03-01,0.850164918213464,0.5172613829147419,0.9975980314789841,1.0191759481118166,1.0,4
2017-03-02,0.8044383212963112,0.5014664082107074,1.0138173343179244,1.0366199344859528,1.0,4
2017-03-03,0.33344936867849206,0.6463024515885407,0.9221198680325616,1.4789257458779144,1.0,4
2017-03-04,0.2984762805543038,0.5971456815057801,0.7386891403614583,1.3135638947626511,1.0,4
2017-03-05,0.17131641295821823,0.5490630523501386,0.42929921943568283,1.20163357852382,1.0,4
2017-03-06,0.6089685773893706,0.744850823277965,0.6602239890129551,1.265740759309127,1.0,4
2017-03-07,0.7769877333205429,0.7207724468194135,0.8251441821691077,1.204377299061328,1.0,4
2017-03-08,0.7830053377263556,0.7249126425365312,0.829684653751143,1.1900578524661856,1.0,4
2017-03-09,0.7270544557113303,0.6701009190327568,0.8372679201372888,1.0934767855114265,1.0,4
2017-03-10,0.7311492046354425,0.6639815498603449,0.8509975420515917,1.0543606304826951,1.0,4
2017-03-11,1.1740038780625697,0.646680659367821,0.9049015022560755,0.6781244654000176,1.0,4
2017-03-12,1.2516160665112013,0.7431083863943814,0.8444156280952754,0.838564079444812,1.0,4
2017-03-13,0.9560018636223478,0.6529529342731135,1.1625654075219154,0.9365410348674738,1.0,4
2017-03-14,0.9244932673097618,0.6431318649970168,1.1234282104361952,0.9379047195056783,1.0,4
2017-03-15,0.8248530050051799,0.6066291820382973,1.0820210927149807,0.9371100744494465,1.0,4
2017-03-16,0.8896430747175804,0.5633335670066241,1.177319222749362,0.8733312231427969,1.0,4
2017-03-17,1.6538816887009837,0.7878033666205205,2.0,1.1530509368267856,1.0,4
2017-03-18,1.6999804126413485,0.7992569547503642,1.9724013111451348,1.09531867038649,1.0,4
2017-03-19,1.5534047232592476,0.7167626455503022,1.7864234269262633,1.0107947973399163,1.0,4
2017-03-20,1.9647771615784497,0.9531104097752872,2.0,1.2951725608398574,1.0,4
2017-03-21,1.8009015268347963,0.8843457921864909,2.0,1.1276749296938418,1.0,4
2017-03-22,1.7473807581853662,0.8533244125006182,1.9724250465739477,1.1048671925068643,1.0,4
2017-03-23,1.668714010549943,0.7730218862328553,1.9096613927398227,1.0635682242060445,1.0,4
2017-03-24,1.776191929961714,0.7355138571957985,2.0,1.0197318961457154,1.0,4
2017-03-25,1.0996157262577966,0.31701125041674694,0.9025807826246308,0.5185328275239508,1.0,4
2017-03-26,1.136317286275019,0.3992495663512923,1.081646685315157,0.6568098151884135,1.0,4
2017-03-27,0.8542069933922062,0.3473486601728014,0.6751988656695687,0.5483068331618749,1.0,4
2017-03-28,1.1092191661623736,0.4845750183052556,1.0156214707091158,0.5986895904923167,1.0,4
2017-03-29,1.0970028862736074,0.4918687281662671,1.001704630173129,0.6114390858665296,1.0,4
2017-03-30,0.9578239578677155,0.4372823217263225,0.8829730203542691,0.5429082270075776,1.0,4
2017-03-31,0.8227669037202379,0.32634014775359593,0.5558051435901813,0.4349365609473728,1.0,4
2017-04-01,1.0151917908947705,0.44931612949666516,0.888723975908151,0.5244407214829677,1.0,4
2017-04-02,0.5623220932371629,0.18880490511578857,0.262972001775911,0.2773765497586248,1.0,4
2017-04-03,1.845385546737965,0.6762045493395216,0.9105863062438684,0.19414477853603085,1.0,4
2017-04-04,1.7944597609071997,0.7577517046805768,0.8003958900913337,0.21951129781303247,1.0,4
2017-04-05,1.7245564001700702,0.7087525832533523,0.6915153448454165,0.1424800148050693,1.0,4
2017-04-06,0.9491164142403259,0.3487492807976498,-0.07373631739759282,0.022167414152710903,0.8462772472448213,4
2017-04-07,1.617627433575205,0.5746319948432352,0.4341621246180547,-0.021001546593921762,1.0,4
2017-04-08,0.7435676916199895,0.09229837260292141,-0.8867327037152797,-0.34714636027943235,0.0,4
2017-04-09,1.3818021610595257,0.4812679862061372,-0.06700814438189127,-0.06443278314650129,1.0,4
2017-04-10,1.08108446655495,0.5669210606262924,-0.060991716217107944,0.20045920798015454,1.0,4
2017-04-11,0.9467280799844937,0.28527653515507134,-0.0877610212154207,0.02973689406751543,0.7734478763017746,4
2017-04-12,0.9634230095592003,0.2814559568441039,-0.06317665174395154,0.06291455701109488,0.8483584040987964,4
2017-04-13,1.4654254173616306,0.535032572422105,0.45903375172758415,0.11191822245668542,1.0,4
2017-04-14,0.6968023744568209,0.2613471063088754,-0.14112866422524747,0.12259485811196309,0.6362745901810472,4
2017-04-15,1.1362788822119907,0.4775703850322013,0.4059291840057362,0.17989000358603346,1.0,4
2017-04-16,1.0079979476944434,0.49637839095820513,0.7149370393539992,0.3857678014382451,1.0,4
2017-04-17,0.4470962927147111,0.33049992115303123,0.42073785588163104,0.09455620203590054,1.0,4
2017-04-18,0.545510184949361,0.3308445801486616,0.47162710051306045,0.16250628335616313,1.0,4
2017-04-19,0.644708954920378,0.3601036383581941,0.6437543782973913,0.18999524763636247,1.0,4
2017-04-20,1.0345296987077974,0.5537815299857415,1.460231611065539,0.5767139694426724,1.0,4
2017-04-21,0.7516569395997411,0.27960153045281,0.7193237506143397,0.16294342068914608,1.0,4
2017-04-22,0.18712928317347588,0.23145059731908693,0.11422332700756815,0.02624886283368029,0.4812897489355433,4
2017-04-23,0.3709066232646306,0.18791898554135042,0.08164042729436302,-0.11421645518320803,0.35063553609296805,4
2017-04-24,0.5360070932542027,0.3601689918889887,0.6837142186522145,0.3116977329369278,1.0,4
2017-04-25,0.5698457647088797,0.4038825849689142,0.754947775866668,0.3050964520223696,1.0,4
2017-04-26,0.5389221606411871,0.40437497910612774,0.7614962457650942,0.32066364049549395,1.0,4
2017-04-27,0.4911323006569601,0.2813356075513192,0.5232889730919779,0.18800138609392308,1.0,4
2017-04-28,0.7096685794306237,0.5019481804940878,0.9360127698501357,0.42680216083206757,1.0,4
2017-04-29,0.819410887754886,0.463015243108427,0.6247608759258213,0.308711859327486,1.0,4
2017-04-30,0.563212464475062,0.44548290438915805,0.5206823964983404,0.4148634547793037,1.0,4
2017-05-01,0.6769947213145825,0.4272027190090759,0.5756671593287603,0.3540744029958531,1.0,4
2017-05-02,0.6792913370717024,0.557221837817768,0.6153283111284047,0.4409802974541088,1.0,4
2017-05-03,0.8527975109876182,0.6420529677240556,0.8222778604936489,0.5873820666208617,1.0,4
2017-05-04,0.6966507600585317,0.563733790942296,0.5495064731305261,0.3858237813533061,1.0,4
2017-05-05,0.48155595618791897,0.3245846753762334,0.5112953868906913,0.26179181971906335,1.0,4
2017-05-06,0.6816479226638696,0.3603629597025093,0.7676463220849177,0.4010819257795949,1.0,4
2017-05-07,0.48753597332921145,0.38108347925270397,0.44129624057124406,0.26587152269371206,1.0,4
2017-05-08,1.1070153065389128,0.5597889340296933,1.0496171001755925,0.5193572740510767,1.0,4
2017-05-09,1.175982518495811,0.5741695805123015,0.962924436801716,0.4919477634346282,1.0,4
2017-05-10,0.864111340205035,0.5223586382117867,0.5274795449294667,0.4141001129948169,1.0,4
2017-05-11,0.7074706131705684,0.5434229833726312,0.2834818355714869,0.4448137392521144,1.0,4
2017-05-12,0.8483673789114965,0.5983499484724796,0.2577299573556703,0.3453394655880609,1.0,4
2017-05-13,0.9399985053299502,0.6963348027774847,0.4462570652406533,0.4890312576964944,1.0,4
2017-05-14,1.2790629242012728,0.7777892929696381,0.9971887670652602,0.6012127435741123,1.0,4
2017-05-15,1.244768937779281,0.7790745828688863,0.7551412962653224,0.5095139764356597,1.0,4
2017-05-16,1.4568861666795692,0.84065508114062,1.0850847002062487,0.6160685818281223,1.0,4
2017-05-17,1.406734078926924,0.8625138735881188,1.0493669925715778,0.6076527473297678,1.0,4
2017-05-18,1.4307634812000127,0.9093780139790452,1.105403706035475,0.6819204111980457,1.0,4
2017-05-19,1.4012583266330803,0.8529287446290666,1.129212667455072,0.6762376834546443,1.0,4
2017-05-20,1.1777662072094706,0.7923831150583727,0.956586040434284,0.5441781187425369,1.0,4
2017-05-21,1.1977141082069043,0.7555611421731951,0.9725851221534473,0.5849000401482193,1.0,4
2017-05-22,1.1263705442926109,0.835379612581246,0.9485645718801996,0.5435187173859626,1.0,4
2017-05-23,0.9955293201652702,0.7641197928889909,0.7274690117500098,0.4719642555197218,1.0,4
2017-05-24,1.1358733983571845,0.7991816717120871,1.1995347577332847,0.6614256298941994,1.0,4
2017-05-25,1.2402624586845583,0.889356389956532,1.6342151402885774,0.8272858027789144,1.0,4
2017-05-26,0.9338267034947915,0.6114923171041873,0.9415624236814701,0.41668565509364397,1.0,4
2017-05-27,0.7046544389913324,0.5310831523867328,0.7158695854736402,0.4165430823912315,1.0,4
2017-05-28,0.5497344822552006,0.394371946808988,0.2415799938969844,0.09980644290542554,1.0,4
2017-05-29,1.6882157720182505,1.1019920262911453,0.884438975382265,0.5353523699963714,1.0,4
2017-05-30,2.0,1.2545045144551534,1.4339701547722212,0.8003684092811396,1.0,4
2017-05-31,1.8546942133967965,1.0520331141354788,0.9359637960380153,0.6213650188503116,1.0,4
2017-06-01,1.8165012071344515,1.017245385261067,0.8751107493211085,0.581136935392063,1.0,4
2017-06-02,1.651364943087711,0.9803773066351242,0.8516540430602786,0.635489979642625,1.0,4
2017-06-03,1.5458776466825448,0.9290301865671039,0.6516445296866945,0.5607167901895714,1.0,4
2017-06-04,1.53782777638429,0.8894639149195347,0.5816130106473449,0.5668278904523911,1.0,4
2017-06-05,1.3814903662156637,0.9206683295352621,0.37372640991085515,0.665762005336687,1.0,4
2017-06-06,1.2740378607013907,0.8698078121835805,0.38795703882869403,0.6333027915179634,1.0,4
2017-06-07,1.3137128979555783,0.8467279049815383,0.2488371111134502,0.5618166934769069,1.0,4
2017-06-08,1.1247520830673676,0.6293975017575808,0.12598855352607008,0.4245734139782708,1.0,4
2017-06-09,1.1885805523232111,0.7726244832156273,0.015859864928259786,0.33040756476259153,1.0,4
2017-06-10,0.8416493409415055,0.6008323127102526,-0.3981368419786192,0.2345616157218598,0.8114653174392311,4
2017-06-11,1.0934093560287084,0.7374286793481158,-0.06556311684527098,0.38317119757211915,1.0,4
2017-06-12,0.7487596810787756,0.5304895765243179,1.063849375719934,0.8675326690183425,1.0,4
2017-06-13,0.7557153623305463,0.4749656698818172,1.0969900239546422,0.8976436255781288,1.0,4
2017-06-14,0.8564998584909054,0.6898684061162289,1.5845197403398574,1.101363194539307,1.0,4
2017-06-15,0.9973740396396333,0.7610009825467552,1.5370236933845804,1.066310461514673,1.0,4
2017-06-16,0.9190734107560088,0.7116824728690018,1.7613223409416325,1.0870741778306157,1.0,4
2017-06-17,1.0392704027408417,0.7709086853462104,1.7173375982347276,1.070961411792251,1.0,4
2017-06-18,0.9593686572079888,0.7359610949019808,1.5521789043643501,0.9387373208661796,1.0,4
2017-06-19,0.9810402781796593,0.6908242671301807,1.6669142804745063,1.1493833775161992,1.0,4
2017-06-20,0.8303531304973819,0.592390988927035,1.4429149513520914,1.0088865841394834,1.0,4
2017-06-21,0.6729217364103891,0.496045297407717,1.0946953305778453,0.8040415423325143,1.0,4
2017-06-22,0.4548732728439612,0.4798104060325955,0.6964634118848976,0.7767150661845917,1.0,4
2017-06-23,0.5302332666900298,0.49310953118872913,0.7964306238426555,0.8579303081342883,1.0,4
2017-06-24,0.7064308471693359,0.6025684406251938,1.0825885908585313,0.9791964014658344,1.0,4
2017-06-25,1.1981420242733314,0.8838392975196705,1.8303259161461367,1.4016756553929228,1.0,4
2017-06-26,0.7800291207185914,0.6991022543720593,1.4435158051929724,1.261322741910858,1.0,4
2017-06-27,0.8016039155715302,0.7268564266544981,1.5703890846743005,1.3050976541505732,1.0,4
2017-06-28,0.9693093040242868,0.7843713548479492,1.869500230537244,1.41229830407414,1.0,4
2017-06-29,0.9682838571619707,0.721390551583599,1.796415024280007,1.3347653654430238,1.0,4
2017-06-30,0.9842946852578578,0.7154618560496578,1.811514270934784,1.3399934573413965,1.0,4
2017-07-01,0.9686538987937496,0.7156140987943144,1.7776335786917399,1.3546020410528306,1.0,4
2017-07-02,0.8231798680680693,0.5061557952063672,1.9736276582742138,1.3398505912040057,1.0,4
2017-07-03,0.6518319287657945,0.5130260324974688,2.0,1.3706548640226592,1.0,4
2017-07-04,0.6194584170883797,0.46670780859068783,2.0,1.4241201635003518,1.0,4
2017-07-05,0.4124846644258563,0.38921701299950084,1.9430030620296297,1.2985926196214268,1.0,4
2017-07-06,0.28199959881544856,0.41478724704941294,1.8586091721943183,1.416446430526402,1.0,4
2017-07-07,0.21863822721815038,0.393446871028729,1.8083657247158755,1.404160358736824,1.0,4
2017-07-08,0.46922059370737607,0.5673340726809275,1.9481459925531477,1.5521295215122906,1.0,4
2017-07-09,0.370569613777895,0.48684221054389243,2.0,1.5820529643029444,1.0,4
2017-07-10,0.3061541252572012,0.5217610047236224,1.5637257518611813,1.4707388371039998,1.0,4
2017-07-11,0.3215943660082826,0.5260561781653161,1.5556442502461598,1.4586449073113557,1.0,4
2017-07-12,0.4073981820161546,0.47120663646189065,2.0,1.557059054151588,1.0,4
2017-07-13,0.5619057924342287,0.4578755684174776,2.0,1.596583589920437,1.0,4
2017-07-14,0.6654656174931867,0.5534139921870146,2.0,1.7807795463096034,1.0,4
2017-07-15,0.635170109234815,0.6246659270491961,2.0,1.7668702086955077,1.0,4
2017-07-16,0.7513835054260599,0.7297477527192163,2.0,1.731586728890937,1.0,4
2017-07-17,-0.5762180831801393,-0.0457107724491743,1.1844193687256594,1.2332449722847165,1.0,4
2017-07-18,-0.40470985236723456,0.023344339996304857,1.3223592774570372,1.209045099060384,1.0,4
2017-07-19,-0.9805160460332756,-0.25586137361788536,0.6702950636139132,0.9316202934260734,0.0,4
2017-07-20,-0.9276959910398185,-0.13130739375349018,0.6849995181102945,1.0849704357275742,0.0,4
2017-07-21,-0.7737560254104671,-0.010767491747128703,0.6207560435374916,1.1444196240033813,0.2641626167686799,4
2017-07-22,-0.7242866179259021,0.01719721589705025,0.7459761728126417,1.2137192567804942,0.5173805062525322,4
2017-07-23,-0.6299155590192369,0.0727352805059052,0.8224302322168164,1.2699793493464946,0.8102998558070577,4
2017-07-24,-0.26777945181178,0.2664769094488941,0.4834234876816865,1.2389594755525692,1.0,4
2017-07-25,-0.3549007274174847,0.23541675528499736,0.4387246672620826,1.2427365584546726,0.990071267604994,4
2017-07-26,-0.24795150492805101,0.31504444643351515,0.5116675817823665,1.3176710498566047,1.0,4
2017-07-27,-0.3947168498443825,0.133068915158519,0.40213921479165493,1.1270917366896906,0.7189782449872872,4
2017-07-28,-0.18820972470206995,0.2673749486802415,0.7795645093973919,1.365980782564811,1.0,4
2017-07-29,-0.3799246314036243,0.13458608286808812,0.4521590113384357,1.1538091172861724,0.8048978155742877,4
2017-07-30,-0.4411570587554175,0.06957058902438502,0.43583448562024957,1.1229327071074655,0.6175230047941712,4
2017-07-31,-0.03809644750519808,0.24011375086370326,0.40240172714516576,1.1229127749335746,1.0,4
2017-08-01,0.06758122747986012,0.2775864887632317,0.45267740127446016,1.1673757989464226,1.0,4
2017-08-02,0.21274828993589262,0.3538673273834949,0.7581211380291907,1.1890999617766986,1.0,4
2017-08-03,0.7890407054418329,0.6814140342541135,1.6378100138975233,1.7191865532945974,1.0,4
2017-08-04,0.986501278116152,0.6812228823209571,1.6743513413893945,1.6897569540893587,1.0,4
2017-08-05,0.7909896226294235,0.5683774103157421,1.151355658080205,1.4459098367053504,1.0,4
2017-08-06,0.7847165777087117,0.5544139096839226,1.0566441776655535,1.344613824382092,1.0,4
2017-08-07,0.80564614686428,0.5001116869447199,0.8329057162085155,1.133016621653308,1.0,4
2017-08-08,0.8178255146175526,0.5473399413098701,0.8236824856048134,1.1340068665361966,1.0,4
2017-08-09,0.8063464994137759,0.5400239712009134,0.828064448104803,1.1355827191291348,1.0,4
2017-08-10,0.7100499921524984,0.5008968928026116,0.6365124312646331,1.0061778383782751,1.0,4
2017-08-11,0.8587461821435606,0.5856160207647021,1.1340140036392898,1.19621416186448,1.0,4
2017-08-12,0.8825489750755477,0.580244918109772,1.28238907968161,1.1770645402818807,1.0,4
2017-08-13,1.1116817706696713,0.8411138536474303,1.8250765182590547,1.4460386872859552,1.0,4
2017-08-14,1.2428744848675368,0.9773024269028118,2.0,1.5686382789917213,1.0,4
2017-08-15,1.1976305284008562,0.9632507052294401,2.0,1.5158158468071934,1.0,4
2017-08-16,1.2152011672265852,0.9737333564422296,2.0,1.6338447197562973,1.0,4
2017-08-17,1.4027898156611642,1.1491511271878216,2.0,1.9329493315542177,1.0,4
2017-08-18,1.2284283820562494,0.9964805741830708,2.0,1.710619539294834,1.0,4
2017-08-19,1.286194692903548,1.0173098134271863,2.0,1.7458803685844264,1.0,4
2017-08-20,1.0899238374363946,0.8315345594894261,2.0,1.5805976921390583,1.0,4
2017-08-21,1.0129117365548117,0.8537462693108866,2.0,1.592058455495494,1.0,4
2017-08-22,1.0778717537311142,0.8370587291321958,2.0,1.5079815166642023,1.0,4
2017-08-23,1.0266949960558316,0.812459061553829,2.0,1.463923812387808,1.0,4
2017-08-24,0.8534610675121314,0.6847030248859101,2.0,1.233639070791185,1.0,4
2017-08-25,1.0677060335177837,0.8999283530805646,2.0,1.4474166750432274,1.0,4
2017-08-26,0.708706543719373,0.6883266425768902,1.6045035407116555,1.1413318556111838,1.0,4
2017-08-27,0.8520182380883925,0.943834768479054,1.7052750548050173,1.393640429132312,1.0,4
2017-08-28,1.160518682623187,1.2429517121376883,1.7605336835099463,1.4300548399397068,1.0,4
2017-08-29,1.4864081065758323,1.3583179852680103,2.0,1.5791264892616947,1.0,4
2017-08-30,1.623727474815579,1.2353413910987527,2.0,1.5308549361871586,1.0,4
2017-08-31,1.6369048370331352,1.2863455459493753,2.0,1.6239698636772468,1.0,4
2017-09-01,1.2688772039073462,1.2598115425988703,1.931004424152758,1.6638275923260404,1.0,4
2017-09-02,1.215138029115075,1.2004734836864444,1.864747987911566,1.6106522532766274,1.0,4
2017-09-03,0.8381569120597242,0.766931276227033,1.258831511070377,1.132870561845074,1.0,4
2017-09-04,1.1641005134748734,1.0939268643231963,1.7153185608987283,1.4720647583974729,1.0,4
2017-09-05,0.9751477956354118,0.9829329795149331,1.4343066546576018,1.3098763845026369,1.0,4
2017-09-06,1.02243742482436,0.9774571407354806,1.5493039794723966,1.3203757014517818,1.0,4
2017-09-07,1.0215091909096545,0.9451019123286011,1.4493684775284033,1.1850493435684433,1.0,4
2017-09-08,1.0563464504550926,0.981630695841195,1.6110935630271908,1.387943148803555,1.0,4
2017-09-09,1.0880723347710854,1.0525820852414391,1.4434817651382907,1.2315887327668678,1.0,4
2017-09-10,1.1413175004598328,1.08899628478031,1.6279442318380748,1.4297149531682656,1.0,4
2017-09-11,1.4034797040779539,1.2073846192913653,1.7944882823931962,1.618818184126456,1.0,4
2017-09-12,1.4425427834096918,1.2532306820979122,1.8752908692355323,1.7110306291108368,1.0,4
2017-09-13,1.306782981553001,1.2157657415474485,1.6302220519959567,1.5976256385751004,1.0,4
2017-09-14,1.0299264295122321,1.1328946880584578,1.3628890290404234,1.593358413727635,1.0,4
2017-09-15,0.6786039866559747,0.9345726405595082,0.9431049638324255,1.399154056038609,1.0,4
2017-09-16,0.5977144284587496,0.8157501522452989,0.9948685117589113,1.3354999155262033,1.0,4
2017-09-17,0.25613913506757574,0.5872487526095082,0.5327780834927305,0.9521119333005096,1.0,4
2017-09-18,-0.45905703026816447,0.2004287822895141,0.14511859118593395,0.6668499765805287,0.1533068920576393,4
2017-09-19,-0.6376735016041034,0.03673930043496088,-0.21983660753621984,0.4537913632969374,0.0,4
2017-09-20,-0.6506812152411833,0.0034664264147827584,-0.16609314303580186,0.41604402088729,0.0,4
2017-09-21,-0.7670702374674052,-0.08927580079391954,-0.4768065627954004,0.1475730563304391,0.0,4
2017-09-22,-0.6882712918546685,-0.11996005044911637,-0.461988420121625,0.040825724221968104,0.0,4
2017-09-23,-1.1978816889224544,-0.319837772716415,-0.8164534034357183,-0.09101034194392868,0.0,4
2017-09-24,-0.7906383100011616,-0.12321384678307687,-1.063083570879993,-0.07365457879888201,0.0,4
2017-09-25,-0.5746701154656542,0.04676756348639269,-1.1402747415618097,-0.1500636007402304,0.0,4
2017-09-26,-0.6965661308435419,-0.012605144044391281,-1.0480937725014137,-0.0816210999734199,0.0,4
2017-09-27,-0.6769871245448834,-0.07385130815157578,-0.9790531028029509,-0.0787809248177786,0.0,4
2017-09-28,-0.3985782396670488,0.1993488142876353,-0.4586293399141215,0.24864423032973998,0.0,4
2017-09-29,-0.26271708397966886,0.2955243144242667,-0.38741648922437094,0.32492979848105175,0.0,4
2017-09-30,-0.3130621312366366,0.35467576239524934,-0.26156742161186,0.4313452119591456,0.0,4
2017-10-01,-0.25656729855026933,0.36678921616242577,-0.2105748022815168,0.44024296733829266,0.019876251580734916,4
2017-10-02,0.2563884829359942,0.47759140189724547,-0.17046934487338544,0.48871372763358595,0.7853275042469476,4
2017-10-03,0.3332785893359181,0.570275601725931,-0.03447964389241823,0.599110397007508,1.0,4
2017-10-04,0.5089663982446966,0.6711181584700081,0.05780488112481108,0.6222988654184655,1.0,4
2017-10-05,0.4358546905655019,0.6648606286769174,0.15899766215581207,0.7096857701627745,1.0,4
2017-10-06,0.42895835442288927,0.8205956533339901,0.3166450622936975,0.9185970480116268,1.0,4
2017-10-07,0.6323581581772442,1.010770538522809,0.41658185541463755,1.0369122875633021,1.0,4
2017-10-08,0.7634331294802498,0.9655727773370121,0.47910327887412063,1.0078110401120801,1.0,4
2017-10-09,0.8702005079333435,0.8077496275227609,0.5516076785143463,0.8959678094907784,1.0,4
2017-10-10,0.6438508068395387,0.7838612595374462,0.5623649851733276,0.9690089984191465,1.0,4
2017-10-11,0.5114273839676909,0.8041987424022253,0.6005187742634854,1.054572554165271,1.0,4
2017-10-12,0.48172080462808015,0.7911243132903053,0.6047926128052121,1.0795128062004968,1.0,4
2017-10-13,0.5140358910165554,0.7572856724838448,0.8328201721222911,1.18193999000236,1.0,4
2017-10-14,0.6855693402472692,0.8027289305962874,1.007467483899994,1.2186466716701225,1.0,4
2017-10-15,0.6714231171427121,0.7259095661356447,0.9535071184519911,1.1428524370411617,1.0,4
2017-10-16,0.701890843263394,0.696375676688618,1.3234392402771746,1.2647090499286084,1.0,4
2017-10-17,0.7918695660293891,0.7705027843725875,1.3641832209252,1.2707243966443644,1.0,4
2017-10-18,0.8924225650073071,0.799877933867125,1.619111522923253,1.331859624307333,1.0,4
2017-10-19,0.8105374143899663,0.8124770663772508,1.3997335625337188,1.2408720201751582,1.0,4
2017-10-20,0.7771475303602385,0.741448477809766,1.3012114330533466,1.147976095554774,1.0,4
2017-10-21,1.0232878247202994,0.8934892195299367,1.5725952407894646,1.4310915610086392,1.0,4
2017-10-22,0.9613159078338622,0.9650742842173579,1.8137496073235442,1.699377250815327,1.0,4
2017-10-23,0.6464911978797081,0.8548953412173327,1.7422771226758895,1.6922731622108131,1.0,4
2017-10-24,0.6737544662382804,0.8100016930721599,1.7580496861292771,1.6097656971601826,1.0,4
2017-10-25,0.6531677234812807,0.7903712871656469,1.674522820762941,1.533214350112069,1.0,4
2017-10-26,0.6861234267226002,0.7847209277267315,1.6304679013010162,1.488408147801949,1.0,4
2017-10-27,0.7960831544316015,0.8100096361033574,1.5199626406413222,1.4128852958937725,1.0,4
2017-10-28,0.6531196805568941,0.7158265978758919,1.5253297647729434,1.4123071685060897,1.0,4
2017-10-29,0.708274685851253,0.6662236633346041,1.2653120832688216,1.1676068092305405,1.0,4
2017-10-30,0.4549034482796236,0.45935397160032904,0.6538450852315445,0.7513305517080652,1.0,4
2017-10-31,0.2390812204079719,0.39182550498360214,0.35788675873099496,0.6530686476727504,1.0,4
2017-11-01,0.4913339286546392,0.56538677034279,0.5617963170023266,0.8913442291280357,1.0,4
2017-11-02,0.9002581193680234,0.7046406724198255,0.8972208970605439,1.045131825021253,1.0,4
2017-11-03,0.6374489650333447,0.780401740773344,0.6561169966869224,1.1102379564824612,1.0,4
2017-11-04,0.5297245214310632,0.7914964773463202,0.41130905583859134,1.0904387695066446,1.0,4
2017-11-05,1.0232924162814692,0.8286161206207152,1.217294218089858,1.2475955737064965,1.0,4
2017-11-06,1.2135954199849701,0.8282853041538569,1.3108645457151546,1.2500460998862228,1.0,4
2017-11-07,1.241985534597258,0.844820005412503,1.3667288054236724,1.255904728253829,1.0,4
2017-11-08,1.0827175258513564,0.9716427505824801,1.2082012565913172,1.3145864776394534,1.0,4
2017-11-09,0.8802522845500296,0.8319810958660699,0.9227509823851289,1.1585835058590077,1.0,4
2017-11-10,1.0379203600396352,0.9471917781841713,0.9401051271040366,1.1300244929032228,1.0,4
2017-11-11,0.8492110898981605,0.7557609779834529,0.8353563220205903,1.00748728793533,1.0,4
2017-11-12,0.7889847582705096,0.6671624045527642,0.5023096351464087,0.7025873680453969,1.0,4
2017-11-13,1.3248848720751931,0.8229282068437522,0.5123564254493562,0.6884157285960995,1.0,4
2017-11-14,1.2133316912863557,0.9092914980439215,0.47944137698311345,0.7500663838762736,1.0,4
2017-11-15,1.1369807989576703,0.8643298655671344,0.3838517755178081,0.7397184274370381,1.0,4
2017-11-16,1.0847022741699157,0.7818034237619047,0.5107562816394589,0.8511671848563405,1.0,4
2017-11-17,0.9054013601113579,0.7806958869871383,0.3454512562918906,0.766989519092414,1.0,4
2017-11-18,1.017208639430621,0.8018710690925818,0.45374178914593283,0.8201512130370221,1.0,4
2017-11-19,0.7386008374481805,0.7139956239743979,0.23908228902468406,0.7583681597229146,1.0,4
2017-11-20,1.2755011220118668,0.8901132002391163,0.6905462980750978,0.9906639164642365,1.0,4
2017-11-21,1.1619521171972576,0.8060016567242915,0.5414370505996868,0.8787106480048519,1.0,4
2017-11-22,0.8682562541214942,0.6300274501510387,0.49450050675357665,0.8505479396926334,1.0,4
2017-11-23,0.9372318831773597,0.6738709332904639,0.6084848823922171,0.8950236931573445,1.0,4
2017-11-24,0.7686781515220237,0.5561341668775674,0.6411987547778509,0.9361828844653215,1.0,4
2017-11-25,0.7654427774917875,0.5743952114681689,0.3438194624902699,0.7029789776591512,1.0,4
2017-11-26,0.6863857024539147,0.5538847819747181,0.9522747513518264,0.7493472753730426,1.0,4
2017-11-27,0.9579598710904622,0.6933389154723075,1.2978455231978656,0.7565452773942974,1.0,4
2017-11-28,1.059633108607629,0.5397662179724454,1.4098340130617284,0.6523381453300318,1.0,4
2017-11-29,1.0127916656380376,0.580168080528561,1.2694341556473385,0.6562156788079073,1.0,4
2017-11-30,0.9477546505835095,0.48221540921888895,1.1242066607230166,0.5109040634814798,1.0,4
2017-12-01,1.0559481947689155,0.5302622964698018,1.3274363514278091,0.6292590860638684,1.0,4
2017-12-02,1.3457370770252963,0.6371856831360015,1.477837884516859,0.6514502319754226,1.0,4
2017-12-03,1.6746763329337584,0.9303027638917628,1.7723673680413938,0.9217736616377172,1.0,4
2017-12-04,1.829890362477509,0.9622745066394803,1.934248020087054,0.8948571587286979,1.0,4
2017-12-05,1.7570800572407188,0.9620589604259291,1.8354032245773584,0.8805952426320293,1.0,4
2017-12-06,1.6814800499857685,0.9465482912152288,1.8907539376411784,0.9053704678614881,1.0,4
2017-12-07,1.303239021251185,0.8726437033459689,1.5077499438733868,0.7669965936002661,1.0,4
2017-12-08,1.2812127579340238,0.8553710492959387,1.5427288307994573,0.7341385356211797,1.0,4
2017-12-09,1.2301229776061637,0.8538077037533746,1.5038523243288635,0.7305994435915215,1.0,4
2017-12-10,0.9685264956533055,0.7863956189006248,1.3448711582628103,0.7126816660835396,1.0,4
2017-12-11,1.0608076159952942,1.0410365002371587,1.5184191200320594,0.9518304185996218,1.0,4
2017-12-12,1.5376158348237037,1.1981444263886867,1.9265205134278842,1.1340245760295065,1.0,4
2017-12-13,2.0,1.4550998507655748,2.0,1.4494532858369125,1.0,4
2017-12-14,1.8903988064213486,1.4317862262622811,2.0,1.4483063005894306,1.0,4
2017-12-15,1.8581645122793602,1.4840862082628954,2.0,1.4852955241503214,1.0,4
2017-12-16,1.785481695600421,1.3968432578925292,2.0,1.436455328024738,1.0,4
2017-12-17,1.480003772918943,1.1966870901762072,1.8268644581826134,1.3621741637056648,1.0,4
2017-12-18,1.7325253035811456,1.342368141088402,2.0,1.493838885487802,1.0,4
2017-12-19,1.5012178764983073,1.4494996841164363,1.9348632579857672,1.5859188617501172,1.0,4
2017-12-20,1.6374096343987066,1.4144878015824707,1.98542599095151,1.532506630896896,1.0,4
2017-12-21,1.725047753636152,1.5566733299074302,2.0,1.9763984024439394,1.0,4
2017-12-22,1.596129032485625,1.5279112326056432,2.0,1.991346688558198,1.0,4
2017-12-23,1.5834100131191622,1.380803299102723,2.0,1.764215047421674,1.0,4
2017-12-24,2.0,1.5280917310117916,2.0,1.9491473691836136,1.0,4
2017-12-25,2.0,1.556099515622765,2.0,2.0,1.0,4
2017-12-26,2.0,1.5140804616078412,2.0,2.0,1.0,4
2017-12-27,1.7756654304227037,1.3977412237915896,2.0,1.9254758071193656,1.0,4
2017-12-28,1.6451469824764204,1.4746644008740184,2.0,1.8905705505580175,1.0,4
2017-12-29,0.8448954209926323,0.9296037575576892,1.408283785182355,1.3778763240291734,1.0,4
2017-12-30,0.7769958254678819,0.8483125179602433,1.325208617496461,1.2624144132025894,1.0,4
2017-12-31,0.5881653660826476,0.7727167380767027,1.2754189099728304,1.353144611494592,1.0,4
2018-01-01,0.32563449189930355,0.7029408459873825,1.135516963952551,1.3965940024490375,1.0,4
2018-01-02,0.9972563654169149,0.8924368697484846,1.7700189489426374,1.5648078271413217,1.0,4
2018-01-03,0.8642119595705698,0.7980337605471137,1.6444433170557167,1.5181670578964819,1.0,4
2018-01-04,0.44999048214137155,0.5012164565669575,1.1610877736862522,1.0200656502349024,1.0,4
2018-01-05,0.503657250193871,0.523947064046247,1.26455277279319,1.0309819636800133,1.0,4
2018-01-06,0.908070600987565,0.7169601872595711,1.6656949395258682,1.2985292583277317,1.0,4
2018-01-07,1.0020072545152279,0.8767823032884966,1.9421640417817383,1.6221746945125717,1.0,4
2018-01-08,1.0301358532947025,0.9408682219225359,1.8128366081047893,1.678746338380915,1.0,4
2018-01-09,1.0953620307060477,1.0800833605715061,1.9161136686590137,1.837657063537863,1.0,4
2018-01-10,1.2232271946033242,1.0911728776736307,2.0,1.9187745624034347,1.0,4
2018-01-11,1.5348678932112758,1.213031579098612,2.0,2.0,1.0,4
2018-01-12,1.9529318021873419,1.4390365970240255,2.0,2.0,1.0,4
2018-01-13,1.8700294287216572,1.3368640653468105,2.0,2.0,1.0,4
2018-01-14,1.793270982478416,1.3687241443705787,2.0,2.0,1.0,4
2018-01-15,1.6362866359805976,1.3149136749664487,2.0,2.0,1.0,4
2018-01-16,1.5199469283508644,1.1926742728282331,2.0,1.7654320282609577,1.0,4
2018-01-17,1.1687605984323681,0.9291077563888813,1.950402116685838,1.5412029654476609,1.0,4
2018-01-18,0.5335098881890945,0.7233441784750245,1.2578992087470278,1.3897704517358955,1.0,4
2018-01-19,0.8429719677145925,0.7859169937449767,1.493040915732445,1.472532240258859,1.0,4
2018-01-20,0.6426576854396552,0.7222396395570156,1.3978759432794765,1.5047862731219122,1.0,4
2018-01-21,0.6557655281591159,0.6968263552390884,1.417039282469072,1.4940385248942967,1.0,4
2018-01-22,-0.1758143847585563,0.31529883027250905,0.8611026578468265,1.235510162139227,1.0,4
2018-01-23,-0.2906706147016516,0.19819145143970737,0.8127339169861979,1.1514946776703254,1.0,4
2018-01-24,-0.16958318553505253,0.17791054594671765,0.9437736118776229,1.0854867408540247,1.0,4
2018-01-25,-0.6068921153494364,-0.17644571589082567,0.21867725882799963,0.5779591237471726,0.0,4
2018-01-26,-0.7739698308780526,-0.312575393847592,0.051059645095082096,0.45209867688070965,0.0,4
2018-01-27,-0.7831178142973408,-0.33788918295012965,0.032778910744050344,0.40641360843991975,0.0,4
2018-01-28,-0.7578842642597602,-0.4371324427612518,0.022363808882337365,0.31045248218508503,0.0,4
2018-01-29,-0.8175197105175119,-0.5153256733611784,-0.0023658828657520947,0.14425968999709196,0.0,4
2018-01-30,-0.9028938992637777,-0.5502297106151164,-0.04431521749319389,0.13644539545223913,0.0,4
2018-01-31,-0.7071685539865422,-0.3613729127731621,0.05615997037805505,0.27794083257999397,0.0,4
2018-02-01,-0.6159762682042207,-0.21626602532346684,0.11521701920951352,0.4521561666020123,0.0,4
2018-02-02,-0.7337451319381048,-0.19197273227016878,0.1802086500957289,0.5597084695531425,0.0,4
2018-02-03,-0.9737672490115029,-0.1564423265812988,0.024682873413891943,0.6737279558125386,0.0,4
2018-02-04,-0.9028893946069599,-0.13291814049001618,0.12284456843915183,0.7525374391723649,0.0,4
2018-02-05,-0.5445794767102621,-0.1895540095867408,0.6978890994930763,0.7786936304845763,0.17497616623722434,4
2018-02-06,-0.4264633634955711,-0.17066380281562574,0.8319103030786508,0.7828505680366818,0.45704644376646586,4
2018-02-07,-0.3014546324866043,-0.16764271534701422,1.0487602999492573,0.7987880210894979,0.7906781273157278,4
2018-02-08,-0.1553584652216402,-0.22396405352600746,1.4018523286789697,0.7223265624088844,1.0,4
2018-02-09,0.4380946084287223,-0.08297089358124789,2.0,0.9520417498217861,1.0,4
2018-02-10,0.5302541739476925,-0.01814633213429714,2.0,1.0256571238732757,1.0,4
2018-02-11,0.27514956912810806,-0.0145577325300751,2.0,0.9971635880380157,1.0,4
2018-02-12,0.4204423704238138,-0.027681660973361333,2.0,0.8841668828175921,1.0,4
2018-02-13,0.36833777677934965,0.19314539808750344,1.645944636461165,1.069201185571859,1.0,4
2018-02-14,0.3314887247488904,0.24384981002549677,1.7213020632593992,1.1883027358389076,1.0,4
2018-02-15,0.32118515611707527,0.15493758784301143,1.9345024182979695,1.163735669072484,1.0,4
2018-02-16,0.20398527483672307,0.08711139937435274,1.844294504973689,1.0896438091870189,1.0,4
2018-02-17,-0.28373420413387085,-0.07902030350084792,1.3456156183878292,0.9471582880299585,1.0,4
2018-02-18,-0.1594665486508186,0.010566807244779116,1.415746981306082,0.9836825260538361,1.0,4
2018-02-19,-0.2669463764152745,-0.12198117654853122,1.2902690131475216,0.7400655583235467,1.0,4
2018-02-20,-0.19132010349537784,-0.0599159861666214,1.3744466858296585,0.7759992117554476,1.0,4
2018-02-21,-0.3344697003253729,-0.08483323449147898,1.2471648089637704,0.7536372439212607,0.9456589358800181,4
2018-02-22,-0.2913646932537205,-0.10333568083278269,1.1056442944776415,0.5713306703598453,0.7269857792547946,4
2018-02-23,-0.17101474374068587,0.016002668510503817,0.8921502844752757,0.45553770464868387,0.7811756406476753,4
2018-02-24,-0.20221630396896262,0.04508225457732472,0.797488465532853,0.4867387277528982,0.7403627642147372,4
2018-02-25,-0.2372193921043634,0.05515192565050513,0.873114272230599,0.5640532443636609,0.8232492843145052,4
2018-02-26,-0.22956786709061794,0.1953355734265912,0.9779374265042293,0.7913569935683511,1.0,4
2018-02-27,-0.08964893203279992,0.29257179657782906,1.1420181400078693,0.9876656573298442,1.0,4
2018-02-28,-0.02797573785593216,0.2981663307699659,1.1872108609613818,0.9442771368762509,1.0,4
2018-03-01,0.16362619169380843,0.3569152153478069,1.407424274143087,0.9645033562456392,1.0,4
2018-03-02,0.25186969362109407,0.3939527914290635,1.5015388674946148,0.9636480882374377,1.0,4
2018-03-03,0.5760457875362408,0.5133009878071843,2.0,1.1944999554469713,1.0,4
2018-03-04,0.41908428522756663,0.3996741547955144,1.9301709612748223,1.1011344615686096,1.0,4
2018-03-05,0.281455477731251,0.5525515866754765,1.1272075162230724,1.1695817794401686,1.0,4
2018-03-06,-0.08403254501582569,0.40823126625860473,0.6586939993118959,1.047693251804232,1.0,4
2018-03-07,0.05486494951110419,0.45116676720201093,0.7032085272204358,1.0346446152494868,1.0,4
2018-03-08,0.3682931872124719,0.4516480896854349,1.3304930750161816,1.1734243270392009,1.0,4
2018-03-09,0.16502358709359513,0.23255802734798553,1.1308123848703318,0.9640063221571251,1.0,4
2018-03-10,0.321258774038463,0.15834994319550533,1.3649280822347487,0.9437337702401027,1.0,4
2018-03-11,0.2751453673924627,0.21860115813890593,1.228679606576269,1.0270011024989454,1.0,4
2018-03-12,0.2693815625967374,0.16405731573117105,0.9351549174583456,0.878065091700019,1.0,4
2018-03-13,0.41632688952356234,0.23953324552199642,0.9389743426453094,0.8740763911466953,1.0,4
2018-03-14,0.38872503675313497,0.17407167289921135,0.96843792388955,0.824615080604912,1.0,4
2018-03-15,0.15834409625390145,-0.012770575035844223,0.7536520706169204,0.6524543658558217,1.0,4
2018-03-16,0.45138995251180825,-0.017584071683148253,1.2784734427689992,0.7083578613996805,1.0,4
2018-03-17,0.4653299281777994,-0.016072631057667174,1.1261675171552283,0.5871614838107614,1.0,4
2018-03-18,0.7528214834363656,0.07596854602973485,1.3238441388157216,0.5984746414520596,1.0,4
2018-03-19,-0.05755277394950592,-0.28559102548938814,0.6635796340770836,0.3383039966717816,0.294330192573299,4
2018-03-20,-0.02264009438253678,-0.23751040267082837,0.8425408264772272,0.4613464604193516,0.6232332986404509,4
2018-03-21,-0.04366075735091751,-0.2913092413419279,0.8672448941669433,0.39153062515181764,0.4825507436746224,4
2018-03-22,0.30753431655466706,-0.23888775570900272,1.2086619006212227,0.3210876275823347,1.0,4
2018-03-23,0.1688246651644055,-0.23775113245979282,1.0315245741207497,0.2707052600488125,0.7744754158127005,4
2018-03-24,0.02652540068949054,-0.2964319290916834,0.9287973507936825,0.22162874411955108,0.4314843151732618,4
2018-03-25,-0.05810537980435584,-0.18577759004276148,0.7112332811797965,0.35085836510024865,0.46484004412547014,4
2018-03-26,0.2163676172341943,-0.04235122243794731,0.4640170438703232,0.1850998862354186,0.6436930569330497,4
2018-03-27,0.02809398363514165,-0.17696304649150268,0.41408059900834304,0.1014010007009643,0.15433388206526386,4
2018-03-28,0.26268745334229826,-0.013766802655198002,0.5326334360565094,0.2111928400904011,0.7983836067829851,4
2018-03-29,0.3523814954417471,0.050386192229001286,0.7897245356083396,0.3175636439335624,1.0,4
2018-03-30,0.33243779818889935,-0.09490630455418111,0.6791057771175879,0.03492093791639153,0.6534137518163764,4
2018-03-31,0.42110023320644774,0.040813873641325375,0.6527548778524401,0.11096904137499104,0.979748266908829,4
2018-04-01,0.2846111783245014,-0.10198681862590638,0.6339327685975945,-0.023031264277262816,0.5035322416666546,4
2018-04-02,-0.026728044660391664,-0.17811868547240148,0.7767037419106178,-0.025765370703352934,0.1713186459833203,4
2018-04-03,0.053627464130367286,-0.1429847522374115,0.872422348181023,-0.006237939235810577,0.3788273985218021,4
2018-04-04,-0.13972183914416883,-0.248432566344085,0.7394350720344534,-0.13185317248615855,0.0,4
2018-04-05,-0.4050194265191458,-0.41181643821089625,0.3335019653115561,-0.4321932801207291,0.0,4
2018-04-06,-0.5566364052188439,-0.47917225206603253,0.4109051473717121,-0.37345119338107086,0.0,4
2018-04-07,-0.34952305435638015,-0.24848450920379023,0.4637098124499831,-0.1846829914564843,0.0,4
2018-04-08,-0.3496533790599061,-0.4352068994357259,0.6351326265389473,-0.317013747678621,0.0,4
2018-04-09,-0.5371970297927666,-0.3891783629738381,0.09317595262302508,-0.3406481987400306,0.0,4
2018-04-10,-0.4905293165231581,-0.3731408927199608,0.101367183031155,-0.3602618954418221,0.0,4
2018-04-11,-0.5367726522102246,-0.3859868158064423,0.09304031020795706,-0.3321881030905135,0.0,4
2018-04-12,-0.4558143603665643,-0.4127785851885583,0.27036349708336166,-0.3322950777423993,0.0,4
2018-04-13,-0.5853705001217709,-0.4183439427276939,0.10660655827533326,-0.30220009279620463,0.0,4
2018-04-14,-0.6634775497689098,-0.45973948741765,0.08845166026510967,-0.29447006462903985,0.0,4
2018-04-15,-0.47226243738311385,-0.41472301563978964,0.29137311642105956,-0.3246668131792249,0.0,4
2018-04-16,0.1950781974802269,-0.33022948295245463,0.3276938779412901,-0.40395555416489265,0.0,4
2018-04-17,0.09428547401709705,-0.3762299716480259,0.2248465661689334,-0.4522495152767019,0.0,4
2018-04-18,0.1057860900911777,-0.28492701158503064,0.20215792969888452,-0.38259295912648267,0.0,4
2018-04-19,0.24416862670117936,-0.19786421554409037,0.4006867486876491,-0.28265569750199115,0.0,4
2018-04-20,0.5845475933821795,0.056463912421713655,0.6355427926826176,-0.0430945004172448,0.9291983680174811,4
2018-04-21,0.5793831672856383,0.018762420975970917,0.5888478419128048,-0.12051936704812227,0.745163524120959,4
2018-04-22,0.5110006324922645,-0.011435988318369122,0.5070545012319407,-0.17893047986252925,0.5198308735708992,4
2018-04-23,1.2474297644839971,0.18241747276691112,1.582990137758072,0.03595430063491553,1.0,4
2018-04-24,1.3066946891400968,0.20924490184082975,1.6964090673849557,0.08266946906044365,1.0,4
2018-04-25,1.3769470788529954,0.2248813737639222,1.7808447272506394,0.09693925537609309,1.0,4
2018-04-26,1.4952119751900406,0.26034167815764997,1.9422075061940978,0.10905061633457754,1.0,4
2018-04-27,1.6281406790599502,0.526699093178734,2.0,0.41853515504135314,1.0,4
2018-04-28,1.7504332327792327,0.48734435407340426,2.0,0.37886900885806546,1.0,4
2018-04-29,1.897649748175946,0.5420707691860647,2.0,0.4452978854766831,1.0,4
2018-04-30,1.9867205238491183,0.6714179538502728,2.0,0.6683714957248224,1.0,4
2018-05-01,2.0,0.7902067611185484,2.0,0.8732340995751013,1.0,4
2018-05-02,2.0,0.7783201489978632,2.0,0.8687412572087465,1.0,4
2018-05-03,2.0,0.8133620008647338,2.0,0.9447202202007108,1.0,4
2018-05-04,1.7718263036543196,0.8083897649466445,2.0,0.9940904830726759,1.0,4
2018-05-05,1.6543785100312407,0.7861397415286402,2.0,1.0408997536134172,1.0,4
2018-05-06,1.5735074006847274,0.6421400976110545,2.0,0.8166574005264734,1.0,4
2018-05-07,1.5086120493468722,0.6480124152422474,2.0,0.9244199741678081,1.0,4
2018-05-08,1.366652955332791,0.46949133613671784,2.0,0.5718434586861333,1.0,4
2018-05-09,1.3965183624168576,0.5406921280582156,2.0,0.655362852712054,1.0,4
2018-05-10,1.4922519657011464,0.6096461610787142,2.0,0.8204627770723377,1.0,4
2018-05-11,1.8668784894151704,0.6568053566034598,2.0,0.8498210450104473,1.0,4
2018-05-12,1.6309173436506554,0.45070261247485643,2.0,0.5918176879502216,1.0,4
2018-05-13,1.6302130780949884,0.45289349126679707,2.0,0.6165844961660186,1.0,4
2018-05-14,1.169692547992725,0.3582497256149022,2.0,0.6235263927005226,1.0,4
2018-05-15,1.1392051928869906,0.3334326524578772,2.0,0.5419268355333386,1.0,4
2018-05-16,1.1807533673474626,0.2943371134677032,2.0,0.4842903692469589,1.0,4
2018-05-17,1.30966057677707,0.3394285763927397,2.0,0.5585275921175428,1.0,4
2018-05-18,1.1470907893146565,0.34758434354248396,2.0,0.6699350495788075,1.0,4
2018-05-19,1.2037514787288834,0.39207527569356976,2.0,0.7548521200388354,1.0,4
2018-05-20,1.2416340924342513,0.3651668407085745,2.0,0.7190153389888665,1.0,4
2018-05-21,0.9429112360001048,0.28299018155739225,2.0,0.6636928310493132,1.0,4
2018-05-22,0.8614297759576172,0.32513837119249706,2.0,0.839295391242582,1.0,4
2018-05-23,0.8651153318178305,0.35160371918234307,2.0,0.897336724280128,1.0,4
2018-05-24,0.7614391244984247,0.19068327871511837,2.0,0.4343174385460091,1.0,4
2018-05-25,0.6195401782858256,0.03823000124069689,2.0,0.23075319420398674,1.0,4
2018-05-26,0.755792828367205,0.05066242860502404,2.0,0.16356328671411377,1.0,4
2018-05-27,0.74811980820178,0.06914110057707779,2.0,0.16372572046556594,1.0,4
2018-05-28,0.35492708761964153,-0.042346830979289804,1.2804283871790951,-0.012456630698552532,1.0,4
2018-05-29,0.4362846800422021,-0.08106557502880046,1.3698412979689594,-0.059781222712273305,1.0,4
2018-05-30,0.3965600232893464,-0.12015650593357818,1.2633557767809283,-0.11187116522391347,0.8642915783663838,4
2018-05-31,0.23916120913881664,-0.03747210036749567,1.0957467721127832,-0.014449708486158813,0.8225628222916196,4
2018-06-01,0.3486168149962185,0.027938318207544974,1.3950033923607232,0.13803625551361376,1.0,4
2018-06-02,0.38145729438741505,-0.08485848692087426,1.2760005414002842,-0.07540262980883176,0.9435329978809894,4
2018-06-03,0.4105211445213624,-0.13983368519568304,1.1681697859509255,-0.20173134946485874,0.6869493025123595,4
2018-06-04,0.5802023512740772,-0.20291567053748963,1.0158866004604274,-0.3110107757521491,0.5313009295124527,4
2018-06-05,0.5911412660092346,-0.21061442332895858,1.0180063410740177,-0.3319417438646636,0.5062512890507499,4
2018-06-06,0.5657615254628816,-0.18615339706321216,1.0075725995835394,-0.29554603173912297,0.5532638636088206,4
2018-06-07,0.5534480634947666,-0.15834792985584495,1.090608671511879,-0.17780837191265764,0.7776243184736876,4
2018-06-08,0.5633238862311487,-0.14589158585825845,1.0586434669017941,-0.15474478575746667,0.8097620214354752,4
2018-06-09,0.5210985617003473,-0.14124264177655407,0.9961114095761346,-0.14129487633849855,0.7544143557334577,4
2018-06-10,0.49872241235859227,-0.12107695417392032,1.0466102958743095,-0.11111732795783233,0.8283599421784521,4
2018-06-11,0.3606767604837198,-0.11219041938064303,0.8780277529706988,-0.10568672635204221,0.613318255493798,4
2018-06-12,0.20036893231156788,0.10217986561653715,0.6450695897864493,0.2035052673428722,0.9408582357842784,4
2018-06-13,0.26497739998253395,0.11314027075790335,0.6930981019208544,0.18935193698363906,1.0,4
2018-06-14,0.3152681415430756,0.12816470487446888,0.717573331854169,0.20027196868010483,1.0,4
2018-06-15,0.3786123021993528,0.11964210992045433,0.7060562257887517,0.1126950164605045,1.0,4
2018-06-16,0.545514939463996,0.10221341811260497,0.9262195459379918,0.08557484593613093,1.0,4
2018-06-17,0.6439443688788451,0.15638348607445907,1.23166151187587,0.2747861238930485,1.0,4
2018-06-18,0.4773799109431328,0.0904708225029518,0.8049846086902153,0.17055713090922642,1.0,4
2018-06-19,0.44174976604865046,0.046445971190097385,0.8333822129247717,0.13295157895591111,1.0,4
2018-06-20,0.28734019027235336,-0.15012543513174045,0.9330142237183364,-0.016204155000734202,0.6362515404879376,4
2018-06-21,0.2540199680043591,-0.12138972877349244,0.8546955015205681,-0.0032467222102394583,0.607358408128786,4
2018-06-22,-0.12926298189133473,-0.3372121150824373,0.42043486508236866,-0.27493575375250023,0.0,4
2018-06-23,-0.21253873797907086,-0.392054182245521,0.39186141563736543,-0.3290895551608312,0.0,4
2018-06-24,-0.19865692572354565,-0.4119866246445289,0.4697658318790605,-0.3162902936198072,0.0,4
2018-06-25,-0.2239036937483889,-0.35006708080260074,0.11399247899421808,-0.2870222514532995,0.0,4
2018-06-26,-0.23600477172128345,-0.2790217196510899,0.20354253059129437,-0.097099489213882,0.0,4
2018-06-27,-0.3041760420483166,-0.36867813239389413,0.19808548610368626,-0.1834203313281618,0.0,4
2018-06-28,-0.23606017663620557,-0.34661034426528964,0.3369396226962004,-0.1013694792972544,0.0,4
2018-06-29,-0.32764146574175484,-0.38777305515512633,0.19362340857893243,-0.1479847820241545,0.0,4
2018-06-30,-0.3266544747006455,-0.3771731875187798,0.21172452710388734,-0.13938495904039727,0.0,4
2018-07-01,-0.4271292448909246,-0.44544699455565584,0.017121981200363807,-0.30205252839423585,0.0,4
2018-07-02,-0.6017657113323099,-0.48268989659448347,-0.3584634093496115,-0.3741823026658967,0.0,4
2018-07-03,-0.5656378681215195,-0.37519302448211383,-0.24194938874150068,-0.2383248150958483,0.0,4
2018-07-04,-0.3865700073771157,-0.2471697194075944,-0.0684903240663059,-0.16014742815204536,0.0,4
2018-07-05,-0.36907266266107486,-0.24374217949607654,-0.05206360987207248,-0.15059132952326929,0.0,4
2018-07-06,-0.2487533313177741,-0.17090352582405502,0.17417787106715507,-0.0246543796124591,0.0,4
2018-07-07,-0.10060251017367838,0.057552669384171584,0.18989463030633513,0.14954091618746837,0.1847003111764115,4
2018-07-08,-0.0015878944963385886,0.14304912089883617,0.3403723752967724,0.2680161207831577,0.6198661507445568,4
2018-07-09,0.08156246423488128,0.24447861375203878,0.38045485661577094,0.3990951374331165,0.9782508288306955,4
2018-07-10,0.11364603204375964,0.19619497490203847,0.3374256074693457,0.28571120894571284,0.847416559420055,4
2018-07-11,0.07596290131320026,0.12815426524593382,0.17260479755179256,0.12583415506421797,0.46835134770547404,4
2018-07-12,0.0913356532200091,0.13239738967602185,0.31166038362129234,0.19787536598763444,0.6499961304086223,4
2018-07-13,-0.07207974026821101,-0.030123515276442983,0.12342681925957125,0.07107939752509632,0.014425788025730926,4
2018-07-14,0.03170187324269631,-0.11979223073744469,0.20353659336372407,-0.07160296004038472,0.0,4
2018-07-15,0.15733226937407613,-0.08284833620105639,0.40067672198306925,-0.010188922771948829,0.27908651141098595,4
2018-07-16,0.08580775332382266,-0.012437205753360686,0.24405509312664103,0.06995894066828713,0.2945701253146136,4
2018-07-17,0.023860580024845673,0.03722723317593574,0.1710246013914474,0.1476277999459769,0.3146481295111654,4
2018-07-18,0.0210796062460831,0.12003521247845363,0.18060464147376465,0.25212464815474744,0.48911894740545414,4
2018-07-19,0.004293774523790775,0.1051115700324371,0.12589945180375586,0.2200352832925975,0.37869246149327346,4
2018-07-20,0.02146517221855878,0.09418168551271562,0.0666412233721549,0.15030977286892644,0.285934991704595,4
2018-07-21,-0.12389007733550932,0.05728594664030873,-0.053316296368898036,0.17101243333462315,0.0,4
2018-07-22,-0.12989982211311368,0.3291833918791279,-0.14870909559390755,0.4256072530418008,0.21550743863949395,4
2018-07-23,0.24577622889310913,0.25590051559024496,0.3119611128208245,0.44567193812903716,1.0,4
2018-07-24,0.27718760588386454,0.25910673821292357,0.32669415624990883,0.42740629866315427,1.0,4
2018-07-25,0.17354374962864189,0.2068453663243015,0.37170630764389967,0.45688366751099174,1.0,4
2018-07-26,0.05481396845319722,0.17943053081777385,0.34134421062355513,0.42569250558105964,0.857851051419025,4
2018-07-27,0.2959370365555037,0.2028747263081655,0.48543960996055235,0.3118619378670164,1.0,4
2018-07-28,0.31634292656433183,0.22893498511211813,0.4958412604832117,0.3279237045087058,1.0,4
2018-07-29,0.35006027708091425,0.2124535495577733,0.3074570348788206,0.18436940900732143,0.9867158221513745,4
2018-07-30,0.21302841461460414,0.23680206068041887,0.2905012959399358,0.29434977141099306,0.999869050006316,4
2018-07-31,0.17343606655223434,0.23108817719453711,0.2595811660947184,0.3078625803925551,0.9233287018260127,4
2018-08-01,0.06361136536010681,0.20794362697183802,0.16121089640620503,0.3284553854137146,0.6659658358908432,4
2018-08-02,0.04825912197367849,0.20719910356294385,0.10581349542108687,0.3128589854702489,0.5732290220559972,4
2018-08-03,-0.01069008423505271,0.18988622237895003,0.08528391080188868,0.33985731902522975,0.47429748514131603,4
2018-08-04,0.11933185312541844,0.22391451709768795,0.16826930234386422,0.3495838919547016,0.7751807907320178,4
2018-08-05,0.13299922948928375,0.2223544250618858,0.16260180017535703,0.3520281884837993,0.7859069052957589,4
2018-08-06,0.020404479528111398,0.09791332353233198,0.0851431182201638,0.21192711335499112,0.34641519788882885,4
2018-08-07,-0.07037497823005943,0.03466706050949474,0.016342482778539724,0.15459967428672217,0.05499942176935611,4
2018-08-08,0.027632033495046282,0.05311603888577454,0.08807908679262216,0.13309325176932182,0.26233632821125885,4
2018-08-09,0.15033116341327685,0.0032336367984203973,0.07828497480672564,-0.035696505073748414,0.12475007231388524,4
2018-08-10,0.15685754129172158,-0.05658133460330719,-0.05196421115819418,-0.17256806546836168,0.0,4
2018-08-11,0.062337282371359715,-0.11024405739186842,0.005172388296627551,-0.15700332838526176,0.0,4
2018-08-12,-0.09580429561424539,-0.13711444428284025,-0.01111515063551703,-0.09402752209416454,0.0,4
2018-08-13,-0.24621836749527776,-0.2400747946375969,-0.15948763197048782,-0.19063273782914802,0.0,4
2018-08-14,-0.3240559835736035,-0.28275437893390387,-0.3142397352365106,-0.25272179456469995,0.0,4
2018-08-15,-0.3235109231411458,-0.29485320873402243,-0.3232005523411968,-0.2692727158805971,0.0,4
2018-08-16,-0.5002062253992082,-0.32816419268940134,-0.21246159371375298,-0.16504173747822032,0.0,4
2018-08-17,-0.33568862750893685,-0.23973757127186676,-0.1594618101564556,-0.10236047187567747,0.0,4
2018-08-18,-0.43193521812053914,-0.21761593957751027,0.11529805399399208,0.14390478750999067,0.0,4
2018-08-19,-0.4132188587713241,-0.20739799875305368,0.14568495040745927,0.18683015214056448,0.0,4
2018-08-20,-0.17780878186133978,-0.1593776259485295,0.1618507925426645,0.14731482039506896,0.0,4
2018-08-21,-0.0778960327936431,-0.12472613260196147,0.2155500930098417,0.14785059654998006,0.016310873704450918,4
2018-08-22,0.028191579904679232,-0.03798759708305552,0.2932845555979873,0.21950299566040632,0.36772781247771047,4
2018-08-23,0.035238919770435834,-0.04735373893215049,0.20444542792815085,0.15583155521762126,0.24908978948920482,4
2018-08-24,-0.13422114056976625,-0.06633502966128096,0.19836731234528762,0.15164237583487974,0.008761866646431082,4
2018-08-25,0.05191468090011914,-0.05834539252708513,0.21898738923993996,0.02840990530862875,0.14053539408237475,4
2018-08-26,0.11460664132143372,-0.016314466582412885,0.3324046893404065,0.10812277902055897,0.4133180445585035,4
2018-08-27,0.15513624864448144,-0.069981870803378,0.02618410642198543,-0.11518277825751017,0.0,4
2018-08-28,0.15358242495269295,-0.06327678768711908,0.0034272727007977066,-0.1136649046489817,0.0,4
2018-08-29,0.12555076434724305,-0.058574862234898044,-0.017332474436147077,-0.1050403032912373,0.0,4
2018-08-30,0.35644311198182127,0.06221585675318529,0.1869975958109433,-0.0262179499768295,0.4357021285631022,4
2018-08-31,0.11937484489028871,-0.019727286400515305,0.10831394139279735,-0.05029796545180551,0.08235273320072665,4
2018-09-01,0.730591580611215,0.28097291162277377,0.5132536064596092,0.11030089479707686,1.0,4
2018-09-02,0.38198513401448403,0.015838069563288187,0.4019963379427077,0.001436997376823918,0.609381841858493,4
2018-09-03,0.3857971640876934,-0.044120299461567675,0.35682939999190827,-0.035436028181463325,0.4572466160582627,4
2018-09-04,0.3502355262429927,-0.04702693167219166,0.28492980346303776,-0.054304327423351145,0.3482500564232105,4
2018-09-05,0.2430271488728798,-0.04193359251678652,0.17237942827274916,-0.03154933384399536,0.21712110344828928,4
2018-09-06,0.2629252230364736,0.04136247591483658,0.2427287071077695,0.1244614362856695,0.5813005468249012,4
2018-09-07,0.5954973919541249,0.27600891339226064,0.4606203932695215,0.2918033695021114,1.0,4
2018-09-08,0.5568634751491182,0.25575084813808463,0.37469726464113967,0.275591389418576,1.0,4
2018-09-09,0.5546292390222574,0.298404979745424,0.24807930608577686,0.22792631799617447,1.0,4
2018-09-10,0.2244209964615776,0.2940758975597694,0.22432110483312218,0.4222901310620051,1.0,4
2018-09-11,0.2045813823287124,0.2872579173847375,0.21277581256639483,0.4214694313550081,1.0,4
2018-09-12,0.04590316989654686,0.11377741012147984,0.09156163872307821,0.24953083557924344,0.42493085190688173,4
2018-09-13,0.09235095676741209,0.12223716482399691,0.14932482223017052,0.16723095365529173,0.5028319825033769,4
2018-09-14,0.572737507748699,0.22345132436752904,0.7509112345659215,0.2594340825560106,1.0,4
2018-09-15,-0.12105242070011298,-0.13090725005985232,0.0832608225464952,0.011474627302319136,0.0,4
2018-09-16,0.3222077489673096,-0.010891630714571204,0.5051192903454435,0.08307152189960924,0.6972047698317371,4
2018-09-17,0.2312646011599469,0.06197632120349804,0.48612421162073105,0.12425605673958358,0.7416428875326532,4
2018-09-18,0.4876021142384959,0.23302215534600218,0.7082624029628521,0.24945213109012293,1.0,4
2018-09-19,0.4730912129234199,0.2514230742487113,0.6462973159337724,0.25885562612987145,1.0,4
2018-09-20,0.433555231233835,0.16839972956507285,0.6230092533922724,0.2020295101231453,1.0,4
2018-09-21,0.12623803650890925,0.05610200053599964,0.2507083081171859,0.0993164008719328,0.4599962033826559,4
2018-09-22,0.1438288903772098,0.10401306381408569,0.25701171966490594,0.17160946065197424,0.6203166629040988,4
2018-09-23,0.12462510829278597,0.12467731578491334,0.24601447465446538,0.254159356563129,0.6866923269307195,4
2018-09-24,0.20548946614242702,0.17263873240657263,0.05709864220027927,0.3128474554934063,0.6568876061537322,4
2018-09-25,-0.007410195384839127,0.08720698282504355,-0.11870951210217556,0.27217265833687926,0.08988339802987702,4
2018-09-26,1.0367677759096083e-05,0.018185742770936847,-0.06816386040891372,0.2132523068110751,0.058656503792398146,4
2018-09-27,0.03165946749873215,0.10298641804054373,0.03905973656521659,0.3865374111800556,0.41526260929610004,4
2018-09-28,0.07544620938947891,0.14007146459800968,0.12152071475009546,0.5090751134745708,0.672720966096868,4
2018-09-29,0.33751819335447136,0.2573899435759854,0.35002293525182787,0.552080953271731,1.0,4
2018-09-30,0.44861873880646963,0.37324663332456415,0.46202021233394797,0.6761062478714763,1.0,4
2018-10-01,0.2860100116598872,0.3599685413068128,0.21306915938127158,0.696763774605401,1.0,4
2018-10-02,-0.03417911330610665,0.30023723404011005,-0.10371302292300447,0.7037784394730513,0.5460342544183006,4
2018-10-03,-0.15179554752071753,0.25090644883440805,-0.22205245658351674,0.6830673436804564,0.19837691174319688,4
2018-10-04,-0.21396014695116256,0.2986885944127017,-0.223790171521223,0.8028518682217725,0.23967558262811883,4
2018-10-05,-0.1384329649234841,0.3611909217810625,-0.13574696136280667,0.9156317868367566,0.5681579617971135,4
2018-10-06,-0.18148407547870476,0.30474979341300457,-0.2444397178574726,0.8207621176863421,0.2703870424779409,4
2018-10-07,-0.3862208337292625,0.1316696756521973,-0.46579909920510054,0.6378570830906919,0.0,4
2018-10-08,-0.26324510359946374,0.18293434137739106,-0.25799804827558703,0.6548909002530982,0.0,4
2018-10-09,0.28451555617702956,0.4171961065614385,0.25014842634219425,0.7981466040887847,1.0,4
2018-10-10,0.5854883269564022,0.5338278703602981,0.5941619139214234,0.8701867166905104,1.0,4
2018-10-11,0.8211087707249863,0.6072769343009529,0.8273209959461787,0.87363034498839,1.0,4
2018-10-12,0.8340668479121218,0.4862203187222455,0.824950103335675,0.6265627963959073,1.0,4
2018-10-13,0.7900531467484163,0.5126041592304181,0.7529283177655776,0.6898049413661452,1.0,4
2018-10-14,0.7284686126203317,0.4504290465017748,0.6444322038337174,0.5701762575558798,1.0,4
2018-10-15,0.7206578070997773,0.5378563552375455,0.6641092980909356,0.7065955615435264,1.0,4
2018-10-16,0.42221464985264656,0.3471174762384235,0.4095427114919705,0.5640649949059097,1.0,4
2018-10-17,0.8036516461455634,0.5512552169571671,0.7092211656485273,0.6847665451644235,1.0,4
2018-10-18,0.656159732316483,0.5295090581351968,0.6582744855164357,0.8022897453187593,1.0,4
2018-10-19,0.5712008083734957,0.6833794853567356,0.5801478759989099,1.0413586794127838,1.0,4
2018-10-20,0.7272615196892159,0.7205068247942529,0.732547267638626,1.1577943152477141,1.0,4
2018-10-21,0.7847862835529309,0.7934357700315191,0.8268414971099383,1.2318305617995022,1.0,4
2018-10-22,0.4435185728717373,0.7721794570199104,0.613503174244187,1.2296505220646405,1.0,4
2018-10-23,0.11281936912871818,0.6995248292727458,0.2726697318277306,1.230621619427948,1.0,4
2018-10-24,0.15971757354991184,0.7219770433355132,0.2919812809182947,1.2581867453876312,1.0,4
2018-10-25,-0.1417726794554231,0.4418391351041941,-0.054714119909259264,0.9736604426912789,0.7732461444073295,4
2018-10-26,-0.06985148957964488,0.46843272854426493,0.03447241335341717,0.9664038739899705,0.9902470350177307,4
2018-10-27,-0.1378438754883643,0.390935572296915,-0.03952996516362156,0.8701070276530045,0.6846399638319389,4
2018-10-28,-0.11957060663704597,0.42673166387293404,-0.04132144833264709,0.9267846388998863,0.7738623456425975,4
2018-10-29,-0.18789426380107696,0.3018392086276601,-0.09712246719038932,0.5818286918818385,0.2885009007477661,4
2018-10-30,0.2412173727829306,0.48572167643892755,0.36270593462001893,0.6565892616142986,1.0,4
2018-10-31,-0.10054070891266614,0.3810123514865935,-0.0010751832172082865,0.6220863086776922,0.6103197628588539,4
2018-11-01,0.0792600421013348,0.4585259158000532,0.14807609611619812,0.6464026456913885,1.0,4
2018-11-02,-0.05259714165176462,0.4089921289965795,0.15283154224958148,0.5507749489588298,0.8277027689333052,4
2018-11-03,-0.20780985891651169,0.4421016317811583,-0.030739887988979815,0.6661550620714751,0.5181928098447134,4
2018-11-04,-0.1124497592616467,0.4174421320418648,-0.02207806788038461,0.6921323259982174,0.6476483655436497,4
2018-11-05,0.07537087877724576,0.4832428527196712,-0.006997908354331395,0.8323590074599168,1.0,4
2018-11-06,-0.2229480250916726,0.3198843008284606,-0.3394395485804277,0.7185782114758679,0.04976994096075127,4
2018-11-07,-0.2359262445871439,0.3289317145380994,-0.3649900959357815,0.7133889783048549,0.006292464511198692,4
2018-11-08,-0.33877083928215745,0.24608340669454637,-0.5755526366010753,0.6661453321233157,0.0,4
2018-11-09,0.17751867979990604,0.5660252534668305,-0.13937034783052824,0.8893003961266318,1.0,4
2018-11-10,0.317102374502252,0.6843311154453192,-4.885880242416472e-05,1.0083811032670065,1.0,4
2018-11-11,0.8119429364048361,0.99558419260083,0.5607481694683383,1.2216178129960868,1.0,4
2018-11-12,1.1475908464877318,1.0840083527809585,0.6467053890749753,1.166133410713995,1.0,4
2018-11-13,0.9323975328222844,1.0255739837280735,0.435604502514618,1.1389331126957718,1.0,4
2018-11-14,0.9494594463257205,1.0172336967615419,0.5252899201508705,1.1515740860847172,1.0,4
2018-11-15,0.8785325866188924,0.9237925626026339,0.42319657759329843,1.0153275608881265,1.0,4
2018-11-16,0.7385684868416402,0.8287888840336679,0.31759153220358166,0.9028338669573218,1.0,4
2018-11-17,0.7780360650811027,0.7482960087607666,0.5005441241606668,0.8100541204261497,1.0,4
2018-11-18,0.7727749185317676,0.9308127919466499,0.6242630253532923,1.082924176265356,1.0,4
2018-11-19,0.13501870712576824,0.6819098079198733,0.20303861078323934,0.7822613743300589,1.0,4
2018-11-20,0.308853435317416,0.6311047673457084,0.33820028584995787,0.6750092520303286,1.0,4
2018-11-21,0.49748775408502016,0.7553528230758455,0.5042786907390314,0.7111831999042623,1.0,4
2018-11-22,-0.11595262272817365,1.2048704560347736,-0.04787026436890093,1.454309810993546,1.0,4
2018-11-23,0.10399422663388494,1.2903736005150868,-0.11448017789055617,1.5893994495064327,1.0,4
2018-11-24,-0.19970506967293944,0.854458989739384,-0.44664941666926333,1.0019001712585383,0.5761170453383792,4
2018-11-25,-0.4697868511212773,0.8248872243732362,-0.8375699315032232,0.9826974304001048,0.0,4
2018-11-26,-2.0,-0.24301624661007803,-2.0,0.269000524038433,0.0,4
2018-11-27,-2.0,-0.24177278201088998,-2.0,0.2925078069027065,0.0,4
2018-11-28,-2.0,-0.3717122727355193,-2.0,0.20413287217400672,0.0,4
2018-11-29,-2.0,-0.22201881264324624,-2.0,0.2658275912162795,0.0,4
2018-11-30,-2.0,-0.33655108875570683,-2.0,0.22796591334959793,0.0,4
2018-12-01,-2.0,-0.3272385093063843,-2.0,0.18986168858752808,0.0,4
2018-12-02,-2.0,-0.2631032977418808,-2.0,0.28355261041080154,0.0,4
2018-12-03,-1.383293901712205,-0.10073919372135651,-2.0,0.0963963872926025,0.0,4
2018-12-04,-1.3667939383622438,-0.07769979204424754,-2.0,0.10308415594879759,0.0,4
2018-12-05,-1.5585175122491506,-0.041819723664048916,-2.0,0.13999232452365715,0.0,4
2018-12-06,-1.7007094246527454,-0.11492423453105555,-2.0,-0.29862942383761915,0.0,4
2018-12-07,-2.0,-0.3147141352519425,-2.0,-0.4629139948639527,0.0,4
2018-12-08,-2.0,-0.02103644912606789,-2.0,0.0022773978242590456,0.0,4
2018-12-09,-1.8739007533771248,-0.017529064524005294,-2.0,-0.09029929046891898,0.0,4
2018-12-10,-1.2774234704118617,-0.26364144355698144,-2.0,-1.1430526410743003,0.0,4
2018-12-11,-1.328246212490765,-0.28504178253096335,-2.0,-1.2247555055126809,0.0,4
2018-12-12,-1.3558560416052403,-0.2639651225971388,-2.0,-1.239357401518091,0.0,4
2018-12-13,-1.6902780206157821,-0.5664640736847021,-2.0,-1.7677131385897524,0.0,4
2018-12-14,-1.6234204357937128,-0.5318240653266512,-2.0,-1.776912926225874,0.0,4
2018-12-15,-1.8055296593126577,-0.703803205411488,-2.0,-2.0,0.0,4
2018-12-16,-1.9281398901530786,-0.7573258953688076,-2.0,-2.0,0.0,4
2018-12-17,-1.7359287328436228,-1.0658718412873467,-2.0,-2.0,0.0,4
2018-12-18,-1.8043654065534338,-1.0842153260584633,-2.0,-2.0,0.0,4
2018-12-19,-1.8419166084703402,-1.073929813489895,-2.0,-2.0,0.0,4
2018-12-20,-1.9538756318177404,-1.1309487615133837,-2.0,-2.0,0.0,4
2018-12-21,-2.0,-1.1795694475547094,-2.0,-2.0,0.0,4
2018-12-22,-2.0,-1.0830330610832226,-2.0,-2.0,0.0,4
2018-12-23,-2.0,-1.1782996005074204,-2.0,-2.0,0.0,4
2018-12-24,-1.1550664542950044,-0.27562804153015397,-2.0,-2.0,0.0,4
2018-12-25,-0.8570788896300131,-0.30697005746374495,-2.0,-2.0,0.0,4
2018-12-26,-0.7845392699594965,-0.3083082918142404,-2.0,-2.0,0.0,4
2018-12-27,-0.557809926717887,-0.16209762715141113,-2.0,-1.9189904209976454,0.0,4
2018-12-28,-0.07816209642348186,-0.6641996571942872,-2.0,-2.0,0.0,4
2018-12-29,0.3188010587901435,-1.0785991891387614,-2.0,-2.0,0.0,4
2018-12-30,0.3178808643795547,-1.0012239932900642,-2.0,-2.0,0.0,4
2018-12-31,0.7594668404990136,-0.7227056412453494,-2.0,-2.0,0.0,4
2019-01-01,0.4583796170479931,-0.4492815157534581,-2.0,-2.0,0.0,4
2019-01-02,0.43520810463605475,-0.4403437899791114,-2.0,-2.0,0.0,4
2019-01-03,0.8257413569091816,-0.6676495922482548,-2.0,-2.0,0.0,4
2019-01-04,0.9195704403078869,-0.6942762453395205,-2.0,-2.0,0.0,4
2019-01-05,0.6984417169384117,-0.5684855221271934,-2.0,-2.0,0.0,4
2019-01-06,0.6449459087546192,-0.621891754813888,-2.0,-2.0,0.0,4
2019-01-07,0.3729046295778785,-0.5793156765494898,-0.8662175340698433,-1.6785291696485027,0.0,4
2019-01-08,0.3606522499228522,-0.843833167067376,-0.5795925708147336,-2.0,0.0,4
2019-01-09,0.3422319080108202,-0.8141054229930511,-0.516063559125632,-1.9970138423542232,0.0,4
2019-01-10,-0.08349930537743175,-0.6347282976821735,-0.981151270207818,-1.7414277216626253,0.0,4
2019-01-11,-0.6456864855482305,-0.20095105667351235,-1.5381964099066692,-0.8835258718080748,0.0,4
2019-01-12,-0.8087652010485002,-0.007923243927296247,-1.5909553364022104,-0.30179936733874424,0.0,4
2019-01-13,-0.7943226499719847,-0.04094297050131647,-1.542764104378616,-0.32400386393378033,0.0,4
2019-01-14,-1.2303798720385917,0.005579062953337155,-1.8979496075488975,-0.06466188410056994,0.0,4
2019-01-15,-1.2812928184846348,-0.06115621730846893,-1.7787333590371963,-0.15247597757525042,0.0,4
2019-01-16,-1.306436894168071,-0.041954233978992256,-1.7722239682424665,-0.11933329474515317,0.0,4
2019-01-17,-1.1826134630471052,-0.062232410152041645,-1.625332662050454,-0.12553923060468486,0.0,4
2019-01-18,-1.194610956358142,0.09291814895515502,-1.5378010537709383,0.06283324263720795,0.0,4
2019-01-19,-1.2345460584708237,0.07415007917015025,-1.4509361464154933,-0.0430912207024407,0.0,4
2019-01-20,-1.2205360423917933,0.0003521562096335823,-1.32242889987247,-0.0784450860471955,0.0,4
2019-01-21,-0.8914947220792507,-0.015594398146009103,-0.8596248730335189,-0.0401987989833176,0.0,4
2019-01-22,-0.8331918653713496,0.06628343105315318,-0.9229515674289872,0.06502921546966628,0.0,4
2019-01-23,-0.8422022382651836,0.04696605448448246,-1.0143610650164234,0.022657686406115568,0.0,4
2019-01-24,-0.7980174612541826,-0.058409974881731136,-0.8556761014609928,-0.1057424860092685,0.0,4
2019-01-25,-0.6172291302679124,-0.27609546118116957,-0.38501096147749087,-0.39796723364032266,0.0,4
2019-01-26,-0.4570470758322648,-0.1851900779963895,-0.15986615045900007,-0.3577838277105603,0.0,4
2019-01-27,-0.3684234086325276,-0.2005448256936624,-0.17340240459108985,-0.3973916047629745,0.0,4
2019-01-28,-0.025695053054305604,-0.18565737899651086,0.06859424843581471,-0.27840143534491446,0.0,4
2019-01-29,-0.015507141819681311,-0.1855639990192026,0.0354831676353326,-0.23923384418239857,0.0,4
2019-01-30,-0.023162253546918664,-0.2098594023711645,0.018639176334146385,-0.2984127006659847,0.0,4
2019-01-31,0.027866770231629652,0.017842812403000757,0.07655971642127404,-0.0474392567727176,0.030651675710227845,4
2019-02-01,-0.11998723605936758,-0.010896577068767968,-0.30205437991923073,-0.10536490687409254,0.0,4
2019-02-02,-0.12575253711404707,-0.09428859057945031,-0.2968452563172261,-0.24910505029217592,0.0,4
2019-02-03,-0.14442529876814778,0.061040297470249534,-0.588110188933006,0.0013371458780566134,0.0,4
2019-02-04,-0.2718751308268662,0.08362095956979682,-0.7149256158211083,0.1971040845371986,0.0,4
2019-02-05,-0.27770010847434695,0.08776171255476492,-0.7150497929829496,0.19607517860949158,0.0,4
2019-02-06,-0.25411051827629805,0.07782778298994264,-0.7034565978516405,0.18232564091540096,0.0,4
2019-02-07,-0.1414504055705637,-0.08454680745629453,-0.6115342406113867,-0.10249379638097939,0.0,4
2019-02-08,-0.14889472724235747,-0.18895989776144514,-0.8002449448589629,-0.36749250204254635,0.0,4
2019-02-09,-0.3579141052106385,-0.09761064998075616,-1.079410487191595,-0.23936335377927986,0.0,4
2019-02-10,-0.3702677567555031,-0.16205044337507513,-1.0642361671006169,-0.3090150228156172,0.0,4
2019-02-11,-0.03552441916882185,-0.010371889848102972,-0.8034758606150699,-0.3559023738460776,0.0,4
2019-02-12,-0.12358261469116333,0.01704363243357873,-1.0541273825002557,-0.365434113186236,0.0,4
2019-02-13,-0.10834656998010753,0.018035753477816358,-1.073832226374751,-0.3573394971905595,0.0,4
2019-02-14,-0.19293181675138982,0.06052369765518603,-1.097734231108831,-0.22950861382524834,0.0,4
2019-02-15,-0.05641933847046076,0.1363149614521176,-0.826340909335239,-0.09907373062091536,0.0,4
2019-02-16,-0.009591622051506703,0.22035089787205206,-0.7005092118576677,-0.0033172019849225494,0.0,4
2019-02-17,-0.09800571325395835,0.1428568100675568,-0.6181357716365371,-0.12154809438475524,0.0,4
2019-02-18,0.20522846981873272,0.21395262271992455,-0.3880589771258819,-0.19784900908558004,0.0,4
2019-02-19,0.15145804191839476,0.19468487464164608,-0.4673256602172251,-0.2243061516339658,0.0,4
2019-02-20,0.1592355916053353,0.1518562365646192,-0.6173633480758322,-0.2985828566596481,0.0,4
2019-02-21,0.1526662146822767,0.24142338249371129,-0.6667322083541065,-0.07986759500342228,0.0,4
2019-02-22,0.17273688841367277,0.23625546855778623,-0.7171272206645132,0.02326153702767493,0.0,4
2019-02-23,0.13751351624032526,0.20025761045823048,-0.5927085047889118,0.04096788274608082,0.0,4
2019-02-24,-0.038759660589836,0.4222743571379383,-0.7144046264727775,0.49744421966779917,0.0,4
2019-02-25,0.21047929110910402,0.68065385752976,-0.5599077238420122,0.8561421358886766,0.6392784277026198,4
2019-02-26,0.17176880729595,0.6748551539109056,-0.50043445695149,0.8614706648934378,0.6801922594473859,4
2019-02-27,-0.166907621248649,0.7963651896979825,-0.7917686621829061,0.9479721311610674,0.0726938872666969,4
2019-02-28,-0.06707837542826033,0.7810501496844414,-0.6421370009451404,0.8181417096614569,0.27796747675164357,4
2019-03-01,-0.24911319785824512,0.7873705201665039,-0.9824819527421855,0.6907327504748052,0.0,4
2019-03-02,-0.306100417898963,0.802960147397638,-1.2122635689817272,0.6012048351658028,0.0,4
2019-03-03,-0.4183120530106795,0.9413162191196272,-1.503871604654852,0.772218664547067,0.0,4
2019-03-04,-0.6532620802759708,0.8847914637367811,-1.2782822230164135,0.9154538624099098,0.0,4
2019-03-05,-0.5459438852193643,0.8443913981753668,-1.0959229438611642,0.899143071798443,0.0,4
2019-03-06,-0.39507376244706344,0.807936879683574,-0.8880048167394003,0.8596956440374702,0.0,4
2019-03-07,-0.32184596346915373,0.8257690408592444,-0.8157679741898487,0.7857568566454725,0.0,4
2019-03-08,-0.21601100087764194,0.8771382540939666,-0.5547689575757527,0.8856955403151838,0.3474192975620173,4
2019-03-09,-0.24481745027987367,0.8560359946399796,-0.5208364028336396,0.9232028727240561,0.36948318504858557,4
2019-03-10,-0.2298368406740536,0.9043272846322706,-0.25757117531163676,0.9038920734996951,0.7468207168824909,4
2019-03-11,0.4039200448811659,0.8249778836643684,0.5785106137705825,1.0563066067429583,1.0,4
2019-03-12,0.3660447010619883,0.8729850526793488,0.41353608932651853,1.0781997254690845,1.0,4
2019-03-13,0.269350086080714,0.8973665494708868,0.3186695361152012,1.1831316658262976,1.0,4
2019-03-14,0.3089770057092026,0.8134966644097006,0.421145854157829,1.146634642610914,1.0,4
2019-03-15,0.21006305246307105,0.7324218187618804,0.3903910908133787,1.1572500420342817,1.0,4
2019-03-16,0.1867521994520401,0.72415640911678,0.3927002715835523,1.194174058992502,1.0,4
2019-03-17,0.16804801457955262,0.742883185195579,0.4211544564796789,1.268073052800198,1.0,4
2019-03-18,0.2950070103400827,0.5696624199020293,0.24256112939577856,1.0481362256698485,1.0,4
2019-03-19,0.36191317801368306,0.5654836973693882,0.2879768041695199,1.0263089635819456,1.0,4
2019-03-20,0.38586497935230324,0.6002706936772071,0.25161405470206355,1.0618735186481665,1.0,4
2019-03-21,0.34118278086756926,0.5155000174064448,0.101530245554597,1.005501918606176,1.0,4
2019-03-22,0.3090645479622669,0.5424243349253953,-0.01645883883446599,1.0026093311876434,1.0,4
2019-03-23,0.14508950537976043,0.5596291193727122,-0.46745216625903224,0.9815846662506892,0.6838613621066908,4
2019-03-24,-0.011657959103055893,0.4935153529823526,-0.763821744933499,0.8161805636688985,0.0,4
2019-03-25,-0.2292090871824447,0.4177591380448843,-0.41435519315627967,0.6070966809887479,0.0,4
2019-03-26,-0.16143941795391203,0.39072239952284826,-0.2737838436194342,0.5868998770527607,0.18025727306931794,4
2019-03-27,-0.20776751227173684,0.37757134001774373,-0.32218466291723624,0.5934902863777276,0.05603908555358711,4
2019-03-28,0.07824191714573248,0.33036962165200334,0.1748553637367558,0.4986222780947648,0.9226093933203863,4
2019-03-29,0.06608909344671841,0.3673454368194446,0.11988744306607313,0.49835942784170895,0.8745253159309341,4
2019-03-30,-0.22427391058597182,0.3562583174075617,0.0010325001292303007,0.5618854668408113,0.3898561509336384,4
2019-03-31,-0.4550531690409012,0.32531330243381973,-0.485071381885934,0.4420978799486679,0.0,4
2019-04-01,-0.6643621234730706,0.34510793347908536,-1.1771825481708489,0.3348386803487152,0.0,4
2019-04-02,-0.6972748671378056,0.35198383195646893,-1.2166836046871,0.3354429477889797,0.0,4
2019-04-03,-0.7326000906976798,0.35456254656171715,-1.370116219090052,0.28679291510287036,0.0,4
2019-04-04,-0.7883741400561781,0.3534756006229801,-1.4768218674694076,0.2181272309488449,0.0,4
2019-04-05,-0.7750302444777383,0.43894091233401605,-1.3699641420116604,0.42941140568213915,0.0,4
2019-04-06,-0.8551466560124253,0.4377675475857843,-1.5105714970954074,0.39735909306223605,0.0,4
2019-04-07,-1.0693886405859718,0.6007135976857982,-1.72860142153104,0.7512560912464759,0.0,4
2019-04-08,-0.6833299706062465,1.1828397479977084,-2.0,1.1035641849875093,0.0,4
2019-04-09,-0.5209221204040482,1.2107988201731266,-2.0,1.1705682140738214,0.0,4
2019-04-10,-0.34069220740267203,1.2175058287926226,-2.0,1.2167576521682717,0.0,4
2019-04-11,-0.23348125979732548,1.310019382711344,-2.0,1.3147696046451105,0.0,4
2019-04-12,-0.2550646304232399,1.1702681353318205,-2.0,1.0394284016689905,0.0,4
2019-04-13,-0.1465436900852918,1.1311517766417276,-2.0,0.9281989048979625,0.0,4
2019-04-14,-0.26241496973264056,1.0925133294062155,-2.0,0.9652528585235928,0.0,4
2019-04-15,-0.34598007058002583,0.9863653613928934,-0.830080638782474,1.3054647531303811,0.22489124534199623,4
2019-04-16,-0.3812680725888326,0.9921957417489654,-0.7772027617760059,1.3500582480928331,0.2884922112193997,4
2019-04-17,-0.3787377839329976,0.9896765287758437,-0.6786072336638144,1.3966021315843886,0.4496738581436982,4
2019-04-18,-0.3964287232792041,0.9656137998455379,-0.685096453072403,1.3879084962158594,0.3943983049265243,4
2019-04-19,-0.30447131221105805,0.8887432378994434,-0.5965194137313989,1.1509270780066727,0.3905338704395499,4
2019-04-20,-0.17275812744121033,0.8147796969135102,-0.4486042582717441,1.0570700272777047,0.6138114982180297,4
2019-04-21,-0.0768991137251211,0.7448054033212723,-0.5315502226684404,0.7671909337715226,0.34954410472976805,4
2019-04-22,0.3770268119813683,0.4992525948293763,0.16593953145067075,0.8021327022819981,1.0,4
2019-04-23,0.4452907904247986,0.49810286197510223,0.23464542887862672,0.7949213252844839,1.0,4
2019-04-24,0.40258545831187414,0.46675563192823133,0.06332980392275178,0.7125038468240668,1.0,4
2019-04-25,0.3923324899198351,0.4181201741214621,0.12145028963817217,0.6459527535358361,1.0,4
2019-04-26,0.23649601433433617,0.42877349081313637,0.06438479951793903,0.7763244084049118,1.0,4
2019-04-27,0.29623699239586804,0.4487582363930254,-0.1693604977167217,0.7071566950245066,0.9640025385933735,4
2019-04-28,0.07092532524273785,0.4381751279557129,-0.2442097210389028,0.8100092376650748,0.6799541788639504,4
2019-04-29,-0.2811291217472674,0.3008124990935161,-0.6568687248235493,0.6598579910388815,0.0,4
2019-04-30,-0.27661938882901477,0.31538406332403,-0.6392262619327655,0.6685339012425524,0.0,4
2019-05-01,-0.18168697514733764,0.3365229859383789,-0.5634096617690958,0.6832712148664326,0.0,4
2019-05-02,0.027733884784479967,0.48486940237958465,-0.16098412902780634,1.010928052574294,0.9098814406174587,4
2019-05-03,0.035019382968496146,0.5564428193099203,-0.08947851379691092,1.19996335218058,1.0,4
2019-05-04,0.01079423090098089,0.5377163822486698,-0.21738941562206798,1.1393178421346684,0.9474641396313004,4
2019-05-05,0.10187423760623857,0.5106630641464857,-0.23598154513717653,1.0999085643216253,0.9785550565790468,4
2019-05-06,0.02302435345197512,0.47958833183602234,-0.16174695409561846,0.8689186024590979,0.8079690246298181,4
2019-05-07,0.04330154109465481,0.4813672235923069,-0.171990075547455,0.8454084240148003,0.8046941053950369,4
2019-05-08,0.045764209809055434,0.5226775102215668,0.21378792695416593,1.0440870952827497,1.0,4
2019-05-09,-0.0746022066660341,0.4583701819224457,-0.18863178778453266,0.794729960248303,0.5905268100656261,4
2019-05-10,-0.24847615509142204,0.4672135868379632,-0.34037603999094473,0.8288605050715063,0.2178718641295485,4
2019-05-11,-0.5381391609326265,0.4444500261464442,-0.4185361789707444,0.8405539169451209,0.0,4
2019-05-12,-0.37076122559010216,0.6181278573437855,0.048347344836459055,1.1970016307471132,0.9016051411187112,4
2019-05-13,-0.42990456168864083,0.7680255221679265,0.32407583173001,1.4458374096160171,1.0,4
2019-05-14,-0.3408470623069423,0.8266892190899298,0.5496295435826963,1.5904927893113647,1.0,4
2019-05-15,-0.010640463182970739,0.8487819483609069,0.5893616643593931,1.638844663386498,1.0,4
2019-05-16,0.06503859489589359,1.0178564074586385,0.8636374699793017,1.8946460646539804,1.0,4
2019-05-17,-0.019971292471198696,1.0494662904466352,0.5035922374149284,1.8343738140542978,1.0,4
2019-05-18,-0.24961016902719022,1.254564348475888,0.08283380432656652,2.0,1.0,4
2019-05-19,-0.3448837761724284,1.3540875581844662,0.018744826588968786,2.0,1.0,4
2019-05-20,0.43153802057607793,1.5331783855155092,0.2633865413417751,2.0,1.0,4
2019-05-21,0.44103224896538984,1.519439778288226,0.2672039244018656,2.0,1.0,4
2019-05-22,0.526232197870745,1.5243369347727072,0.23095313915610372,2.0,1.0,4
2019-05-23,0.4205722213459204,1.4804637370536744,0.2422557556949667,2.0,1.0,4
2019-05-24,0.43325186961604584,1.3187341236827537,0.02824161566078337,1.8962827353669034,1.0,4
2019-05-25,0.40725177878119184,1.2411773008882014,-0.20968462244637814,1.7134114206357816,1.0,4
2019-05-26,0.42190111649276124,1.122973900461911,-0.4943727831788354,1.3761810498344433,1.0,4
2019-05-27,0.5210645114513661,1.0706719935489877,0.6063129587498395,1.5490881098150648,1.0,4
2019-05-28,0.5550099842740751,1.0482421733519272,0.566229319962459,1.4534465263774836,1.0,4
2019-05-29,0.44254666396939735,1.0015901072591498,0.47262691588454697,1.2645988655704954,1.0,4
2019-05-30,0.6234686088072423,1.017902341240815,0.7571840871275084,1.2715328465463205,1.0,4
2019-05-31,0.5468768972345089,0.9999500235779876,0.7421427420625617,1.2470046905220364,1.0,4
2019-06-01,0.6539830936085419,0.8618037536547155,1.0525810408896195,1.1703157609011972,1.0,4
2019-06-02,0.8785561314387086,0.8798030723579093,1.4311437286682211,1.2529867410233182,1.0,4
2019-06-03,0.9406617955196093,0.7539416967061101,1.9609657846363588,1.2171037381175802,1.0,4
2019-06-04,0.9434179695462859,0.7447966387556272,1.943594378482897,1.1946474555284947,1.0,4
2019-06-05,0.9018844616204386,0.725026407277019,1.884617668598368,1.1593417253343412,1.0,4
2019-06-06,0.5701137554850523,0.570832275216844,2.0,1.1907539715681086,1.0,4
2019-06-07,0.5414966966595343,0.5153338226337704,2.0,1.2706126169853784,1.0,4
2019-06-08,0.5237945129535658,0.509820588632677,2.0,1.3076495183526613,1.0,4
2019-06-09,0.6790631052174207,0.7156911962144192,2.0,1.8237884343516977,1.0,4
2019-06-10,0.20913343576007162,0.33388641784803197,1.479077607660394,1.1415521573836407,1.0,4
2019-06-11,0.1996666273542441,0.32729700168999804,1.475783141437815,1.1337154184652627,1.0,4
2019-06-12,0.18071789886098424,0.32613006142878675,1.4563103973003226,1.133118876069774,1.0,4
2019-06-13,0.14316759467108253,0.21985533593894724,1.4798455830967119,0.9731478059579797,1.0,4
2019-06-14,0.12493392136182936,0.21339565451170778,1.6420726624634545,0.9784547977684034,1.0,4
2019-06-15,0.12152148214703279,0.21590184086820102,1.6867396725425068,0.9295449344698419,1.0,4
2019-06-16,0.11755179780857924,0.18871864847002182,1.7429621723379312,0.8918933562928683,1.0,4
2019-06-17,0.02764237801074143,0.1617072703188579,1.467788025505926,0.8160962980071674,1.0,4
2019-06-18,0.026946600621182704,0.21482513101353168,1.3775743456171798,0.8503520005879566,1.0,4
2019-06-19,0.03645569410836508,0.22972120536078655,1.3437538711448132,0.8535406568193608,1.0,4
2019-06-20,0.4511110061660781,0.5389782610305083,1.0982066469325082,1.01150529207028,1.0,4
2019-06-21,0.46672902785680365,0.5755732762403474,1.056169443939578,1.026217998931888,1.0,4
2019-06-22,0.2471643250752763,0.63254122900608,0.496070930524685,1.012033540043425,1.0,4
2019-06-23,0.2688015273491567,0.6152043879987127,0.7751455320324844,0.8401121783217493,1.0,4
2019-06-24,0.5212519998007091,0.7389694539948523,0.8483321533565256,1.121625041666493,1.0,4
2019-06-25,0.505908323860984,0.9404081169047038,0.664562427135577,1.3844300460887564,1.0,4
2019-06-26,0.35459817086426426,0.9337189504035075,0.2649336910478961,1.2732301062571407,1.0,4
2019-06-27,0.2402704814304223,0.7046229414373355,0.03798509924193194,0.9522000794902327,1.0,4
2019-06-28,0.31710959207821454,0.905353713977267,0.09594474100466686,1.1689861043413017,1.0,4
2019-06-29,0.28482973184362614,0.9716244874567707,-0.09015727104335224,1.2572239956331663,1.0,4
2019-06-30,0.39780566996736827,1.022159926769581,-0.004533832913573767,1.3333686227799755,1.0,4
2019-07-01,0.36558856782790344,1.1426919707786936,-0.32446584407753143,1.5534588045433506,1.0,4
2019-07-02,0.37164186470640825,0.9193742090433527,-0.1490489166271144,1.286784191860834,1.0,4
2019-07-03,0.1759316158127188,0.9872452609488387,-0.45219515305543334,1.3842941052271716,1.0,4
2019-07-04,0.10163893247255523,0.8753469950674773,-0.5195417640378718,1.2133720989343795,0.9961215937688856,4
2019-07-05,0.15171151841931974,0.85375994553012,-0.46307082851245124,1.2000630760501363,1.0,4
2019-07-06,0.13635989892563177,0.6406018761376684,-0.21070074930901295,0.9516921533680064,1.0,4
2019-07-07,-0.015220196976899988,0.5143883989160007,-0.6667853563589935,0.6394713618389704,0.0,4
2019-07-08,-0.12501153031487164,0.3801439308264311,-0.8323428489070245,0.43373196856821594,0.0,4
2019-07-09,-0.1642900543905856,0.3234493747021433,-0.7775562629561535,0.301854060719613,0.0,4
2019-07-10,-0.10206285373749233,0.2847629249264829,-0.5655601026463088,0.3118788632853972,0.0,4
2019-07-11,-0.12314570371348302,0.21624926390413557,-0.46174755210727403,0.34306619786118797,0.0,4
2019-07-12,0.11194413761161,0.2615500721762488,-0.2787900435012672,0.4057471995398889,0.24516637013465015,4
2019-07-13,0.14139030957346246,0.2534966765849579,-0.19243536367216524,0.41568395166828104,0.395338915439546,4
2019-07-14,0.3159842626913621,0.2618027414748616,0.19768903824440845,0.5182539412199739,1.0,4
2019-07-15,-0.3275016920943379,-0.06099045628399499,-0.525477879642033,0.13911472115165177,0.0,4
2019-07-16,-0.39736367414610646,0.00040397408060627304,-0.5246155973365783,0.3488594245415341,0.0,4
2019-07-17,-0.37156849023782307,-0.023909252412130266,-0.5260632823229754,0.33431328642709385,0.0,4
2019-07-18,-0.3570782234147206,-0.12320388029972407,-0.6270302849480447,0.13973675574851668,0.0,4
2019-07-19,-0.41328078846006644,-0.17487048879936598,-0.6856722473881046,0.08174346710943099,0.0,4
2019-07-20,-0.43633916026239133,-0.17286558938641133,-0.7402192677909504,0.14018639933376198,0.0,4
2019-07-21,-0.4559126469983214,-0.23742440779486965,-0.7533081562142362,0.0793061388271524,0.0,4
2019-07-22,-0.517837594116918,-0.3361391455333561,-0.897170379615495,-0.12427143694643217,0.0,4
2019-07-23,-0.5392306083331517,-0.3842182040398332,-0.8988176846322304,-0.16793161857064784,0.0,4
2019-07-24,-0.49964824628179966,-0.37671740586331537,-0.8314347895344095,-0.14296635081426987,0.0,4
2019-07-25,-0.44665628778715033,-0.3795192941131667,-0.7446321409960996,-0.15505678931754352,0.0,4
2019-07-26,-0.532024919369457,-0.659711449858686,-0.8820567596651809,-0.7356065119208531,0.0,4
2019-07-27,-0.4515144385885378,-0.6298021851481905,-0.7373270563880077,-0.6547358425629427,0.0,4
2019-07-28,-0.4770517864364578,-0.6624107275950121,-0.7672213990625306,-0.6748995985018672,0.0,4
2019-07-29,-0.10861796902926317,-0.5321112184319412,-0.6787922789320409,-0.7271214007371609,0.0,4
2019-07-30,-0.09381011254854127,-0.45690367251277003,-0.7863439745130799,-0.6947627889471664,0.0,4
2019-07-31,-0.09031337008472942,-0.45647714979240545,-0.7907921423818993,-0.7091636276343262,0.0,4
2019-08-01,-0.13658002137991188,-0.46428386237356495,-0.8926254757279672,-0.7218251938444257,0.0,4
2019-08-02,-0.1659788535002842,-0.4706612695616948,-0.8870200922393632,-0.7057762386221424,0.0,4
2019-08-03,-0.15790023829636782,-0.4204182608246459,-0.7565714043185877,-0.5395267986922109,0.0,4
2019-08-04,-0.14263592675061404,-0.37861759198669104,-0.7209927109942565,-0.47189796769999587,0.0,4
2019-08-05,-0.04348470963825768,-0.33045534483232625,-0.6355142236435434,-0.5235561274051717,0.0,4
2019-08-06,-0.040267944059729,-0.3337139690338333,-0.610276582997131,-0.5230596488379327,0.0,4
2019-08-07,-0.04096103082016919,-0.3085462038375763,-0.6401977026006562,-0.5137523254437402,0.0,4
2019-08-08,0.0707390983210672,-0.20257187506956914,-0.5709461320667333,-0.4403735587199983,0.0,4
2019-08-09,0.15704652413679346,-0.03592487849425672,-0.49233296976227475,-0.07432368303885822,0.0,4
2019-08-10,0.12558431446248325,-0.0207317449316688,-0.5449644791162666,-0.053408452703572806,0.0,4
2019-08-11,-0.25898791446756825,-0.02656350758357821,-1.150162835332045,-0.0462832102930503,0.0,4
2019-08-12,-0.33199953487784356,-0.06678879812795725,-1.111302837786524,-0.18376739303172987,0.0,4
2019-08-13,-0.31020509975710775,-0.05261061475753078,-1.0806520337990813,-0.15884255587720023,0.0,4
2019-08-14,-0.28899310567844066,-0.05539843265494946,-1.0507028131654053,-0.16336308952130293,0.0,4
2019-08-15,-0.33116388072183556,-0.13338781946471753,-1.1040147134894807,-0.31157256345887835,0.0,4
2019-08-16,-0.3075039064563319,-0.12379072420901151,-1.0658129942327679,-0.2996541918819011,0.0,4
2019-08-17,-0.18262198817595612,-0.09297044849265754,-0.9322839347614726,-0.32043067134819875,0.0,4
2019-08-18,-0.24525122902440752,-0.19055803068522972,-1.0237067076494226,-0.47294350588330597,0.0,4
2019-08-19,-0.020561438209994093,-0.21772928301850783,-0.5326294224853173,-0.40282039047054996,0.0,4
2019-08-20,-0.001211986719400893,-0.16048326903000698,-0.508074897111163,-0.2835346506755202,0.0,4
2019-08-21,0.0027794434610174633,-0.14051190653746107,-0.5463071763927664,-0.2874703728519334,0.0,4
2019-08-22,0.04105747907886477,-0.19398863785605774,-0.4494039046158899,-0.2989089531374014,0.0,4
2019-08-23,0.06689592893777183,-0.26673049272653454,-0.3709354705261552,-0.4129266088232406,0.0,4
2019-08-24,-0.049823290049321504,-0.3704249846217559,-0.5420515810529171,-0.6312751575634956,0.0,4
2019-08-25,0.03384225880439035,-0.26794265973536824,-0.47750529058393953,-0.5173013613481119,0.0,4
2019-08-26,0.10256506481907636,-0.1271846146977937,-0.3865080395597466,-0.2614016845192781,0.0,4
2019-08-27,0.2586889801868901,-0.1998703396797531,-0.05535751547328685,-0.2194058116266771,0.0,4
2019-08-28,0.211739346738739,-0.20431943030049893,-0.10035816836440133,-0.21132680542421955,0.0,4
2019-08-29,0.07763756614707379,-0.2119857051282205,-0.2438033711861445,-0.227901721394887,0.0,4
2019-08-30,0.065633201150603,-0.199379158989225,-0.460189213912833,-0.3352448410379293,0.0,4
2019-08-31,0.1312178420416458,-0.2604289997888149,-0.2785074131516958,-0.3351874866210652,0.0,4
2019-09-01,0.02135072154512062,-0.18045329006146543,-0.39667735954097605,-0.1660038328031515,0.0,4
2019-09-02,-0.19235834169614074,-0.2690901997142016,-0.6034204417295773,-0.24095156087348069,0.0,4
2019-09-03,-0.5383641882231153,-0.3780529857456112,-1.0881335216751387,-0.5257159384233367,0.0,4
2019-09-04,-0.42366465728091046,-0.3158640159726375,-1.0033580951482057,-0.4515655683963896,0.0,4
2019-09-05,-0.33787526124538103,-0.41136135872460056,-0.8460683280998222,-0.5677295117702272,0.0,4
2019-09-06,-0.27545017997337656,-0.4028850109366902,-0.7183386535747591,-0.4697450627080763,0.0,4
2019-09-07,-0.33307492872291755,-0.2366912911063911,-0.8311920806404502,-0.2002303549601931,0.0,4
2019-09-08,-0.38768938362087046,-0.16774602013747375,-0.8940497572806431,-0.08378674350572148,0.0,4
2019-09-09,-0.2570020423953749,-0.17109201837861882,-0.5826050740796249,-0.08225601345399813,0.0,4
2019-09-10,-0.16029357482505535,-0.11348512794949131,-0.4680519678697379,-0.062377666436525016,0.0,4
2019-09-11,-0.04069013564810757,-0.1083297148484777,-0.2707917498006684,0.0022886681516662705,0.0,4
2019-09-12,-0.0694659328437631,-0.12202479049174579,-0.29717093877046685,-0.05660398920088282,0.0,4
2019-09-13,-0.021166693545605634,-0.042607108108154136,-0.20446217942765454,0.13356822564738652,0.0,4
2019-09-14,-0.15014407622580092,-0.0572419553267265,-0.44492225370947097,0.09351120981649999,0.0,4
2019-09-15,-0.21867955774725292,-0.029099359797561817,-0.5312439759564135,0.03494685639047359,0.0,4
2019-09-16,0.15865121805668564,-0.10858251817053621,-0.06474723458808407,-0.08604517412041665,0.0,4
2019-09-17,0.521103369386561,-0.11903561886985628,0.5137985850189875,0.037939650308098254,0.6693283335928142,4
2019-09-18,0.4021467149374976,-0.08476231438576903,0.3393597725295294,0.03228366591589732,0.48505230134432575,4
2019-09-19,0.20712099879276955,-0.0385435245394959,-0.016971783093202325,0.10782600711917772,0.16009263353197176,4
2019-09-20,-0.1531402914953336,-0.014386348639041072,-0.5808775820519853,0.0672065633067296,0.0,4
2019-09-21,-0.09151280458443317,0.05155839567231486,-0.5503891076907581,0.1089911518210667,0.0,4
2019-09-22,-0.23473707253807688,-0.10965731449216108,-0.746347874429009,-0.15693067036343672,0.0,4
2019-09-23,0.04496672773535529,0.04662607472398271,-0.6138883410907378,0.010186883494879756,0.0,4
2019-09-24,0.08166672087892063,0.0586085779432608,-0.6262070891024558,0.017696054357697083,0.0,4
2019-09-25,0.25329506881939134,0.03022060823258077,-0.4102272816430976,-0.002842237509783907,0.0,4
2019-09-26,0.0006756583944702854,-0.05061487974665688,-0.6053790972059436,-0.16002727826918242,0.0,4
2019-09-27,0.21477611142833936,0.02190880670552123,-0.45615817859916635,-0.08857924611444916,0.0,4
2019-09-28,0.1070265777581848,-0.03748482412387956,-0.43713791536358176,-0.16833953642418664,0.0,4
2019-09-29,0.29871127307732975,0.16240826076042725,-0.3557772894224831,0.16512143446339472,0.01988445726571314,4
2019-09-30,-0.9301222987567309,-0.11050010257677167,-0.5408007293665905,0.055524632070645424,0.0,4
2019-10-01,-0.7456724029640729,-0.05949574496508186,-0.12054855687043908,0.16162705069956604,0.0,4
2019-10-02,-0.7127242566519105,-0.0458665585886477,0.08226598667125365,0.30018404663295006,0.0,4
2019-10-03,-1.1339365853166608,-0.11486656244867294,-0.22129094663777374,0.20370448879350922,0.0,4
2019-10-04,-0.8691100478326497,-0.06843381163255367,-0.12290963495010496,0.19081858534694815,0.0,4
2019-10-05,-0.8210245287700296,-0.17672221680385952,-0.20643295245484322,0.017606885355417424,0.0,4
2019-10-06,-0.8009591269354024,-0.23474044293625979,-0.15339316895982547,-0.017136091315284176,0.0,4
2019-10-07,-0.9478502806561893,-0.5153861041663618,-0.5720554357691389,-0.4436758571843264,0.0,4
2019-10-08,-0.9243925822998119,-0.5029190309109843,-0.5517097983926036,-0.4287567356321607,0.0,4
2019-10-09,-0.9402298278740093,-0.5232231393069318,-0.5908335021674382,-0.5317690942434778,0.0,4
2019-10-10,-0.8383237449330703,-0.4498684541139631,-0.5271758355851771,-0.3443901049390017,0.0,4
2019-10-11,-0.8421595199816684,-0.4627226774310081,-0.5960666229010106,-0.4165433006513479,0.0,4
2019-10-12,-0.7167569473101465,-0.3901821819775815,-0.5987288566281963,-0.30212568530661044,0.0,4
2019-10-13,-0.8939012722038092,-0.5016686062253691,-0.4347917083601628,-0.4085276286040965,0.0,4
2019-10-14,-0.6134062929724148,-0.3668036085028712,-1.029728162566192,-0.36868627102366813,0.0,4
2019-10-15,-0.6097674818831288,-0.31805781126053534,-1.18876123592435,-0.4153313634579183,0.0,4
2019-10-16,-0.6133494379239536,-0.2711090857519662,-1.2812608748964454,-0.3861015439824603,0.0,4
2019-10-17,-0.32115487823117506,-0.07445089516310868,-0.9828096643378077,-0.18201098338847618,0.0,4
2019-10-18,-0.22122698251362724,-0.01884795960808507,-0.9422904394482425,-0.0867662893312054,0.0,4
2019-10-19,-0.6351689641154734,-0.12323241877211188,-1.623182942692337,-0.3369779718978676,0.0,4
2019-10-20,-0.45941528706878704,-0.07560347203186915,-1.4567850764818455,-0.2489765133586722,0.0,4
2019-10-21,-0.19290638382816153,-0.027374068123722284,-1.0338473372909747,-0.17840754576550305,0.0,4
2019-10-22,-0.15085126642783098,-0.024966997604566804,-0.9580671321260167,-0.1498561106586651,0.0,4
2019-10-23,-0.09412307348943091,-0.007445839726166775,-0.8502595598407922,-0.08524144901405867,0.0,4
2019-10-24,-0.12303911239903345,0.004344592199911762,-0.889486795443797,-0.05966557736026226,0.0,4
2019-10-25,-0.1255702935681024,0.023910875897817353,-0.9119458262539615,-0.06131150589013712,0.0,4
2019-10-26,-0.2337968832168585,0.010060014347530937,-0.9038452384690453,-0.03949657885058201,0.0,4
2019-10-27,-0.20268506772669528,-0.05226739190687001,-0.8625813058094212,-0.2058502702427386,0.0,4
2019-10-28,-0.05797528595736726,0.10942370554299839,-0.5597331434055907,0.01589660822820141,0.0,4
2019-10-29,-0.10430744816039236,0.17877839145311958,-0.7523302557278425,0.07510469035841714,0.0,4
2019-10-30,-0.26846093357803846,0.19060903782494693,-0.9773945598021851,0.11165635901128149,0.0,4
2019-10-31,0.09167209698158878,0.3580559495378546,-0.45513565796994876,0.4356927024557782,0.08125138217184935,4
2019-11-01,0.15920794002741032,0.457012695569148,-0.38116731710472407,0.5478282620942957,0.4201191899803917,4
2019-11-02,0.1490625167069345,0.35586755683842985,-0.20820416907695577,0.5278786535929747,0.5503450862361547,4
2019-11-03,0.17820138304921926,0.3472188186555605,-0.1906542309196708,0.5478115774843586,0.6114560722825245,4
2019-11-04,0.3255803528178272,0.34296148069948584,-0.08467287717572965,0.5212406286790989,0.8830906478928907,4
2019-11-05,0.32326953987744755,0.24050718844585497,-0.10228002850618832,0.33962766984762816,0.6224451896056346,4
2019-11-06,0.34905579783947277,0.26310203397932047,-0.0991663115961867,0.35250893653635196,0.6798351814511503,4
2019-11-07,0.4080963104340999,0.2449416701996515,-0.013577799770871618,0.3054054582102905,0.7892996547079436,4
2019-11-08,0.40789930185206386,0.3601296335128993,-0.10090023842686816,0.4766625859903378,0.9166356932672033,4
2019-11-09,0.31924762248378696,0.3863331739070598,-0.13843906521227414,0.49255276562837996,0.8187547425181823,4
2019-11-10,0.19008579479386617,0.34707037353871145,-0.2117961094127717,0.47010441177052265,0.5384356432864013,4
2019-11-11,0.30609723553708185,0.38866981784134536,-0.03496599611177853,0.5827915715231271,1.0,4
2019-11-12,0.2970529085510232,0.3728784900724902,0.1432404394625506,0.5922058142944295,1.0,4
2019-11-13,0.4186042392152212,0.4097872004242543,0.21590382873347164,0.6024118995558834,1.0,4
2019-11-14,0.7350546501572,0.417158943394011,0.313720577623819,0.4076238523557267,1.0,4
2019-11-15,0.7377046486575207,0.17191430405303992,0.47766560021179866,0.04297472798718406,1.0,4
2019-11-16,0.7219642834960077,0.12066009430555365,0.41594938552026334,-0.009594242081179484,0.9666190403487994,4
2019-11-17,0.7071619992113697,0.09505101269239735,0.5022257537564224,-0.03653797191078999,0.9675737163935431,4
2019-11-18,0.4971603944694447,0.08220606003418937,0.5342667069871629,-0.04852920815639037,0.8110809797068199,4
2019-11-19,0.46078211575940115,-0.0696895393465222,0.4805113447096317,-0.2709985303814164,0.2722281545040299,4
2019-11-20,0.4973531269707607,-0.03468681214767372,0.5383542610821546,-0.2198782126346604,0.451677191083406,4
2019-11-21,0.6305114218397856,-0.00035613148491102364,0.6816682009179067,-0.04050957126556648,0.9322720455264175,4
2019-11-22,0.3590271485032828,0.011395652509302459,0.5250662758935243,-0.04176878745170767,0.6169398020890657,4
2019-11-23,0.3700257409576175,-0.08942151307223974,0.552240815887556,-0.2527169330494895,0.25240342949674444,4
2019-11-24,0.403956079808218,-0.058377083635894035,0.5570899929462788,-0.23768164480992413,0.3398419226872086,4
2019-11-25,-0.05447033429675855,-0.1329812472460625,0.48561482952035884,-0.12414740005891145,0.0,4
2019-11-26,-0.03534450562795544,-0.07801059601091506,0.41929263340576894,-0.06139729343446962,0.03719942879619362,4
2019-11-27,-0.12090126639203229,-0.1467091713267614,0.34311561665595214,-0.1364807872137592,0.0,4
2019-11-28,-0.19155901733277525,-0.09937143122272837,0.08924355989018959,-0.056757118107867766,0.0,4
2019-11-29,-0.10602473806829771,-0.07853668429951007,-0.032841423564310745,-0.00332035419325153,0.0,4
2019-11-30,-0.20812931423686984,0.20643346038746216,-0.0057142037460909635,0.611888207216307,0.30074143924287244,4
2019-12-01,-0.023959250841996474,-0.010536711158562482,0.0322595907761804,0.1861091561378619,0.100341253560972,4
2019-12-02,0.09548386255674084,-0.03507529188236866,-0.1199425902040111,-0.013786173493302911,0.0,4
2019-12-03,0.09441856483214814,-0.09346932927697829,-0.043031720774631674,-0.08940356990766957,0.0,4
2019-12-04,0.07478046502326949,-0.07642150922617302,-0.05105099199263882,-0.044588789235129045,0.0,4
2019-12-05,-0.08048707988960127,-0.11346370481177026,-0.0920266713207217,-0.0822122771247264,0.0,4
2019-12-06,0.005378032427840042,-0.08286267247327272,0.10296851522039933,-0.03562691430543834,0.0,4
2019-12-07,-0.03052230037616596,-0.06732615104785089,0.07550675570204908,0.03966325694015701,0.0,4
2019-12-08,-0.04726968843387911,-0.07803834122228234,0.13215484107086328,0.025027770254361828,0.0,4
2019-12-09,-0.08853707645773516,-0.1309703764135161,-0.18892915598083448,-0.25794602800731853,0.0,4
2019-12-10,-0.1803894374319956,-0.15261600071551593,-0.2084638890971369,-0.2852796404303317,0.0,4
2019-12-11,-0.1824673913688087,-0.1289851419710642,-0.20116266217715606,-0.23141288910738567,0.0,4
2019-12-12,-0.33701444546243947,-0.11163048276966234,-0.29117800395903265,-0.21171312949520812,0.0,4
2019-12-13,-0.4587859822553845,-0.10815969909448257,-0.40354375457209085,-0.19848317631474835,0.0,4
2019-12-14,-0.16392500003424387,-0.058256561924432355,-0.06260995308318218,-0.09317689586727068,0.0,4
2019-12-15,-0.4188217147169807,-0.17164455045819219,-0.3316394229482365,-0.2398337005157546,0.0,4
2019-12-16,-0.5032211556416772,-0.20800414720571433,-0.4883431598226231,-0.29745945220124925,0.0,4
2019-12-17,-0.3671708598048745,-0.14232484796122813,-0.4484262946675741,-0.17817579217636456,0.0,4
2019-12-18,-0.33327026318687647,-0.17276837703565434,-0.3968629213845667,-0.24472935542832958,0.0,4
2019-12-19,-0.09689722354959321,-0.0807094991764275,-0.14230979787138234,-0.12128075287409101,0.0,4
2019-12-20,0.012626979263326253,-0.13078279461471906,0.014624674105374172,-0.20325960107723534,0.0,4
2019-12-21,-0.003556812748419111,-0.10097064183467222,-0.041499907831577726,-0.18470658122190725,0.0,4
2019-12-22,-0.08898400241025936,-0.04769040189496744,-0.16781223424930625,-0.12105254979786143,0.0,4
2019-12-23,-0.22101174835046886,-0.07314508804351359,-0.5036414946980526,-0.0976869599138393,0.0,4
2019-12-24,-0.21543000002188442,-0.07369431461434613,-0.41445079322637723,-0.031221888821539562,0.0,4
2019-12-25,-0.22041287227377215,-0.09830145374818325,-0.41947934404263004,-0.07328536190802558,0.0,4
2019-12-26,-0.3867793153955862,-0.1487096752012151,-0.532426293045179,-0.08793792548241003,0.0,4
2019-12-27,-0.3270467836156979,-0.28894841968939783,-0.41886594833712365,-0.3153132295426746,0.0,4
2019-12-28,-0.4310380072936125,-0.5748931016582814,-0.30408031103299094,-0.71842618024924,0.0,4
2019-12-29,-0.49360831159083757,-0.6768662450978612,-0.17212845330988197,-0.7884193325603962,0.0,4
2019-12-30,-0.2536338255053061,-0.5611150307803419,-0.27059137459898114,-0.8738754216489182,0.0,4
2019-12-31,-0.2843561410401484,-0.49747873932514397,-0.3012327601584779,-0.7273421019398494,0.0,4
2020-01-01,-0.32767505601159463,-0.5310286630556394,-0.3253774222369315,-0.7810091121771395,0.0,4
2020-01-02,-0.26016208825644355,-0.5056597379399239,-0.19163705968962685,-0.6737512934556344,0.0,4
2020-01-03,-0.25038295604003113,-0.41468559415230666,-0.2951926485597288,-0.5273816098584757,0.0,4
2020-01-04,-0.1626203297573748,-0.41566214010370284,-0.04590972481168776,-0.45185602973382416,0.0,4
2020-01-05,-0.11554996869709361,-0.5284898123334529,0.18801596089555236,-0.6440018317213,0.0,4
2020-01-06,-0.4282745539297084,-0.5607131659835247,0.27705832810299647,-0.6870278994396773,0.0,4
2020-01-07,-0.3449313300852869,-0.5950097141820825,0.36532093364308,-0.7373435188442627,0.0,4
2020-01-08,-0.48269128324881094,-0.6357689847375483,0.2974395505814339,-0.6913198420767886,0.0,4
2020-01-09,-0.4494143637826675,-0.6075365512596119,0.267233118880726,-0.6937785518619856,0.0,4
2020-01-10,-0.4913629190835018,-0.6227907658477143,0.08888559068160373,-0.7333050229034218,0.0,4
2020-01-11,-0.5029872222512979,-0.1861948623628858,-0.5027071275275291,-0.09475009021904512,0.0,4
2020-01-12,-0.3968217438578678,-0.1607970349021144,-0.8421642515440244,-0.31289200053637695,0.0,4
2020-01-13,-0.5632613385706897,0.07706650350046292,-0.5911529664640833,0.21157519213475975,0.0,4
2020-01-14,-0.42375770076339303,0.11041497343798744,-0.49280598135333387,0.23590884484209412,0.0,4
2020-01-15,-0.42535018958056636,0.12742232010198243,-0.6157587431787859,0.17074295458800787,0.0,4
2020-01-16,-0.3837141551692091,0.17948377319083475,-0.6897817342413138,0.21043890756441772,0.0,4
2020-01-17,-0.551698275144076,0.18696443816250174,-0.6322561028176311,0.2168933208317547,0.0,4
2020-01-18,-0.35030389838167675,0.2343289476092969,-0.7521941523058826,0.20315252716355345,0.0,4
2020-01-19,-0.3262215914012547,0.2424757200761859,-0.6979763818946763,0.21889447300983075,0.0,4
2020-01-20,-0.07657195225689822,0.31271673158521257,-0.19765991150342435,0.504276946452368,0.25843273527492866,4
2020-01-21,-0.5728749361631595,0.12122117000989849,-1.0052229549605072,0.08725195627054584,0.0,4
2020-01-22,-0.44312223091594205,0.22974241512226606,-0.8382167146061364,0.21198734808004924,0.0,4
2020-01-23,-0.34855468507473064,0.27080764762235143,-0.8178799347837792,0.2632873660441254,0.0,4
2020-01-24,-0.18274097702788886,0.21207376720358728,-0.6968842467742593,0.18563887829760992,0.0,4
2020-01-25,0.08846315713306689,0.29949828321169447,-0.12927922900319408,0.271382517119825,0.3585680904645047,4
2020-01-26,0.16594321877694407,0.19942542128663196,0.19602266186399087,0.1906758890195136,0.7389469374598988,4
2020-01-27,0.4276133048878082,0.20111295059465187,0.7845357744678946,0.3392081005448254,1.0,4
2020-01-28,0.5072372650206796,0.22794226763881736,0.7787091952741754,0.37063901212717115,1.0,4
2020-01-29,0.5204551222877468,0.2175603030018321,0.8625318291013221,0.43262654029495806,1.0,4
2020-01-30,0.6624202809292722,0.20132455015004913,0.8884104122112515,0.3669646959995494,1.0,4
2020-01-31,0.7361670337486975,0.2494182597575512,0.8968394532662255,0.4456840003120105,1.0,4
2020-02-01,0.6415822598081465,0.15315098756448625,0.8041473369342023,0.27557251055615023,1.0,4
2020-02-02,0.7477639447198404,0.21928045344248623,0.9904734385945311,0.419687907009121,1.0,4
2020-02-03,0.23998517266276984,0.21103286025285897,0.07532712776639196,0.3551570647118232,0.7819068883378856,4
2020-02-04,0.06227996511825215,0.2753582524927283,0.02345365754993628,0.483648951855817,0.6605055306241512,4
2020-02-05,0.041145435463456004,0.2252767934604008,-0.07103617166805917,0.3407050601293546,0.3766230683287164,4
2020-02-06,-0.029075146422320074,0.25881394177025235,-0.052035455609622805,0.43453056834146087,0.4087351768139883,4
2020-02-07,-0.04384093281833942,0.2669974805876232,-0.2282472555574565,0.38521752634272166,0.13641852224750073,4
2020-02-08,-0.11708904608778577,0.22125537011144739,-0.27368910678521413,0.32888315476699764,0.0,4
2020-02-09,-0.023585315230725254,0.21412383627251658,-0.14657950803654635,0.38410045080068944,0.22213759348999093,4
2020-02-10,0.15707959098156413,0.3098078277242837,-0.05683912278466785,0.4646800088423883,0.6820331551552874,4
2020-02-11,0.14613662683417183,0.33881340042040314,-0.21078375193212706,0.40063741375401307,0.4364496684017539,4
2020-02-12,0.13485276927411363,0.3499688623888556,-0.23601224540795945,0.4086418560914652,0.4048186600558582,4
2020-02-13,0.279014626986266,0.36649957538315503,-0.18411773030490158,0.4353143969077665,0.6545608803480549,4
2020-02-14,0.22673482020096858,0.4022251141190165,-0.19878792393053463,0.474389127286358,0.6432195551829876,4
2020-02-15,0.23426162159230143,0.43257367431093635,-0.19385185174692413,0.5199434504227103,0.7174989236744164,4
2020-02-16,-0.22847199733754503,0.5915381781810912,-0.8766667723933074,0.7482688159726671,0.0,4
2020-02-17,0.3392391626637016,0.5118334072728903,0.12827534510839178,0.7454301308072905,1.0,4
2020-02-18,0.32009091671727197,0.5184725132729452,0.1086812341345692,0.7590604736340312,1.0,4
2020-02-19,0.31908785990135846,0.507713576129788,0.13194453002364587,0.7518765619592649,1.0,4
2020-02-20,0.059778986128572756,0.5196081057417831,-0.16839327918260735,0.6457883683504546,0.7252071972993162,4
2020-02-21,0.32186729683984083,0.5146352179344232,0.12377520863150235,0.6371484881938292,1.0,4
2020-02-22,0.3322391003462697,0.48230726056163375,0.10837743694018516,0.5828543492314288,1.0,4
2020-02-23,0.16205936342890992,0.43507948977258276,-0.07605521083747498,0.5432574604494822,0.8228535423985048,4
2020-02-24,0.06758475093858465,0.407251292702431,-0.18044014481375859,0.5396388308717887,0.5510654093539451,4
2020-02-25,-0.03319961868333353,0.35482097277735963,-0.03461721535159458,0.6134521986334365,0.6257671106440049,4
2020-02-26,0.0055400630177119235,0.33066040467944235,-0.029666950630438487,0.5614505390905359,0.6245067723657364,4
2020-02-27,0.10943583352311524,0.22367878930958243,-0.12715095457634903,0.24881654510291001,0.30613703306097556,4
2020-02-28,0.02509632394611792,0.2136675097792234,-0.052712827937320114,0.2705605794748237,0.32419013245335593,4
2020-02-29,-0.15813809148889435,0.22678101787087332,0.04390348646088593,0.34469902894757215,0.26690766688908785,4
2020-03-01,0.04474450193310144,0.3109451402156028,0.470701633892483,0.5823622964652515,1.0,4
2020-03-02,-0.08620417549194967,0.2676721204450131,0.21017969608039305,0.48025275626247554,0.6695114383723246,4
2020-03-03,-0.12447380051270801,0.23869827115405298,0.1557539250546219,0.40231768169365784,0.48151224033776496,4
2020-03-04,-0.09902029301787271,0.2491515726452387,0.20054514594413825,0.43187034970268307,0.5918133125428098,4
2020-03-05,-0.32587609204235246,0.2586033670810367,0.38407589240393836,0.6739498235022163,0.6269550689165311,4
2020-03-06,-0.38256843871815593,0.3001001871277146,0.10720052250326462,0.7097397267019403,0.34179564058483003,4
2020-03-07,-0.5647136588493412,0.2948621436334988,0.1030587094713803,0.7734224503543211,0.12635662248617407,4
2020-03-08,-0.632792075274104,0.39605400990483575,-0.049874046719474215,0.955379458489363,0.08552008352061358,4
2020-03-09,-0.6105543396574337,0.40119188510556136,-0.09789149814540056,0.9511298062700109,0.0641521790022681,4
2020-03-10,-0.6528646644720877,0.3851934583567391,-0.06781215644434693,0.9332630071122228,0.014502379089839867,4
2020-03-11,-0.656667031174643,0.33119945596258227,0.08916847920829238,0.8887130021658673,0.0973788822387891,4
2020-03-12,-0.6304435353549149,0.3585679921042726,0.09697276802304043,1.0113605320187302,0.2483743220278838,4
2020-03-13,-0.6407918122905555,0.3990815875302289,0.03661439152226367,1.1281233754533297,0.2844963638079331,4
2020-03-14,-0.6617136200227507,0.38968426398958433,-0.22165988302301037,1.221009004220488,0.020661021063891116,4
2020-03-15,-0.6875568255861902,0.21269374367415952,-0.16026756194561378,1.059816808474683,0.0,4
2020-03-16,-1.6056113355670953,-0.026662915669727283,-0.8509263961919541,1.2051629105593036,0.0,4
2020-03-17,-1.5926824365041423,0.0013347978690648188,-1.3198973442279152,1.0921298210878532,0.0,4
2020-03-18,-1.4957548033118875,-0.11087242400355102,-0.9391906139754148,1.1477275290729045,0.0,4
2020-03-19,-0.9592727730675932,-0.47244029550768174,0.23088566382335585,0.6542535795221106,0.0,4
2020-03-20,-1.1864542200326205,-0.4252631822000664,-0.10337697494330142,0.7395837534015921,0.0,4
2020-03-21,-0.9845255703800847,-0.41347852534925883,0.034449984920241775,0.7127393449571937,0.0,4
2020-03-22,-0.42938156344881095,-0.39102773378189354,0.4649617752296986,0.5898082943201307,0.0,4
2020-03-23,0.3625328220337374,-0.4779794280109507,0.4738895365754394,0.5154626691158156,0.4679377169085736,4
2020-03-24,0.545813147968404,-0.4007501918242339,0.7904103455579294,0.6357410048103687,1.0,4
2020-03-25,0.5491770478964565,-0.37058626953909307,0.7583019484934348,0.6034137241487191,1.0,4
2020-03-26,0.6765387199738472,-0.26482944598508973,0.7562251854559072,0.46204951231387875,1.0,4
2020-03-27,0.5978366937508902,-0.19472466845401692,0.6671657570407149,0.5028933508056473,1.0,4
2020-03-28,0.6775177863013653,-0.19316592914392086,0.8305427109160507,0.4398312633586736,1.0,4
2020-03-29,0.6828642602032374,-0.13115628447286737,0.9415397279114264,0.6351239667770204,1.0,4
2020-03-30,0.44394786097476013,0.018647792578853295,0.4286647094116254,0.5629631869979803,1.0,4
2020-03-31,0.37284390865068395,0.09419017081532516,0.32469911890485403,0.6699689280259975,1.0,4
2020-04-01,0.4078294379401675,0.32348293954152185,0.706319361914931,1.048131403753072,1.0,4
2020-04-02,-0.14217964560051788,0.323071660422947,0.32699089551144084,0.869491984420547,1.0,4
2020-04-03,-0.18833314140170676,0.3268228126807726,0.2746947250216646,0.8322210192026984,0.8839594037828001,4
2020-04-04,-0.2036369935617541,0.3840482426748082,0.1947661843028222,0.9118100967427474,0.8856745689854175,4
2020-04-05,-0.13419891909727935,0.45905234456856775,0.11519089460795402,1.0115039373130321,1.0,4
2020-04-06,-0.018173799929280622,0.39286983616008,0.5258151126460862,0.8548031636329135,1.0,4
2020-04-07,0.019418743003669647,0.4288011470048099,0.5416931996499964,0.8752678487661623,1.0,4
2020-04-08,0.018162761714646054,0.4414769868156377,0.4992640365132559,0.8736267470257488,1.0,4
2020-04-09,0.02299875357101136,0.34987501877884364,0.4740697296930282,0.7788796691599571,1.0,4
2020-04-10,0.00615819964703874,0.31735759192268165,0.49398591017913107,0.7573200923091319,1.0,4
2020-04-11,0.05727685660415343,0.3698304506140364,0.49178251534529444,0.8454131822814847,1.0,4
2020-04-12,0.08741986082966405,0.3836570519100351,0.483648711248089,0.7647060392092491,1.0,4
2020-04-13,0.24693007223166888,0.35610693826069434,0.5953555164072655,0.690773672356986,1.0,4
2020-04-14,0.3192433800451171,0.2766544632264441,0.5389343482824873,0.5742841995499486,1.0,4
2020-04-15,0.5756599156353992,0.31039031701014475,1.2263932472382923,0.6336121125800604,1.0,4
2020-04-16,0.719184919400793,0.32287444285888506,1.5470354548615926,0.8079720118421769,1.0,4
2020-04-17,0.979122977762119,0.31987829482717933,1.730698429516566,0.7452951458854629,1.0,4
2020-04-18,0.9576326175161337,0.3009369606655183,1.6871340102607273,0.7387929783667683,1.0,4
2020-04-19,0.9960041301544239,0.23636976129427864,1.7237124502672287,0.6145607529288587,1.0,4
2020-04-20,0.8127052853022164,0.31528181602283567,1.660478145298116,0.8246639921814153,1.0,4
2020-04-21,0.7853993866107161,0.3075085117984222,1.6041542339929042,0.7721342601149633,1.0,4
2020-04-22,0.7731189177734432,0.2813524576576051,1.6114419132570297,0.7479971208951963,1.0,4
2020-04-23,0.8664998069989331,0.23177332229437944,1.6764454571592773,0.5626662118658661,1.0,4
2020-04-24,0.5252832003289181,0.1672379780194376,1.5052614723855304,0.52614051155205,1.0,4
2020-04-25,0.8695132251551425,0.266718712632852,1.7488937562157418,0.7055314658305242,1.0,4
2020-04-26,0.81932348827356,0.23562538553231807,1.7052655574836313,0.6483525580470738,1.0,4
2020-04-27,0.2633306962686163,0.043857901586888515,0.9064431099844994,0.14102506769080067,1.0,4
2020-04-28,0.11250759916062364,-0.02961751900800995,0.6084957318064821,-0.05240642619556038,0.372298404731569,4
2020-04-29,0.03309560115231074,-0.04105971781628151,0.5498023787678307,-0.02462808229170073,0.2728775045241484,4
2020-04-30,-0.2957871534796959,-0.04016335517425476,0.35163322742676106,0.03023573227045851,0.0,4
2020-05-01,-0.17535310522849698,0.0067891859406441,0.42672213604418835,0.10997142802559899,0.14955446201333938,4
2020-05-02,-0.482278894789877,-0.014593460042512685,0.11191284499711954,0.032062876678261576,0.0,4
2020-05-03,-0.4703705207891071,-0.013228864289288898,0.11364562302955479,0.020736517938346462,0.0,4
2020-05-04,-0.372444987550018,0.12575538051591098,-0.1339125067862511,0.07517460584812591,0.0,4
2020-05-05,-0.37186465862845236,0.14917567276766264,-0.1720126547978267,0.10947620746461355,0.0,4
2020-05-06,-0.40183094712652634,0.1480147289817294,-0.138063301370362,0.1465338894440098,0.0,4
2020-05-07,-0.11615859020688286,0.19523201811798852,0.017565335785566016,0.1760573394997432,0.1458869004392478,4
2020-05-08,0.00994722267484787,0.2451227492463701,0.05951683389109834,0.22256406608080423,0.4357502288108425,4
2020-05-09,-0.09072938411842049,0.18194616735822963,0.09167006569755876,0.12982143658150896,0.21006007883471284,4
2020-05-10,-0.13885118875167096,0.15116802723491707,0.05465443418885473,0.06677388406257997,0.027555065262289402,4
2020-05-11,-0.15305312274163552,0.1280361838247278,-0.28040829453888144,0.12941584286098307,0.0,4
2020-05-12,-0.34031669497419975,0.11550756943962735,-0.45746465598740477,0.1382973452560055,0.0,4
2020-05-13,-0.3393428900947875,0.11678669365539594,-0.4470247757920851,0.14238851358403587,0.0,4
2020-05-14,-0.40356102096351987,0.11222211605254019,-0.4756076160309045,0.16470322751887456,0.0,4
2020-05-15,-0.3722515658594462,0.21977920411444796,-0.662252101636543,0.2554808071799655,0.0,4
2020-05-16,-0.1862687428287139,0.21365935790316967,-0.4647304500595615,0.30067777339184854,0.0,4
2020-05-17,0.08073010369120624,0.3277756384466374,-0.42731625653189653,0.29096234956514044,0.0,4
2020-05-18,0.027687875405431134,-0.188382235449638,0.18012138902439936,0.04467658436597714,0.0,4
2020-05-19,0.28452192712351565,0.002897419320481199,0.021165668053468645,0.1475983897542971,0.34308105277717227,4
2020-05-20,0.2110522651677824,-0.00903836524405396,-0.01403959624021639,0.1258462760369542,0.21890178933933035,4
2020-05-21,0.28798834697517783,0.1377563108878894,0.18928158922774313,0.32354998786239975,0.8640865265289259,4
2020-05-22,0.8984071141213484,0.42453409775976875,0.32051502565211387,0.6201778023739745,1.0,4
2020-05-23,0.8298355696970181,0.4913639654277645,0.08891980064692898,0.5893345110712831,1.0,4
2020-05-24,0.40092641770492404,0.3285407820361892,0.2091261502406188,0.6289523141401486,1.0,4
2020-05-25,0.16855554414193305,0.3851823229669638,-0.05290033938507832,0.6424093574840815,0.8856079606725218,4
2020-05-26,0.21519995121976007,0.5182057137351902,0.10580738194160744,0.902787912943316,1.0,4
2020-05-27,0.25040568400919494,0.5249409547498787,0.1397425736624664,0.9294358800251586,1.0,4
2020-05-28,0.3733570572937793,0.4807108288455508,0.37114282504457907,0.8933365943887109,1.0,4
2020-05-29,0.33655439137841203,0.4727476485204548,0.3075151499884496,0.9585713590875612,1.0,4
2020-05-30,0.18117494712289714,0.37204590628507356,0.41811279168405047,0.8818115468873624,1.0,4
2020-05-31,0.027073447833356495,0.2611147686594105,0.4965781935586445,0.8377332894110836,1.0,4
2020-06-01,0.2037850131497807,0.4688190606413368,0.4513161264724626,0.8402472096987712,1.0,4
2020-06-02,0.18474164837009577,0.4308500097246357,0.41639721920570416,0.8049275090380849,1.0,4
2020-06-03,-0.004456790734085642,0.3890565551745301,0.008419836520095453,0.8217481963930879,0.8764592630028107,4
2020-06-04,-0.01745753325652028,0.337207181838653,-0.0780602929487434,0.714030297555153,0.638861597333793,4
2020-06-05,-0.045054989014316725,0.3124928179005593,-0.09283958596134617,0.6487432144152637,0.5234682043639733,4
2020-06-06,-0.11381245687431579,0.2566427127228704,-0.15595925937023752,0.590967452550224,0.27414853332643524,4
2020-06-07,-0.13632274024204666,0.22898989482667334,-0.21368265072098916,0.5074204190107607,0.09622014244017074,4
2020-06-08,-0.18141660741218482,0.17256477926938685,0.07095705672489044,0.5913662967977994,0.37477665156802004,4
2020-06-09,-0.12062876470410679,0.1616646847857709,0.26371117278860734,0.6413277361482292,0.6732345728877931,4
2020-06-10,0.0511396974918748,0.28805377401423127,0.4092899793977462,0.8622603715303354,1.0,4
2020-06-11,0.331009132121647,0.44835894650917096,0.5999761637151543,1.0310786429971652,1.0,4
2020-06-12,0.4071855774770654,0.48902519146031376,0.6329641964566872,1.0527524073790226,1.0,4
2020-06-13,0.5566920849999908,0.5304533276558447,0.6565370486603677,1.0074832408882939,1.0,4
2020-06-14,0.47747680484311245,0.4889692152728907,0.6371054429122065,0.9735613519445084,1.0,4
2020-06-15,0.20148150544192966,0.3671519311049803,0.7966248007123113,0.9924640010330574,1.0,4
2020-06-16,0.2121000792542891,0.3413908224128874,0.9093265250453104,0.9687090895981668,1.0,4
2020-06-17,0.23518204852987268,0.36062137856291926,0.880723018208454,0.9264850917539633,1.0,4
2020-06-18,0.24046177479003145,0.34700573074599733,0.9469430865943234,0.9379112112858562,1.0,4
2020-06-19,0.02927741948450195,0.25921251378277493,0.9385403410199591,0.9121018138495913,1.0,4
2020-06-20,-0.1964390097712756,0.22540811017340162,0.812558867140741,0.9379297254846036,1.0,4
2020-06-21,0.49874298934953304,0.4595413975945797,1.1895610355385835,1.181893061983608,1.0,4
2020-06-22,-0.12182012261707155,0.15013741444842912,0.7896406278945314,0.8347474172924337,1.0,4
2020-06-23,-0.3713780457795419,-0.10354158361036776,0.3967289422361156,0.3499048765407926,0.0,4
2020-06-24,-0.3211499840427093,-0.08355453820534467,0.5111998068735625,0.4049727614031592,0.168668190936694,4
2020-06-25,-0.06854965834466256,-0.02741964791662167,0.8063076114544542,0.4299933678128528,0.7813790047166335,4
2020-06-26,0.07819962190214763,-0.028092031111055488,0.9134382576997314,0.4222893789396498,1.0,4
2020-06-27,-0.003745437802928169,0.0018645621792086164,0.8164505671378447,0.514629488073329,0.9792849298358935,4
2020-06-28,-0.3733183374639141,-0.07946953658638359,0.5836507365265908,0.4790636893476873,0.21532878530199673,4
2020-06-29,-0.19688584942071885,-0.10314298868532207,0.5574756140999693,0.3072430190871874,0.2585602449949561,4
2020-06-30,-0.15347227330635435,-0.07873775409181205,0.6260764073651253,0.3303504597108627,0.4080942531052188,4
2020-07-01,-0.1464675927495847,-0.09347929184113056,0.6393032534580521,0.3152358344816404,0.39419677942699854,4
2020-07-02,-0.028240708152345008,-0.0764519185527634,0.6822467895906115,0.31908093968649787,0.591296301142268,4
2020-07-03,0.2157375176343379,-0.02535311176499397,0.8286550682837254,0.2806841720525984,0.9873465126403993,4
2020-07-04,0.2974657444174717,-0.05945691473863906,0.8906916391002475,0.21619110980640885,0.9985146718072844,4
2020-07-05,0.3447052907877835,-0.09267992210668324,0.8739182363854016,0.113898698486232,0.8793512951895285,4
2020-07-06,0.16993380916402215,-0.19402322378668704,0.5865730136316165,-0.08148919544914461,0.18124784557396667,4
2020-07-07,0.10656536213332124,-0.27472778682488225,0.4371382889262333,-0.1766914053951305,0.0,4
2020-07-08,0.10046486283492884,-0.32520382637111694,0.5145801503937015,-0.17134034536749365,0.0,4
2020-07-09,-0.24336155992073605,-0.42722919982164714,0.22563437060769953,-0.247039300738956,0.0,4
2020-07-10,-0.39650967399455805,-0.4505303783775311,0.058151546493609686,-0.31668142080970707,0.0,4
2020-07-11,-0.45674278301259946,-0.5021832569596577,0.08167487940550663,-0.3638087060300359,0.0,4
2020-07-12,-0.4902567376977431,-0.4967120980415155,0.10510817938871185,-0.3077304169399844,0.0,4
2020-07-13,-0.11878415194360559,-0.427797092218958,0.13103547321075698,-0.4161498963788176,0.0,4
2020-07-14,0.03263538642701408,-0.3761375628184664,0.13940278778796494,-0.43109431005683685,0.0,4
2020-07-15,-0.0010671655143951742,-0.33581852066309925,0.04493316102481504,-0.43825312551798695,0.0,4
2020-07-16,0.06174503084078051,-0.3236921892297191,0.046174233633584305,-0.4632907337451069,0.0,4
2020-07-17,0.25000095988052196,-0.223503022152175,0.02944745723782687,-0.3811157623446137,0.0,4
2020-07-18,0.48586827873439886,0.021833748852676835,0.2759221672741195,0.05962454876974612,0.6571938356267839,4
2020-07-19,0.3652421785736193,-0.01797805803767139,-0.061723062501284946,-0.10247926501510334,0.0,4
2020-07-20,0.34637164617686766,0.08735033348817704,0.09019266926685401,-0.10922852238075506,0.252916351996196,4
2020-07-21,0.26339419107102197,0.10432046387714619,-0.044672908999371194,-0.09177122573265299,0.09225130179277344,4
2020-07-22,0.2677927735210759,0.1524684537900538,-0.09926682445804264,-0.09126590448952274,0.07165480433810353,4
2020-07-23,0.3405384581282025,0.22341857912818136,-0.03790904242053726,0.049520818433456196,0.42813082188182827,4
2020-07-24,0.09193961295310742,0.22822845627936564,-0.317320096168782,0.08708921011778346,0.0,4
2020-07-25,0.1239321386226525,0.25290269316827174,-0.3556410744497395,0.1092806650278503,0.0,4
2020-07-26,0.20447905421089815,0.2352627618646374,-0.25672580450229643,0.05280002134791691,0.040909689170378905,4
2020-07-27,0.16405295300122633,0.33180063698285134,-0.3031117779199457,0.3166320914973109,0.2523368332957685,4
2020-07-28,0.04929866928866276,0.33901609586022,-0.5609921071072658,0.37130942249812127,0.0,4
2020-07-29,0.021104717261574937,0.3187928089798736,-0.5602261106947783,0.39480565896112285,0.0,4
2020-07-30,-0.3309772235026916,0.23316095989379532,-0.8256092902092338,0.3393825389785267,0.0,4
2020-07-31,-0.48639667082958643,0.18087044617220788,-0.9274944101044839,0.22642277254517218,0.0,4
2020-08-01,-0.6305153603002978,0.10250015321768277,-1.0205927798627115,0.05527993053893992,0.0,4
2020-08-02,-0.6290463199213505,0.13824227771370004,-1.0992956243368288,0.11066418830080607,0.0,4
2020-08-03,-0.231860622478071,0.24127587915285809,-1.1740619616627819,0.15215786036770704,0.0,4
2020-08-04,-0.2361189681092391,0.22904716232645178,-1.1156405027801257,0.1605554035463409,0.0,4
2020-08-05,-0.20836893479876792,0.25767767150410337,-1.1695239853605721,0.11135414233830654,0.0,4
2020-08-06,-0.24860326613222694,0.2630925818114025,-1.2316766282235427,0.10381156431129196,0.0,4
2020-08-07,-0.016741252772698587,0.33395602036055866,-1.0896186806704982,0.2023035143374925,0.0,4
2020-08-08,0.23512918728226564,0.40202894121057575,-0.9044317916672646,0.12302433178968798,0.0,4
2020-08-09,0.2762361682106312,0.4032599593373687,-0.799401685227363,0.20439146560247382,0.0,4
2020-08-10,0.287315626854196,0.40615865768582493,-0.44215476867998954,0.4390255520108093,0.3309652822508011,4
2020-08-11,0.28940510576862505,0.4158506432133634,-0.4455529725751368,0.4108643921797624,0.3129364264302885,4
2020-08-12,0.2245077986192069,0.36426840238873015,-0.5016783227394817,0.49389230301158865,0.1955298819577545,4
2020-08-13,0.08535743715960749,0.43716087244327606,-0.9544044681892507,0.5382034158010321,0.0,4
2020-08-14,-0.14164171587537716,0.27531984311389035,-0.8421055243354757,0.6052640615443493,0.0,4
2020-08-15,-0.5252312863703725,0.08473472025747034,-0.8866311823581382,0.48138628211775136,0.0,4
2020-08-16,-0.44587186940291396,0.043225290329719446,-0.7483425485768143,0.3011317948128595,0.0,4
2020-08-17,-0.3656682678420112,0.04105419030405032,-0.5126058656033118,0.40643667798060745,0.0,4
2020-08-18,-0.3649654538403658,0.05320844327095309,-0.569283275920165,0.4103460115217051,0.0,4
2020-08-19,-0.4102307372665935,0.03478233949329532,-0.6078556172129785,0.39967586135688526,0.0,4
2020-08-20,-0.389366921862237,0.05150285628821458,-0.6191665496516479,0.42546601511939836,0.0,4
2020-08-21,-0.33080832703908314,0.10064832965060783,-0.708663857507582,0.3796151372970141,0.0,4
2020-08-22,-0.12889987820916965,0.20032720774875468,-0.8644511998993982,0.30876982013551746,0.0,4
2020-08-23,-0.5348051077925436,0.13208777185665901,-1.1936516876222976,0.28614049373030254,0.0,4
2020-08-24,0.3702916305887614,0.4883570736400901,-0.5770472866151185,0.5417657720413203,0.3671274326320382,4
2020-08-25,0.547836003761603,0.5845364483637685,-0.3097265173667346,0.5009877361886078,0.9525794801144216,4
2020-08-26,0.5627904653945174,0.6103385859758578,-0.3310626699340161,0.4743010867148901,0.9321134890075649,4
2020-08-27,0.25185560747844726,0.2850260512321182,-0.14935628119436695,0.21767416455028224,0.4299897991047832,4
2020-08-28,0.33669578805685657,0.38885437458522976,-0.11127426062540934,0.43024396350129196,0.8269720718202902,4
2020-08-29,0.4337535374224119,0.4501747875948705,0.03370929384169201,0.5650863170516411,1.0,4
2020-08-30,0.7019197162257724,0.4434405371745419,0.22582909484622196,0.4594310313809746,1.0,4
2020-08-31,0.5077353358359914,0.28813426874692,0.18198494282532007,0.18881072664674955,1.0,4
2020-09-01,0.5468542663274594,0.2619056128843271,0.36138302126821187,0.24905947477305557,1.0,4
2020-09-02,0.48901461065172114,0.2810912740061141,0.14713399476880906,0.17541512792973457,0.9584045585664159,4
2020-09-03,0.6772800409174118,0.46416825921171895,0.10194244499554637,0.5016372465316474,1.0,4
2020-09-04,0.0740730510283793,0.13096019304236423,0.09239622692522458,0.3025269615333258,0.5095267858120379,4
2020-09-05,-0.33818306808813375,0.046722296738260054,-0.33731427058179103,0.3059723838923602,0.0,4
2020-09-06,-0.33553006550670006,0.06254214770341426,-0.341129490830095,0.3592906133381044,0.0,4
2020-09-07,-0.47979319487249794,0.010125433309273624,-0.5111054111218674,0.19415772103053186,0.0,4
2020-09-08,-0.6821942804885958,-0.14274297010748493,-0.5133899419654517,0.05749413797578255,0.0,4
2020-09-09,-0.7185451734310008,-0.2027570074208167,-0.3691515167727178,0.08800405884568575,0.0,4
2020-09-10,-0.44017384879501675,-0.1435990541118883,-0.0031773868805338966,0.07551156979305326,0.0,4
2020-09-11,-0.2873318056802008,-0.12688150919284305,0.10137336869754285,0.024258094950919955,0.0,4
2020-09-12,-0.16448128398143833,-0.10547531797923498,0.3002713552185953,0.1009137708209339,0.0,4
2020-09-13,-0.0817851741807301,-0.1499346526643688,0.6002561369843511,0.05276501329909101,0.12639155328886947,4
2020-09-14,-0.18423844670842995,-0.15282221536513454,0.7735023772922134,0.0701992654804579,0.12051890528952675,4
2020-09-15,0.0023259769153098075,-0.04203227764395753,0.8252769523520443,0.2447425393256344,0.6848545236273478,4
2020-09-16,0.06515701299361391,-0.01849392587730514,0.8722685859582782,0.3111237461673795,0.8822124771280538,4
2020-09-17,0.014428874453680879,-0.0517343629592463,0.7299341252441212,0.2102897593308864,0.5962855377054092,4
2020-09-18,0.06120234309022233,0.04476120155846165,0.7276067408221214,0.32788921708406704,0.8851330851081642,4
2020-09-19,-0.3890382042302991,-0.13463731974862006,0.2695163257662185,0.186518516172011,0.0,4
2020-09-20,-0.23688714376545758,-0.14584531131168,0.6287717179416498,0.22412466847204993,0.1282178159062598,4
2020-09-21,-0.09333124022215203,-0.12664740355055554,0.6916536647509994,0.2621415433371691,0.4031991198202232,4
2020-09-22,-0.05100553710387201,-0.08366114310763142,0.6680828286981217,0.29105902626769026,0.5200449914577221,4
2020-09-23,-0.11735258900783045,-0.021652080977706212,0.3651944022642864,0.22636247639116203,0.26042823207692445,4
2020-09-24,-0.029169185698177447,-0.017087859718865644,0.5557417078916147,0.18313367301892708,0.4561867466763991,4
2020-09-25,0.31367425175320407,0.1317283235219903,0.7301415969668632,0.35563886413682655,1.0,4
2020-09-26,0.5577180023316776,-0.10759446920003471,0.8484796939448096,-0.16257854221183632,0.7040705518260953,4
2020-09-27,0.6701830134710219,-0.03734276952369192,0.893191856956651,-0.12780548863215838,0.9577989010005259,4
2020-09-28,0.7809312755452842,-0.04145722026402399,1.1138454003817144,-0.12776044839575523,1.0,4
2020-09-29,0.6586495822834156,-0.11145870988155551,1.0994340379219998,-0.18158273337164227,0.9285296738386963,4
2020-09-30,0.6717135030026846,-0.11873303277017615,1.210201560721008,-0.13498531992312401,1.0,4
2020-10-01,0.7343149931365681,-0.08762301029032402,1.2305788714423218,-0.19893372606103576,1.0,4
2020-10-02,0.6375174515383173,-0.12867996218673303,1.1843374139572678,-0.23292201554755765,0.8799921306321793,4
2020-10-03,0.968855315798984,-0.008560008799145523,1.7451337140799055,0.09956175130958742,1.0,4
2020-10-04,1.0623943195784353,0.11334052757271067,1.6063173897177423,0.275252860581366,1.0,4
2020-10-05,0.7362098529538117,0.14074036690292707,0.9690944565922022,0.09341122429015902,1.0,4
2020-10-06,0.6464512034494305,0.0767708407699942,0.9897225947579448,0.015452773463495372,1.0,4
2020-10-07,0.6734490084130946,0.08582608699681747,0.9797740304466555,0.04948184254735441,1.0,4
2020-10-08,0.6778996602313404,0.056718203655852756,0.9355333609654282,0.011321595307485638,1.0,4
2020-10-09,0.6793656589438746,0.07227058965286944,0.8125696929127217,-0.029087305748202105,1.0,4
2020-10-10,0.3402959124061511,-0.02198543572446533,0.43850094032212666,-0.1961914585644205,0.30154219694141676,4
2020-10-11,0.5145651059795392,-0.09614510606706186,1.1841600753386954,-0.01685498801638827,1.0,4
2020-10-12,0.4315383487328684,-0.0821493440043913,0.9604311452167213,-0.03221691984979533,0.8567789578668394,4
2020-10-13,0.2059610979548104,-0.061272752338131765,0.38068869262993277,-0.19826443266401672,0.10147111680950008,4
2020-10-14,0.06399674746424516,-0.11357821242238747,0.3189670471698771,-0.2384180797425988,0.0,4
2020-10-15,0.10691569720244803,-0.046193663851690436,0.23994703450037594,-0.14492908451291234,0.009042927991959548,4
2020-10-16,-0.03204803246373269,-0.20592643286771076,0.5839852161248326,-0.20476556508985724,0.0,4
2020-10-17,0.17876532502258108,-0.06802573481336181,0.5937246871361276,-0.11840260084000986,0.3044388570016449,4
2020-10-18,0.09033472775014492,-0.07829247734921779,0.41005518610513403,-0.174379128517363,0.025512141820224182,4
2020-10-19,-0.02905120873577612,-0.1089472117100718,0.3428106090399348,-0.14272526551187173,0.0,4
2020-10-20,0.030242307777448924,-0.09838701579614542,0.499641029921711,-0.04227310991270031,0.15250127623451967,4
2020-10-21,0.0474856658040476,-0.08259079439046435,0.49171234831578164,-0.02631115361519576,0.20376750172473487,4
2020-10-22,0.04486247883794376,-0.07691142490963859,0.4774404645265439,-0.019346726947650744,0.20759962607235638,4
2020-10-23,0.09770916223111242,-0.03816649664126885,0.38032978908106213,-0.07416269294298637,0.18702099047955445,4
2020-10-24,0.29756827740548203,0.058508130682130725,0.27973816174838284,-0.06643667481140064,0.4164158448808716,4
2020-10-25,0.18974247811302,0.13424116800347546,-0.1656344109692866,-0.24392151330825104,0.0,4
2020-10-26,-0.22566050177579344,0.10080168351845199,-0.9326116105732989,-0.34714995156354,0.0,4
2020-10-27,-0.15572907568772176,0.12145859248589952,-0.9063487569731035,-0.29441268919038516,0.0,4
2020-10-28,-0.1580258850542685,0.12199802984791985,-0.894470895892212,-0.27594892447611785,0.0,4
2020-10-29,-0.4966969401990411,-0.030908844665176807,-1.1054414791491185,-0.41075293860538287,0.0,4
2020-10-30,-0.48311374181336036,-0.02385790449477416,-1.0157876552618101,-0.47194776543839634,0.0,4
2020-10-31,-0.266438498927597,0.3063899915449227,-1.9886855506478094,-0.3591177658445823,0.0,4
2020-11-01,-0.38011113848170036,0.35060941867080725,-2.0,-0.46620924136809355,0.0,4
2020-11-02,-0.1887577760713124,0.47108241209912094,-2.0,-0.23103614779910633,0.0,4
2020-11-03,-0.24086576540308607,0.45061780275948615,-2.0,-0.2123499373109955,0.0,4
2020-11-04,-0.3706991388862934,0.4316252245196104,-2.0,-0.3365901660124765,0.0,4
2020-11-05,-0.3884097965914358,0.4604564368870544,-2.0,-0.31547830649563985,0.0,4
2020-11-06,-0.49788880141078484,0.3351458101480907,-2.0,-0.4241013086253389,0.0,4
2020-11-07,-0.2814342936185882,0.4668953690744839,-2.0,-0.2521032591039811,0.0,4
2020-11-08,-0.011726357004282376,0.41226413567679254,-1.363241177849555,-0.052010794575154264,0.0,4
2020-11-09,-0.026513264200931946,0.47093245183082244,-1.3458698171604577,0.08058426515854017,0.0,4
2020-11-10,0.04190170699302655,0.620413825398863,-1.0580662728224488,0.32467390641906674,0.0,4
2020-11-11,-0.018286275293542487,0.6031869426773304,-1.1319459755535093,0.2981014953458463,0.0,4
2020-11-12,-0.3555902093528999,0.41259137761020387,-1.3323018018505324,0.134657886139927,0.0,4
2020-11-13,-0.3893381853116927,0.37204972700750305,-1.3694378701098298,0.09175906865930138,0.0,4
2020-11-14,-0.7908761232655076,0.1011241343853471,-1.6886217470529663,-0.17482785519856603,0.0,4
2020-11-15,-1.0329685079075261,-0.05670759164099621,-1.736447140255798,-0.25035817657472914,0.0,4
2020-11-16,-0.49440126546206253,0.23245263099922517,-1.55410696867372,-0.03343430470374023,0.0,4
2020-11-17,-0.5505160803384828,0.19647423111929987,-1.5350766137988607,-0.01910320586169434,0.0,4
2020-11-18,-0.5836583592758515,0.1609456606045004,-1.4824507804827587,0.029520462048296142,0.0,4
2020-11-19,-0.5129665568306706,0.18060753582715391,-1.4048789537566992,0.07639354911453225,0.0,4
2020-11-20,-0.657947937135364,0.06891356857395475,-1.1264859177787447,0.024514806150229947,0.0,4
2020-11-21,-0.462166995073159,0.12283407687921256,-0.7805362469878708,0.12318232234266507,0.0,4
2020-11-22,-0.3534965739490462,0.23319739002293208,-1.1524162638047422,-0.0392837560860052,0.0,4
2020-11-23,0.6735585363513441,0.42965574415996843,0.4133040389788325,0.7110361298016318,1.0,4
2020-11-24,0.8189124744408562,0.4821602589586407,0.47510450351809635,0.8004371580567795,1.0,4
2020-11-25,0.9319743932853171,0.49995584353331657,0.4172766510124978,0.8320544994972736,1.0,4
2020-11-26,0.7088030426953715,0.4149828607119661,0.06292919423074037,0.7971925136303946,1.0,4
2020-11-27,0.6445758661514082,0.3941940888387874,-0.041024870262617794,0.7675385107296261,1.0,4
2020-11-28,1.0387920245853703,0.6285542405895975,0.4969591196760494,0.9353582858442646,1.0,4
2020-11-29,0.6167514736274817,0.3620606923821254,0.1579374092737111,0.5667226958947477,1.0,4
2020-11-30,0.9612604630902714,0.4105745746369829,0.4290539705030913,0.38198919299877665,1.0,4
2020-12-01,0.9193083011396136,0.3889272359679536,0.41341606057195696,0.37289157914934007,1.0,4
2020-12-02,0.872062981889257,0.36310193706172333,0.4127293359818327,0.3708265333730322,1.0,4
2020-12-03,0.9295787353279807,0.40127447147536693,0.4227061008228078,0.36350972377160495,1.0,4
2020-12-04,1.037440288765378,0.4569820909165342,0.5309950107319843,0.4285224322592203,1.0,4
2020-12-05,0.8068637223214639,0.31354019625273166,0.5788987840171183,0.36845961578477826,1.0,4
2020-12-06,0.6968942773897641,0.22224210812673328,0.7334631115714888,0.3741083322316489,1.0,4
2020-12-07,0.5362790255618222,0.34341181927379905,0.9316893507118303,0.47531333787625074,1.0,4
2020-12-08,0.5225470620757751,0.3424069319533977,0.8821839075656627,0.4537510539802908,1.0,4
2020-12-09,0.5140798206141672,0.33677904560334593,0.8255354710302502,0.3792384235904743,1.0,4
2020-12-10,0.5837126354556949,0.404949153233243,1.0069939382183692,0.5358468244633238,1.0,4
2020-12-11,0.49782514312688103,0.339540730638862,0.9563734756026573,0.4853233664180934,1.0,4
2020-12-12,0.46293380050849164,0.30805547865538857,0.9303273311419804,0.5131226283433536,1.0,4
2020-12-13,0.25197629246504144,0.21062968965020223,0.9858748987039789,0.6479403398936215,1.0,4
2020-12-14,0.42156325562104546,0.2945306106459725,1.107657781290757,0.9175707550686336,1.0,4
2020-12-15,0.5199916371352842,0.3466082181103443,1.1323220009744812,0.9125526773952166,1.0,4
2020-12-16,0.35392737102676275,0.24836673852441477,0.9377227696693418,0.7245138720215809,1.0,4
2020-12-17,0.1875451388042298,0.10989697905082506,0.9377634359486356,0.4952175966972329,1.0,4
2020-12-18,0.24295837141743504,0.18564579945070808,1.0476424869312864,0.6056152986056147,1.0,4
2020-12-19,0.19261547013454797,0.19051683269662578,1.0104457150564048,0.5584286365224882,1.0,4
2020-12-20,0.39743862698875865,0.38014593082452625,1.1371162956015484,0.7240188517185617,1.0,4
2020-12-21,0.20724356994102913,0.2872943201510547,0.6605138600558472,0.44125662436302243,1.0,4
2020-12-22,0.18765512893236377,0.2863302520203339,0.33103425004764536,0.5143516716652079,1.0,4
2020-12-23,0.3730257209066038,0.41220570898702563,0.510508349852394,0.681297734334769,1.0,4
2020-12-24,0.4072715702532068,0.46324504096486663,0.634309812933366,0.6750655480643083,1.0,4
2020-12-25,0.1730892993681957,0.3361423865974894,0.49427299635053484,0.43297796726682114,1.0,4
2020-12-26,-0.15850024244172917,0.06072821959008516,0.32648645489432554,0.02329014535113324,0.07874934453507026,4
2020-12-27,0.37370577321547643,0.28938788391061754,0.8090601115319025,0.3085880831100135,1.0,4
2020-12-28,0.7340119903324056,0.5789993886751204,1.3028896783153114,0.5337270764171315,1.0,4
2020-12-29,1.1352403750161182,0.9361133970249438,1.422973386117116,1.0901753504111504,1.0,4
2020-12-30,0.6002047679952695,0.4852528627764417,1.1682737281704474,0.4563361255092293,1.0,4
2020-12-31,0.6550769420863799,0.5622001877265983,1.0181457216564769,0.6043938172781288,1.0,4
2021-01-01,0.4817803177615808,0.5235635628482981,0.6690068736077937,0.5387073955588713,1.0,4
2021-01-02,0.33583275035625654,0.439820963902291,0.17150481521056848,0.31927978546760843,1.0,4
2021-01-03,0.25611708898666624,0.40698539304777676,-0.22147423209077652,0.2329874779337956,0.43967399110826977,4
2021-01-04,0.22688473775592188,0.3515025059180138,-0.34373449767212927,0.21236612377548406,0.17853842178046214,4
2021-01-05,0.15542630473144722,0.3999593911710975,-0.40445783020820814,0.24666261512202542,0.09384968453808407,4
2021-01-06,-0.1646666141691309,0.07524253498634587,-0.7347186955765361,-0.18799166183654512,0.0,4
2021-01-07,-0.12016857667860878,0.06440190900426823,-0.8774579158590742,-0.12862211978481886,0.0,4
2021-01-08,-0.43659863990904046,-0.1737817502676027,-1.0084957485872361,-0.3348400515985853,0.0,4
2021-01-09,-0.5673425276035909,-0.33127416493798456,-0.8234749394585972,-0.4917676210353329,0.0,4
2021-01-10,-0.3295238992833131,-0.22886277223272025,-0.6427034277874016,-0.3784509080962645,0.0,4
2021-01-11,0.0914244350895281,-0.32536758901186125,-0.09731533266329714,-0.6231473201961084,0.0,4
2021-01-12,-0.2030394178989359,-0.5253029926103931,-0.4823068601301177,-0.9570345075539053,0.0,4
2021-01-13,-0.19313789427250172,-0.4713862444836974,-0.6594610699940462,-0.8178246898634058,0.0,4
2021-01-14,-0.025298421118198994,-0.19843143487091844,-0.557906747957897,-0.5108926213579185,0.0,4
2021-01-15,0.028305151431256302,-0.14692705819173532,-0.5715941432452808,-0.48386377554922355,0.0,4
2021-01-16,-0.12197899759049181,-0.3349341681853144,-0.553634019788811,-0.6356677201762889,0.0,4
2021-01-17,-0.24334183047270813,-0.3422531984961647,-0.5730196376097301,-0.6167136354400923,0.0,4
2021-01-18,-0.33890046899567566,-0.38060520130015607,-0.6766745105394806,-0.5027527035306991,0.0,4
2021-01-19,-0.3966264565691228,-0.4200922338270568,-0.7443331076451762,-0.53321466170528,0.0,4
2021-01-20,-0.3538801476317978,-0.227222112670672,-0.524998754217967,-0.240355485811923,0.0,4
2021-01-21,-0.1935412561811497,0.04072135610997396,-0.4056711691289355,0.1810382416808968,0.0,4
2021-01-22,-0.22908423383419566,0.04627102937434042,-0.3648836443545278,0.1985603877327665,0.0,4
2021-01-23,-0.2300747342390725,0.07960856071034669,-0.16069002712035485,0.45770818511793365,0.0,4
2021-01-24,-0.25633081714177797,0.1289015056537767,-0.22395390225197556,0.4251341460410054,0.0,4
2021-01-25,-0.3463148693412155,0.07228292675925871,0.40005042172855265,0.6008640175460273,0.3683622124913914,4
2021-01-26,-0.38308353216103436,0.043548080761735324,0.38349688571958146,0.5933028137200675,0.2677371557933256,4
2021-01-27,-0.4547636655838733,-0.018542745561461176,0.46164227554016707,0.5942157985751163,0.1676666726463829,4
2021-01-28,-0.34061284411749204,0.05749457368321208,0.4635052648042852,0.6819933919132048,0.470797103304386,4
2021-01-29,-0.2794315720558613,-0.017532413624860407,0.31444811921939503,0.47062679181360834,0.1969093126419284,4
2021-01-30,-0.15977654535350078,0.03759678899921264,0.20958432525893614,0.3037565627536246,0.21446651935483696,4
2021-01-31,-0.11709432298776384,0.02612067436425942,0.17408046687433656,0.1669572057296866,0.1307544648757199,4
2021-02-01,0.1363781608549569,0.17593277670128354,0.07551903444523511,0.18323298545947014,0.5283412684320556,4
2021-02-02,0.20279249011642475,0.2161655702496612,0.19875928091308523,0.22883406179836996,0.8347159913391394,4
2021-02-03,0.15690573275985978,0.19520646995637825,0.12458615730577265,0.2263049122727585,0.6645741213073669,4
2021-02-04,0.23859213390180545,0.18464991605547865,0.05329519707114329,0.08998417029359326,0.49282830753173396,4
2021-02-05,0.251876229998303,0.1601957923162459,0.028836320547115928,0.05627976501168739,0.4087230458519763,4
2021-02-06,0.2721612498917676,0.15330043582789538,0.10757162050419798,0.04024458282437229,0.4887170159531971,4
2021-02-07,0.3596919977632473,0.04423860116341603,0.1732638422888511,-0.01502820212199203,0.41848788921314883,4
2021-02-08,0.37172714453089295,0.02157517798389738,0.49200358809039185,0.06476358385397674,0.7505385446680997,4
2021-02-09,0.32937154132066476,-0.0020817147249592716,0.45541557393060883,0.06300027927983207,0.6579173669896035,4
2021-02-10,0.22852881535875647,-0.04750963226956287,0.23354094840073775,0.012993863648269238,0.30156570700153246,4
2021-02-11,0.1890529708555493,-0.08733049951673033,0.26561478117047,-0.006409248447350635,0.21828099537614978,4
2021-02-12,0.08074796964180624,-0.19613920417626168,0.2839618002820559,-0.19676849214961012,0.0,4
2021-02-13,0.17886075436045912,-0.12232598566393645,0.345820479635075,-0.041626990886102784,0.17650813924827188,4
2021-02-14,0.2208274683660735,0.04239211053106474,0.34626894774361033,0.12654472273209094,0.6230715558685027,4
2021-02-15,0.5490736690981272,0.23780358426210554,0.9177223803525966,0.29540038740214375,1.0,4
2021-02-16,0.516918359631354,0.21785103845452974,0.8968749070241415,0.2752961733694748,1.0,4
2021-02-17,0.6370345917164562,0.31439950750545076,0.9516044934944787,0.32038304632955716,1.0,4
2021-02-18,0.7362051674708171,0.3983931642493762,1.081612186933188,0.3774163859917641,1.0,4
2021-02-19,1.1454451748241787,0.8303817537125793,1.3293701173203072,1.0660484529145513,1.0,4
2021-02-20,1.1772348924272038,0.8474219875710335,1.4131485260367445,1.0981356122563604,1.0,4
2021-02-21,1.0214263914218613,0.8069366966309945,1.2520564013577746,0.9407603275549403,1.0,4
2021-02-22,1.2058990580563675,0.8853180754848153,1.2265312258982632,1.0169379217682184,1.0,4
2021-02-23,1.3737375943614143,0.9485123963890172,1.3306462027910568,1.1371080760953136,1.0,4
2021-02-24,1.3257068649301083,0.8873195330120891,1.4942092647373075,1.0802338452830011,1.0,4
2021-02-25,1.3336432755889258,0.8891157334584696,1.5517110702535846,1.0155743912171435,1.0,4
2021-02-26,1.3305735856787138,0.8748897319654451,1.577064220193722,0.9415336274066717,1.0,4
2021-02-27,1.3241337887172526,0.9267856615628274,1.531970525570281,0.9762689103138588,1.0,4
2021-02-28,0.8571350164173218,0.5054655815559799,1.0156459601694885,0.5699395656782524,1.0,4
2021-03-01,0.3077291704060404,0.5196928729253063,0.6876349472979313,0.8744146486807423,1.0,4
2021-03-02,0.3068837152822558,0.43199728441578766,0.6286277055598013,0.7058813744780372,1.0,4
2021-03-03,0.4015057260695125,0.5010914001476625,0.7059091442510668,0.7561430563793212,1.0,4
2021-03-04,0.6477504042345134,0.5530174697533239,0.774801604263823,0.7142947823872128,1.0,4
2021-03-05,0.5888349957108749,0.35930564978660035,0.6065450554571006,0.2951106573842747,1.0,4
2021-03-06,0.6097395702732998,0.38617739991883354,0.643467922390208,0.35977242484057226,1.0,4
2021-03-07,0.8962944740399336,0.6652990200028198,1.0807879392790771,0.8039233139987938,1.0,4
2021-03-08,0.847735098704648,0.5034531482632854,1.117575017796886,0.5439932797468516,1.0,4
2021-03-09,0.8093211684210525,0.8897233325529833,1.0961964169656697,1.2023462983702102,1.0,4
2021-03-10,0.8389467062157069,0.8751293507936121,1.2956976122640098,1.290778103736064,1.0,4
2021-03-11,0.7682671489209173,0.7496116817783428,1.2577429464791812,1.1761475011097517,1.0,4
2021-03-12,0.776959444099939,0.7928370758894273,1.2134917815791133,1.2027227983093143,1.0,4
2021-03-13,0.8704796106618838,0.8330379261395194,1.2883761960152524,1.2065748896904471,1.0,4
2021-03-14,0.9120289048942474,0.902641803201955,1.4287760989073948,1.2936699103593712,1.0,4
2021-03-15,0.8757437777351514,0.8842113074925383,1.3304471902747266,1.227208243575018,1.0,4
2021-03-16,0.8983921213788153,0.8775340184637799,1.5003820744405705,1.2550166416041881,1.0,4
2021-03-17,0.7513093759498782,0.6942306082463345,1.5243411057819187,1.1157173280996484,1.0,4
2021-03-18,0.6658942320522605,0.6798356123522701,1.455734450472692,1.1550529924098911,1.0,4
2021-03-19,0.6881656293720606,0.6719426201687624,1.34065317123438,1.0510158150530342,1.0,4
2021-03-20,0.7566493090503389,0.957332012467991,1.2480583554429687,1.4583325198754382,1.0,4
2021-03-21,0.7609558919606143,0.8464718231907085,1.1160215373338351,1.2233443521515082,1.0,4
2021-03-22,0.6405764115035991,0.7435544998819337,1.154376254818763,1.2662180427333698,1.0,4
2021-03-23,0.69019676338139,0.6971045024845024,1.0561392862159789,1.0489835472640745,1.0,4
2021-03-24,0.6595011176063059,0.8550619569712958,0.8705345853561183,1.2725608401088853,1.0,4
2021-03-25,0.5880214548443449,0.7341003457400445,0.7569607546117437,1.1526984217272507,1.0,4
2021-03-26,0.48859061180984265,0.647432536858195,0.6917912615966366,1.0734706270617065,1.0,4
2021-03-27,0.5705228125280845,0.5131214756557523,0.9344100091764803,0.833446642178315,1.0,4
2021-03-28,0.47581178227194587,0.4603194170354853,0.7031431428410133,0.7256214527797586,1.0,4
2021-03-29,0.37673733260079006,0.46771175830380385,0.3015489131410564,0.6247252850811135,1.0,4
2021-03-30,0.35969582987721443,0.45764302483233255,0.26283781110422433,0.6208276463549043,1.0,4
2021-03-31,0.4213535338646347,0.4856729465761547,0.2782783252397025,0.656876722575298,1.0,4
2021-04-01,0.4593560275950285,0.43964092349636263,0.3465494616409753,0.5403946148391554,1.0,4
2021-04-02,0.4959846523314446,0.47501398210173396,0.522850169137341,0.6870561127503997,1.0,4
2021-04-03,0.4505405173534274,0.4766364691190916,0.24053194683284523,0.5985855879566144,1.0,4
2021-04-04,0.5385743372949916,0.6300853733625963,0.4786878952664358,0.8014457753121871,1.0,4
2021-04-05,0.7778604335445518,0.7000908541981276,0.364177583541853,0.750683403634816,1.0,4
2021-04-06,0.8971643151209592,0.7673922693578535,0.47385600170402475,0.7464788947242542,1.0,4
2021-04-07,0.9067069696229523,0.733307997098462,0.4560069485989386,0.6659069287493297,1.0,4
2021-04-08,0.8969668210016888,0.5742237372977513,0.6856746933212413,0.4675204040206566,1.0,4
2021-04-09,0.8215814978443374,0.541631515783286,0.4312153678987465,0.37674020868014435,1.0,4
2021-04-10,0.8541439185362816,0.5322315908059824,0.4737263914793276,0.4068568987824892,1.0,4
2021-04-11,0.8956500146843416,0.7187873081290208,0.888148259722936,0.862023554751884,1.0,4
2021-04-12,0.9915175372631473,0.6660991988858629,0.9813848538395634,0.8233775885647602,1.0,4
2021-04-13,0.9096636169329808,0.5262929223508261,0.8795212560413611,0.6218245681893962,1.0,4
2021-04-14,0.8289361767320399,0.44836617955097524,0.9435272986331715,0.6476432189631061,1.0,4
2021-04-15,0.8779772828270409,0.43995997880279963,1.3520742933965169,0.7159093905805161,1.0,4
2021-04-16,0.9034936886383068,0.6032889038800495,1.3117777670511175,0.8268915636593909,1.0,4
2021-04-17,0.949241551826529,0.6534070026560624,1.4446701846668026,0.9008515954082927,1.0,4
2021-04-18,0.6541548018677457,0.5779860957809649,0.6809487808143907,0.8852673957212344,1.0,4
2021-04-19,1.0519086797459303,0.7238941828253316,1.4596647624385688,0.8640851360933671,1.0,4
2021-04-20,1.0140832300735503,0.7766621720983551,1.4406634733969577,0.9998832703479371,1.0,4
2021-04-21,1.06937711477892,0.7604798313335933,1.7393068889327554,0.9870665583259467,1.0,4
2021-04-22,1.1131193620427733,0.847398921809852,1.9242777369461601,1.1579487507609396,1.0,4
2021-04-23,1.2191841081063162,0.7878889809632061,1.9987464638967836,1.0853118899629453,1.0,4
2021-04-24,1.4217668361659332,1.5349167505449224,2.0,2.0,1.0,4
2021-04-25,1.5529402122352296,1.4626210859679212,2.0,2.0,1.0,4
2021-04-26,0.8717828480948135,0.4693244362520427,1.641368564220766,0.7710853539228945,1.0,4
2021-04-27,0.8958392541571869,0.5033949902801859,1.6100990563664512,0.8099931986161687,1.0,4
2021-04-28,1.006721920761134,0.598108282045713,1.7324648122068889,0.8228895832017102,1.0,4
2021-04-29,0.9432549165323888,0.6301603513706572,1.571026842912819,0.7921858352704838,1.0,4
2021-04-30,0.9246506989266389,0.6575862257237749,1.3904916858636058,0.7931655306565482,1.0,4
2021-05-01,0.8303516378917561,0.5766431607063708,1.4020128795926607,0.7920561181461301,1.0,4
2021-05-02,0.7427451879452748,0.5892089109601314,1.5282494656433026,0.852432308284017,1.0,4
2021-05-03,0.8822251423999419,0.516983034572222,1.5803888867192817,0.7105797932782738,1.0,4
2021-05-04,0.844440397336214,0.6820065658045903,1.48050011409939,0.9802406920033235,1.0,4
2021-05-05,0.7336928758224119,0.6437052650389171,1.3655034288894583,0.9644563828839666,1.0,4
2021-05-06,0.6889366792347996,0.5033886124509419,1.4925111672000293,0.7649955347024161,1.0,4
2021-05-07,0.6206585201766731,0.5272698904815867,1.4454833027339056,0.882062097347048,1.0,4
2021-05-08,0.639271671894317,0.6005274351626911,0.8536399865910157,0.6265917082343105,1.0,4
2021-05-09,0.6398341333407118,0.5909415663827732,0.7111513843744776,0.5418084092224433,1.0,4
2021-05-10,0.6938281014990775,0.6057627645561121,0.9076378551164761,0.8169736830495505,1.0,4
2021-05-11,0.8092621908863237,0.5876741612613846,0.907062770265487,0.7399598364090263,1.0,4
2021-05-12,0.9856107017098338,0.6608154819432427,0.9328187333375527,0.7006639496052486,1.0,4
2021-05-13,0.8596660014279088,0.5358652195608686,0.7267885830311798,0.6080962856208032,1.0,4
2021-05-14,0.9437151962143774,0.5590673122041441,0.9244647475272652,0.6096291748810503,1.0,4
2021-05-15,0.9535141786736347,0.6186918967900025,0.6663111174583807,0.6322173004193993,1.0,4
2021-05-16,0.9476670093535124,0.598216621297182,0.7397546459432508,0.6084335951102746,1.0,4
2021-05-17,0.8338164267820529,0.7995982575711817,0.6077876356797167,1.048276022328452,1.0,4
2021-05-18,0.8757243887179863,0.7863500278414401,0.5814208899469703,0.920398922189813,1.0,4
2021-05-19,0.6383380925827725,0.23438696875319326,0.5951587694341748,0.36648328610367936,1.0,4
2021-05-20,0.706736017877275,0.16639144133776657,0.44850001116119753,0.14046565417047402,1.0,4
2021-05-21,0.7397095473536321,0.2949550155350659,0.558634515124584,0.29496712348043597,1.0,4
2021-05-22,0.8317840745821625,0.32100429201504577,1.1863950004058492,0.6577835655217352,1.0,4
2021-05-23,0.9829380465330457,0.5188713102203661,1.0687903344319178,1.0352617248606264,1.0,4
2021-05-24,1.201456229735688,0.6509411113746185,0.15845602932839423,0.9342539068076724,1.0,4
2021-05-25,1.364950488023268,0.6661695885603641,0.3005639267530431,0.9651928799354637,1.0,4
2021-05-26,1.362658893020787,0.6280284310815771,0.24364376854533867,0.9033730761161243,1.0,4
2021-05-27,1.160321383346221,0.5447428299687483,0.4579781559721484,0.8561307624049727,1.0,4
2021-05-28,1.095468770568426,0.5601833732970172,0.23825203641711792,0.8326081792580913,1.0,4
2021-05-29,1.004963206046703,0.5620983673570036,0.6407056484979009,0.9842143005418942,1.0,4
2021-05-30,0.9699968363469363,0.5551313608852643,0.9156416123620614,1.1036311681124393,1.0,4
2021-05-31,0.8075846918710109,0.6112213623640695,0.42780141263104354,0.9143663246861314,1.0,4
2021-06-01,0.7614516797964441,0.6589119956802869,0.4278164055272841,1.031234973532636,1.0,4
2021-06-02,0.36209734064476784,0.5470014988311721,0.11344299788671969,0.8297298072900887,1.0,4
2021-06-03,0.23795490704645383,0.43788330985779417,0.45341725267513533,0.8075548797351552,1.0,4
2021-06-04,0.16692495612849806,0.2898057555814663,0.5424968928639244,0.6800176251178358,1.0,4
2021-06-05,-0.1599175322950601,0.6029034213314884,0.5431452622588798,1.3558686807582019,1.0,4
2021-06-06,-0.16798908886861996,0.5312512923703218,0.5917940692806708,1.1442454872402714,1.0,4
2021-06-07,-0.1211459128885724,0.36058270710153206,0.7284088320031761,0.9423480814824876,1.0,4
2021-06-08,-0.11712614734306867,0.4206866423661657,0.7907088785433416,1.0325040721456986,1.0,4
2021-06-09,-0.12156371610850117,0.4312316894791013,0.8052542300152389,1.045096665984239,1.0,4
2021-06-10,-0.11438602671929309,0.3922012052202122,0.727842266979562,0.9848604299314284,1.0,4
2021-06-11,-0.270441358119562,0.29355016530529415,0.5698880351154015,0.9412672136685062,1.0,4
2021-06-12,0.2691166335051065,0.5239388766101594,1.0881590737450662,1.0844933771923337,1.0,4
2021-06-13,0.3706568762073108,0.533367138402986,0.9497943932391708,0.9886824210251454,1.0,4
2021-06-14,0.19506279054886233,0.5553569566527463,1.0692135222849257,1.3341201116173431,1.0,4
2021-06-15,0.1740430063222016,0.43323160054494153,1.1559498776266048,1.1875398128488812,1.0,4
2021-06-16,0.27090147530762443,0.4597246666591008,1.2669114084874245,1.1929902374433197,1.0,4
2021-06-17,0.42500322442739435,0.5672143514388089,1.0861642314112254,1.1168164221734664,1.0,4
2021-06-18,0.5790943006429131,0.6547763801325408,1.4218518129849869,1.2864759356920683,1.0,4
2021-06-19,0.9615847089336514,0.7103600956085978,1.9134992300472888,1.3032246860793286,1.0,4
2021-06-20,0.8603443329638877,0.8965970758132782,1.8777969544529605,1.612582143581366,1.0,4
2021-06-21,0.9228928347951534,0.8710881862189789,1.5340751994326467,1.4094694367148477,1.0,4
2021-06-22,1.000359098758901,0.9303065221677318,1.4653376113880654,1.3736766498320692,1.0,4
2021-06-23,1.2987488974058794,1.0959175468997837,1.7745106919943794,1.472943810603069,1.0,4
2021-06-24,1.2487134568801634,1.2134130181469367,1.5488203518717476,1.5740292286968152,1.0,4
2021-06-25,1.8836689118032781,1.6243831833712699,2.0,2.0,1.0,4
2021-06-26,1.8300175245356756,1.5632818067274306,1.463006281007254,1.6082424338799688,1.0,4
2021-06-27,1.7846979519922972,1.531643433697235,1.4838687729130795,1.6242147993095903,1.0,4
2021-06-28,0.7603621745288016,1.013119591681055,1.6545939743254992,1.5274241646506068,1.0,4
2021-06-29,0.7375744508487687,0.994322634737059,1.6844977565060903,1.574177057812933,1.0,4
2021-06-30,0.7982136791517465,0.9133682499953335,1.9045777837196876,1.6004687203757777,1.0,4
2021-07-01,1.2205662230365935,0.9211258164564298,2.0,1.663298611872128,1.0,4
2021-07-02,1.2387037312098605,0.9681318891177604,2.0,1.7583776876339678,1.0,4
2021-07-03,1.2237901011234313,1.0328361341882284,2.0,1.905193807062513,1.0,4
2021-07-04,1.233776387443511,1.0623327753293914,2.0,1.9126515860014834,1.0,4
2021-07-05,0.9494228320629737,1.0467400274953746,2.0,2.0,1.0,4
2021-07-06,0.9834897313057396,0.9143397874205285,2.0,1.7336717845467342,1.0,4
2021-07-07,0.9404437475978633,0.9034443765864957,2.0,1.7283253876390523,1.0,4
2021-07-08,0.8351368302526583,0.7541624292243806,2.0,1.6794800575421034,1.0,4
2021-07-09,0.24275087336594486,0.8884847527572785,1.8571490250127,2.0,1.0,4
2021-07-10,0.021025521591617635,0.8061534631506799,1.7554675014587788,2.0,1.0,4
2021-07-11,0.01684195776908717,0.8011826401168278,1.8408368086470923,2.0,1.0,4
2021-07-12,-0.30948985697570774,0.5623350261871503,0.7501521478269296,1.5246693157495015,1.0,4
2021-07-13,-0.30668570754520763,0.6046357337558746,0.768409791705147,1.5938465664894643,1.0,4
2021-07-14,-0.3254489794283292,0.5968324749214537,0.7175799552294564,1.585467366576582,1.0,4
2021-07-15,-0.37956376908362754,0.7497980538504724,0.4967388964406466,1.7736024493395395,1.0,4
2021-07-16,-0.409109703209862,0.6744478167027541,0.25397700799420275,1.5698820422472501,1.0,4
2021-07-17,-0.4543209847372734,0.625364047677186,0.10970413773867933,1.4221701850627675,1.0,4
2021-07-18,-0.3546045221483788,0.6802630667977323,0.2702866882945656,1.4839691515251419,1.0,4
2021-07-19,-0.6644031750279417,0.29095619089081914,-0.4280308572147423,1.0909274240038629,0.0,4
2021-07-20,-0.6504853832091061,0.3228448028675588,-0.4546029178690072,1.1464994848584833,0.0,4
2021-07-21,-0.6016528961852824,0.42980243440612476,-0.4173610788504345,1.2605144327492668,0.0,4
2021-07-22,-0.5583501618394051,0.5551991351416496,-0.6959658569103002,1.2036536172859036,0.0,4
2021-07-23,-0.40576228043335305,0.7602210022393875,-0.6699664641037822,1.4023756512955523,0.2408816402061107,4
2021-07-24,-0.3914571181328221,0.8396554561531124,-0.6396214449896618,1.5170061170614169,0.44107883637156564,4
2021-07-25,-0.37176334225141106,0.8265218915632919,-0.7704373675643081,1.425708746909686,0.2240948326145521,4
2021-07-26,-0.10775729620476013,0.8932563576326904,-1.2642090336767147,1.2855573936902216,0.0,4
2021-07-27,-0.0829569246441991,0.918450728035938,-1.1176176160854145,1.347228606198129,0.11235671701300398,4
2021-07-28,-0.09498342790872541,0.9217740926728514,-1.1102763258733415,1.3728416906679697,0.1302649211197483,4
2021-07-29,-0.07421283637011622,0.9129742772340731,-1.0138576709076847,1.3805366921505762,0.28219254926267434,4
2021-07-30,-0.13202780598405434,0.8341133893032163,-0.9702072935570116,1.3777916677748314,0.20898317702393865,4
2021-07-31,-0.13812576971313686,0.7955109151588033,-0.8350105194611916,1.4196649162256934,0.37905897605221783,4
2021-08-01,-0.058659272645587776,0.5258852824405041,-1.191909267168063,0.7245804751243438,0.0,4
2021-08-02,0.7951638032638584,0.7673492719059842,-0.7650117973122399,0.6067705811320949,0.7559029239337419,4
2021-08-03,0.7772363028009002,0.754775583559825,-0.7749291480404961,0.6179560954853589,0.7262930392639955,4
2021-08-04,0.7372605720235011,0.7275889393154727,-0.8247337749566208,0.6108506665967994,0.5923629720806837,4
2021-08-05,0.601866984656684,0.7639729060576526,-0.40631992640610404,0.9402987862120142,1.0,4
2021-08-06,0.5925926051582808,0.7490080353286404,-0.2439452279691129,1.006726977783723,1.0,4
2021-08-07,0.5318155891948129,0.6353356429534294,-0.151873494426272,1.0023984753568682,1.0,4
2021-08-08,0.47721427114676185,0.6321013697654765,-0.10675470937221096,1.0293296947539816,1.0,4
2021-08-09,0.6897087949013037,0.7461037024178587,0.444030117819184,1.181737165453826,1.0,4
2021-08-10,0.7293170178756119,0.7656834514089211,0.26827247361407586,1.097548282214035,1.0,4
2021-08-11,0.7255399108822362,0.7542524843172554,0.29536432381959743,1.0536138662858667,1.0,4
2021-08-12,0.7953757816919074,0.74061816911027,0.16307460871438223,0.9189893674468408,1.0,4
2021-08-13,0.7661025065418844,0.7412155467588211,0.2976017987378558,1.0050343652631268,1.0,4
2021-08-14,0.8001511912509949,0.7585415342697748,0.21730527513145081,0.9055488612181763,1.0,4
2021-08-15,0.6257602307192042,0.6403704276002217,0.624732532180814,1.1796070925161481,1.0,4
2021-08-16,1.1272929890686356,0.8993750819388795,1.661326196940513,1.5688152298411868,1.0,4
2021-08-17,1.0897889804404481,0.883191325295661,1.646257200491307,1.5506221207732982,1.0,4
2021-08-18,1.0698395811897066,0.8793253357028047,1.6234661057759998,1.5311982338458785,1.0,4
2021-08-19,1.320847820400277,1.0259952386240005,1.5478598235055374,1.4257716445721718,1.0,4
2021-08-20,1.185243090171312,0.9157003135642986,1.3637460098843166,1.302204183358098,1.0,4
2021-08-21,1.104967562810673,0.8961406184839212,1.346504009269534,1.2789063153767384,1.0,4
2021-08-22,1.0746929650098607,0.8731640015149496,1.3307214914720211,1.2602067055335637,1.0,4
2021-08-23,1.04466756404553,0.8958908270014522,2.0,1.6069633994378572,1.0,4
2021-08-24,1.0794668708304236,0.8827728301033217,1.9336085348858782,1.5020585649811633,1.0,4
2021-08-25,1.073586869868261,0.8932907152893078,1.8963124788614698,1.4824900468379048,1.0,4
2021-08-26,1.119681810718176,0.9128655401036521,1.991343935493529,1.561082450106437,1.0,4
2021-08-27,1.2188638819334314,1.0035852381401773,1.8903559569665702,1.4588944219478697,1.0,4
2021-08-28,1.220012173118938,1.0605998229144484,1.9996333311156276,1.5602411702706376,1.0,4
2021-08-29,1.3028712345560562,1.031513689809074,1.8721813033014423,1.3962632607872696,1.0,4
2021-08-30,1.0840958260656732,1.0418373905855196,2.0,1.6962454937820437,1.0,4
2021-08-31,1.0862400155254623,1.01537135365954,2.0,1.6531324480919627,1.0,4
2021-09-01,1.0961333401315254,0.9975124353185678,2.0,1.5959642956812155,1.0,4
2021-09-02,0.9368604044085672,0.9376443396337896,1.7642596096422447,1.3624132534085294,1.0,4
2021-09-03,0.8952991398131649,0.9026349056666286,1.637193988086504,1.2557361613500013,1.0,4
2021-09-04,0.8546976719284219,0.8583804754140286,1.571907472168069,1.1762430760416434,1.0,4
2021-09-05,0.9310855033446243,0.9238863106117087,1.629259719162654,1.2249863337647473,1.0,4
2021-09-06,0.9850099544325607,0.8391366601843846,1.4690271985572934,1.0069412942009661,1.0,4
2021-09-07,0.8948490379779235,0.7836624232046832,1.475532812085695,1.0414067514882297,1.0,4
2021-09-08,0.8910844838476498,0.7824561452366856,1.4727845287943426,1.0427892744232492,1.0,4
2021-09-09,0.8286601273984722,0.7079694320111615,1.3182308645052858,0.9380252688696267,1.0,4
2021-09-10,0.7181319137616847,0.3966459008693102,0.9685503191858759,0.5342250829471935,1.0,4
2021-09-11,0.7752161504895083,0.4695740407498062,1.0454511820666188,0.6220987963834216,1.0,4
2021-09-12,0.6031545256029054,0.3423272479320579,0.9546768039699122,0.5700186974941378,1.0,4
2021-09-13,0.4520786464536151,0.31194049800944307,0.6149716602625177,0.407020170078738,1.0,4
2021-09-14,0.30732015859859413,0.19783554115018015,0.35757114496770726,0.1869248689751607,0.9772976682549883,4
2021-09-15,0.3120263777585182,0.1730641408320247,0.3130560308390976,0.10431670361664028,0.8122028941082597,4
2021-09-16,0.3453617101520222,0.2649277731401692,0.4028530438828127,0.24708892660111484,1.0,4
2021-09-17,0.3569779835505806,0.30648322559523156,0.48076397049024755,0.31312139476913453,1.0,4
2021-09-18,0.37781051473267885,0.31488456059454595,0.5442514913880719,0.3658081844438592,1.0,4
2021-09-19,0.31463195122850646,0.32694605429237733,0.5501821475276432,0.4112452932357655,1.0,4
2021-09-20,0.1325576752635168,0.28326967403296505,0.5748779796818887,0.49660244818834903,1.0,4
2021-09-21,0.1545618250327055,0.2992291698631643,0.6089538979813468,0.5010643301478032,1.0,4
2021-09-22,0.11556958862600372,0.28137773388415643,0.5272958655312942,0.495910491517595,1.0,4
2021-09-23,0.1573745874769517,0.28389613414799086,0.5870236766235485,0.5144998409485485,1.0,4
2021-09-24,0.12871779889617121,0.2868766754368122,0.6433639317722886,0.5297385425943628,1.0,4
2021-09-25,0.10210525825135906,0.2298455609166685,0.5567150777967543,0.38680650791346816,1.0,4
2021-09-26,0.0769889763972803,0.22117338446050455,0.5101539297581357,0.42275763166662156,1.0,4
2021-09-27,-0.1700114353226348,0.09643409083592666,0.01738627523880884,0.19865936741972054,0.007471127043956888,4
2021-09-28,-0.3664835689301136,-0.04813591400402002,-0.22829858163099714,0.009911930740288788,0.0,4
2021-09-29,-0.3944003902813401,-0.07615917741856001,-0.2308016717293279,0.0019536233845849627,0.0,4
2021-09-30,-0.3139578307261102,0.01894107633453973,-0.18365805835788002,0.080817029410196,0.0,4
2021-10-01,-0.30821074133883064,-0.022648901030466136,-0.1818875819166478,0.03374127537119414,0.0,4
2021-10-02,-0.2661531953633461,0.03791629469390432,-0.13287241220522855,0.12177091487569436,0.0,4
2021-10-03,0.036530553245838385,0.3898343591571129,0.402046144544189,0.505953808231078,1.0,4
2021-10-04,0.21168151252011186,0.47767628504150317,0.39237697562964274,0.5422325454676434,1.0,4
2021-10-05,0.11820192772116618,0.4044292095291174,0.23283295326663042,0.46428349706295147,1.0,4
2021-10-06,0.1758532426929255,0.4279852682506193,0.3425900334513995,0.4942059690310816,1.0,4
2021-10-07,0.0520346081269386,0.1925002370099358,0.07949446476519216,0.22625701377505236,0.47684963598630187,4
2021-10-08,0.05515742837096402,0.17716952367394487,0.08583306234553291,0.25325744859279825,0.49346146155912596,4
2021-10-09,0.06221897799142985,0.1652294245488681,0.06841042346878565,0.2359818036622695,0.4596849857208982,4
2021-10-10,0.07623574076583578,0.14437535446962127,0.1000599897396109,0.1772813701086989,0.4588767113235218,4
2021-10-11,0.1737230324529187,0.14292805103965445,0.13600564781453361,0.11907970764988725,0.551956437173252,4
2021-10-12,0.23167506365302054,0.17682311686944577,0.282242132782285,0.20149831720987532,0.8529337335922735,4
2021-10-13,0.2686735750480641,0.20219553096625473,0.34672516645366735,0.27666881642120744,1.0,4
2021-10-14,0.20332853722108837,0.1016782930723749,0.34653177030550053,0.12623326663207235,0.6822891392088513,4
2021-10-15,0.20723021612090417,0.16151633877235402,0.36988079321385836,0.2017923048401151,0.8606284492766617,4
2021-10-16,0.08855920757564725,0.08999439745025636,0.27873810836552665,0.16878778991278448,0.5484069698974781,4
2021-10-17,0.08320923762145603,0.09009439905659664,0.270076408402109,0.16615146861059085,0.5341886501962299,4
2021-10-18,0.04699680612423565,0.028306129861051424,0.2619950081323754,0.1103588614125536,0.35582646540810703,4
2021-10-19,0.09233792455843995,0.06540200978218275,0.3538244239366352,0.13477569535432793,0.5326287305415753,4
2021-10-20,0.0735859908668832,0.04786203441561798,0.3006125248405442,0.09946748195116425,0.42156620137471795,4
2021-10-21,0.20040643901776495,0.04541028133277061,0.45574701000902973,0.12649166958772293,0.6743418858111713,4
2021-10-22,0.2245599978624858,0.053931838750635536,0.4897577522312364,0.2034698349405269,0.8147649671484644,4
2021-10-23,0.19607674213732595,0.031628109029935784,0.44775651954848067,0.1945167290669622,0.7211883057378051,4
2021-10-24,0.24073088593761863,-0.03389034028212733,0.4493078350436735,0.10326591945676418,0.5809039534380825,4
2021-10-25,0.302705420907801,-0.021119546221242708,0.5313896834389562,0.12249478527942148,0.7289029304872466,4
2021-10-26,0.33872349600772816,0.04670196256789266,0.619659605512178,0.20223967855510738,0.9967390499952742,4
2021-10-27,0.275324730986108,0.018725827222807565,0.5339758887076702,0.1407698689177207,0.7774463782719452,4
2021-10-28,0.3145291484894426,0.09474647415990489,0.606108292882588,0.31250978930685686,1.0,4
2021-10-29,0.20619686586555577,0.09536791241397517,0.5859332913374594,0.3903933870666838,1.0,4
2021-10-30,0.22113898477090638,0.14723619188402381,0.5826597517100461,0.4038263468165101,1.0,4
2021-10-31,0.28291751867864146,0.2628306819371482,0.7342873510966057,0.542480348924833,1.0,4
2021-11-01,0.2089828446921829,0.11722657644284343,0.4555720973891999,0.357257510904073,1.0,4
2021-11-02,0.22457525163139294,0.14196113309944788,0.46922208166511203,0.41340100676034836,1.0,4
2021-11-03,0.2297649877541943,0.17050482807375344,0.4853589778753632,0.4590021006524084,1.0,4
2021-11-04,0.22770318270586892,0.08509425707198567,0.4073154303589623,0.3100608152371656,0.9120435818378763,4
2021-11-05,0.16582814733968518,0.13359087028250774,0.34279550914929113,0.3466580045279856,0.8906905478713203,4
2021-11-06,0.19211777310653927,0.1410663705527768,0.3515674623144306,0.34131534458397045,0.9342771664116465,4
2021-11-07,0.194021921447208,0.16793105452382842,0.35003342293310935,0.40034748746134835,1.0,4
2021-11-08,0.22644764053696695,0.19865244160812556,0.3475271707754021,0.41793115192697056,1.0,4
2021-11-09,0.11545963022361168,0.14705854512164557,0.2609706417590553,0.3937869553331827,0.8079799888040695,4
2021-11-10,0.13987948204415138,0.16373587644503917,0.29650742232808086,0.4197130244980327,0.9075469882960706,4
2021-11-11,0.13861456612368045,0.21428828722521925,0.3162066266243099,0.4678573807555426,1.0,4
2021-11-12,0.29587570644012556,0.3408575898576079,0.5268923408106037,0.5998242833996816,1.0,4
2021-11-13,0.2893662322212138,0.34953108215047757,0.5247735243793575,0.6141977707358234,1.0,4
2021-11-14,0.2954437461322358,0.357452664816709,0.5433056933021079,0.6306754218910431,1.0,4
2021-11-15,0.4197279213957077,0.3488081432619856,0.6490336325491648,0.6062757166601579,1.0,4
2021-11-16,0.5092929005858291,0.4127564346647105,0.759370490689182,0.66949055599024,1.0,4
2021-11-17,0.5375757158441724,0.42724740593062294,0.791716391058413,0.6896233200824702,1.0,4
2021-11-18,0.41245418040438603,0.34815057590963655,0.6934261836752312,0.6697995630333161,1.0,4
2021-11-19,0.31371483743409906,0.3048231116712707,0.6191551822631428,0.6363203469999442,1.0,4
2021-11-20,0.3009194743653737,0.26446214462464274,0.5140876284141376,0.5544477064272131,1.0,4
2021-11-21,0.2118582111947612,0.12130539143825964,0.2636500319730091,0.2723568673850387,0.8091201859408135,4
2021-11-22,-0.038648074923062284,0.059158221715001263,0.23954507812864223,0.23778498426632844,0.37851324909498535,4
2021-11-23,-0.14056940078745458,0.027270758931315444,0.1298722984139255,0.18168172380594208,0.0752185825855265,4
2021-11-24,-0.15873775916488397,0.01472378164815218,0.08458206700550973,0.15465885936088702,0.0,4
2021-11-25,-0.1890423867223133,0.02091044319507689,0.09802634325743088,0.13407640863846212,0.0,4
2021-11-26,-0.22958181964375737,0.01751141951262107,-0.029933015950181042,0.09847916243085998,0.0,4
2021-11-27,-0.20986414927784777,0.052070054902482996,0.013888282839286902,0.14109238435209762,0.0,4
2021-11-28,-0.1740220641452343,0.05128421309072382,0.005496279014106018,0.13355755227552724,0.0,4
2021-11-29,-0.2330308232159552,0.07952955922293632,-0.19509118340338172,0.15981050356777537,0.0,4
2021-11-30,-0.3147313948444984,0.0520054107303587,-0.2808223310358028,0.0934025832403034,0.0,4
2021-12-01,-0.5510062562813428,-0.04863974937871802,-0.45682243591913707,-0.01996596240695839,0.0,4
2021-12-02,-0.7552725223146748,-0.06996820365065351,-0.5602075161351261,-0.008518187447413037,0.0,4
2021-12-03,-0.745886841298428,-0.0818904408085899,-0.544643582868651,-0.0038676079560707346,0.0,4
2021-12-04,-0.5365270968882432,-0.019511690844912746,-0.4476372831509681,-0.04378711495377026,0.0,4
2021-12-05,-0.5048243408345817,-0.06727667391333908,-0.4262571542219262,-0.0762565805505854,0.0,4
2021-12-06,-0.5762384379001818,-0.0886013619265502,-0.9072476199716502,-0.11414131691318158,0.0,4
2021-12-07,-0.4357645592492234,-0.05510858093981912,-0.7841716028847491,-0.11576173104797349,0.0,4
2021-12-08,-0.6134368174953986,-0.1523326179494769,-0.8364298543490337,-0.12694711793189173,0.0,4
2021-12-09,-0.7056188090974838,-0.18706780219500907,-0.8892977701387121,-0.12803479046882021,0.0,4
2021-12-10,-0.5975590997044822,-0.12367296992447098,-0.7359639303598196,-0.04083519804750295,0.0,4
2021-12-11,-0.5258501714259263,-0.10390514359691794,-0.5375871156767331,0.01952903036266402,0.0,4
2021-12-12,-0.6137389911039001,-0.11699661349075914,-0.6426736231406757,0.01154263107850155,0.0,4
2021-12-13,-0.9114270154288183,-0.12711889205945148,-1.0558820544018748,0.05633436780195024,0.0,4
2021-12-14,-0.9341151842953257,-0.12418304228588137,-1.0373038942958166,0.10704736585372056,0.0,4
2021-12-15,-0.8898621506747907,-0.09162988093036302,-0.97484709598425,0.15159524893250864,0.0,4
2021-12-16,-0.8389777533324244,-0.04295214828454371,-0.9242196386584338,0.25519501812698603,0.0,4
2021-12-17,-0.8365911393137322,-0.037602557279257945,-1.025691350042216,0.21981343717255264,0.0,4
2021-12-18,-1.0136714616258362,-0.28873475616022487,-1.3272799757207514,0.003639983213371055,0.0,4
2021-12-19,-1.0891077751140001,-0.2569059612793613,-1.363977478697485,0.06739805737190974,0.0,4
2021-12-20,-0.7934132600189114,-0.13465352248478912,-1.262889202580238,0.06180030557717708,0.0,4
2021-12-21,-0.9476654046258395,-0.21349070773768586,-1.3831090994190571,0.05189868204704252,0.0,4
2021-12-22,-0.9509398333752173,-0.20318820804719828,-1.3853802079932145,0.02078115457964911,0.0,4
2021-12-23,-1.0032791777656447,-0.19198789530931462,-1.4127260175621443,0.05105238494441987,0.0,4
2021-12-24,-0.9826776966933162,-0.19081555354941426,-1.368560535343919,0.08858413128957789,0.0,4
2021-12-25,-0.9352433154732649,-0.1863657229529702,-1.313585967318656,0.02736272848509415,0.0,4
2021-12-26,-0.9658209776220722,-0.14460710391036838,-1.2747954887291142,0.091111724316888,0.0,4
2021-12-27,-0.5944816380829885,-0.1327047302879751,-1.073824591318939,0.00015549811117778617,0.0,4
2021-12-28,-0.4829814260801096,-0.06629517262285273,-0.9295292105678162,0.06064361557777258,0.0,4
2021-12-29,-0.45032545217367276,-0.053495350429567275,-0.8856667856096364,0.08817650386983218,0.0,4
2021-12-30,-0.4488126698858121,0.032634521758457914,-0.8204430008905261,0.2236301406666191,0.0,4
2021-12-31,-0.5492065967544316,-0.07764304907603349,-0.919090287736097,0.11095901947663822,0.0,4
2022-01-01,-0.3699691588909138,-0.015946762484628552,-0.7579541887471608,0.16394517876605924,0.0,4
2022-01-02,-0.7111183901063597,-0.0669073399534807,-1.066063143165654,0.16084275426087535,0.0,4
2022-01-03,-0.6301049712065835,-0.12072081416538513,-0.9156924616156092,0.0918699483868514,0.0,4
2022-01-04,-0.5734340527351967,-0.07988248786887846,-0.8263413350762765,0.14484453895929372,0.0,4
2022-01-05,-0.5128746759289304,-0.06949677131505752,-0.7621772410847618,0.17193297844290134,0.0,4
2022-01-06,-0.5156489413737412,0.019491278006480747,-0.6794556921226558,0.2855233244947981,0.0,4
2022-01-07,-0.4352708067397917,0.06053568938939617,-0.5815727354902802,0.32868354572823283,0.0,4
2022-01-08,-0.5189774405374388,0.01960050661510846,-0.6314784416000411,0.3484054503898324,0.0,4
2022-01-09,-0.3815947604625164,-0.026040169714440137,-0.5713278012006454,0.2614553046583392,0.0,4
2022-01-10,-0.5162072404670928,-0.09175229237305285,-0.5666543101385576,0.2357571403417477,0.0,4
2022-01-11,-0.5602260096561672,-0.11900428293883972,-0.6198342988101044,0.1965107081615237,0.0,4
2022-01-12,-0.6192548196548319,-0.1429059284260724,-0.7026536112982988,0.15725434983890346,0.0,4
2022-01-13,-0.6156166522502733,-0.19831214886859155,-0.8223267116142066,-0.05733460857955836,0.0,4
2022-01-14,-0.564868721742484,-0.15271062067682603,-0.7642270162827537,-0.037335040271058946,0.0,4
2022-01-15,-0.6386962759040584,-0.20894204245539433,-0.8714542589734765,-0.08271469804645826,0.0,4
2022-01-16,-0.5969109987493713,-0.18249351022235338,-0.8215758102367141,-0.08680363345930574,0.0,4
2022-01-17,-0.6308939306930054,-0.22582625190180217,-0.8539732143981352,-0.15053677529523402,0.0,4
2022-01-18,-0.41399334039647134,-0.16966668001920654,-0.6216422024660399,-0.017911707188301415,0.0,4
2022-01-19,-0.4004289020713697,-0.15782609045064683,-0.5964812939516317,-0.004167358203013907,0.0,4
2022-01-20,-0.3932244141565287,-0.20211257943102506,-0.6156031085806776,-0.04183741759998197,0.0,4
2022-01-21,-0.26764575478280406,-0.1498403682163993,-0.5017110860646194,0.05249626585174583,0.0,4
2022-01-22,-0.17699791551123506,-0.09573897042180748,-0.39144159437280945,0.11793863489428275,0.0,4
2022-01-23,-0.00989700085685507,0.03475515698831952,-0.1524822607892107,0.3476234921023776,0.037448797839255976,4
2022-01-24,-0.15494758368373476,-0.007686316512256458,-0.2088671430399155,0.27132536218827863,0.0,4
2022-01-25,-0.16787771366067,0.003762704386627236,-0.258559408057354,0.17086734080940816,0.0,4
2022-01-26,-0.525391307011364,-0.11764045952525681,-0.5880060501354389,-0.009735220244217815,0.0,4
2022-01-27,-0.5636064917465877,-0.12551611618229874,-0.7477826559183584,-0.056673872579911744,0.0,4
2022-01-28,-0.5617876850257927,-0.19070853779868288,-0.8468720646735014,-0.15182217808242246,0.0,4
2022-01-29,-0.6480708807138718,-0.17882030400551147,-0.8962004665786903,-0.09979184751376441,0.0,4
2022-01-30,-0.6269712144751176,-0.11869148907914455,-0.897200528058363,-0.12509633790101488,0.0,4
2022-01-31,-0.5760856961117619,-0.08282439926102315,-0.7587017765260202,-0.06506598091566954,0.0,4
2022-02-01,-0.5181889668767707,-0.06445307397270705,-0.7096672802324915,-0.052643922213747724,0.0,4
2022-02-02,-0.4352843599758799,-0.030695954413219557,-0.6187509068886955,-0.0052456146884109905,0.0,4
2022-02-03,-0.4806226026749436,-0.026579225308755738,-0.6242260104756279,-0.0040805689925788174,0.0,4
2022-02-04,-0.5649099928436133,-0.0693791563137385,-0.5601950391283869,-0.06258168627070804,0.0,4
2022-02-05,-0.7542916783963441,-0.055137589119534494,-0.6030055009269951,-0.0627175679279077,0.0,4
2022-02-06,-0.7683868095908699,-0.06323343735423576,-0.580491473725715,-0.039979061528120315,0.0,4
2022-02-07,-0.48424420650512673,-0.08449093230221398,-0.7486083842247679,-0.18037817777094495,0.0,4
2022-02-08,-0.7960456637934303,-0.15618560300770415,-1.004186421371301,-0.07339568022394533,0.0,4
2022-02-09,-0.4312823273281222,-0.04644266605515491,-0.6973013993085363,0.1822990248720147,0.0,4
2022-02-10,-0.19135734984897754,0.012306727987749674,-0.5816757816645299,0.3522981719421944,0.0,4
2022-02-11,-0.2519044304322375,0.01653554532244196,-0.5894426812280633,0.3472186604014354,0.0,4
2022-02-12,-0.15342645681804956,0.05049442476056454,-0.4167116194548182,0.37876836997014157,0.0,4
2022-02-13,-0.05685245864038129,0.03784412586454079,-0.353638067553968,0.4392682936782512,0.0,4
2022-02-14,0.3890477510778927,0.17113310576959842,-0.23047484326373013,0.37694872725530637,0.45614852426033226,4
2022-02-15,0.28797426330863446,0.11099036580894603,-0.24774979398197491,0.30355933992220735,0.2328105613010797,4
2022-02-16,0.2289044160455026,0.09093765859999263,-0.31243093044606884,0.2684502019839468,0.04601323541134958,4
2022-02-17,-0.0965533650034626,-0.08935013873632144,-0.4582774008687241,0.254840033886578,0.0,4
2022-02-18,-0.10001977799944974,-0.0774735893437494,-0.45249162859649694,0.27552409993941024,0.0,4
2022-02-19,0.0742973520718267,0.022657318275764747,-0.35067698278786974,0.36264941350931257,0.0,4
2022-02-20,0.12913823963701926,0.05639912459075843,-0.34630237009347115,0.38389444516100035,0.0,4
2022-02-21,0.09085174189149488,0.013232965140622024,-0.2497852783249826,0.36688165183208515,0.001412045815867291,4
2022-02-22,0.29556132926749007,0.10841114731053844,-0.05120808308341777,0.3905102479231696,0.572895872507182,4
2022-02-23,0.22861255417027126,0.07978987263470459,-0.1721294996036416,0.32516716374502475,0.2738496905203542,4
2022-02-24,-0.09887691130983689,-0.05445626201717886,-0.49138088276236214,0.11551864199714931,0.0,4
2022-02-25,0.15968585593353787,0.03414571249946764,-0.2982426807738697,0.19570763040019493,0.0,4
2022-02-26,0.5828876304509691,0.2062374466871378,-0.027552943072716322,0.3710193051022927,0.9089759647700296,4
2022-02-27,0.468880476287943,0.2108599693567653,-0.1280585024972688,0.29098658820659534,0.6259541808454041,4
2022-02-28,0.2856821426191292,0.14580958440174174,-0.22109894352676687,0.2967069505223855,0.29763198961898557,4
2022-03-01,0.03509148433908499,0.10534317180362684,-0.4568740635934836,0.20258703423826066,0.0,4
2022-03-02,-0.01768352921927424,0.08656869757355228,-0.5137544763878494,0.16522587667504451,0.0,4
2022-03-03,-0.22263085410299296,0.07685793726893601,-0.4686853387661541,0.05679368684741276,0.0,4
2022-03-04,-0.34849723944230176,-0.011951926501471087,-0.7042780258698085,-0.2164973586328238,0.0,4
2022-03-05,-0.5488548309033698,-0.050424322517586884,-0.7077951685016423,-0.23577426801686113,0.0,4
2022-03-06,-0.791039824823739,-0.15929728832237702,-0.6927160346361138,-0.27058156159692115,0.0,4
2022-03-07,-0.7755228946643828,-0.17186517788595274,-0.7025813772855183,-0.2879538310838491,0.0,4
2022-03-08,-0.7542787208864745,-0.18864705715788158,-0.710527562683132,-0.30142297802945217,0.0,4
2022-03-09,-0.711229315453527,-0.17962910615601965,-0.6373823895285464,-0.2654891477005848,0.0,4
2022-03-10,-0.2824857897424057,-0.01779769671597252,-0.3768621930443177,-0.10479829001242372,0.0,4
2022-03-11,-0.17925144315587238,0.03652138830367699,-0.31504637106186517,0.027085464048897327,0.0,4
2022-03-12,-0.4277545265809048,-0.12374399025746405,-0.4159260602378157,-0.10160892050523923,0.0,4
2022-03-13,-0.2543994734429647,-0.09348515193624425,-0.28535927041192904,-0.057843220074112994,0.0,4
2022-03-14,-0.2706226740107483,-0.11752959237520755,-0.4473245462284258,-0.12952726135394776,0.0,4
2022-03-15,0.07662085986326925,-0.06125439778065815,-0.23205906245549052,-0.053189046900812144,0.0,4
2022-03-16,0.18893726412861023,-0.03450388577112728,-0.14942013886696037,-0.02402378604839834,0.0,4
2022-03-17,0.26107161734013273,0.11723878064557064,-0.0103811072888245,0.19064542848171914,0.45813152798201806,4
2022-03-18,-0.008441126618085245,0.012022191836065574,-0.321505255794602,0.20405458090407724,0.0,4
2022-03-19,0.3547961357305186,0.14014358847372554,-0.14716904880678486,0.3436118414962031,0.4878230024414062,4
2022-03-20,0.5465812859714604,0.23928144392351294,-0.08679622416285027,0.3825061008258223,0.8484409980917715,4
2022-03-21,0.23318524485818087,0.1146676920762097,-0.17172053128988718,0.24498726142657418,0.25326906858025144,4
2022-03-22,0.229468620583661,0.0991754851974109,-0.12207776707197648,0.30905984074158666,0.35249662829924444,4
2022-03-23,0.3183970232900116,0.14220958020573612,-0.03844004010713521,0.38541182343137004,0.6428252178431217,4
2022-03-24,0.38693748487533447,0.09515368944178998,0.042961250841580034,0.27970623857626586,0.6660620847628607,4
2022-03-25,0.21766123431623155,-0.024814892784135945,-0.007034911503484086,0.12267691679720438,0.20936715498111946,4
2022-03-26,0.2584170598975243,-0.002301289381169065,0.10003497028331658,0.21433437004340225,0.46879000917026237,4
2022-03-27,0.042733757335258096,-0.08321292227398071,-0.10270282609980308,0.19863363228288755,0.0,4
2022-03-28,0.2976860706979444,-0.045375465252607744,0.08436449443627603,0.19480653057213432,0.4038839218809937,4
2022-03-29,0.1613766263501062,0.08084840753823347,0.09881247952958364,0.3241511153806356,0.5692749250381239,4
2022-03-30,0.10654008233600352,0.10205796324566266,0.055853208983068614,0.2857516619727447,0.46236870062716307,4
2022-03-31,0.18956769052009018,0.29787875453311125,0.3077453798068446,0.476556287978536,1.0,4
2022-04-01,0.6043061670376576,0.4927746290376807,0.6281831394335705,0.7237446241529184,1.0,4
2022-04-02,0.5044615641934524,0.38346946092294387,0.6698085386979045,0.5347665002211132,1.0,4
2022-04-03,0.3236525902272897,0.3081483795740439,0.5518962899040125,0.3043421843601314,1.0,4
2022-04-04,0.22312483829241317,0.244437049611488,0.8475771262625243,0.3888771873234818,1.0,4
2022-04-05,0.1458949539571581,0.2143100611965827,0.8805036466815818,0.45741598271341943,1.0,4
2022-04-06,0.04735681680431757,0.17990221519891123,0.7460798958078125,0.41292002409479883,1.0,4
2022-04-07,-0.19290052345907194,0.13820735637527617,0.3011046909920031,0.46120409306859633,0.46548694748459074,4
2022-04-08,-0.20753087330499428,0.1553010848223742,0.24020683494318998,0.479959859299361,0.42110024271390495,4
2022-04-09,-0.13155242807577824,0.1660697923576015,0.35945120295326655,0.49181030062625736,0.6513557964255683,4
2022-04-10,0.13800780804165022,0.25990337462928886,0.5528308904444212,0.5729298233063784,1.0,4
2022-04-11,-0.40111041459555585,0.22947506780142596,0.2829434751479904,0.6735566538156835,0.3997411767208588,4
2022-04-12,-0.18961945061101465,0.15260526209231237,0.25528794506344155,0.48675173094232904,0.46157228354596175,4
2022-04-13,-0.09338072723341762,0.16339645476751513,0.289051545827429,0.4863056998786096,0.6351358894765501,4
2022-04-14,-0.16481031077703728,0.1244609528150771,0.28197577086303705,0.4651759939574896,0.475685771024548,4
2022-04-15,-0.3964609742614797,0.05900840882756734,0.12561275987549853,0.36654154360972263,0.0,4
2022-04-16,-0.28767804741715464,0.06546640978961997,-0.08577675414086997,0.2891074372558417,0.0,4
2022-04-17,-0.06840239023006109,0.11960002453504867,-0.4216012282279781,0.2986181856228146,0.0,4
2022-04-18,0.22998308758653294,0.3052084986946733,-0.1404353390138816,0.542390703710462,0.6919974525920951,4
2022-04-19,0.36999941718672474,0.27595137388228935,-0.05493810233926172,0.48020694700605704,0.8713523300608528,4
2022-04-20,0.26539807858421466,0.24891113071847323,0.00582087782076679,0.42719783315539483,0.7968559833204517,4
2022-04-21,0.5945154787621204,0.33788828273505317,0.06070975478494242,0.305802512251687,1.0,4
2022-04-22,0.4488501879425949,0.30203392548501756,0.09240152693223277,0.33824963286565773,1.0,4
2022-04-23,0.39811107099614657,0.2875198249392232,0.11100086429126686,0.3712793757379146,1.0,4
2022-04-24,1.0163417999369349,0.467332549810714,0.1288023891113674,0.2910703333393269,1.0,4
2022-04-25,-0.00547306751251192,0.07192669654028136,0.28640499078278925,0.3405872389105191,0.5493850204852637,4
2022-04-26,0.71395198389476,0.32600792784699195,0.25526906162529917,0.25431706591078285,1.0,4
2022-04-27,0.6955673918593079,0.34187795565197504,0.24266796701839627,0.27227998070321424,1.0,4
2022-04-28,0.8647308886825322,0.20668983895417417,0.7646294178800986,0.2613805622866623,1.0,4
2022-04-29,0.8758591666270352,0.20827681438483361,0.8229141076344803,0.24269777883051874,1.0,4
2022-04-30,0.9087410123740539,0.2361477757514685,0.8338957384673602,0.24038918277233154,1.0,4
2022-05-01,0.738895566905972,0.21361011104694266,0.7626756525217432,0.21289619856748065,1.0,4
2022-05-02,0.6083444497811128,0.07314846851649476,0.7995961076407188,0.05113014330840404,1.0,4
2022-05-03,0.5360702303659117,-0.018888340230032774,0.7392883972299725,-0.1262575688101582,0.765908185250912,4
2022-05-04,0.5317889826757567,-0.05255271894622254,0.4858220345004914,-0.14552135947530842,0.513411708196277,4
2022-05-05,0.48905142207607316,-0.1299502675068296,0.5404918750166756,-0.20898444084753992,0.3468683986146018,4
2022-05-06,0.4120194852462108,-0.03227433314821912,0.4825283671810919,-0.07834305776005784,0.5308809572160124,4
2022-05-07,0.5329731523600888,0.04177440121114783,0.48756878408471843,-0.04692224200278063,0.7565629705108402,4
2022-05-08,-0.12309996749140642,-0.15784097111401083,0.24345793069400468,-0.18308742149535912,0.0,4
2022-05-09,1.0056930670687105,0.12465892982558432,1.0162472821848714,0.007620369228947904,1.0,4
2022-05-10,-0.0008509358142540085,-0.13587508943612542,0.4589998405772424,-0.2559042256810668,0.0,4
2022-05-11,-0.006091260780186986,-0.15826357532426488,0.4698810316142809,-0.28693734426211925,0.0,4
2022-05-12,0.009157059577113047,-0.2770089544263149,0.6769640657575107,-0.44006727030771764,0.0,4
2022-05-13,0.20620097742773488,-0.4075067755648463,1.030210663153065,-0.682911046886041,0.0,4
2022-05-14,0.21155549856541506,-0.4314338093720482,1.090252120509038,-0.7243712516685691,0.0,4
2022-05-15,0.8047999950600916,-0.274620704807492,1.7249757358073257,-0.7280736620156972,0.5723879922096027,4
2022-05-16,-0.11310468959438734,-0.4433430530997455,1.3747970322058936,-0.6949923684082346,0.0,4
2022-05-17,-0.35274680506515815,-0.6343576235880207,1.2578885492868923,-0.7415154532439103,0.0,4
2022-05-18,-0.4402534608622488,-0.7180532364391284,1.2803485285741611,-0.8670509371776955,0.0,4
2022-05-19,-0.8347724236565003,-0.7389990077935047,0.450530072550803,-0.8907693099445589,0.0,4
2022-05-20,-0.5347011898291779,-0.6933308070415866,0.6133613762713295,-0.8857261585804823,0.0,4
2022-05-21,-0.6449579696325746,-0.8317827217163755,0.7571169413255733,-0.9105715649461135,0.0,4
2022-05-22,-0.364357922064493,-0.7609376602401464,0.904423794740372,-0.8433336884870241,0.0,4
2022-05-23,-0.3916050006848685,-0.7220737056429154,-0.16010063266759458,-0.993470502493029,0.0,4
2022-05-24,-0.24279556620262985,-0.5795641650867296,-0.21644291342122723,-0.8720863097445586,0.0,4
2022-05-25,-0.15920364668354828,-0.5492115627845187,-0.1442777329962642,-0.814856698765857,0.0,4
2022-05-26,0.2711416922831363,-0.3555497672106893,0.08158840000526849,-0.6586008716577273,0.0,4
2022-05-27,0.34014814313811775,-0.33010643219218044,-0.08545267453830846,-0.6057382553461874,0.0,4
2022-05-28,0.3451220096555083,-0.33561310511961573,-0.14333807786209055,-0.6154974957134433,0.0,4
2022-05-29,0.24062489138340082,-0.4980965951475963,-0.39651819736803606,-0.8146744377965022,0.0,4
2022-05-30,0.13286116462987835,-0.46907685498728946,-0.38332732845146544,-0.7304777103824106,0.0,4
2022-05-31,0.49286390343992126,-0.30016868659542195,-0.16102975654516635,-0.6935680762378256,0.0,4
2022-06-01,0.7899534662275771,-0.1836577405678584,0.1094432385752849,-0.6867964847359452,0.0,4
2022-06-02,0.571231135818828,-0.11710200468075568,-0.012718171499132125,-0.5563464874345038,0.0,4
2022-06-03,0.38340744625615314,-0.320877359337373,0.20828504910183177,-0.6080651460713028,0.0,4
2022-06-04,0.48904001125215446,-0.29167115502405006,0.4488999160257804,-0.5150975849517403,0.0,4
2022-06-05,0.08717728652946632,-0.294898106808391,0.1578573896193851,-0.3385210134068076,0.0,4
2022-06-06,0.03686216187104496,-0.21646460284779914,0.10565630886273261,-0.32419637442711924,0.0,4
2022-06-07,-0.1715609860303183,-0.2660384900528458,0.10678579521837724,-0.3260606078741996,0.0,4
2022-06-08,-0.16087846553523716,-0.23847533093643963,0.1240134372671543,-0.25846060467585835,0.0,4
2022-06-09,0.011269978284377404,-0.31546424270505324,0.3571632346097184,-0.38049022859267284,0.0,4
2022-06-10,0.3336967235178105,-0.2660994149480917,0.578800703633337,-0.4073576763824247,0.0,4
2022-06-11,0.3019395749539333,-0.22076252435167454,0.3697623390410464,-0.35774153714515416,0.0,4
2022-06-12,0.42814140280843765,-0.17724223530430544,0.5288049964063104,-0.35884848171559103,0.04044572191535817,4
2022-06-13,0.37004212088807853,-0.1839915086802509,0.5350095497688226,-0.3815459648262587,0.0,4
2022-06-14,0.372708287010006,-0.21338465411292448,0.43664749970909855,-0.3477771822684493,0.0,4
2022-06-15,0.3015569633514742,-0.20852815301046249,0.3681514780660069,-0.24901006974834344,0.0,4
2022-06-16,0.21012902925242144,-0.16531921230275815,0.2661119667315378,-0.24412800281567446,0.0,4
2022-06-17,0.41322677668150065,-0.035257126567131265,0.11406828588907485,-0.17591119547043615,0.09762518020799732,4
2022-06-18,0.08307395906948493,-0.2832898905879531,-0.11031931243252122,-0.5100736958587888,0.0,4
2022-06-19,0.8881457789516242,-0.16294361221897352,0.8920845939631085,-0.4324487357969202,0.583335720040477,4
2022-06-20,0.6809449474043955,-0.13143145757395977,0.6987044411696435,-0.22111483722316705,0.5928495026937537,4
2022-06-21,0.7275936419120459,-0.1288390782520427,0.7229326286633817,-0.24826473290035408,0.6145651736234443,4
2022-06-22,0.5906488450944941,-0.21759014681866878,0.6351701586812222,-0.3857822515929724,0.16103012803719552,4
2022-06-23,0.3365142389730602,-0.34220694155466963,0.37679385253411873,-0.6160604460353578,0.0,4
2022-06-24,0.13753979283418777,-0.41218702973943777,0.38114205664219303,-0.6799690793803101,0.0,4
2022-06-25,-0.19415753902027574,-0.4311508145730757,0.0630257493778561,-0.7148841518774007,0.0,4
2022-06-26,0.08514018525006682,-0.4377626986832125,0.2150324040500429,-0.5636187744163728,0.0,4
2022-06-27,-0.059286669896837785,-0.4044712574211013,0.18724203112924037,-0.7224221449893146,0.0,4
2022-06-28,0.1988114326571575,-0.4158243025049263,0.3027944934908462,-0.5481498241574543,0.0,4
2022-06-29,0.3204379785919589,-0.32176957449159543,0.4840508252930415,-0.4485061610051212,0.0,4
2022-06-30,0.3938349050880431,-0.284024389969457,0.539228463377792,-0.3462613315323248,0.0,4
2022-07-01,0.31364051753166783,-0.2679552554748039,0.3802566434586799,-0.37154357390546183,0.0,4
2022-07-02,0.5415322551962023,-0.13264135715472816,0.5627859278962036,-0.2092645043944373,0.3997649689150519,4
2022-07-03,0.5864145426220767,-0.2622855856266485,0.5507735784497898,-0.3260683748025717,0.11667587655599632,4
2022-07-04,-0.09000802818800382,-0.5839710627576692,0.45088244442879305,-0.5779801663906227,0.0,4
2022-07-05,-0.2602548310684958,-0.5930502200852703,0.40122594174795095,-0.5292615565862101,0.0,4
2022-07-06,-0.11256662911380991,-0.5016679107707303,0.4277695160487843,-0.4546662484472857,0.0,4
2022-07-07,0.20568677660630252,-0.14443071541575428,0.16424403029286586,-0.11912258765538783,0.0,4
2022-07-08,0.18432182383305418,-0.13295361870085257,0.08239981469001194,-0.12014139224287083,0.0,4
2022-07-09,0.08345815034670964,-0.10633084375043116,0.20473924761989098,-0.04719375306484697,0.014378651050630298,4
2022-07-10,0.05418544715480909,-0.1285990370410565,0.19061185533536443,-0.06204020724761397,0.0,4
2022-07-11,0.3221811515192919,0.02796954488900711,0.3820942667745803,0.03348182080346253,0.603619046714645,4
2022-07-12,0.3869912700578755,0.06716009482231677,0.44247717080094895,0.12812920886574505,0.8635561987029347,4
2022-07-13,0.46884450054720067,0.1004819581543004,0.5119234388277242,0.16755826312677188,1.0,4
2022-07-14,0.5612189892514434,0.11279780976526593,0.9579125126167046,0.31581318706398964,1.0,4
2022-07-15,-0.6242099623342096,-0.42883526815735573,0.25842541944320163,0.014721651315687945,0.0,4
2022-07-16,1.6820244110852935,0.6486321656970293,1.3420328835955806,0.6460246792950757,1.0,4
2022-07-17,1.3410991951234084,0.614291979934895,1.2125015941009663,0.7660815040498096,1.0,4
2022-07-18,1.5628626936263905,0.6783732530542658,0.8708569004195741,0.7453809164622681,1.0,4
2022-07-19,1.627585940184537,0.7420458536218232,0.7528608944393618,0.7540761249134915,1.0,4
2022-07-20,1.5678196647605835,0.6655745594719655,1.178064244505427,0.8639517313013811,1.0,4
2022-07-21,0.4564618175869934,0.07848767993182687,1.3513090112366049,0.4504641611694009,1.0,4
2022-07-22,0.38108992454420887,0.06174049458128182,1.4049213484150918,0.473591301527838,1.0,4
2022-07-23,-0.427580285631293,-0.24618975005006957,1.012169530320496,0.3400674063061285,0.11533104728478016,4
2022-07-24,-0.5111195081246013,-0.24634930743541067,0.7293845527631789,0.24863845574565488,0.0,4
2022-07-25,-0.39291675088700656,-0.1652673248708022,0.71433668837352,0.30337760690811244,0.03197328388150772,4
2022-07-26,-0.43765836593203084,-0.19076102791462762,0.6672010822688954,0.24462395135258727,0.0,4
2022-07-27,-0.3424884242573237,-0.12737243659414899,0.6137616047944137,0.2672768611529087,0.043959845909059214,4
2022-07-28,-0.3920304440754367,-0.11621107153216675,0.44205342790654334,0.1877463723674911,0.0,4
2022-07-29,-0.013683296680480404,0.3423308301447739,0.03655626341452984,0.4407381490186542,0.6119197169959771,4
2022-07-30,-0.8608279653039924,-0.28674283702186476,0.5275745831874987,0.17393766587575854,0.0,4
2022-07-31,-0.6738252388054555,-0.2790573918615376,0.42077508762186977,0.11405086668837688,0.0,4
2022-08-01,-0.3057836657070949,-0.2205020282957666,0.2965081658278043,0.18663849712838665,0.0,4
2022-08-02,-0.3476102677657008,-0.24500546986413915,0.5290521311167127,0.2733265946619874,0.0,4
2022-08-03,-0.12896117923949174,-0.23423560097759025,0.38766171256590964,0.19367035569995616,0.0,4
2022-08-04,0.15593729406812804,0.012916747227306465,0.2561860679130646,0.3388231104696116,0.6423684368405013,4
2022-08-05,0.22786381252511273,0.03351702673750066,0.33668062482868577,0.41405399763240397,0.8691596667509521,4
2022-08-06,0.07318161685920008,0.004967439056343884,-0.09282396191440008,0.3058981030762349,0.1442815213697722,4
2022-08-07,0.10249302517602657,-0.001515779722872288,0.05308660621717234,0.34918015122005,0.3691372805082253,4
2022-08-08,0.055328862827549,-0.002287957053225268,-0.13586715151573053,0.31787280293168757,0.070154320788622,4
2022-08-09,0.03907028923139394,0.01919016994969734,-0.24188163190999368,0.2863942887915494,0.0,4
2022-08-10,0.040598882661400826,0.020713871090730043,-0.19083699338341276,0.3309658459669709,0.015774025173551726,4
2022-08-11,0.06989531770378098,0.07596398858494255,-0.1863518130748953,0.43590798841311035,0.17388088792894246,4
2022-08-12,0.19399821344990476,0.283781653901933,-0.11380273839251026,0.6070702425976312,0.7141819266376719,4
2022-08-13,0.23203116042752484,0.26251400406472686,0.020775250842567206,0.6208114365857093,0.9205561016924872,4
2022-08-14,0.20004750373571945,0.27381107222495527,-0.009691576412243105,0.6444415641074503,0.8724216004394005,4
2022-08-15,0.28682137879094594,0.28964196644133844,0.09055237542927191,0.6471347824725717,1.0,4
2022-08-16,0.3120643020985839,0.30566190189043774,0.10510710565936755,0.6722346755158433,1.0,4
2022-08-17,0.3191882539216867,0.3060633995299566,0.12216379899874376,0.6812113329956273,1.0,4
2022-08-18,0.33891201659638587,0.3060074404808384,0.191228486125235,0.6677337143924403,1.0,4
2022-08-19,0.16484143260722114,0.12493735085710209,0.028550938330124394,0.5164424677395356,0.6503142905415686,4
2022-08-20,0.31598723120111954,0.44786397911451664,-0.05035828539175807,0.693056397533906,1.0,4
2022-08-21,0.10576970599496416,0.49695485983038834,-0.2571052091659876,0.7331647718408082,0.7010139484673907,4
2022-08-22,-0.39909126268753586,0.4280618102392625,-0.5755127611805657,0.5798064787901556,0.0,4
2022-08-23,-0.46113475090565875,0.41454445432101195,-0.5716127961835528,0.5922446002643597,0.0,4
2022-08-24,-0.48464905722924145,0.39094622378296795,-0.6602924293795037,0.5142776327737084,0.0,4
2022-08-25,-0.461763972031634,0.31402171126551315,-0.6916316968089803,0.35014237637468587,0.0,4
2022-08-26,-0.4309796880180379,0.18592105918087887,-0.5693234568850578,0.20916905438512856,0.0,4
2022-08-27,-0.4116506120956968,0.1420765491512896,-0.6231701143114866,0.13961818482662364,0.0,4
2022-08-28,-0.415274410839666,0.13331200404061053,-0.7155388919701599,0.11614017099839262,0.0,4
2022-08-29,-0.5084228888597622,0.0982687897132329,-0.7220316761397907,0.111490170709311,0.0,4
2022-08-30,-0.5127487136704805,0.09884632210082948,-0.7315885556424481,0.10185405579359584,0.0,4
2022-08-31,-0.4096471067303401,0.07896242457188336,-0.9022183871867179,0.0020610909492102536,0.0,4
2022-09-01,-0.4076451964429575,0.057495183395292304,-0.884385965708915,-0.0021753442303199255,0.0,4
2022-09-02,-0.44136575013520163,0.16294703167008137,-1.1192701256131163,0.05441943442605394,0.0,4
2022-09-03,-0.4023075094827594,-0.03167283346671929,-0.9702408273997605,-0.03576931230802252,0.0,4
2022-09-04,-0.4898980592316168,-0.03765107760396334,-0.8887765609501492,0.012618950826509797,0.0,4
2022-09-05,-0.3580224695586305,-0.08418825511829159,-0.8586944176736363,-0.039931395842149275,0.0,4
2022-09-06,-0.7329534443979355,-0.19423408212663243,-0.8953349142101958,-0.1956969021280059,0.0,4
2022-09-07,-0.7938787167073502,-0.23397862901845295,-0.8841951657723927,-0.18411745444983743,0.0,4
2022-09-08,-0.8255902319971877,-0.25199773518118884,-1.0180367991185002,-0.2709086977615938,0.0,4
2022-09-09,-0.8668232551169075,-0.28672540317382517,-1.0029054376213975,-0.3422486909593911,0.0,4
2022-09-10,-0.9616891346602343,-0.42872299192427377,-1.1842056443808746,-0.5719235418296416,0.0,4
2022-09-11,-0.9560683612588657,-0.389073367944457,-1.1862773228701147,-0.5206740361986519,0.0,4
2022-09-12,-0.7687050616713648,-0.3246440643662534,-1.1980820364071525,-0.4509246384164173,0.0,4
2022-09-13,-0.7624650456758695,-0.2811208712788266,-1.1932379817946368,-0.386585316159392,0.0,4
2022-09-14,-0.831111750170314,-0.3005561161938839,-1.0565166409753401,-0.3397288438665486,0.0,4
2022-09-15,-1.0423957591162654,-0.3437632263418955,-1.201504389519776,-0.3956879640797011,0.0,4
2022-09-16,-0.5401309088976486,-0.22349958050176574,-0.5974084168337421,-0.07166492175444869,0.0,4
2022-09-17,-1.1732244061796133,-0.2832093936458215,-1.7184517705045135,-0.4156245737207036,0.0,4
2022-09-18,-1.2477829454312819,-0.4161086553234184,-1.8045809799325392,-0.6456206727794456,0.0,4
2022-09-19,-1.035144145738125,-0.3002297582019724,-1.9396601591053395,-0.6373686765345943,0.0,4
2022-09-20,-1.1197542324643837,-0.38282414540990906,-2.0,-0.7731771674346903,0.0,4
2022-09-21,-1.239488946021882,-0.38510702679595743,-2.0,-0.917482073531762,0.0,4
2022-09-22,-1.138844379755568,-0.28160838031527136,-1.343881688025457,-0.503697642870724,0.0,4
2022-09-23,-0.8300642961472772,-0.32498428114844363,-1.3869307082835598,-0.6958470152791831,0.0,4
2022-09-24,-0.5989793073593954,-0.1866802591285975,-0.809868022467147,-0.4276624879787287,0.0,4
2022-09-25,-0.4605324238043395,-0.1055391873859146,-0.49448605258053485,-0.3179922830086899,0.0,4
2022-09-26,-0.44445842994479723,-0.07396654133296619,-0.4635409408990822,-0.3516279089177524,0.0,4
2022-09-27,-0.4202209433771069,-0.08033443855711954,-0.44962223553952335,-0.3745372275183452,0.0,4
2022-09-28,-0.3614203612852589,-0.09021319254950641,-0.44353732383402084,-0.3460107680528117,0.0,4
2022-09-29,-0.20452886326660538,-0.13551756563151796,-0.09478001321600785,-0.4258422372555437,0.0,4
2022-09-30,-0.2774926133537054,-0.17927922170285132,-0.05355123369485088,-0.42154271180650843,0.0,4
2022-10-01,-0.15080263352825862,-0.16302701141634307,-0.0951969531965583,-0.3963595658836418,0.0,4
2022-10-02,-0.287234608190304,-0.19632709617912536,-0.17615140203299862,-0.39390814662658896,0.0,4
2022-10-03,-0.2704374280725884,-0.2206654680140008,0.05861985882724724,-0.32480183798844686,0.0,4
2022-10-04,-0.3224882218991692,-0.2225976372015091,-0.12838298457036124,-0.39166438673631676,0.0,4
2022-10-05,-0.2822240682261507,-0.19972151009518568,-0.12568044099532405,-0.3789074805596673,0.0,4
2022-10-06,-0.32663275846690387,-0.2817542020975893,-0.5282851933361805,-0.5149558758216919,0.0,4
2022-10-07,-0.2946461182152172,-0.30846602732707673,-0.6421979303444989,-0.5014340634554406,0.0,4
2022-10-08,-0.16105328665363802,-0.2386956265670866,-0.3338026855223515,-0.3541620521817312,0.0,4
2022-10-09,-0.22936971084798594,-0.4389016213715345,-0.29586825195254735,-0.4918744926523503,0.0,4
2022-10-10,-0.11020744599382795,-0.35153177848792605,-0.252393635521473,-0.4414756901679201,0.0,4
2022-10-11,-0.08117205360847174,-0.35640678654142566,-0.22354844565441032,-0.402876893092609,0.0,4
2022-10-12,-0.0897251774298641,-0.34868911670617014,-0.23138583577194896,-0.3916738579040815,0.0,4
2022-10-13,0.13352130254477335,-0.2855403047007098,-0.15537998295065653,-0.46041661117610033,0.0,4
2022-10-14,0.1048314591444446,-0.2709156038335459,-0.21526392644935066,-0.6020251550928019,0.0,4
2022-10-15,0.1471371385830219,-0.18791780150800205,-0.2126586806000541,-0.4748732035112633,0.0,4
2022-10-16,0.09289397581676904,-0.22403811219102704,-0.17281680219450085,-0.5769414498259768,0.0,4
2022-10-17,0.01978042322532303,-0.3383133134121672,0.2056115528367257,-0.7495546600733541,0.0,4
2022-10-18,-0.012465584981444747,-0.2975721399592677,0.22662203504025358,-0.6905085262346001,0.0,4
2022-10-19,-0.002459878721805704,-0.34581180475668327,0.23118011426495805,-0.7658782328974227,0.0,4
2022-10-20,-0.08504518555648702,-0.27658108766153716,0.06445721839341488,-0.7146078973197464,0.0,4
2022-10-21,-0.05541924852378429,-0.23197800198381435,0.44782499054626024,-0.5501533861854854,0.0,4
2022-10-22,-0.1309536893682693,-0.23972925915737328,0.37164399647608476,-0.6568306530381424,0.0,4
2022-10-23,-0.10391142774777111,-0.1711128101568359,0.22923742667468106,-0.6150518784233975,0.0,4
2022-10-24,-0.1087212001236984,-0.2270031071319536,-0.009011328919368337,-0.6979104634224402,0.0,4
2022-10-25,-0.15738380104426689,-0.24854699145999568,-0.041828841518770046,-0.6891259021970585,0.0,4
2022-10-26,-0.10947828864815057,-0.21170399113645025,-0.032104045890411416,-0.6585834324511854,0.0,4
2022-10-27,-0.2850558851992316,-0.35544369809036863,0.004741612066994652,-0.70635811241627,0.0,4
2022-10-28,-0.284362369638321,-0.37932150834802303,0.030092066535410387,-0.7156187575199399,0.0,4
2022-10-29,-0.2737283645903825,-0.44217459258685177,-0.09371502492066797,-0.7553426392309436,0.0,4
2022-10-30,-0.4248152414669891,-0.5457680168874913,-0.22049045553634808,-0.87745233358619,0.0,4
2022-10-31,0.32310330878106713,-0.26680095123622466,-0.18406324020064574,-0.8962059218415891,0.0,4
2022-11-01,0.26606479278158973,-0.241040781067807,-0.31902118632426696,-0.8794952633007068,0.0,4
2022-11-02,0.11004952296203033,-0.3266354502083229,-0.35031215884925526,-0.7987714022405922,0.0,4
2022-11-03,-0.024241257970941264,-0.36573954401180286,-0.4930747176601416,-0.8225888822706201,0.0,4
2022-11-04,-0.16220798054705496,-0.4871017983765517,-0.3871871227438267,-0.9143709152675762,0.0,4
2022-11-05,0.0409231428158796,-0.37461595615811893,-0.3326900985842974,-0.7699864594471878,0.0,4
2022-11-06,-0.1076043953677747,-0.5033899432211214,-0.4259081905253425,-0.9366281315483621,0.0,4
2022-11-07,-0.07566180182535798,-0.3415149677116286,0.25704010674362676,-0.5929597781239435,0.0,4
2022-11-08,-0.05052875626620158,-0.27211933581915626,0.2691006202963486,-0.5060953551376177,0.0,4
2022-11-09,-0.054988207879678855,-0.27697007958758313,0.2514924001878069,-0.49487595331043066,0.0,4
2022-11-10,0.27740095131867915,0.038184906744270705,0.42875143875451627,-0.2033597605280718,0.30096285463468625,4
2022-11-11,0.26945606017386947,0.04348667292203776,0.4295505097496742,-0.21697660387085863,0.2820786531960207,4
2022-11-12,-0.5149642789493467,-0.4119962832120991,0.09504660029574849,-0.4525558869470746,0.0,4
2022-11-13,-0.8224316426752544,-0.5618425703009496,-0.0026035789778267025,-0.548695627635434,0.0,4
2022-11-14,-2.0,-0.9700976201654351,-0.35547920562588203,-0.6119468306461848,0.0,4
2022-11-15,-2.0,-0.9865789993455009,-0.42742091910303676,-0.6765875008541598,0.0,4
2022-11-16,-1.9995903081212592,-1.0156883663784106,-0.4236664876010748,-0.7747227561923459,0.0,4
2022-11-17,-1.8639799406707067,-0.9978648186785264,-0.46830868324165204,-0.820130628777888,0.0,4
2022-11-18,-1.567694139232137,-0.7932493483962463,-0.4840018898084085,-0.766068541363558,0.0,4
2022-11-19,-0.7535546193341699,-0.4594232658365845,-0.19887472718115498,-0.534790249780402,0.0,4
2022-11-20,-0.26621653338360346,-0.08626621219632385,-0.3437062623130672,-0.12214960364648267,0.0,4
2022-11-21,-0.334114262189292,-0.07367463041364153,-0.26775287998389224,-0.1328006831362609,0.0,4
2022-11-22,-0.40794560497064664,-0.194012709623132,-0.36319947591750307,-0.3425590243765152,0.0,4
2022-11-23,-0.19824100710068623,-0.11024717416087544,-0.1316594933806262,-0.29258773562783014,0.0,4
2022-11-24,-0.2942503309372958,-0.34629761848679735,-0.1986245170202405,-0.6246966301885534,0.0,4
2022-11-25,-0.3058679315721494,-0.2834058625914467,-0.3773325910861368,-0.5031851476399476,0.0,4
2022-11-26,-0.3069730219406609,-0.06645427188273757,-0.7812360902480074,-0.4736770662146673,0.0,4
2022-11-27,-0.36706248745410375,-0.05783704726201149,-0.932845396958701,-0.6101805780798026,0.0,4
2022-11-28,-0.359668409898408,-0.07021701005677969,-1.6316688550989438,-0.8162360647528863,0.0,4
2022-11-29,-0.2863122620387243,-0.010290714981026738,-1.5201635666581552,-0.7260676667428005,0.0,4
2022-11-30,-0.32531924311448257,0.02252074473021054,-1.4731894847820988,-0.6439502350553907,0.0,4
2022-12-01,-0.30240892353449883,0.08971768837936808,-1.5660534628918015,-0.575880223367105,0.0,4
2022-12-02,-0.3969159411492143,-0.02953884468885065,-1.5682996665037081,-0.6836077546381183,0.0,4
2022-12-03,-0.46223128171803285,-0.21307165001872044,-1.4150046659362736,-0.7344886742788885,0.0,4
2022-12-04,-0.3683951265204907,-0.35380206953462745,-0.9096866563651929,-0.756306087584914,0.0,4
2022-12-05,-0.6660236321679418,-0.5670109198746154,-1.0933314492662163,-0.8923914182257616,0.0,4
2022-12-06,-0.6059077024448014,-0.45079725162371914,-1.1036451514661072,-0.79732410163053,0.0,4
2022-12-07,-0.6340134429840796,-0.43010647944383884,-1.0782255279533524,-0.7169172360524522,0.0,4
2022-12-08,-0.5013687044238584,-0.2902371102694533,-0.9500884128670188,-0.5284270904722378,0.0,4
2022-12-09,-0.4768585382112895,-0.3588786327782001,-0.7783454261917199,-0.5404916950233175,0.0,4
2022-12-10,-0.4027733133187173,-0.332736400932165,-0.7488758445489314,-0.5131025492062163,0.0,4
2022-12-11,-0.22763993692049878,-0.22194126266760653,-0.595276651893557,-0.3058319642974566,0.0,4
2022-12-12,-0.615069722367559,-0.21517790125478162,-0.11680253141163316,0.024979791540688107,0.0,4
2022-12-13,-0.6262391312767627,-0.1680198155197767,0.019123263914195637,0.11848844488994639,0.0,4
2022-12-14,-0.6272076188695515,-0.166342960354656,0.012955169786167203,0.12067653820289945,0.0,4
2022-12-15,-0.7179086399770965,-0.16859231435719685,-0.05806064065187151,0.1482770465173629,0.0,4
2022-12-16,-0.8682395376604185,-0.15544008455382988,-0.16508017014761547,0.19667230869299665,0.0,4
2022-12-17,-0.9196219224553054,-0.19268191220710545,-0.2554834567805139,0.09914216044591415,0.0,4
2022-12-18,-1.1431416634374667,-0.28929931958360017,-0.5378074100759068,0.09171890861766688,0.0,4
2022-12-19,-1.1536651358331118,-0.2333201216939198,-0.40935943036856115,0.22547351780545566,0.0,4
2022-12-20,-1.272775640596029,-0.28815992176766825,-0.5759391909695011,0.18075455037057564,0.0,4
2022-12-21,-1.2531227739939048,-0.3195079116294244,-0.606417402517121,0.12490894793398269,0.0,4
2022-12-22,-1.3578835439859247,-0.34350311564374275,-0.776750525289368,0.10822107652598356,0.0,4
2022-12-23,-1.417149781774842,-0.3549861513701043,-0.909631723041903,0.012343316248119527,0.0,4
2022-12-24,-1.2491458051921644,-0.2512727179634017,-0.8245903042870019,0.07416437654112568,0.0,4
2022-12-25,-1.1985139349450913,-0.3273736926475867,-0.8683914714884606,-0.03969879683775334,0.0,4
2022-12-26,-0.7940751367543754,-0.24768309815121703,-1.0452142552841823,-0.16920792042238408,0.0,4
2022-12-27,-0.6440614129538427,-0.28222824677825536,-1.0418528695455547,-0.3040876497408477,0.0,4
2022-12-28,-0.6615562794999003,-0.29461047898314763,-1.0350965188366597,-0.27313555135469947,0.0,4
2022-12-29,-0.6100416996184002,-0.30066558834856116,-1.0174658381370425,-0.30482251580389247,0.0,4
2022-12-30,0.5778548649272747,0.5063766547705344,-0.7049293821838303,0.10762806732141027,0.0,4
2022-12-31,0.6256923827650356,0.5454628242441343,-0.6228846259093416,0.18164129087855949,0.2357442306320841,4
2023-01-01,0.704145341442472,0.6323229185021553,-0.6177165262662,0.20241326942515364,0.3953177028194881,4
2023-01-02,0.9180294524326448,0.7039249294510481,-0.30125853886265347,0.18559655180037443,1.0,4
2023-01-03,0.6211641607226674,0.5389984581036074,-0.24398939706152672,0.29408895041481176,0.8725493660532971,4
2023-01-04,0.8753854590981061,0.6865419278957353,0.1610071040606609,0.32080031044018237,1.0,4
2023-01-05,0.9340645380357545,0.718047366207577,0.2787803234591748,0.44161697814955325,1.0,4
2023-01-06,0.2252037960233109,0.22332973525135455,-0.020747095932138946,0.192080471478363,0.5175689054220445,4
2023-01-07,0.146959730972989,0.18344170209425212,-0.08430490344565034,0.14568299638614166,0.2854709262542274,4
2023-01-08,0.02511357768267756,0.07781834023381444,-0.12287548729126069,0.11200080073132994,0.002321066488328541,4
2023-01-09,-0.09200225685497154,0.009554951923715443,-0.10050134130487823,0.08382786943840037,0.0,4
2023-01-10,-0.23067768126133642,0.011055784294301235,-0.18790317363345202,0.1663469855390311,0.0,4
2023-01-11,-0.29207812600756655,0.007863103781590677,-0.2698899772430832,0.1879765891704756,0.0,4
2023-01-12,-0.592369001259501,-0.10788133239586073,-0.44955202679643375,0.08221051708762098,0.0,4
2023-01-13,-1.0137090373897744,-0.5249018502170286,-0.33545783339642515,0.0005830281459499075,0.0,4
2023-01-14,-0.8451103338115117,-0.47212095029257,-0.15069700334804817,0.20462963339910442,0.0,4
2023-01-15,-1.01598221158318,-0.5548726583239271,-0.34354271409350906,0.1049544159511973,0.0,4
2023-01-16,-0.5248698698396316,-0.4727181704976642,-0.30851302287548,0.23196435824510814,0.0,4
2023-01-17,-1.0599733312079092,-0.6806009959167656,-0.6005830959725247,0.18919370384456757,0.0,4
2023-01-18,-1.0308590187065998,-0.6302498393026368,-0.4721662195364375,0.2672735396353756,0.0,4
2023-01-19,-0.98540152344466,-0.5557477873529787,-0.4641204805809983,0.2939118355379292,0.0,4
2023-01-20,-0.7612642593662994,-0.25560127991669795,-0.46148931949559463,0.3406180812739745,0.0,4
2023-01-21,-0.9980087939204758,-0.3087783484050331,-0.5899887662005429,0.1896883806745769,0.0,4
2023-01-22,-0.8438421503752254,-0.11202543021758175,-1.1139807739337728,-0.09383184130587001,0.0,4
2023-01-23,-0.4688173812428311,0.13429794328833916,-1.341672795074565,0.024100771033555873,0.0,4
2023-01-24,-0.3422439554767519,0.18839565352530296,-1.1463745652392678,0.11992469743573979,0.0,4
2023-01-25,-0.3120752905729907,0.18966706397658648,-1.1179381320500388,0.1661723310874642,0.0,4
2023-01-26,-0.1554710527208144,0.32361004337990146,-0.971152290874107,0.3013239075408256,0.0,4
2023-01-27,-0.3812741981591234,0.2690533005564627,-1.0366712160206615,0.20402331073865534,0.0,4
2023-01-28,-0.25102063326280954,0.38920611476515893,-1.001136881828899,0.24855120247393364,0.0,4
2023-01-29,0.010391002295308392,0.6655396931661622,-0.9965162738118966,0.35590827067725467,0.0,4
2023-01-30,0.12506803567368208,0.736119889245784,-0.5817355079699835,0.4348626706009058,0.22506189713406216,4
2023-01-31,0.3524957988939459,0.9544509151821269,-0.4698776235516015,0.5423464659600852,0.8611353020333872,4
2023-02-01,0.4258897148235874,0.9357229616051765,-0.3949310129780207,0.5128126586756497,0.9976538465339895,4
2023-02-02,0.20984391010835404,0.7986962385692993,-0.4050284234992215,0.47868970718994214,0.6399481048876394,4
2023-02-03,0.2283512858658337,0.7509807913926175,-0.5987077787384067,0.4157635834501096,0.2991785684498854,4
2023-02-04,0.21798663832779955,0.7295999848050773,-0.7390965517280909,0.31303788667932675,0.0,4
2023-02-05,-0.5743284369616143,0.21290158972611764,-1.0390227925820008,0.12865480053445405,0.0,4
2023-02-06,-0.5478123337490203,-0.023539190000401833,-0.9133016386186874,0.1191859114202099,0.0,4
2023-02-07,-0.5743445549857729,-0.026457970724436817,-0.9383807145353127,0.11666252609922192,0.0,4
2023-02-08,-0.5595425881645409,-0.024476333382879665,-0.8968504779571291,0.1444402154090161,0.0,4
2023-02-09,-0.5061349191765268,-0.04760309380299166,-0.922407500765419,0.08140376218636515,0.0,4
2023-02-10,-0.10359081647387922,0.22685849113442355,-0.514587461505562,0.24961191016140083,0.0,4
2023-02-11,-0.07517094497302344,0.2014166055958866,-0.42239811333812294,0.24657497728722738,0.0,4
2023-02-12,-0.17453013461391673,0.11114116808360537,-0.6279698955501825,0.1230688647079563,0.0,4
2023-02-13,-0.4596043289093172,-0.045076341336175316,-0.5940405314524928,0.004198790935249344,0.0,4
2023-02-14,-0.42514177645694257,-0.036249317251969164,-0.5237567954775018,0.015684827584862615,0.0,4
2023-02-15,-0.44813331661949496,-0.04808034150606627,-0.5206424583935316,0.01709485323653387,0.0,4
2023-02-16,-0.4558895571482952,-0.006225202856565415,-0.5317062905667512,0.01853346368830229,0.0,4
2023-02-17,-0.22573272047497653,0.14537469157052227,-0.35586907548308266,0.13095493937023878,0.0,4
2023-02-18,-0.38225827043736166,0.08767805466509274,-0.3454729086299969,0.09995522045379554,0.0,4
2023-02-19,-0.20548709165640222,0.2246891680783852,-0.2141781533098525,0.20385710420095382,0.0,4
2023-02-20,0.12562138299759848,0.39581323132740487,-0.07381867247629062,0.2199797482595111,0.4981346837912971,4
2023-02-21,0.12109630748930825,0.5080931341658208,-0.041673520253491386,0.3268976235475337,0.7068179919809614,4
2023-02-22,0.04525538515270544,0.602128080644547,0.01363425650931989,0.487500682713901,0.8874267293989617,4
2023-02-23,0.022557310037289613,0.6146917624503361,0.028086048403178125,0.48925378051752055,0.8875477060319413,4
2023-02-24,0.33615975791114133,0.7094174290815077,0.31826484504248986,0.499798923061004,1.0,4
2023-02-25,0.192291863871063,0.7203481974380466,0.4212462507988733,0.5751347577671663,1.0,4
2023-02-26,0.2111666463072481,0.7215062577871154,0.4674984807544615,0.5867480243628497,1.0,4
2023-02-27,0.25335734522016806,0.6936702850229239,0.4949768252038137,0.6239201988963752,1.0,4
2023-02-28,-0.12125009370673705,0.5155281568966121,0.21427128961781908,0.5846910565326742,0.9138253890299902,4
2023-03-01,-0.1268421659264284,0.5104482493053839,0.21143023154722052,0.5779064830713286,0.8939372897990694,4
2023-03-02,0.050028011386360365,0.3216148890373967,0.07085802346644807,0.16923836141899373,0.5044485786502387,4
2023-03-03,-0.6402771772331197,0.05934438556712605,-1.043731926506925,-0.4063517058003732,0.0,4
2023-03-04,-0.9201545789961141,-0.1254734034558317,-1.2629815459694358,-0.5002050000339023,0.0,4
2023-03-05,-0.941199954486636,-0.14559312952225717,-1.3048721866966915,-0.5197780775336656,0.0,4
2023-03-06,-1.238382729290701,-0.5140454752967163,-1.7323702284670126,-0.8493537102984825,0.0,4
2023-03-07,-0.7749965273387369,-0.42261024690531646,-1.570248434569161,-0.9032979140731845,0.0,4
2023-03-08,-0.6010676672773256,-0.43195407970407523,-1.4018645774205474,-0.861170265473444,0.0,4
2023-03-09,-0.4546195247492514,-0.416919448652067,-1.3606151774801174,-0.8859787538886486,0.0,4
2023-03-10,-0.16322355517840959,-0.324287399800484,-1.0014520741681832,-0.7148212426306106,0.0,4
2023-03-11,0.19464046229206214,-0.10189527050306678,-0.7123411717401887,-0.6211191342279333,0.0,4
2023-03-12,0.08536639781963527,-0.09114370457070312,-0.6587795872653358,-0.5407837686668262,0.0,4
2023-03-13,-0.40741372772517803,-0.33360708035179143,-1.1397028024884734,-0.722547639771606,0.0,4
2023-03-14,-0.5844803708400687,-0.37057508714367526,-1.318625451244364,-0.7590872360801022,0.0,4
2023-03-15,-0.6087539996226233,-0.36694711957995835,-1.3467534041847102,-0.7660607264702536,0.0,4
2023-03-16,-0.5126682027396197,-0.27391200836526797,-1.1955273185936164,-0.694740546389672,0.0,4
2023-03-17,-1.0591116556451023,-0.49381434160387955,-1.3251646700210502,-0.6302726446604985,0.0,4
2023-03-18,-1.066333432298786,-0.4637802993096486,-1.262931146162789,-0.5820912619041663,0.0,4
2023-03-19,-1.026561216509206,-0.4199174791825915,-1.1523329511406428,-0.5072390091771626,0.0,4
2023-03-20,-0.9508053940226532,-0.13718405163854872,-1.0724018716329051,-0.1971230760217068,0.0,4
2023-03-21,-0.8183963465305208,-0.07198547266806626,-0.8266586177019817,-0.02184624295462999,0.0,4
2023-03-22,-0.8116674181510523,-0.048144902592254464,-0.7462546145173585,0.07231351918296446,0.0,4
2023-03-23,-0.9651485517313372,0.00749303873992644,-0.6039704760427481,0.28461180847079415,0.0,4
2023-03-24,-1.0199042966508884,0.07710948688042592,-0.5505537491311575,0.4057812884506956,0.0,4
2023-03-25,-0.9254051550136768,0.17875753812699036,-0.15635096853097347,0.6042220404229371,0.0,4
2023-03-26,-0.6513025681643894,0.27557475592440994,0.040811333572039726,0.6299524942178427,0.0,4
2023-03-27,-0.41154705839458267,0.3500506482809196,0.1511069142779989,0.5841123875632602,0.30546639661408537,4
2023-03-28,-0.38144043138727995,0.36483684585432535,0.19942870743156507,0.5755053423795833,0.4027272225951285,4
2023-03-29,-0.36971102762824015,0.36763163261045684,0.1669953333549655,0.5506390089240486,0.37098082601899063,4
2023-03-30,0.055263488477725525,0.4262967532838868,0.022503388508210924,0.29933730297200384,0.6349306587268879,4
2023-03-31,0.03781676261421019,0.4104221678559979,-0.10588330188354143,0.15334315361717762,0.30650804570251244,4
2023-04-01,0.08270543120845238,0.41820108873406997,-0.05191328109068733,0.20068391085793938,0.4770639549021197,4
2023-04-02,0.08670107992846808,0.3865821205365235,-0.011824440245220336,0.2410797633333968,0.5510195572599916,4
2023-04-03,0.40990483601130195,0.36074914710801187,-0.048227841373038836,0.11903446548429387,0.6559592177472044,4
2023-04-04,0.26515624240020685,0.2568898024553413,-0.09256620060861326,0.08419167831923557,0.3670492737353713,4
2023-04-05,0.35982437793410477,0.27553809354790265,-0.05902948658815453,0.055990882565618905,0.46495009798730336,4
2023-04-06,0.3697348544996339,0.24974330922023533,-0.20399599463343882,0.000804311477393513,0.1941564581667352,4
2023-04-07,0.3824098980855434,0.19013990571217468,-0.20467082318334298,-0.07815688484931513,0.06091844893207013,4
2023-04-08,0.4061094364755186,0.12716557058976308,-0.18685056079406248,-0.11666167384281255,0.0,4
2023-04-09,0.6591585602821114,0.16374906125964755,-0.19890966820916553,-0.1716164276492949,0.10627505513994812,4
2023-04-10,0.7249219262295032,0.18121107370569828,0.06162024263583425,-0.16775437469293664,0.4720170506452597,4
2023-04-11,0.7163785590861611,0.21059571502793778,0.015950625525360293,-0.18076602396195451,0.4285205853702254,4
2023-04-12,0.729606362348175,0.1843130410594541,-0.015563842480718786,-0.2572037504226504,0.27717247301395015,4
2023-04-13,0.28343496820059616,-0.025303874073865126,-0.05061996371829321,-0.2357912664268132,0.0,4
2023-04-14,0.18290800832218507,-0.07231816622560355,0.007236471696484465,-0.22176356458287946,0.0,4
2023-04-15,0.1876402416593673,-0.010716100229619097,0.06331190647648129,-0.15271928132461693,0.0,4
2023-04-16,0.13119590624873326,0.003618848801928055,0.0885395397622104,-0.09611334110584802,0.040271244543656784,4
2023-04-17,0.10405510319082038,0.10863191756641824,0.32332825737102844,0.10736796269270822,0.5495590690963432,4
2023-04-18,0.05812013759870767,0.14780756512293958,0.36585171857722726,0.17609206301895156,0.6357855997445347,4
2023-04-19,-0.04156705092931595,0.12383251976788837,0.367020126108009,0.24038351819938517,0.5391371812690458,4
2023-04-20,0.0452524434362922,0.22659463039559335,0.31796130260862837,0.20408196976166054,0.6956861201586975,4
2023-04-21,0.3296711268841829,0.38347734658209104,0.3794209034091326,0.24069065911346868,1.0,4
2023-04-22,0.17926346291200873,0.31280415627577646,0.32237478138747727,0.2905912095547305,1.0,4
2023-04-23,0.10581040887307436,0.34690647766039134,0.4190969441154307,0.4112256409065351,1.0,4
2023-04-24,0.3190663241236428,0.32714624962486816,0.633528361943094,0.3142348876541008,1.0,4
2023-04-25,0.3529541683878212,0.2875058413555087,0.5543252088551726,0.2623974316849972,1.0,4
2023-04-26,0.35315000868155433,0.2716217432436936,0.4768208217001842,0.23357942743769447,1.0,4
2023-04-27,0.3161551786929429,0.16231221981941724,0.061009016254586435,-0.01521765907057665,0.4002212410103509,4
2023-04-28,0.07889928756315387,0.10793443969728439,0.02053649772451164,0.005873617975360469,0.17152168506570672,4
2023-04-29,0.04978960488354605,0.03930887011379335,-0.10261833565620165,-0.15016604393082475,0.0,4
2023-04-30,0.047419824139691834,0.009981249003609066,-0.18680850859936346,-0.23138406143754178,0.0,4
2023-05-01,0.15324423085195965,-0.12888014667075492,-0.46495820574316415,-0.5817129562036508,0.0,4
2023-05-02,-0.09618563756187236,-0.19195952260745625,-0.7161710458411055,-0.7024347339619805,0.0,4
2023-05-03,-0.07187985737666876,-0.17724743388346687,-0.7146022079508002,-0.7267799695806554,0.0,4
2023-05-04,-0.1957140907090202,-0.25610595350551185,-0.6965897711071489,-0.667645168638609,0.0,4
2023-05-05,-0.22575849407938411,-0.2325735082175133,-0.5603598289886317,-0.5590884078313859,0.0,4
2023-05-06,-0.06748185011519112,-0.07015485799263992,-0.5731500391453572,-0.4703749280585392,0.0,4
2023-05-07,-0.02191425528848886,-0.07020813538426052,-0.5809952995305449,-0.539858894537841,0.0,4
2023-05-08,-0.09558798150280134,-0.020497482481330428,-0.6904725962076487,-0.36381098679675616,0.0,4
2023-05-09,0.04105390367275,0.01791222564951305,-0.5236982108347885,-0.3200069246107462,0.0,4
2023-05-10,-0.2929384274338919,-0.011592451671943133,-0.5422790672598863,-0.13143578561931826,0.0,4
2023-05-11,-0.4259924693040583,0.05938610185859891,-0.38604013964502637,0.019739633281425348,0.0,4
2023-05-12,-0.4348748079902542,0.0481937687051427,-0.6981999048433153,-0.11766567183656162,0.0,4
2023-05-13,-0.7200341865274859,0.058912578648499046,-0.6375371176333028,0.06885563078050291,0.0,4
2023-05-14,-0.6238716431967235,0.1304074868901618,-0.7614467729096946,-0.0249065691542093,0.0,4
2023-05-15,-1.1192305380096486,-0.10002712115340033,-1.1277978393066406,-0.20160869969104966,0.0,4
2023-05-16,-1.0379564634910197,-0.007801525608566173,-1.1201364079169798,-0.14228813807066978,0.0,4
2023-05-17,-0.5817903912834291,-0.07360877316524334,-0.93374507204629,-0.5087667454375584,0.0,4
2023-05-18,-0.2178773574196912,0.03398547860661699,-0.5650092902116344,-0.3122957686063764,0.0,4
2023-05-19,-0.25689924499516625,-0.008088906052219768,-0.6543408005998304,-0.41928571906154827,0.0,4
2023-05-20,-0.19781674905189686,-0.011163040054559094,-0.5667096764162317,-0.4218168301169178,0.0,4
2023-05-21,-0.2954467894427193,-0.10283009608607664,-0.557755262145512,-0.45111132816948923,0.0,4
2023-05-22,0.3557653384475652,0.11767968982658064,-0.6376157467731166,-0.5129881059968616,0.0,4
2023-05-23,0.2975536573294528,0.14393738957734048,-0.5627455367431969,-0.4082275347805735,0.0,4
2023-05-24,0.5632643831995144,0.19260992488014295,-0.5858884491459128,-0.5751341468871,0.0,4
2023-05-25,0.6664520689414558,0.22510615275590543,-0.643192370870238,-0.6084866888706382,0.0,4
2023-05-26,0.6376194384826003,0.24751327141322207,-0.5248472956444413,-0.5703119948312404,0.0,4
2023-05-27,0.41748120922553084,0.1651117528780286,-0.6006112094843242,-0.619811541668753,0.0,4
2023-05-28,0.48807319401580607,0.1457219184790634,-0.4974674414665981,-0.5987846958011378,0.0,4
2023-05-29,0.5146221279021816,0.1206847608782126,-0.13322257031848034,-0.49549671392577366,0.0,4
2023-05-30,0.42199432104475953,0.05713318380285134,-0.20260913584597495,-0.5622727039311052,0.0,4
2023-05-31,0.12137383548421343,-0.023836932930658708,-0.28205710427369657,-0.4216757905518478,0.0,4
2023-06-01,0.21083233336307072,0.028465995780004576,0.021372016761063293,-0.27075118940848847,0.0,4
2023-06-02,0.1638424060912981,0.01506826512690583,0.003799428237340009,-0.24749832567182425,0.0,4
2023-06-03,0.06825584638750185,-0.023293113228812345,-0.021306283620272308,-0.23055244180392617,0.0,4
2023-06-04,0.15656160811101874,0.04502776377618625,0.04106920770347494,-0.1834277949365098,0.0,4
2023-06-05,0.24279465518548832,0.2057309733908413,0.05747021185481115,-0.07984091104351991,0.2981413867783159,4
2023-06-06,0.3180449210807705,0.22676032056289122,0.04902408981739167,-0.08620923012496595,0.3511043946736994,4
2023-06-07,0.4035819741486578,0.1559548936400117,0.06410434127497451,-0.24536889277070392,0.14603154010397695,4
2023-06-08,0.00190173258516943,0.0739461007019706,-0.011085665415201779,-0.08218498803972031,0.0,4
2023-06-09,0.12161577077435622,0.12661416155689892,0.1064844148339854,0.015255604608728884,0.32476551510453644,4
2023-06-10,0.15600405093309486,0.10365417357948502,0.03819724653852043,-0.13826223552860206,0.04858712440881008,4
2023-06-11,0.31330368410609494,0.1437535482166344,0.10657545790131803,-0.1941784096048432,0.18658564763646543,4
2023-06-12,-0.36269716357840126,-0.2306416482715779,0.15538245771821643,-0.19995441310287604,0.0,4
2023-06-13,-0.15672579489181748,-0.14484237832949576,0.2738129336912571,-0.17006432713299494,0.0,4
2023-06-14,-0.062270550551894954,-0.07265641463609014,0.29622620020408064,-0.15499418330087839,0.0,4
2023-06-15,0.038129963863541186,-0.02816051111438992,0.28253230798397644,-0.12964179672097678,0.01099854110236087,4
2023-06-16,0.0907554513359235,-0.024251077003719715,0.30447997642995656,-0.1527252244287722,0.05022010158788462,4
2023-06-17,0.3506275242311056,0.1428527925869487,0.39233861913284007,-0.13650892251068472,0.5398198674750745,4
2023-06-18,0.2724616341562223,0.08928770886496101,0.2941547511452483,-0.18835687602207787,0.2741804247768513,4
2023-06-19,0.19457433260867435,0.004100170830662227,-0.09274138083823928,-0.4359983510997632,0.0,4
2023-06-20,0.046763740993721215,-0.13669179253822636,-0.13521049762969115,-0.4639487555145118,0.0,4
2023-06-21,-0.00999706657851756,-0.1696634432797022,-0.11426424898400245,-0.44326476078934,0.0,4
2023-06-22,0.24070632689659544,-0.09820105825828948,0.0776601635052823,-0.31604422249091824,0.0,4
2023-06-23,0.15087986777757376,-0.13622088819388917,0.36632091922656296,-0.2048574562875018,0.0,4
2023-06-24,-0.1091639118229066,-0.24427846205326298,0.243678125481935,-0.2657780452177847,0.0,4
2023-06-25,-0.4371916460265559,-0.36659152028308795,0.1531280558600825,-0.2139870026568827,0.0,4
2023-06-26,-0.33384665217464554,-0.33297343722960004,0.4389573293448605,-0.0961588194848275,0.0,4
2023-06-27,-0.35330193974962254,-0.2713674236382894,0.5115766851995065,0.04137157915590131,0.0,4
2023-06-28,-0.36784908159315644,-0.27196593427524773,0.5307842233442639,0.07069994047701851,0.0,4
2023-06-29,-0.2763067649537191,-0.12532583831429683,0.8758428051630154,0.31569686611425596,0.34190348802472886,4
2023-06-30,-0.32177438675086456,-0.11076159258042201,0.5172187625244891,0.22659096234668882,0.0,4
2023-07-01,-0.47013590840010555,-0.20092836880148252,0.38901942195502803,0.14584439372114186,0.0,4
2023-07-02,-0.4492654384198829,-0.1319376956769565,0.4150493483019184,0.22921365990746428,0.0,4
2023-07-03,-0.12952914929174253,-0.024221606097781942,0.8023286681925144,0.27190608908048386,0.5588191016063101,4
2023-07-04,-0.2226281028494767,-0.04197293943179469,0.932531531374704,0.3820327928435843,0.6051927264016841,4
2023-07-05,-0.4217117255198119,-0.1296333581921482,0.9137517075593544,0.4088460968268132,0.25938476622492157,4
2023-07-06,-0.010753146121930693,0.11695928076953269,0.8619432157693815,0.4127699526542371,1.0,4
2023-07-07,-0.06770881152086658,0.139734729445043,0.8458763216371843,0.4375389684172699,1.0,4
2023-07-08,0.0837578185370422,0.1794972676561982,0.8384748078403834,0.4132826606826769,1.0,4
2023-07-09,0.07037651197705568,0.1690627378166281,0.9990312524747814,0.5103326891953969,1.0,4
2023-07-10,0.226791178483497,0.17947460470627527,1.1186761447146008,0.514129949571532,1.0,4
2023-07-11,0.23101415976419057,0.17973888392408294,0.9308379983614921,0.4627059794995044,1.0,4
2023-07-12,0.07997241082056879,0.03373896683185103,0.660876485789454,0.2991396740468247,0.8259607760762729,4
2023-07-13,-0.02770968767804527,-0.036180222492632655,0.4532441834231673,0.1815789645153269,0.3715674590122755,4
2023-07-14,0.19983619480391004,0.06058689246378567,0.9355724582658205,0.4473790626248239,1.0,4
2023-07-15,0.25470584667145646,0.054883107030526214,0.9314448427017183,0.5150104528735411,1.0,4
2023-07-16,0.293104653022256,0.0640710659425989,0.9530912281969596,0.4941182406588135,1.0,4
2023-07-17,0.33407305807197823,0.03438654227968568,1.0408943290470978,0.4381041642457301,1.0,4
2023-07-18,0.1637635865568955,-0.09257432581344058,0.9509251267026523,0.34638689859034794,0.9839781866911661,4
2023-07-19,0.4215768481103916,0.04220586880360072,1.1763166536338123,0.4008587975818846,1.0,4
2023-07-20,0.2890921870242185,-0.01999610926954354,1.0079901984208073,0.36069466450196824,1.0,4
2023-07-21,0.3440785552182539,-0.046676035936483236,1.070264489965075,0.30915408777251724,1.0,4
2023-07-22,0.2770405404163765,-0.039477495087105664,1.0640152394237092,0.35459632093548993,1.0,4
2023-07-23,0.22944214098609755,-0.031350867947631894,0.899977244030792,0.23540265394133023,0.9890645504085196,4
2023-07-24,0.25868080135676613,-0.0325517412626915,1.0440590989784495,0.28681787987795276,1.0,4
2023-07-25,0.5504638576329223,0.10481971167064844,1.2256084915346648,0.3891175696805093,1.0,4
2023-07-26,0.6131337943470067,0.186361687992498,1.204510156872935,0.39018797776689046,1.0,4
2023-07-27,0.5966104310986141,0.24790973431323987,0.9296420486434704,0.19847876650359164,1.0,4
2023-07-28,0.563479163364246,0.14026302397072396,1.1254415985682842,0.2969287721609044,1.0,4
2023-07-29,0.3545277015540186,0.10486413246138492,0.7175105103403253,0.14997215716391415,1.0,4
2023-07-30,0.23992259192648352,0.03129886953822218,0.7364233828151772,0.20033546278023093,0.9452104171401741,4
2023-07-31,0.15743421498502452,-0.007891751276659469,0.6420265626864006,0.19698226964882104,0.7479585294702152,4
2023-08-01,0.07681771330306339,-0.07335058312556336,0.7019321645643873,0.1886395724431553,0.6025991019443604,4
2023-08-02,-0.030558271628658755,-0.13602586047566095,0.7073219817329673,0.2117827557413853,0.4273201484290401,4
2023-08-03,0.03190005061584483,-0.09808711289150263,0.9007529986838788,0.3211954259259375,0.7713088036379325,4
2023-08-04,0.06940211722639636,-0.10741031531016632,0.7842600302110295,0.27214028892882164,0.6844021760359775,4
2023-08-05,0.27853076133766774,-0.013031098633675854,0.9313963513885998,0.33020985606030195,1.0,4
2023-08-06,0.06640745694541034,-0.002991040178517719,0.8553261702481829,0.4025011534802293,0.9815425198343619,4
2023-08-07,-0.027252150898678794,0.036247824097035204,0.6487021186863952,0.3631629318742545,0.7496508492947564,4
2023-08-08,-0.12154218432411394,-0.02625863009185759,0.38526808180388605,0.1403966861168008,0.1855689648060692,4
2023-08-09,-0.25342537661679715,-0.11174518050822987,0.36635001253121635,0.07288616335572512,0.0,4
2023-08-10,-0.5623707909000835,-0.2976308825939843,-0.2725250398585494,-0.13812994879576268,0.0,4
2023-08-11,-0.36294341888138204,-0.144884935413278,-0.19102810747764282,-0.14143734947429507,0.0,4
2023-08-12,-0.5860717086184059,-0.2550510383321216,-0.12976169945973165,-0.1216995229788593,0.0,4
2023-08-13,-0.25819763596321915,-0.1187149611101531,0.5636600159645623,0.2310202180131937,0.09831115852068972,4
2023-08-14,-0.3609389351674603,-0.1880323920675536,0.48970399630019834,0.12860367655724309,0.0,4
2023-08-15,-0.1620259753938836,-0.060009574331518545,0.5928460504129318,0.1687253479363426,0.24927152285653342,4
2023-08-16,0.0023806401301347683,-0.0025293404870854186,0.7999174282011683,0.26386595875591834,0.7370326678884713,4
2023-08-17,0.010441183722427343,0.0507690490440274,0.7015944979124189,0.23164448685431033,0.7199732573443882,4
2023-08-18,0.05835397388796452,0.16145783094158922,0.5146493835297654,0.1624951892339624,0.7240331243085415,4
2023-08-19,0.048135848839186375,0.12422850498964927,0.39013251826121403,0.04341000790845487,0.46443532351143146,4
2023-08-20,-0.1130731092389464,0.049234239747672257,0.2399790874943323,0.028599726319220618,0.07910372942350027,4
2023-08-21,-0.46954016747496985,-0.05846856542266654,0.3510045154248432,0.09130435451003732,0.0,4
2023-08-22,-0.4004631681884165,-0.18129784504021307,0.453314136144063,0.10130222788155602,0.0,4
2023-08-23,-0.3732754829102907,-0.19833490622628455,0.38629537463618674,-0.05459588774027524,0.0,4
2023-08-24,-0.6639496040704317,-0.3663054089723658,0.11276852655280747,-0.2338239853767008,0.0,4
2023-08-25,-0.3534276368476608,-0.15921827636218902,0.02774488734217883,-0.14898845273118463,0.0,4
2023-08-26,-0.03361978423151156,-0.2328902942472559,0.1795420953525874,-0.2352710272593786,0.0,4
2023-08-27,0.1639263331896068,-0.04161324746894004,0.15289689485817823,-0.25494013781635677,0.0,4
2023-08-28,0.15518507211059673,-0.0687134395413548,-0.22997183987852288,-0.37970953513760736,0.0,4
2023-08-29,-0.08969441841295536,-0.20542792282358735,-0.4985259922060118,-0.47992696452982464,0.0,4
2023-08-30,0.15798346012603354,-0.056460751196385606,-0.3838545924678198,-0.48002412154335067,0.0,4
2023-08-31,0.21475221553499158,-0.06162472313670979,-0.47886118236156194,-0.5139780659521123,0.0,4
2023-09-01,0.3551936963926997,-0.08218200611743233,-0.15035085675977206,-0.405282365785741,0.0,4
2023-09-02,0.23428515667791275,-0.17052664621326286,-0.15794064983997394,-0.4010412814239768,0.0,4
2023-09-03,0.29563871559342986,-0.26473923293911616,0.24004114500072032,-0.23939309988832552,0.0,4
2023-09-04,0.23559224828136324,-0.2853534040463671,0.4561399842570161,-0.0898547731681069,0.030158480948018263,4
2023-09-05,0.24178353101346456,-0.13516562783537925,0.35815544884083905,-0.10886668377358608,0.14073876051840872,4
2023-09-06,0.11274644572327516,-0.20567111128440885,0.025919993516688083,-0.29639625585703905,0.0,4
2023-09-07,-0.21802508212923813,-0.3936335375155332,0.0017262511130592961,-0.39481254130275195,0.0,4
2023-09-08,-0.9857507764733419,-0.5852590499720638,-0.9231641774284765,-0.6634695725969831,0.0,4
2023-09-09,-0.8285621949674769,-0.4955492410254901,-0.6053035686559202,-0.5264797867039188,0.0,4
2023-09-10,-1.0829988132240567,-0.6099841665576106,-0.6524815151077965,-0.6139543061684468,0.0,4
2023-09-11,-1.596157198308612,-0.798403689539714,-1.0441848689338573,-0.6529978112958621,0.0,4
2023-09-12,-1.5907222667087528,-0.8563764047853153,-0.7922433665489299,-0.4569184640891851,0.0,4
2023-09-13,-1.4888168655026754,-0.7752716616754096,-0.7419637890992434,-0.3605673472032544,0.0,4
2023-09-14,-1.2152761505208975,-0.6514839093648856,-0.3176089262671269,-0.14978988513530775,0.0,4
2023-09-15,-1.4064196426658644,-0.7516685958231475,-0.4527567917602899,-0.16489862705048508,0.0,4
2023-09-16,-1.672517179327228,-0.7905336352084277,-0.8987067477745025,-0.30562724319253715,0.0,4
2023-09-17,-1.5401206249898436,-0.7698892666229811,-0.9624303849327769,-0.36124490994382674,0.0,4
2023-09-18,-1.4750015096797722,-0.8873412919472626,-1.182631876893345,-0.5637972598443639,0.0,4
2023-09-19,-1.2617645967134687,-0.8077209261462924,-0.9332922294922488,-0.5593279029159578,0.0,4
2023-09-20,-1.3463626937220823,-0.874314669425273,-0.8812447120459188,-0.5098592896649786,0.0,4
2023-09-21,-1.453737001546117,-0.9262080541031729,-0.8223107506786871,-0.5310770881570149,0.0,4
2023-09-22,-1.5281197232943768,-0.8626102244975767,-0.9766504458600928,-0.42056946461926903,0.0,4
2023-09-23,-1.5014481256370946,-0.8343459537847415,-0.9728924307634146,-0.4028257341277606,0.0,4
2023-09-24,-1.3226988185160995,-0.795353573642943,-0.5348680042461826,-0.30993981508318885,0.0,4
2023-09-25,-0.6263998004196701,-0.44749179326606914,-0.5920087832470261,-0.22863249763682575,0.0,4
2023-09-26,-0.4433554402377285,-0.3590508926319784,-0.6400163472205995,-0.30871879137615843,0.0,4
2023-09-27,-0.11070310134928586,-0.14555280940438622,-0.5559769992772238,-0.37352741007741463,0.0,4
2023-09-28,0.18444340890232083,0.021249733283252636,-0.30004579080167637,-0.1459872078386384,0.0,4
2023-09-29,0.18422648332868546,-0.0032883719035631726,-0.4066939395825471,-0.3011165408686269,0.0,4
2023-09-30,0.6446669677493565,0.28734473195480925,0.6563127183342954,0.001068889991346291,1.0,4
2023-10-01,0.9919192054868077,0.5788164856601656,0.8947053923287425,0.16053029985106934,1.0,4
2023-10-02,1.071950130607656,0.6752320379537622,1.0785927382661271,0.32417453706134597,1.0,4
2023-10-03,1.0367079949253002,0.6265381296414617,1.01262066989064,0.2704247637151887,1.0,4
2023-10-04,1.059071376302773,0.6250634086779854,0.9674835314958375,0.22893573520721597,1.0,4
2023-10-05,1.0418907041466583,0.6650432474483181,0.9344459128031195,0.26558915878889,1.0,4
2023-10-06,0.9664146824281341,0.617800423713237,0.8190360203577054,0.22563678654823238,1.0,4
2023-10-07,0.9401992893616864,0.5896384907184832,1.1279502476906247,0.32264896457448233,1.0,4
2023-10-08,0.79989581270363,0.4790738794382235,0.7416801748410535,0.27320090031488226,1.0,4
2023-10-09,0.6703404635290867,0.3661956368536288,0.7355522145234745,0.2129499432467501,1.0,4
2023-10-10,0.585930579968428,0.4730914996248248,0.36356762193322617,0.1673401708062905,1.0,4
2023-10-11,0.508311954781119,0.4114972999954519,0.4742265833581995,0.2420209918425206,1.0,4
2023-10-12,0.6412409162460411,0.4567355981382061,0.4623360686326732,0.13016217646534142,1.0,4
2023-10-13,0.6613772265659613,0.47608371493043117,0.48930891282904865,0.14961089654320248,1.0,4
2023-10-14,0.7839232263211305,0.5122700855605351,0.507629075540187,0.01172917804114883,1.0,4
2023-10-15,0.5871628785178126,0.4211269367187485,0.28003115544937346,-0.06583856116179979,0.982042969904392,4
2023-10-16,0.22998586264181942,0.29832306050411944,0.29731340050041716,-4.196278073870241e-05,0.7032185283157041,4
2023-10-17,0.18862238041056123,0.2924767283493577,0.41365279401962574,0.1228577653795509,0.90756269597304,4
2023-10-18,0.2132128228363872,0.2662280078915236,0.2869784199742286,-0.03260994245973265,0.6061985165062826,4
2023-10-19,0.21467960545670373,0.26405653172609733,0.4928791052731549,0.06986095942714769,0.8894438194435433,4
2023-10-20,0.26961867635152,0.3055187210000816,0.6233703793139342,0.21316658760769006,1.0,4
2023-10-21,0.35826883015421157,0.2719295783029485,0.7561429419541986,0.17705642671128508,1.0,4
2023-10-22,0.43404579308714514,0.38390882305347873,0.9769648375038628,0.355627476857347,1.0,4
2023-10-23,0.75653684665213,0.5537722191557357,1.260144876430169,0.44987994261146874,1.0,4
2023-10-24,0.6496746837181118,0.43434901993109304,0.9239294678617629,0.25315811795435844,1.0,4
2023-10-25,0.6884213134153957,0.4814987634312092,0.9651390706772484,0.34267614567058763,1.0,4
2023-10-26,0.7395860503251341,0.6137193444002145,1.193038992906117,0.5443602851125248,1.0,4
2023-10-27,0.5854399575102306,0.5310823414813769,1.3347716760017492,0.5982917904083578,1.0,4
2023-10-28,0.38837004163349176,0.4267422291001849,1.0200360397429191,0.5150768392888301,1.0,4
2023-10-29,0.3309758672080236,0.2853010054972823,0.8954844608895844,0.29104269437333563,1.0,4
2023-10-30,0.7882161000142418,0.42991269391297804,0.9854980168908851,0.3640281248116332,1.0,4
2023-10-31,0.8850877084124568,0.5078699238141955,0.9967988269879543,0.37810682165528453,1.0,4
2023-11-01,0.7076523653957104,0.4268363689746187,1.038895283882953,0.4637631742736313,1.0,4
2023-11-02,0.7452257861195094,0.43851463242811883,1.0427386606296316,0.4282521999368512,1.0,4
2023-11-03,0.8345999946269032,0.4941680014551847,0.7042110597956409,0.29986124752483556,1.0,4
2023-11-04,0.868259662192641,0.5401893593397336,0.7299793456812192,0.27362599754317746,1.0,4
2023-11-05,0.7666599171655107,0.48688598051974347,0.11020676706824288,0.07629515883017447,1.0,4
2023-11-06,0.8724375314288557,0.455365007996938,0.25413805999481565,-0.012642253966070084,1.0,4
2023-11-07,0.8451172449256731,0.4207458755040743,0.3309205171429988,0.09082625659840149,1.0,4
2023-11-08,0.947850783242075,0.49055184322285983,0.26611444974191434,0.09124183482878574,1.0,4
2023-11-09,0.8830392567496288,0.42738516092793255,-0.025760534628093988,-0.022325412942595702,0.8864382736877373,4
2023-11-10,0.8584002433352305,0.43018376645598144,0.5349968787598588,0.07191037966328456,1.0,4
2023-11-11,0.8612800181945516,0.4690040583442959,0.5471537533675654,0.1229760127451766,1.0,4
2023-11-12,0.6912881055936434,0.48626231267260406,0.29706761890041344,0.31018604058646326,1.0,4
2023-11-13,1.05641478115618,0.7303573096853897,0.5439888047146021,0.34094126232030747,1.0,4
2023-11-14,0.8526306402176371,0.629212459714773,0.3378443350177143,0.2471947302446345,1.0,4
2023-11-15,0.9129036861618995,0.7981655072227529,0.28921120253875143,0.4232598840494443,1.0,4
2023-11-16,0.7518431622375912,0.6796348554815799,-0.03853972670834122,0.28187473697245174,1.0,4
2023-11-17,0.6778787960988837,0.6302157235034809,-0.021722681609666332,0.31134116193268163,1.0,4
2023-11-18,0.9551443700147888,0.7936285554328515,0.433296630450333,0.40240968656544657,1.0,4
2023-11-19,0.960146417014434,0.8136927489692568,0.48280955631509415,0.37794236256299796,1.0,4
2023-11-20,0.6875478884004795,0.8435184317385088,0.4473035954488106,0.6177299114908386,1.0,4
2023-11-21,0.6670306441506818,0.889840637480322,0.487386056100379,0.7337691193019302,1.0,4
2023-11-22,0.6585046201184424,0.857252226575999,0.5635141279664423,0.7612842037886419,1.0,4
2023-11-23,0.7084605380323221,0.9157608491920399,0.47893122606108585,0.8094398411327679,1.0,4
2023-11-24,0.7504088724920591,0.9324290454345381,0.45459690528560814,0.7518407088749279,1.0,4
2023-11-25,0.7310045850538255,0.9133267325971597,0.4603686280411867,0.7310034794681658,1.0,4
2023-11-26,0.4776532703446859,0.765322290222649,0.07806818752914782,0.47149815001711537,1.0,4
2023-11-27,0.3904711813892568,0.591677699740533,0.19484788212000373,0.4073430193359586,1.0,4
2023-11-28,0.640646493640479,0.6356741237354935,0.3490206956095514,0.3662167924488588,1.0,4
2023-11-29,0.21926329015491078,0.4139664717091163,-0.031160370224113193,0.16248278332485488,0.6059006333732142,4
2023-11-30,0.21028835400986526,0.38001329357341845,0.14162437808078837,0.17498462708308277,0.8151410413685733,4
2023-12-01,0.22074537239904443,0.29834864919766896,0.1385211251369275,-0.0034804099432119563,0.5423675817232215,4
2023-12-02,0.2526066078652053,0.3337305269193974,-0.14760803363631111,-0.19935409642599722,0.0035831197530386827,4
2023-12-03,0.14443178689534564,0.20670801234340494,-0.05315237341377298,-0.12095092960204948,0.04175201322955399,4
2023-12-04,0.10346991154896279,0.12955705767693346,-0.07642290796516155,-0.24495566019576387,0.0,4
2023-12-05,-0.23065913767048574,-0.024639349912095557,-0.06203098964038863,-0.3461838724796438,0.0,4
2023-12-06,-0.25241747448844354,-0.04402317429280526,-0.09623957438471265,-0.37909558749467376,0.0,4
2023-12-07,0.0877664164853787,0.17396800815964425,-0.012608836016852039,-0.28841406888753157,0.0,4
2023-12-08,-0.2526860461918746,0.21074345459496863,-0.2794299463746022,0.144556186057114,0.0,4
2023-12-09,-0.26668922582483395,0.22292156806288596,-0.48488744862887057,0.17633925487011673,0.0,4
2023-12-10,-0.07627387482244724,0.3200657117379769,0.05061391947943837,0.3358750504617914,0.4539855230957153,4
2023-12-11,-0.05536790957620447,0.34778103430053414,0.5181583080004655,0.5053153732118638,1.0,4
2023-12-12,-0.2717897488933536,0.2394549284880227,0.43334611546929125,0.5612999501056611,0.6450794344157653,4
2023-12-13,-0.20626063651263843,0.2872351560197366,0.4407855261420659,0.5472307081820216,0.7804099570350915,4
2023-12-14,-0.17108719950538875,0.2700588004752464,0.516434924083316,0.47413543054778085,0.8170825069628556,4
2023-12-15,-0.12136464165728088,0.22495523435222214,0.6198640719012222,0.5003068892658262,0.9385096478165625,4
2023-12-16,-0.3587477906011476,-0.12278526061884959,0.2738616422478381,0.23241249867586686,0.0,4
2023-12-17,-0.38469487631983795,-0.09847271692996348,0.11300585842620584,0.11789810890617572,0.0,4
2023-12-18,-0.2244640786650299,-0.12052405473208733,0.17441768012482545,0.042262137064170965,0.0,4
2023-12-19,0.10186177998877048,0.05226416687242825,0.3457382906319929,0.08363088191296289,0.4667477245879816,4
2023-12-20,0.0461950452140779,0.17655496344666233,0.3712055307492443,0.347977566364843,0.8092887729394621,4
2023-12-21,-0.22127659638793698,0.11030609845450987,0.18248633460764344,0.44736696287938504,0.2805241468149195,4
2023-12-22,-0.13737961816725122,0.17398979810030324,-0.2621405157522833,0.048827108586375706,0.0,4
2023-12-23,-0.07881645047044424,0.14375217082371633,-0.3031083526411233,-0.09534018186746873,0.0,4
2023-12-24,0.009229143109726771,0.15894961659317405,-0.3403228580202235,-0.0940158903773833,0.0,4
2023-12-25,0.13629630737801499,0.19810947630680353,-0.4807918305698619,-0.16423566514097712,0.0,4
2023-12-26,0.4599446350763023,0.3119364906510217,-0.28382362062272876,-0.13180043890601073,0.05005008123977672,4
2023-12-27,0.6676326067061216,0.35473091886756336,-0.20959634498186802,-0.1839998216321338,0.257783266778843,4
2023-12-28,0.35589854119123826,0.23492736087942462,-0.4902736657764894,-0.27206395323535687,0.0,4
2023-12-29,-0.04597791295397022,0.20416835885227896,-0.5161356105636673,-0.27636388258977507,0.0,4
2023-12-30,0.053968479140078254,0.3021398902134609,-0.3208516887005063,-0.2449675194721024,0.0,4
2023-12-31,0.19074683643950638,0.32589026786618763,-0.016616027784816585,-0.11061096846951167,0.2182452438388612,4
2024-01-01,0.27853687597070576,0.4298348707767083,0.29522726841938934,0.1147787632737374,1.0,4
2024-01-02,0.4168014722579454,0.5774537857559885,0.5460624275012028,0.2873508376645225,1.0,4
2024-01-03,0.46601491282596536,0.5557913068300905,0.5304564487671908,0.213540083285586,1.0,4
2024-01-04,0.627322148527686,0.6312757888444693,0.4974152804950378,0.15562844045263113,1.0,4
2024-01-05,0.598978598407637,0.6162599529289997,0.6063206494974633,0.21645903129924784,1.0,4
2024-01-06,0.8386508463619164,0.7308517954255725,0.8499131277639728,0.25821747544299734,1.0,4
2024-01-07,0.906554794329892,0.7345065969804351,0.878137922892277,0.2819813671053961,1.0,4
2024-01-08,0.7703309935089291,0.7399176264866115,1.0906168888153305,0.3969296169227244,1.0,4
2024-01-09,0.7280085614817368,0.6849957403711522,1.2015561690066046,0.4919304031161574,1.0,4
2024-01-10,0.10130594338480677,0.3988375624102589,0.9002091527187349,0.3926978411385065,1.0,4
2024-01-11,0.1817898871882223,0.48762610468052825,1.165355297278812,0.5101595054897075,1.0,4
2024-01-12,0.45076651795910183,0.39950334017570205,1.1484312822562912,0.24769998276735578,1.0,4
2024-01-13,0.29699257211258046,0.23020064532208398,1.078212506267159,0.23789178700414712,1.0,4
2024-01-14,0.5737402219477157,0.38856112020573497,1.4542582047247155,0.4339123912681482,1.0,4
2024-01-15,0.9240336099706206,0.5246054510662048,1.836076923497797,0.7021397260952673,1.0,4
2024-01-16,1.4214537955294617,0.796035154237162,2.0,0.8786431809336788,1.0,4
2024-01-17,1.3877653869712907,0.7433916928144878,1.9575879341737943,0.716465157272191,1.0,4
2024-01-18,1.2971112071132813,0.6763836881342163,1.9534195756427808,0.6982428228937411,1.0,4
2024-01-19,0.7047273673085044,0.2984402953825201,1.5755150211772442,0.5841818389132943,1.0,4
2024-01-20,0.49840278297682855,0.13970618507649257,1.4243229547288738,0.6936753037139542,1.0,4
2024-01-21,0.35751528735319427,0.08139790432282629,1.3008143488795805,0.6323098669706355,1.0,4
2024-01-22,0.315499457132533,-0.010346349411481104,1.171575428335711,0.43785275405863716,1.0,4
2024-01-23,0.33853724190458234,0.00876361311223714,1.1838948596497056,0.4449503349916454,1.0,4
2024-01-24,0.7212559891390377,0.2430150871598578,1.437403621553064,0.6121604651802627,1.0,4
2024-01-25,0.920203461576434,0.38746078813778967,1.453753197932263,0.6930281173734627,1.0,4
2024-01-26,1.0583198385232595,0.33346390843212403,1.6473846806975374,0.7593817661981184,1.0,4
2024-01-27,1.0765788875263604,0.28051640902261027,1.5205766404930166,0.7531055532227489,1.0,4
2024-01-28,1.1315411894517409,0.29660267212845876,1.586618266100661,0.7360070505522428,1.0,4
2024-01-29,0.7061710855151406,0.22033579345945742,1.6468943026407643,0.7250172915686363,1.0,4
2024-01-30,0.5749705233224585,0.10478260017453762,1.487810922222926,0.6183500530693938,1.0,4
2024-01-31,0.7339190319502242,0.20314721356918813,1.7296841209703235,0.7150688664626549,1.0,4
2024-02-01,0.5473475814995761,-0.010788182821430833,1.2439364772617798,0.44198042133853926,1.0,4
2024-02-02,0.5843788355572906,0.12250077868868844,1.145132804940302,0.3731100581757566,1.0,4
2024-02-03,0.5489902115845577,0.18680549002936628,1.0268829228424337,0.31834079255212067,1.0,4
2024-02-04,0.3720638892893404,0.04928590599454836,0.8245802855448704,0.19369113038360278,1.0,4
2024-02-05,0.399161038335054,0.12990755350592575,0.7965898727347589,0.1694259467773058,1.0,4
2024-02-06,0.4636980758700188,0.12031822962966258,0.9242676992346639,0.12036980407699263,1.0,4
2024-02-07,0.5103959700017947,0.15795023599061334,1.1893887301360464,0.2949063892320959,1.0,4
2024-02-08,0.6391406117831727,0.33615226759235894,1.2218616043505215,0.2922410470978395,1.0,4
2024-02-09,0.9661317292424334,0.7086841120053209,1.7131444104705293,0.4610376827682801,1.0,4
2024-02-10,1.014005145864579,0.8341073473259237,1.5878070706123963,0.47989504771448716,1.0,4
2024-02-11,1.0915083690050484,1.0534876780028755,2.0,0.8517307157536081,1.0,4
2024-02-12,1.102984741065937,1.040593339001907,1.9895553475404282,0.8514739382079782,1.0,4
2024-02-13,1.0866269352707676,1.0420426254104986,1.9709915566400353,0.872105508993886,1.0,4
2024-02-14,1.0353127752999913,0.9607532093998388,1.9208962565365526,0.8122944645890922,1.0,4
2024-02-15,1.0738180313183763,0.9323470981597407,1.9664713997122465,0.7979317608371282,1.0,4
2024-02-16,0.7875685280906158,0.8025323463772776,1.7194705529004302,0.7600796536744469,1.0,4
2024-02-17,0.42552691925409186,0.6888529370730708,1.5504707084098128,0.8832564080519035,1.0,4
2024-02-18,0.9491982445406614,0.9562665727278833,2.0,1.102719221843754,1.0,4
2024-02-19,0.9275409598681295,0.9363890643274078,2.0,1.308777990303637,1.0,4
2024-02-20,0.9505403689719084,0.9838919855781327,2.0,1.3680019405218904,1.0,4
2024-02-21,1.0910274722127629,1.081222972999268,2.0,1.3438339487257334,1.0,4
2024-02-22,1.0392462655415782,1.0325312871708359,2.0,1.2965681700677243,1.0,4
2024-02-23,0.9736435413903273,0.7706713480111759,2.0,1.0354100070324292,1.0,4
2024-02-24,0.9201038182581553,0.7464866554592161,2.0,1.0048217187679256,1.0,4
2024-02-25,1.0066032911207015,0.7359689499766907,1.912273752492898,0.9100455714827619,1.0,4
2024-02-26,0.9240428615525896,0.6945665377499106,1.8854500576085569,0.8422906025506766,1.0,4
2024-02-27,0.8029232537945767,0.6312353581623178,1.76175331444477,0.8267680116988988,1.0,4
2024-02-28,0.7784101976921225,0.6461205230318373,1.7290840999793835,0.8633192714076422,1.0,4
2024-02-29,0.7338531527924064,0.5979942058848388,1.8936546817289583,0.8564276250999071,1.0,4
2024-03-01,0.8980950066776388,0.7200827232136243,1.9267823296951885,0.858144389101535,1.0,4
2024-03-02,1.065879909190486,0.877125679382104,1.6904526564043323,0.7832642280801477,1.0,4
2024-03-03,0.8198878369824891,0.6591206424411716,1.461746325830599,0.7488385768196475,1.0,4
2024-03-04,1.3776755461654286,0.9903507617845361,2.0,1.2829192017511104,1.0,4
2024-03-05,1.2521450421160174,0.900415940794238,1.750765887487836,1.164155565262126,1.0,4
2024-03-06,1.1666329064259986,0.7907692967258351,1.6549052784496983,1.2074755462770401,1.0,4
2024-03-07,0.8902947630553129,0.4531388577145433,1.4320036786017467,1.2238509635032473,1.0,4
2024-03-08,1.3888726933994235,0.5423493722380403,1.890603628670182,1.3229495112833998,1.0,4
2024-03-09,0.8437253395328296,0.4508814171173703,1.4168547951724335,1.4157454369745444,1.0,4
2024-03-10,1.2369936508542925,0.6895752598991705,1.8733895163608556,1.5582681691860905,1.0,4
2024-03-11,1.2465659629615335,0.7024279875084177,1.8747057582790814,1.5394390071972206,1.0,4
2024-03-12,1.2694368465219739,0.7871781446575786,1.928102007203098,1.7153874903968465,1.0,4
2024-03-13,1.2012276527666597,0.6907565042006862,2.0,1.6507463465426213,1.0,4
2024-03-14,1.4708250511188856,0.8470699657627674,2.0,1.8416065321659871,1.0,4
2024-03-15,1.1300353217597312,0.672293672494006,2.0,1.647958129243949,1.0,4
2024-03-16,1.2024899385684205,0.760809637765955,2.0,1.7937378349535227,1.0,4
2024-03-17,0.8677100044359751,0.5374453161447198,1.9157759656025752,1.4842133040944798,1.0,4
2024-03-18,0.49337245826461923,0.34216779872519754,1.6438941189047749,1.2140702673477675,1.0,4
2024-03-19,0.5149615325277018,0.42290196924397505,1.5573109986251226,1.246644165781825,1.0,4
2024-03-20,0.9907415209466726,0.7494159253555653,1.8172250287119258,1.3189643995397275,1.0,4
2024-03-21,1.1448352948157439,0.9668362437198957,1.8552050745873165,1.2945042348642744,1.0,4
2024-03-22,0.9200884251702253,0.7102149316323786,1.999394969737131,1.18203416364607,1.0,4
2024-03-23,1.0063202807518938,0.8351618392138946,1.6650821236465063,0.9413444285735724,1.0,4
2024-03-24,0.8945787595823775,0.7356385980009421,1.6634475412869576,0.9528326948552648,1.0,4
2024-03-25,0.7724198245409983,0.6464075448406029,1.5024394699709271,0.907821522298015,1.0,4
2024-03-26,0.7793115357621605,0.6373822287872676,1.4000361829812427,0.7904228774617977,1.0,4
2024-03-27,0.8302606081023253,0.697358112001791,1.5285675212498178,0.899164174424138,1.0,4
2024-03-28,0.8169643669021321,0.6058452367542343,1.394450849939557,0.6932362376182064,1.0,4
2024-03-29,0.49230789340259534,0.5144518275920378,0.9840550313753983,0.6766356081721498,1.0,4
2024-03-30,0.4880843070743527,0.4457402563181299,0.789125342939416,0.512760726553986,1.0,4
2024-03-31,0.5675058062547931,0.5201194489769987,0.9556941536030766,0.6904105616453832,1.0,4
2024-04-01,0.6678290068385977,0.6455832867462306,0.9989636663173533,0.7077155209327635,1.0,4
2024-04-02,0.6610877525536157,0.6349615588803729,0.8576424582575153,0.6262039218296037,1.0,4
2024-04-03,0.2510734364099867,0.19917347370641228,0.3989479287405806,0.3236853918857575,1.0,4
2024-04-04,0.24580710144736645,0.20768086080847228,0.7371713386013493,0.5950763851078018,1.0,4
2024-04-05,0.3519544485285616,0.27108664812206984,0.8883582216313203,0.6529449113563053,1.0,4
2024-04-06,0.26929683938190374,0.22740738700450328,0.6477688816395393,0.5809962755604401,1.0,4
2024-04-07,0.21051646532215376,0.1935383717569705,0.5179012297919707,0.5141679315127052,1.0,4
2024-04-08,0.27471809344419834,0.23178652127156943,0.8258437347698442,0.632999442719678,1.0,4
2024-04-09,0.2495973865004435,0.1935617179363236,0.7945813522959603,0.6062999002123833,1.0,4
2024-04-10,0.21233718868594767,0.11054648217999101,0.7078051496027467,0.4855960433142797,1.0,4
2024-04-11,0.27836650790941053,0.12946295444381153,0.6681548445283199,0.5043117285130603,1.0,4
2024-04-12,0.17267110421225798,0.20652563552288217,0.23926644073779205,0.36339565130523976,0.9098149458063172,4
2024-04-13,0.39982757057169416,0.29333929249585305,0.4622375329323838,0.3250682997842072,1.0,4
2024-04-14,0.3456930432631562,0.14184206791668405,0.36333763963372984,0.0845171254971181,0.8128728549501868,4
2024-04-15,0.012508420670507094,-0.019991985514698534,-0.2843923755076369,-0.04985758112815195,0.0,4
2024-04-16,-0.006412531655081622,-0.020526463826879855,-0.3393776918189498,-0.08406601978804079,0.0,4
2024-04-17,0.4025021054969043,0.3216402566383451,-0.07064665494950632,0.06780085872509332,0.5309146327340347,4
2024-04-18,0.2703222729958887,0.26794848429651485,-0.06759648594295245,0.04260322835300165,0.36716847057762686,4
2024-04-19,0.4221457832072032,0.30074583325695614,0.21050917843292702,0.1266295562489575,0.9503852522090002,4
2024-04-20,0.1826599109167808,0.20358472887232454,0.04078531127298803,0.12613582438677437,0.4901439956550474,4
2024-04-21,0.2500792891391503,0.2926089506489317,0.040002573097913906,0.2015522500778914,0.6885562446836487,4
2024-04-22,0.29823334490611436,0.2651440128632782,0.1260022198331239,0.20494688268440725,0.8288106123878693,4
2024-04-23,0.10141895739173287,0.1875703592257394,-0.12090796846109987,0.13692163310136135,0.18712803652497173,4
2024-04-24,-0.10709592853680801,0.12085825817679975,-0.2978947288249689,0.10432006085779234,0.0,4
2024-04-25,0.038450265792876706,0.12806381254629717,0.03647694188689345,0.053586710184537804,0.21908495482118934,4
2024-04-26,0.17148769511751388,0.3480613397058529,0.27473987252348614,0.024685336856205525,0.6975592677612252,4
2024-04-27,0.18663080095540766,0.3493778613618462,0.31771987975817056,0.1106239290910816,0.8674174421588083,4
2024-04-28,0.47616540160554666,0.2519539051442859,0.5805582108236953,-0.20434278215841195,0.8026191131739134,4
2024-04-29,0.34779349052733377,0.2079616042474673,0.4215738747230119,-0.3309175605162517,0.3518874807575604,4
2024-04-30,0.2966449237531812,0.022552150504150548,0.05281027100154316,-0.5885451522871753,0.0,4
2024-05-01,0.5437916840141127,-0.2404152810482339,0.39596028983114656,-0.9616042126360592,0.0,4
2024-05-02,0.5308126553266158,-0.275800997215478,0.38876528610151134,-1.0655571056092814,0.0,4
2024-05-03,0.5042941256167676,-0.32448367271753364,0.4055588535522197,-1.0569000633000865,0.0,4
2024-05-04,0.6235497986240921,-0.1934062967843431,0.5191771840196029,-0.9622691773372956,0.0,4
2024-05-05,0.7408265421485425,-0.08763280370502581,0.8788895721169705,-0.7156498853670364,0.16942797162379652,4
2024-05-06,0.682814166510572,-0.2573990821770301,0.37692856085333293,-1.0048422220848807,0.0,4
2024-05-07,0.7738472527226877,-0.07183672705376663,0.6192551749388278,-0.8085724617289498,0.0,4
2024-05-08,0.7591802879331149,-0.039134917756976015,0.5734894945904322,-0.8029771722190889,0.0,4
2024-05-09,0.7985780028162021,-0.04582253567601316,0.545904214175229,-0.7763492215379144,0.0,4
2024-05-10,0.3150285362377631,-0.10127211293915059,-0.028964619491261966,-0.8021854759915615,0.0,4
2024-05-11,0.2316601629077126,-0.2644418113339422,-0.20281906431312688,-0.9327131402930258,0.0,4
2024-05-12,0.32747505249531816,-0.16440224410104817,0.07795824773925875,-0.7086429005793884,0.0,4
2024-05-13,0.31247146324452724,0.11551046354087395,0.40882086573054677,-0.4354620148694561,0.07443324323118855,4
2024-05-14,0.1929876630077798,0.005543702244239904,0.5365748480960539,-0.4279910950445535,0.0,4
2024-05-15,-0.31550449245871304,-0.3982639768694771,0.1590885335040727,-0.5184934767392393,0.0,4
2024-05-16,-0.1611688907154714,-0.24106184769345876,0.43211149894907736,-0.2512638475703867,0.0,4
2024-05-17,-0.21350244662644977,-0.25670884377226527,0.45452506029010814,-0.22044786198044228,0.0,4
2024-05-18,-0.16455810123714723,-0.2250425670441721,0.48937636121311007,-0.18320324745849217,0.0,4
2024-05-19,-0.26461141435091673,-0.2788365411227973,0.3892941135689857,-0.16444840371263408,0.0,4
2024-05-20,-0.34936490112369833,-0.23812338587491835,0.1431664777898236,-0.10030150489980647,0.0,4
2024-05-21,-0.3170646546750211,-0.22611165598106442,0.17600664518091166,-0.06831362721749233,0.0,4
2024-05-22,-0.37154615927562346,-0.21459267188052916,0.23726246246300106,0.018334417417629582,0.0,4
2024-05-23,-0.42930040258527713,-0.2475752309097727,0.25376243437612495,0.11186601508400007,0.0,4
2024-05-24,-0.3838635391396085,-0.14822993851380795,0.07260788470773517,0.1646745046091697,0.0,4
2024-05-25,-0.08988008734683485,0.08104032289564075,0.5276761530495924,0.4029428295319153,0.6752879512157055,4
2024-05-26,-0.08955222193526073,0.07797431477887679,0.5427391092663784,0.442611264289663,0.7151647218604542,4
2024-05-27,0.00044784786117318953,0.08635379741301893,0.4347723012158057,0.3450717092083887,0.6879070587469865,4
2024-05-28,-0.002845844689289584,0.11470012827713666,0.4277228611309582,0.38108735644641095,0.740780610481736,4
2024-05-29,0.4590377938745186,0.5762725764392564,0.8562516332903123,0.6066797011236245,1.0,4
2024-05-30,0.4313082880198824,0.5691710777503122,0.8076880188601646,0.5787803127055999,1.0,4
2024-05-31,0.37775766816606265,0.5996782134644519,0.9128918782881547,0.6831972187593863,1.0,4
2024-06-01,0.45425702082121355,0.64653205735818,0.9445085022359573,0.6269637682376757,1.0,4
2024-06-02,0.05301732741121109,0.3164122951653222,0.08807536789394853,0.14173740999932713,0.4979982923321232,4
2024-06-03,0.1549590143713781,0.33328610493499017,0.47481168458283396,0.2893409196195661,1.0,4
2024-06-04,0.23164072060706595,0.3951699174075155,0.4778835258889411,0.3494221478039087,1.0,4
2024-06-05,0.16755485544896542,0.36499050707109576,0.42327760368089895,0.3417580990094077,1.0,4
2024-06-06,0.12968167317204143,0.36260695611273314,0.452913974243406,0.3850366834602793,1.0,4
2024-06-07,0.0935583633252738,0.27059820971258675,0.33182789482897196,0.19546428839763255,0.8025353475290333,4
2024-06-08,0.01819464471196153,0.17255101165187064,0.37536391169707894,0.2362935076953254,0.6740725350556647,4
2024-06-09,0.05051945556525249,0.18866337833271435,0.48133849048444416,0.25327022507281094,0.8181387791641044,4
2024-06-10,0.15965721658895754,0.17100279848499478,0.6688961399813141,0.3535033396628768,1.0,4
2024-06-11,0.10286409093879006,0.13486989547886102,0.6164410168303902,0.3376556246883306,0.9870950078040333,4
2024-06-12,-0.074390602522466,-0.03179805954635612,0.5465236178811653,0.30274989926747464,0.48869987651351937,4
2024-06-13,-0.12289660783635058,-0.0855220586244815,0.4551230938914618,0.22368457715141157,0.23360167095233036,4
2024-06-14,-0.004070577665899953,0.0035303100020703457,0.6333195039550825,0.3569619134441631,0.72344829001093,4
2024-06-15,0.09314311099706242,0.061627830890219996,0.6823176745487683,0.4393865869134401,1.0,4
2024-06-16,0.2960629207391515,0.32549392443328784,0.8919637560660895,0.5399303003619939,1.0,4
2024-06-17,-0.05750886052617872,0.23263172907438245,0.5179774474308535,0.48123931113209445,0.9438248168027129,4
2024-06-18,-0.26929876427517885,0.14659719452432363,0.27933062308084916,0.41389462291333906,0.31460738062047733,4
2024-06-19,-0.3144856810648481,0.14697189551323275,0.4464467177680409,0.5066178951284033,0.460663993374049,4
2024-06-20,-0.007455770795019499,0.2331466056187808,1.0934510612055428,0.6394130085451342,1.0,4
2024-06-21,-0.08777773591115577,0.23177804752941353,0.8827616887924997,0.5776158383160952,1.0,4
2024-06-22,-0.16555061972469137,0.16865808040115987,0.6817399487388119,0.40134230011091043,0.7752453680153668,4
2024-06-23,-0.3667766730185989,0.08184807951834867,0.5897929454852343,0.44184172198926214,0.37761544431856425,4
2024-06-24,-0.5018788466608269,0.05091985468031957,0.43288394739269054,0.4026041679877889,0.008036037596262924,4
2024-06-25,-0.5668525979031532,0.025803307510637325,0.1949374115296337,0.31021237677764774,0.0,4
2024-06-26,-0.5829688010339799,0.032992819843691595,0.1773575498229094,0.2893064733954068,0.0,4
2024-06-27,-0.6089321253428638,0.051900972061103993,0.1512867797484654,0.3095135821744605,0.0,4
2024-06-28,-0.4504904785915158,0.17406135768681585,0.3317788136675152,0.47792512512568763,0.17949765422544417,4
2024-06-29,-0.7207565592347883,0.010314665892599646,0.21104770386438507,0.4434363473363309,0.0,4
2024-06-30,-0.9400219632837081,-0.17293423292832694,0.07149843115201328,0.28775308343536227,0.0,4
2024-07-01,-1.024510992814165,-0.24659374295970682,-0.3438737647405698,0.28180735501373294,0.0,4
2024-07-02,-1.0508479815931429,-0.19877040601064172,-0.34254546004485603,0.32314818716152666,0.0,4
2024-07-03,-1.2087727188920154,-0.27935939562685685,-0.5726757953818112,0.21673659451352062,0.0,4
2024-07-04,-1.1213881507353178,-0.2529977765355216,-0.8580863574381373,0.13612168661529506,0.0,4
2024-07-05,-1.0512509650012851,-0.3234016324762942,-0.6518029687741574,0.03290736298173613,0.0,4
2024-07-06,-0.8494344149804756,-0.17934720662429077,-0.5253493025683578,0.10071289056937499,0.0,4
2024-07-07,-0.7354518500037572,-0.10157961605673409,-0.5526001677089695,0.04490849210808224,0.0,4
2024-07-08,-0.7575470622421254,-0.10998477772498767,-0.7405216477072606,0.11367220899033842,0.0,4
2024-07-09,-0.7915840846287748,-0.16768224498167497,-0.7183909013037366,0.048884723503836165,0.0,4
2024-07-10,-0.8053981366022508,-0.18200251151340194,-0.8549487429402663,-0.014769486388129274,0.0,4
2024-07-11,-1.1013322351022807,-0.3152497173709692,-0.9620430551257364,0.0008817304618199892,0.0,4
2024-07-12,-1.3202304354598449,-0.355646978623077,-1.145492895270888,0.10136548551127274,0.0,4
2024-07-13,-1.418428786375713,-0.3747975102462692,-1.2866588799929495,0.03981048538469013,0.0,4
2024-07-14,-1.6295634377273047,-0.45260170936207283,-1.6005430890084724,-0.028149875692795853,0.0,4
2024-07-15,-0.6866870357042207,-0.16008858259416303,-0.9842856918000039,0.04645588191893798,0.0,4
2024-07-16,-0.7532708826895114,-0.16894044703644212,-0.947105168703164,0.07491168647178843,0.0,4
2024-07-17,-0.6129167295470764,-0.08356009514515177,-0.7233937795904002,0.1381672427775552,0.0,4
2024-07-18,-0.749084841754657,-0.10594278373593184,-0.7649040407070327,0.17638006743797738,0.0,4
2024-07-19,-1.0499984269137526,-0.26893916610951024,-0.9814745692691864,0.14312554647669376,0.0,4
2024-07-20,-1.0819211578339487,-0.29381006995607195,-0.9339676957692156,0.19113527247590087,0.0,4
2024-07-21,-1.109730131490814,-0.29688591270269943,-0.9180128616485931,0.18722614087165498,0.0,4
2024-07-22,-0.545124278147774,-0.17697059992768677,-0.6338157902540805,0.24086197894757974,0.0,4
2024-07-23,-0.5961760086437177,-0.22715033539807344,-0.735388128765416,0.17597068027247664,0.0,4
2024-07-24,-0.5667431198112792,-0.21687911950583796,-0.6207972294665105,0.16347775658964617,0.0,4
2024-07-25,-0.1429417013406798,0.16319986941603457,-0.3605939610793237,0.3295019394090364,0.0,4
2024-07-26,0.41397827758774947,0.5318683335269694,0.3118677968744355,0.5025402001452121,1.0,4
2024-07-27,0.4374117017251855,0.5578308026266615,0.3652014389459547,0.507089703368712,1.0,4
2024-07-28,0.4269344194553565,0.5678533019399631,0.21180388035738246,0.4157048937880685,1.0,4
2024-07-29,0.4366159083280984,0.49266343809248936,0.3348503763454102,0.4036892367293565,1.0,4
2024-07-30,0.4396707266176797,0.4475867613988843,0.2701605761777121,0.34069335440629267,1.0,4
2024-07-31,0.3685128328828773,0.41226026850821373,0.2774468424119692,0.37713580397412516,1.0,4
2024-08-01,0.386973302774216,0.4164043739708624,0.26470242222853024,0.3650869342212398,1.0,4
2024-08-02,0.2218923665062734,0.33202036255396167,0.19652713873878172,0.3179212136253451,1.0,4
2024-08-03,0.33483754975466246,0.33570679893214794,0.24112135649332844,0.35211144623555946,1.0,4
2024-08-04,0.3792148173795403,0.35533481490134505,0.5481490403354603,0.523719620926598,1.0,4
2024-08-05,0.05974734213145301,0.13743079353493112,0.41610082475846005,0.4162647923106323,0.8683892020036276,4
2024-08-06,0.6382218304783789,0.45723627236843206,0.9721473000716327,0.5264124150565328,1.0,4
2024-08-07,0.9163954304482884,0.5933415546491527,1.286107641139429,0.594884136201066,1.0,4
2024-08-08,0.6915369526853125,0.34128333998577864,1.0675843787888668,0.34584263930404213,1.0,4
2024-08-09,0.760054898009934,0.3745181847894237,1.3065927426107362,0.4422683826969259,1.0,4
2024-08-10,0.6907206755128745,0.3960294838408774,1.4266873588145763,0.5057598485884989,1.0,4
2024-08-11,0.5801704554192071,0.30733192684359284,1.4399398490287916,0.4617307221448209,1.0,4
2024-08-12,0.4219993917244371,0.18777970962540044,1.256641672779782,0.3638657590838356,1.0,4
2024-08-13,0.2537110715158273,0.09752485508643265,1.127243745032193,0.30924308933332617,1.0,4
2024-08-14,0.26554363147279975,0.12189871322703649,1.1448919723582147,0.3213132489605467,1.0,4
2024-08-15,0.2796525764666113,0.17913880767329943,1.2437520832835212,0.39157551706272453,1.0,4
2024-08-16,0.31200574072369014,0.20437221163089145,1.1594126042356483,0.3459829469419005,1.0,4
2024-08-17,0.2974159611048549,0.22160550816657065,1.2068519247732374,0.3723212832834611,1.0,4
2024-08-18,0.5425256247839241,0.4337487768290009,1.2403035006795002,0.48944317831328843,1.0,4
2024-08-19,0.5756213227124733,0.5065258730795316,1.161494606283647,0.414075536523209,1.0,4
2024-08-20,0.6133724128684291,0.38802955241979553,1.0706452979708942,0.3248382116801136,1.0,4
2024-08-21,0.23681954580967943,0.014536695778756943,0.46184282467232907,0.046272680040608735,0.5809112278044171,4
2024-08-22,0.1825656912585558,-0.10089117787741003,0.27221532450554436,-0.10056968347198358,0.08622592174243074,4
2024-08-23,0.1728289071684523,-0.07998855468661072,0.07138661003341665,-0.10663679602203159,0.0,4
2024-08-24,0.3912415565336471,-0.0008652834499322167,0.03860556327482129,-0.0986635747958865,0.1452385109812134,4
2024-08-25,0.3736185937432933,-0.04941516840752654,-0.2218046763490956,-0.26992233693553686,0.0,4
2024-08-26,0.3682171651814933,-0.03782738643794435,-0.219913518656478,-0.2398624442732067,0.0,4
2024-08-27,0.4135938670609076,0.05855084936945189,-0.2193614381786263,-0.21199761295051733,0.0,4
2024-08-28,0.4169625453001928,0.02381820664793971,-0.1125588159731905,-0.1926261008231986,0.0,4
2024-08-29,0.44907425891036856,0.017661037988341923,-0.18680125838766148,-0.21683136082541238,0.0,4
2024-08-30,0.369495888996828,-0.037657875143414135,-0.27558901170710154,-0.2617154695837191,0.0,4
2024-08-31,0.2073208247925612,-0.06992383744700659,-0.43488301632694265,-0.2514549465395393,0.0,4
2024-09-01,-0.021987765634470503,-0.3246843408914064,-0.650566321994813,-0.4171235677591647,0.0,4
2024-09-02,-0.21146597263459802,-0.4437394101274978,-0.6949452700837652,-0.4850588289519424,0.0,4
2024-09-03,-0.13025307570782121,-0.3870183963392936,-0.5873120990653127,-0.4219008999155967,0.0,4
2024-09-04,0.22890875101537353,-0.05469494024232807,-0.11044288093840696,-0.16030073108890125,0.0,4
2024-09-05,0.24317944564359112,-0.012515164468942004,-0.10412245557229581,-0.105770370703665,0.0,4
2024-09-06,0.27646850567973125,0.042344727654980846,0.2881074285077719,0.025085996381294672,0.5075026380487617,4
2024-09-07,0.28437435824010265,0.03653780909982779,0.38320175005105206,0.050849541771723086,0.6056813536617955,4
2024-09-08,0.27199764987146596,0.042370424364820955,0.29865598359304485,-0.00779551018039092,0.46971218130427594,4
2024-09-09,0.18573464829356348,-0.018443340658179597,0.12138364548654511,-0.07308160935878132,0.11155932896426508,4
2024-09-10,0.1777849066649502,-0.029029117285222627,0.15275712374360872,-0.09276601012381015,0.09310022470853295,4
2024-09-11,0.30380468549084655,0.10551530494252556,0.3562895014364073,0.026844292065989758,0.6563491904836151,4
2024-09-12,0.21501269320757466,0.0388886612915257,0.17453149758155762,-0.054104108995580054,0.26697327920366326,4
2024-09-13,0.16064087731019963,0.026509615270292324,0.0025938610614888945,-0.19049195412916997,0.0,4
2024-09-14,0.10532644250706644,-0.026085203749425526,0.09204699766789172,-0.15801074008600627,0.0,4
2024-09-15,0.3210186903270658,0.14075693021329047,0.5279762726375428,0.043167829381878624,0.8480162811431105,4
2024-09-16,0.3722394785395748,0.1993375409580911,0.5105427857754674,0.08590444553886963,1.0,4
2024-09-17,0.6486766232661765,0.30635146792810014,0.6561972558537459,0.1085498641750128,1.0,4
2024-09-18,0.5974499362613609,0.22424611230833252,0.597190533415529,0.07161754135661574,1.0,4
2024-09-19,0.5067400615726514,0.11355726706799038,0.4194700610346889,-0.038839214306154404,0.7791850489159515,4
2024-09-20,0.5517841208895594,0.17921777028918653,0.5547874308088374,0.12765739993134664,1.0,4
2024-09-21,0.4830575693527727,0.12778986437130718,0.5159460853223146,0.12531140859769432,1.0,4
2024-09-22,0.44778989563546473,0.052383195881417974,0.4770812878628885,0.0766433513546672,0.8544826851210501,4
2024-09-23,0.4805395899603959,0.062499417123849266,0.4373388021288757,0.06515088305233085,0.8473798981216518,4
2024-09-24,0.42156174184570044,0.02269393519436215,0.37440363435981305,0.04800056996390715,0.6843575119812705,4
2024-09-25,0.3321567788899943,-0.03978496659754129,0.2645634738426413,0.028015677828119055,0.4291082775249129,4
2024-09-26,0.3527900006329557,0.007416589415200889,0.4428789300393032,0.12671767677858542,0.7561790263133142,4
2024-09-27,0.36602475456174194,0.002934684812640611,0.4611728565985392,0.15868305377510888,0.8103465152339523,4
2024-09-28,0.39491891849187555,0.09133909789636593,0.5022539994593602,0.2551884324150991,1.0,4
2024-09-29,0.4409351363931531,0.18699716383032428,0.48656633166247293,0.3177194128439739,1.0,4
2024-09-30,0.3985942837362388,0.17067921966285932,0.42469304886079007,0.2891023275359219,1.0,4
2024-10-01,0.225137149846597,0.007721896382954008,0.40692016281175025,0.25883949599169437,0.7559220221230736,4
2024-10-02,-0.0560903083788876,-0.15632312556860745,0.3176194341878462,0.24398176061824048,0.1507506022375297,4
2024-10-03,-0.3241981392525484,-0.3366670660931076,-0.1484624331415923,0.04695154638705233,0.0,4
2024-10-04,-0.3912190874838536,-0.3821561414616672,-0.21403564203055211,0.06026765860923269,0.0,4
2024-10-05,-0.4554388812854049,-0.382040449599227,-0.4204389508050622,-0.07119224364786209,0.0,4
2024-10-06,-0.16916934019357632,-0.20122345904107788,0.05771658037413315,0.10054909973453795,0.0,4
2024-10-07,-0.3888862233417191,-0.26308466601928293,-0.06851945286028123,0.062246853325229896,0.0,4
2024-10-08,-0.4195615109538925,-0.2818373192203438,-0.0569687039152474,0.07605563118848009,0.0,4
2024-10-09,-0.38993532274758713,-0.2887876846293729,-0.025042451813074934,0.057346521632695706,0.0,4
2024-10-10,-0.44794362703345214,-0.2917523156724437,-0.13067146587289274,0.008082539210152574,0.0,4
2024-10-11,-0.45520607823328685,-0.2989832946849366,-0.2936129685636714,-0.11434927921556519,0.0,4
2024-10-12,-0.40384891575898907,-0.28510054123448836,-0.2840031047371596,-0.1713420713620009,0.0,4
2024-10-13,-0.40189211394833724,-0.3031617496092788,-0.35272351593057916,-0.16950970571615173,0.0,4
2024-10-14,-0.3797594559917019,-0.28263315437453035,-0.35320919523235006,-0.21385622276553032,0.0,4
2024-10-15,-0.007149872830624924,0.004737385256850142,-0.0013842380503398012,-0.040581164995219805,0.0,4
2024-10-16,0.08000544856264108,0.11920658759262209,0.05314681908407447,0.058639630266169314,0.28504536216256654,4
2024-10-17,0.28528512427935016,0.22985083604161718,0.2723958538433386,0.08682595977570032,0.7955671047053232,4
2024-10-18,0.28464735791521667,0.23207960825489338,0.274517958950291,0.09388395267565257,0.8089775700020131,4
2024-10-19,0.16683309386031575,0.19447518819383425,0.2643712249359964,0.11133977544610692,0.681921155131715,4
2024-10-20,0.0018674183565954515,0.09316969219225119,0.24610984390116905,0.22074776703467155,0.46308645866942433,4
2024-10-21,0.1249258279911887,0.10364794143013345,0.34881503774722755,0.3043931436759339,0.774204510680746,4
2024-10-22,-0.07316826149200022,0.04942393249714446,0.17322130678913972,0.2926716075549314,0.30559752557102193,4
2024-10-23,0.24411799097181414,0.3624930151554689,0.5093849528620292,0.5608631451416333,1.0,4
2024-10-24,0.04273758779308587,0.31331612884092463,0.25310170374354335,0.46148336509385124,0.9202609160394782,4
2024-10-25,0.009634864286215286,0.34216778215938537,0.3595282693457923,0.5455490775207142,1.0,4
2024-10-26,0.003049810535333016,0.3404770744863368,0.30448067772763454,0.5662047067715436,1.0,4
2024-10-27,0.198308293670036,0.38290779589684254,0.5168074189659283,0.5709643284910647,1.0,4
2024-10-28,0.30319741133169875,0.5444713979729067,0.5669506786999985,0.6234614326191674,1.0,4
2024-10-29,0.43554333484530666,0.6188306184568486,0.8272530769949651,0.6877855665047135,1.0,4
2024-10-30,0.4567900847793327,0.5804824859002355,0.7642989816835473,0.6054050670632983,1.0,4
2024-10-31,0.5299597597344029,0.6168388714598567,0.7370126410285822,0.5997654474594017,1.0,4
2024-11-01,0.5784203176364264,0.616428913450986,0.7104237895186221,0.5923267999321995,1.0,4
2024-11-02,0.5043136011349513,0.5814899424078407,0.57456378327837,0.5416768404506481,1.0,4
2024-11-03,0.6420804766535075,0.5645063289750825,0.6532858811751528,0.6507834670350028,1.0,4
2024-11-04,0.5949758705555336,0.5539517788804645,0.7619593722279981,0.6714983902321617,1.0,4
2024-11-05,0.599610115083937,0.5530014158809933,0.769736906097247,0.6725462419204907,1.0,4
2024-11-06,0.4208261820463062,0.3991016145902291,0.7414945176685872,0.7656923631895755,1.0,4
2024-11-07,0.4359892802269874,0.3151724610409057,0.7904978931677301,0.6818726321375017,1.0,4
2024-11-08,0.4377029302666558,0.29545066469534825,0.7813509654543919,0.6250923352191274,1.0,4
2024-11-09,0.45310033627512186,0.3190182646076261,0.8679980459627287,0.7431160342890215,1.0,4
2024-11-10,0.45315450121246703,0.3647965797004934,0.9454205727944217,0.8164532235188876,1.0,4
2024-11-11,0.7995554343371811,0.6513531270561276,1.4524372378202202,1.010134215508082,1.0,4
2024-11-12,0.6408159226538132,0.5465449911803558,1.335884632780847,0.97032120223504,1.0,4
2024-11-13,0.604121934506019,0.5037962864551402,1.242922100145289,0.9120287623520189,1.0,4
2024-11-14,0.5043369336513593,0.40941364073217584,1.1310010762190492,0.8999861686635307,1.0,4
2024-11-15,0.5710301358704045,0.4423647777212221,1.2093382413844909,0.9412562843448038,1.0,4
2024-11-16,0.4360200931505603,0.26560669261657344,1.0700902989211138,0.7440714323332805,1.0,4
2024-11-17,0.4360592113798016,0.20036376498949357,1.1830078331882754,0.8217832026169284,1.0,4
2024-11-18,1.364794016387999,0.5116278277463269,1.4955570992592908,0.7902824116852165,1.0,4
2024-11-19,1.585299125862925,0.7304407738721008,1.7967611554386,1.0334084576880933,1.0,4
2024-11-20,1.4307112887387845,0.7340726378349542,1.7430951823395215,1.0837530828344295,1.0,4
2024-11-21,1.4852154413149752,0.8802867738265949,1.9658102676296927,1.213160669116325,1.0,4
2024-11-22,1.1908982449785719,0.7881287428604555,1.773214203841398,1.140312718951013,1.0,4
2024-11-23,1.0776988243448995,0.773768092794144,1.7434470494797731,1.1281449528200125,1.0,4
2024-11-24,1.073011445251291,0.748594645008239,1.676510262320685,1.0809187588057276,1.0,4
2024-11-25,0.9847451658693942,0.6308209496909868,2.0,1.1283006660829964,1.0,4
2024-11-26,0.9279118704096495,0.5746941359394343,1.9140246928561122,1.0460466119693186,1.0,4
2024-11-27,0.834054918470029,0.51462271902027,1.830616602470246,1.0815923201594728,1.0,4
2024-11-28,0.843607755457949,0.47321837156966196,1.7581745100393207,0.980244536506389,1.0,4
2024-11-29,0.837592204453616,0.43360586904010096,1.7340668270422879,1.0098728751014399,1.0,4
2024-11-30,0.6912630435189456,0.29724888927876614,1.4499557939259675,0.8249485372637628,1.0,4
2024-12-01,0.6774223934561726,0.4445925542247809,1.604779206910907,0.8735317683458494,1.0,4
2024-12-02,0.42116109466559226,0.38948976176968375,1.8281756406087084,0.9870297565881287,1.0,4
2024-12-03,0.3932729703494104,0.31722352954816313,1.7474365125302722,0.9141211303758221,1.0,4
2024-12-04,0.28174235716710155,0.27325242913463194,1.6522675912933058,0.7866260945005075,1.0,4
2024-12-05,0.5414679183592901,0.3077415035082791,1.4366144186952983,0.7236177188837991,1.0,4
2024-12-06,0.7137337577985627,0.390688614331008,1.563841979960733,0.8548683851163428,1.0,4
2024-12-07,0.8644952983454798,0.6178169380123937,1.9851011955714821,1.1205052213136708,1.0,4
2024-12-08,0.9165992957806253,0.7094559193904414,2.0,1.4010102137826859,1.0,4
2024-12-09,1.2967018115307005,0.880051233041314,2.0,1.4808617809796631,1.0,4
2024-12-10,1.1960848976703287,0.7586148843363515,2.0,1.3420897920362589,1.0,4
2024-12-11,1.21230811219835,0.7983600892392702,2.0,1.3437730965401409,1.0,4
2024-12-12,1.1611507755561101,0.8119683779883148,2.0,1.3982756248906143,1.0,4
2024-12-13,1.1333280550605258,0.8912522147138622,2.0,1.4863447332542425,1.0,4
2024-12-14,1.1363202043575547,0.8626969522599127,2.0,1.4975517379332437,1.0,4
2024-12-15,1.053536000481499,0.7830061981797287,2.0,1.505891856757478,1.0,4
2024-12-16,1.1185133123999096,0.780514800018144,1.8065589202177077,1.4300981682523164,1.0,4
2024-12-17,1.2359521125004334,0.8835535398248235,2.0,1.577094646382566,1.0,4
2024-12-18,1.224479312974417,0.8380873452367921,2.0,1.560203249065752,1.0,4
2024-12-19,1.3138990406986404,0.8366935371631719,1.9023273288323501,1.436610262264724,1.0,4
2024-12-20,1.0617284126963125,0.6582052251511048,1.554864540931675,1.2569322005338566,1.0,4
2024-12-21,0.9695800929128129,0.711043795569318,1.8420603248005283,1.516006315335092,1.0,4
2024-12-22,1.1633853524452022,0.9050834614385789,2.0,1.6769346882084226,1.0,4
2024-12-23,0.9001450346190432,0.7687661486525922,1.8634965703670436,1.4873463812410639,1.0,4
2024-12-24,0.9952556887044094,0.8480175789322177,1.816087167962757,1.4548525800288759,1.0,4
2024-12-25,0.7598501177983251,0.7655537737053402,1.7411675391569454,1.4419926850949016,1.0,4
2024-12-26,0.7300415385504218,0.8070449942344488,1.8707662423473472,1.5487804650400492,1.0,4
2024-12-27,0.5634216200843456,0.9006664037166792,2.0,1.7979106325388832,1.0,4
2024-12-28,0.39731234708668856,0.9139953883302248,1.974288329534027,1.7441955962944942,1.0,4
2024-12-29,0.20146343123442342,0.9322188900200786,1.8887531549713676,1.6625549640293316,1.0,4
2024-12-30,-0.2929156225840414,0.7527873346802424,1.443954758594248,1.5200162763213032,1.0,4
2024-12-31,-0.23205973133029503,0.6783618313862647,1.3963525120342355,1.4633838199281943,1.0,4
2025-01-01,-0.252798660773617,0.6603391819497146,1.3550431662075813,1.4359224547904716,1.0,4
2025-01-02,-0.27380478368718586,0.7780859419449431,1.5574079032267139,1.5906090284358818,1.0,4
2025-01-03,-0.2562684409361622,0.7983489412556948,1.5225542275625261,1.5525883378528693,1.0,4
2025-01-04,-0.25784688593721095,0.7002443730100983,1.3319776497118732,1.4734116523614034,1.0,4
2025-01-05,-0.21122999544126192,0.7879677973474669,1.3000974346265315,1.3653972224007715,1.0,4
2025-01-06,-0.31764691027356773,0.4066664907022755,-0.03335038811198911,0.6743443084422798,0.34631447770852114,4
2025-01-07,-0.33665309391896336,0.5026721137466722,0.14385200468818599,0.7859527723109079,0.6762340356562064,4
2025-01-08,-0.3171355434099275,0.45825866828396095,0.021278730840342208,0.6921722233256247,0.4648443916478132,4
2025-01-09,-0.28228573449089,0.33340772710253186,-0.2340506895479362,0.4623669554502261,0.0,4
2025-01-10,-0.1289430383866535,0.4304189943215857,-0.14491850905833742,0.5391685228158876,0.38244405517370234,4
2025-01-11,0.008921736397458399,0.3719020070749645,-0.024769956261947126,0.5363002441989438,0.6538439301743579,4
2025-01-12,0.011240380046740136,0.32357788333825405,0.07636599214868144,0.573060408578644,0.7623918978133384,4
2025-01-13,0.08480220206084829,0.2973087090857711,-0.2539577703744149,0.55886576240699,0.3893569186373652,4
2025-01-14,0.02327894819526838,0.23801701487674184,-0.4552625354496875,0.48967986487444115,0.0,4
2025-01-15,0.025050074476959727,0.253540432331304,-0.4368497699005911,0.5510420448990607,0.03194149559289644,4
2025-01-16,-0.09274105936535576,0.17189058881091548,-0.5405179730352253,0.44240575609290467,0.0,4
2025-01-17,-0.06895625581513573,0.2073791895756423,-0.44828258055932313,0.4862121189730079,0.0,4
2025-01-18,-0.0013723021257301435,0.3497899911504782,-0.4300389553758863,0.6005395822591332,0.1314208451173018,4
2025-01-19,-0.10873708671130375,0.0679888600549672,-0.5267694346507042,0.4640795100316639,0.0,4
2025-01-20,0.10870263079088793,0.1823532700511286,-0.42945764645361245,0.47240820237537007,0.00812983957629021,4
2025-01-21,-0.021026444617634865,0.06895223449477246,-0.45536150217162685,0.45042511428849563,0.0,4
2025-01-22,-0.021792799100143645,0.06914791977267339,-0.4946953202452109,0.44211727114746496,0.0,4
2025-01-23,-0.042076229017720915,0.25807456895723674,-0.10823755444493882,0.7658954650916427,0.5287412926676456,4
2025-01-24,0.01923270891541741,0.08979605556371217,-0.39608086657511926,0.5353508975662752,0.0,4
2025-01-25,0.054600798825551126,0.2797158740886457,0.0225423051605666,0.8028287310713264,0.8474196157075409,4
2025-01-26,0.02289704018265632,0.2603304891387876,0.022269325389873352,0.8224151342201839,0.8011427851430184,4
2025-01-27,-0.18960491396934848,0.03451959892403586,-0.428774545021018,0.5236524953348165,0.0,4
2025-01-28,-0.12811812864453953,0.07888268421848642,-0.42765541396692464,0.5252463578899658,0.0,4
2025-01-29,-0.09983118538399088,0.018504824580990453,-0.5963255018272561,0.4130384531980946,0.0,4
2025-01-30,-0.020374897160479966,0.029436335157214666,-0.4290665459182871,0.4800960750232948,0.0,4
2025-01-31,-0.1250938661851646,0.014574194418831213,-0.3526013017171847,0.5165950916485651,0.0,4
2025-02-01,-0.314846470754763,0.0217911159837514,-0.8614198428614361,0.3406806290476515,0.0,4
2025-02-02,-0.4520302000424247,0.03833301298565621,-0.9704112220382229,0.4134503833014629,0.0,4
2025-02-03,-0.5717213156359916,-0.035550123845418946,-0.8289003297668227,0.3160185709550042,0.0,4
2025-02-04,-0.5549447973407439,0.023525351995004308,-0.7113677761992195,0.3931109076075747,0.0,4
2025-02-05,-0.5674773663153803,0.1637165956558668,-0.45211616273177385,0.6001784182899345,0.0,4
2025-02-06,-0.5211783469801263,0.0409512660867282,-0.6938365668364997,0.3481731834738145,0.0,4
2025-02-07,-0.5421835869892284,0.07576874903107103,-0.7399278800854774,0.31961774189062275,0.0,4
2025-02-08,-0.49185571195334077,-0.15116787643730134,-0.6330009333983411,0.30073035986594226,0.0,4
2025-02-09,-0.5402073479648052,-0.20771828562227923,-0.6606234362714919,0.23320975833665483,0.0,4
2025-02-10,-0.6523906194891321,-0.10483062781214264,-0.6303410535753133,0.27429661741722067,0.0,4
2025-02-11,-0.5316474721825226,-0.08308992378371316,-0.7151449718596299,0.1919703300640557,0.0,4
2025-02-12,-0.4873928808088169,-0.15602887355838596,-0.8827111383183719,0.020992809000366125,0.0,4
2025-02-13,-0.5593171841569266,-0.14939894415975707,-0.9894920188638296,-0.03449384776322938,0.0,4
2025-02-14,-0.5016808324108164,-0.1324916976734571,-0.9426781624821897,-0.007249184483085383,0.0,4
2025-02-15,-0.38674994694757253,-0.09078598112075958,-0.6273769398947916,-0.017301821646509556,0.0,4
2025-02-16,-0.2098242716259953,0.07649785944691073,-0.30238539740909326,0.10491195084379953,0.0,4
2025-02-17,-0.14261143198748602,0.1542208164345304,-0.35066932475908713,0.06279316263793083,0.0,4
2025-02-18,-0.22635452148017593,0.12197025068261415,-0.2877300723022805,0.1420469330335827,0.0,4
2025-02-19,-0.06798925702177482,0.337033380541103,-0.043336698810657534,0.47352784415937316,0.4636040755700613,4
2025-02-20,-0.17685105652168476,0.31414267478048485,-0.1348572619929298,0.46313454600657283,0.18787599435200952,4
2025-02-21,-0.10852977752979759,0.3703871110903248,-0.054044717000434665,0.5213014743615139,0.4595127445393326,4
2025-02-22,-0.060934319200765814,0.44111228201951025,-0.13904687106520364,0.47996858717499785,0.4391419130774288,4
2025-02-23,-0.12587649322689146,0.21067336227852734,-0.1977881500291508,0.3456177158910612,0.00609213817495044,4
2025-02-24,-0.20619655443075685,0.01394395337589482,-0.2898079237775041,0.012929358411228473,0.0,4
2025-02-25,-0.18934931763752905,-0.002455093180065645,-0.25301866225601827,-0.024887743767595318,0.0,4
2025-02-26,-0.3816804312779856,-0.16516157502703344,-0.5081522078108651,-0.2539993827086475,0.0,4
2025-02-27,-0.3833411014144412,-0.2155125088926863,-0.5140845340352824,-0.35725103995948015,0.0,4
2025-02-28,-0.3209438560791212,-0.28164653362562975,-0.5522958797746693,-0.5076560939588082,0.0,4
2025-03-01,-0.3014112925739151,-0.4723747200114737,-0.645044328979066,-0.6506360404054914,0.0,4
2025-03-02,0.013204762196761772,-0.42487633016286436,-0.2758659610901457,-0.3418152957493924,0.0,4
2025-03-03,0.22241584576922094,-0.3786253445350944,-0.020270660274614813,-0.2095481480829966,0.0,4
2025-03-04,0.288457726721986,-0.32682519113816594,-0.07201701147885683,-0.05591080973837327,0.0,4
2025-03-05,0.3414452871500778,-0.3561260426915504,-0.06793017472325474,-0.04168605712475848,0.0,4
2025-03-06,0.2064414742620624,-0.3544970032853783,0.022169305262203925,0.07828348734534585,0.0,4
2025-03-07,0.26624642367957796,-0.29455555317475474,-0.061055841725176155,0.17521264582047638,0.0,4
2025-03-08,0.4190991319133379,-0.32320028161618625,-0.4348087245478502,-0.1090898774695387,0.0,4
2025-03-09,0.06940872638861714,-0.25101694414995046,-0.5236805208196682,0.06561856705274081,0.0,4
2025-03-10,0.29393484339299747,-0.15886753885417465,-0.5093858807412028,0.0398311128139511,0.0,4
2025-03-11,0.14925686152643092,-0.22721276157147308,-0.5414180537630793,0.04981818384851652,0.0,4
2025-03-12,0.10626472579385282,-0.1282098703589239,-0.41863082690891185,0.1725824607263581,0.0,4
2025-03-13,0.20815951111259312,-0.06307054326716617,-0.3323623932747928,0.21926530852214723,0.0,4
2025-03-14,0.17029036107577497,-0.1444159059307992,-0.4397927063980223,0.11757226965509461,0.0,4
2025-03-15,0.3459282134906345,0.07375839996669997,0.16111240540994173,0.3686297876619167,0.8253340913755501,4
2025-03-16,0.4009806619960992,0.2509905401826065,0.4009907734496893,0.6606486550659805,1.0,4
2025-03-17,0.2770196832207854,0.23811245737328673,0.3404679302282926,0.5083232992284354,1.0,4
2025-03-18,0.2653216965124601,0.30916310080788306,0.11317685631411153,0.42482296957091203,1.0,4
2025-03-19,0.22050246701008902,0.13128887793573057,-0.2096316334594992,0.12839612582849186,0.10624745421648818,4
2025-03-20,0.15057724663374641,0.11249886654556238,-0.4663171468092639,-0.040430611761194474,0.0,4
2025-03-21,-0.02975413649647186,0.11684226621326514,-0.5927931311383587,-0.06810236315884943,0.0,4
2025-03-22,-0.11954345747792744,0.0474353997795175,-0.6422971057196893,-0.13394504983049801,0.0,4
2025-03-23,-0.1508909004485265,-0.03800534005157529,-0.6669024434281172,-0.19836748410539048,0.0,4
2025-03-24,-0.21617220087358952,-0.023502306327515817,-0.5945078283979762,-0.027853006498190846,0.0,4
2025-03-25,-0.2011200027012549,0.04370259422622732,-0.5530548718479974,0.040212034857841215,0.0,4
2025-03-26,-0.20903408227032036,0.026171377027098403,-0.5343661258613379,0.04754832848374023,0.0,4
2025-03-27,-0.446876286412899,-0.03820893773208514,-0.5119458780693359,0.004072557315411753,0.0,4
2025-03-28,-0.2319159603847741,0.04941399973677518,-0.6043853024436332,-0.11728091394430584,0.0,4
2025-03-29,-0.4351301873670636,-0.13480956978135308,-0.507858490681567,-0.18672900702017392,0.0,4
2025-03-30,-0.32616936210978537,-0.10828403231055687,-0.5343577245376986,-0.24897787524364545,0.0,4
2025-03-31,-0.10766166350255896,0.02465225335304952,-0.3687974427968022,-0.07257643057099555,0.0,4
2025-04-01,-0.08575483116146759,0.005833496851643458,-0.3634030077011471,-0.09932685339868397,0.0,4
2025-04-02,-0.005220351282895025,0.010113622485523603,-0.5440452215508979,-0.14068521046790589,0.0,4
2025-04-03,-0.015513859343341665,-0.036063398407369746,-0.33657056537032354,0.03881325289439217,0.0,4
2025-04-04,-0.04771599057671653,-0.0475915526256157,-0.5860215162565537,-0.07649857523613114,0.0,4
2025-04-05,0.051234470716011865,0.0734865016761315,-0.37528084585812815,0.14660057424065168,0.0,4
2025-04-06,0.06891705117606722,0.08607725545868752,-0.14318711835926323,0.2986790123603388,0.15414511762950436,4
2025-04-07,-0.001103110981615446,0.06990310885404163,-0.28843166746415455,0.13391081578058306,0.0,4
2025-04-08,-0.09792848769495394,0.08929924173426394,-0.2503372836908303,0.2428853369302338,0.0,4
2025-04-09,-0.19786398573939887,0.08392527504913364,-0.1771267173284167,0.2988695955167321,0.0,4
2025-04-10,-0.12501927746794622,0.09114886693220785,-0.07700198956652962,0.3454148788177724,0.05054102695015161,4
2025-04-11,0.04497812470651276,0.31740855584788574,0.31271784658832696,0.5929282622667612,1.0,4
2025-04-12,0.363130756114716,0.3605968130335197,0.3786875690318077,0.41897700490515005,1.0,4
2025-04-13,0.39726691186093643,0.32358987770794134,0.39621404182647935,0.35200042228269596,1.0,4
2025-04-14,0.22479448844788197,0.26288874639922377,0.43809105160647344,0.39278879723521387,1.0,4
2025-04-15,0.20593273142796703,0.25542710943618585,0.4349179648997508,0.37456364209706483,1.0,4
2025-04-16,0.19059850306562895,0.2790188808326625,0.3879747637192386,0.24503579451374988,1.0,4
2025-04-17,0.1996999291195996,0.43461895192595684,0.4312895078804794,0.30392352240473436,1.0,4
2025-04-18,-0.08383009692618625,0.2690345992757155,0.17273043235341454,0.14086724527212827,0.36949094677907024,4
2025-04-19,-0.004845569745674126,0.38859793756907074,0.3978515083628055,0.3286129680074127,0.9450209137084115,4
2025-04-20,0.06485922483620155,0.46957027564906256,0.38668960411983316,0.4343813262084194,1.0,4
2025-04-21,-0.046448948267475004,0.41885017974702543,0.3809592164877816,0.34554871323605724,0.9116750299858376,4
2025-04-22,-0.012814630922408698,0.35025966082242627,0.46228159421647674,0.1765097530201241,0.7963429058706608,4
2025-04-23,-0.19897757629402726,0.16881377716045612,0.3881151048096486,0.06840372214002838,0.21542973382850572,4
2025-04-24,-0.08599530169482988,0.1644659486215173,0.4997193175075735,0.0722488863723382,0.436186742659336,4
2025-04-25,0.05179412968814697,0.1179718043956429,0.7831674047427868,0.1692417961418866,0.8290136225175498,4
2025-04-26,0.09626636028919507,-0.04233701077617634,0.48170209775961476,-0.16794304613145025,0.1240171460395221,4
2025-04-27,0.21255822149771575,0.010478037901085795,0.3468731087252303,-0.14251578602578818,0.24013962945432063,4
2025-04-28,0.4533782991424423,0.19400623147447354,0.7341907632961509,0.261796190639069,1.0,4
2025-04-29,0.24624985357291762,0.07384019441667053,0.4620504110078891,0.22015431261548477,0.8636394741381982,4
2025-04-30,0.3901132291000424,0.153561508115702,0.580915860923239,0.3023702158425371,1.0,4
2025-05-01,0.3642147115075058,0.2619689281137587,0.7446213720915256,0.5773600993417048,1.0,4
2025-05-02,0.3509344734223044,0.2885424179750878,0.8107783337233752,0.6119019812688755,1.0,4
2025-05-03,0.24800460398618426,0.21721581022490832,0.6842870296028174,0.5395187332165379,1.0,4
2025-05-04,-0.08616201013106857,-0.06815660871471281,0.10377711424304358,0.056200613311782416,0.0,4
2025-05-05,-0.3061003840212807,-0.19082957049034954,-0.020632115338665658,-0.05393567219435959,0.0,4
2025-05-06,-0.15980274161904617,-0.17718549373899667,0.17874521985274502,-0.0405397462081329,0.0,4
2025-05-07,-0.1602368568299845,-0.17110803550603773,0.10792889398495775,-0.049321577117346145,0.0,4
2025-05-08,-0.1671907655885216,-0.05307361033810293,0.1867702534926186,0.08611863609651219,0.0,4
2025-05-09,-0.19404850757919243,-0.32640190998016805,-0.2209493384607632,-0.2605648304071691,0.0,4
2025-05-10,-0.15211634652495504,-0.2023766430046629,-0.16595109061171165,0.03819219699667343,0.0,4
2025-05-11,-0.11213713537976512,-0.01303777174736583,0.13241329944454988,0.33804139362319213,0.17590929437624528,4
2025-05-12,0.07393631730326547,-0.0759854066351864,-0.09631546164503411,0.19394689124447387,0.0,4
2025-05-13,0.20565425278716973,-0.038145241253950024,-0.22411296440659623,0.10160628784619259,0.0,4
2025-05-14,0.0493478466963094,-0.10802368073652222,-0.2561976277770686,0.11000689575224915,0.0,4
2025-05-15,0.052911087602179524,-0.17060165406662658,-0.30278109442603,0.02506949143521066,0.0,4
2025-05-16,0.1659086143309141,-0.09107887374223256,-0.3041480669374302,0.02059118461402953,0.0,4
2025-05-17,-0.3868547652298972,-0.33291343337787294,-0.46455329453115546,-0.07638076934449241,0.0,4
2025-05-18,-0.45916349536567047,-0.3569034402330416,-0.49988553737055297,-0.1341879435055383,0.0,4
2025-05-19,-0.13244205333226922,-0.23555529372541925,-0.7028339266088499,-0.20640271304333266,0.0,4
2025-05-20,-0.092515268678633,-0.2755333757248338,-0.7380389769117814,-0.23288188209614946,0.0,4
2025-05-21,0.07603739536785373,-0.2043684819431662,-0.6942642390971466,-0.31098307966724176,0.0,4
2025-05-22,0.3709831687506029,-0.11775644957734474,-0.3786915772952568,-0.13765200970594027,0.0,4
2025-05-23,0.3081732098891044,0.0035601790160722816,-0.1787730669119068,-0.03075446043278254,0.0,4
2025-05-24,0.4956247991302619,0.17061354184846497,0.37371085157415396,0.20724330683784864,1.0,4
2025-05-25,0.5738336514709086,0.1116612864664537,0.44395062069188423,0.11545054525101295,1.0,4
2025-05-26,0.5364741318721408,0.18415688537837385,0.622712413282327,0.20553858218159607,1.0,4
2025-05-27,0.43770268382180544,0.14820483442260518,0.5930205865363808,0.19000483090366574,1.0,4
2025-05-28,0.4293432280401749,0.15148076374151864,0.49222274655522225,0.19056865843796614,1.0,4
2025-05-29,0.17940756085497664,0.1469685607331936,0.3741081700896317,0.2868942226271713,0.8974855696251955,4
2025-05-30,0.1950541955784758,0.19778162321496456,0.4543977785489774,0.48105804579164696,1.0,4
2025-05-31,0.008127185382987451,0.2347011909801712,0.27819397355894665,0.47439943721706196,0.829680060672725,4
2025-06-01,-0.0005131227729992441,0.2922179776520463,0.24983255013509656,0.6001735294933862,0.9283214936511042,4
2025-06-02,-0.24693732456193723,0.21643277310727813,0.42373051992778693,0.5590623716694572,0.6468353135661632,4
2025-06-03,-0.2337076413989641,0.2673608926055025,0.42554084055279484,0.6212857133424083,0.7637295482681175,4
2025-06-04,-0.053951929354490835,0.25978354448734586,0.47580114723002576,0.5616378100126989,1.0,4
2025-06-05,-0.0022719246414363292,0.19682651875597323,0.3905941904566942,0.3848359218902333,0.8085917343169852,4
2025-06-06,0.4444020665914191,0.4361606436551728,0.8549979403059227,0.5412846416842603,1.0,4
2025-06-07,0.6209784462790441,0.3589439126093547,0.7161863590531565,0.4606575219044887,1.0,4
2025-06-08,0.5875515887453296,0.08749323744865183,0.11810039958611167,-0.01541199133667091,0.5454403568587277,4
2025-06-09,0.5494890469001987,0.08459848845185641,0.07473182746110399,0.04519679352265449,0.5450977379949605,4
2025-06-10,0.40289677749664327,0.029499324293216375,0.030048737090442163,0.03168260641670702,0.3328340367583418,4
2025-06-11,0.29094427805484413,-0.008959460063517222,-0.0063209401460722296,0.01788748811497977,0.16751004311471077,4
2025-06-12,0.2104533456741141,0.04138911230991275,0.04171316524853992,0.07860570127192829,0.30270540163520454,4
2025-06-13,0.013451646364949882,0.0034547403003041934,-0.034691138231479186,0.09493789610752357,0.029926538476930123,4
2025-06-14,0.2800757697581659,0.05439636641503063,0.0466764161253221,0.12146776128884794,0.40883636281352354,4
2025-06-15,0.18563198785245089,0.03169127056290221,0.11724774406372701,0.06050348734597177,0.33623081156355616,4
2025-06-16,0.24284879491334643,0.07608954917643088,0.15816474944983447,0.11289316757288716,0.5277423156427057,4
2025-06-17,0.2634556764606406,0.13089668442014202,0.22235773793205768,0.20649331448349773,0.7752208042580705,4
2025-06-18,0.1783616237151515,0.12361306939733882,0.14478984123212293,0.22078016926250352,0.6308123671198291,4
2025-06-19,0.03884113971404331,0.13134004824378134,0.10211370466643863,0.28995576318633226,0.4697453239334863,4
2025-06-20,0.1638095222503338,0.013107924464654317,0.015378162606886939,0.18389206070904232,0.2960645392105777,4
2025-06-21,0.0428173520950446,0.07328343447441847,0.06614884820528616,0.3440323158172123,0.40310066246901083,4
2025-06-22,-0.035386734143501866,0.05620324751103085,-0.04690071376319646,0.3010152228664859,0.1349988062429478,4
2025-06-23,-0.13626766071952193,0.05215970893905366,-0.11266622835267771,0.3109807098963183,0.0,4
2025-06-24,-0.12731769501526743,0.11222074581627484,-0.08003034531248668,0.40482142114898206,0.10046284466164865,4
2025-06-25,-0.019064652381969027,0.17220754565095542,-0.08037140504052105,0.4200856448331292,0.2977780637780082,4
2025-06-26,-0.20904532988627555,-0.14774426335721316,-0.5012402426986013,0.11999720521079676,0.0,4
2025-06-27,-0.25053464101406114,-0.18935424273863408,-0.6105326050205095,0.029834054100738517,0.0,4
2025-06-28,-0.0949614728656672,-0.12032223598728985,-0.5446068110940947,0.010996419558598368,0.0,4
2025-06-29,0.35887558476545073,0.19621311772747532,0.07294277367574899,0.4762046200967719,0.9504924604067435,4
2025-06-30,-0.4408455443851591,-0.6267228209116014,-1.0410873876145925,-0.5939668213816507,0.0,4
2025-07-01,-0.3696956505120449,-0.6067408771229218,-0.9690118423433092,-0.6816071844357133,0.0,4
2025-07-02,0.2768613018338862,0.040565596238104906,0.09562296630086362,0.08640677989194094,0.40925770237560977,4
2025-07-03,0.04081731492857696,-0.10824934172626285,0.036073303426966394,0.04064260852709415,0.0,4
2025-07-04,0.023521584251354567,-0.07905812404743148,0.048611166938599085,0.05232077423994937,0.0,4
2025-07-05,-0.43133718988247355,-0.5651696591259106,-1.1941825045033947,-0.5149085259694796,0.0,4
2025-07-06,-0.281090087988526,-0.4835902214276803,-1.3107217161732099,-0.45478375284101774,0.0,4
2025-07-07,-0.2554068298381781,-0.48001195718067363,-1.2961987366966614,-0.48171853283634697,0.0,4
2025-07-08,-0.3798693303314954,-0.5472524829295775,-1.30447493562448,-0.46987672369106687,0.0,4
2025-07-09,-0.3865305573697354,-0.5518893861910454,-1.2887063421786709,-0.47748697994278794,0.0,4
2025-07-10,-0.47244236683451424,-0.45117987219001043,-1.3158950696335523,-0.4509226886448828,0.0,4
2025-07-11,-0.20307880348037421,-0.31163223972614224,-1.2366607883578926,-0.4385086804063776,0.0,4
2025-07-12,-0.5092302175779421,-0.42770446534798817,-1.2292019139721808,-0.562746604205369,0.0,4
2025-07-13,-0.802608293980463,-0.6232441394754611,-1.084531911534433,-0.6922783794369745,0.0,4
2025-07-14,-0.40515177199558317,-0.3202990310344861,-1.283556065696318,-0.6686106402486952,0.0,4
2025-07-15,-0.3244547157259147,-0.2990929475226911,-1.291477070978844,-0.6291571833131769,0.0,4
2025-07-16,-0.23617449045001504,-0.604013262058268,-1.3985362723776373,-0.9373278908554664,0.0,4
2025-07-17,-0.3317249923208415,-0.5365867150822664,-1.4439150926917588,-0.8693168652168938,0.0,4
2025-07-18,-0.1883723995951477,-0.22120042813796426,-0.501977594044248,-0.3591455606814408,0.0,4
2025-07-19,-0.2583800987946196,0.02404596530661179,-0.12244424775886689,0.14916054163763914,0.0,4
2025-07-20,-0.35291878209627986,-0.056529540592494966,-0.3257560281414926,0.12324712118826836,0.0,4
2025-07-21,-0.039383976531455187,0.10161315469280134,-0.27285404196996643,0.29135698714615677,0.0,4
2025-07-22,-0.07641564666022824,0.04954438646172965,-0.32537009542780176,0.20794396733394244,0.0,4
2025-07-23,-0.030871820266869854,0.1520550940870397,-0.19908557732328508,0.3549334196622819,0.07057285125702162,4
2025-07-24,0.048768235249779746,0.17813465551728508,0.03319617345317896,0.3972865902337569,0.5116033318745298,4
2025-07-25,0.08584750683142392,0.21160625669704805,0.10351049507098901,0.41973530986070584,0.6877971514218222,4
2025-07-26,0.10385392188667876,0.18236741601013948,0.18241464891071363,0.42090221350053103,0.7705237720561717,4
2025-07-27,0.16663123769657676,0.2374821859754833,0.2578453878183672,0.45905389229156596,1.0,4
2025-07-28,0.24681092049106126,0.25717066540498457,0.5260248045549613,0.5320698840182477,1.0,4
2025-07-29,0.2044950755885931,0.2704412956380093,0.5298317176078599,0.5507874212450928,1.0,4
2025-07-30,0.18706015752358135,0.27050114887755716,0.376427995283078,0.43642583520214934,1.0,4
2025-07-31,0.11387459667331983,0.06556848715121054,0.3446567038902011,0.34859225258162574,0.7431026859187263,4
2025-08-01,0.31277787521011835,0.012700429806346636,0.5192040918641229,0.20343709552248404,0.8648763319628546,4
2025-08-02,0.3613915814603065,0.06663170791905879,0.553502370414315,0.250730793558935,1.0,4
2025-08-03,0.14182624864180948,-0.058840636845229076,-0.3952145864637951,-0.19037633286839695,0.0,4
2025-08-04,0.11463389788881005,-0.11773866854003028,0.1436835515349072,-0.09664132056842516,0.0,4
2025-08-05,0.052646261876796566,-0.11521201610101978,0.06841399766811976,-0.06100123920457348,0.0,4
2025-08-06,0.11742397560455677,-0.11911082799677952,-0.02375755737748675,-0.030356055370454087,0.0,4
2025-08-07,0.21310758145914385,0.060563432359434434,0.13096345770274706,0.11410046953551453,0.464004624394375,4
2025-08-08,0.189663943422328,0.04940930856632528,0.1816166334322072,0.10865413323665483,0.47200131882997437,4
2025-08-09,0.09031624712792147,0.009893753942114402,-0.3089949696493376,-0.11498931059227403,0.0,4
2025-08-10,0.13266674883905333,0.10195359937826924,-0.30961100609435643,-0.10176478186741877,0.0,4
2025-08-11,-0.06091381084296153,-0.12543013809664852,-0.16009304905225222,-0.3165780281336567,0.0,4
2025-08-12,-0.24676436903466062,-0.2294616498777075,-0.6202085777415063,-0.506827775750535,0.0,4
2025-08-13,-0.34562410738442206,-0.40105377215904325,-0.7366988580666278,-0.6945051714424604,0.0,4
2025-08-14,-0.396316522918684,-0.4668348494508811,-0.6695037519290281,-0.7169563523787154,0.0,4
2025-08-15,-0.3119672741609603,-0.4012061252267723,-0.6278858568284693,-0.6806016298151975,0.0,4
2025-08-16,0.1714862552168491,-0.21271619635633257,0.3965672116563208,-0.1746051089133141,0.0,4
2025-08-17,0.23010800121807654,-0.2449491739190803,0.6674000148945856,0.0006959156582751534,0.31721621484522033,4
2025-08-18,0.4673554332612965,-0.17828499805055403,0.898360344287035,0.10974346700673658,0.8944844397616935,4
2025-08-19,0.6833915563506054,0.10526963638290908,1.0566736465147721,0.4663246795757719,1.0,4
2025-08-20,0.6463817644552502,0.2397811086076142,1.081243811181976,0.5624640718602285,1.0,4
2025-08-21,0.6187159521963825,0.2231889364478471,1.2646438106634759,0.6568014429838035,1.0,4
2025-08-22,0.9116729045865346,0.355046534890446,2.0,1.034637018196643,1.0,4
2025-08-23,0.8030357222279143,0.28063409595577954,2.0,0.9357518066904513,1.0,4
2025-08-24,0.8195670021642301,0.265178897526868,2.0,0.8640866699420567,1.0,4
2025-08-25,1.050844874060208,0.35533777731652455,2.0,0.9318486671366167,1.0,4
2025-08-26,1.082028459591024,0.3237917362862256,2.0,0.9348245263503984,1.0,4
2025-08-27,1.1622766692243036,0.36329583611583,1.9961796723801428,0.8812952731941306,1.0,4
2025-08-28,1.1543886860776253,0.36073695736793326,1.5540835159047313,0.5844351086906633,1.0,4
2025-08-29,1.2711969947544046,0.41504927790700175,1.54678205372781,0.6072144917309353,1.0,4
2025-08-30,1.249370502503082,0.5182456064481468,1.5733530770350972,0.6013441108573487,1.0,4
2025-08-31,1.105619404264718,0.2555499702993486,1.4941001545483636,0.33403117895572215,1.0,4
2025-09-01,1.095634284587578,0.5988310914991839,1.402359353676755,0.44923234916393395,1.0,4
2025-09-02,1.017235763095879,0.6112255916661867,1.719136034251407,0.6658308463241565,1.0,4
2025-09-03,0.700767133732547,0.1547634776546008,1.7815578112289683,0.49833642169049286,1.0,4
2025-09-04,0.6682323156467573,0.2551314363546451,1.6961463543161457,0.4519030880663125,1.0,4
2025-09-05,0.7360066420281516,0.35143011591822465,1.6064697274181472,0.40286542748227516,1.0,4
2025-09-06,0.5510846921841768,0.2594255520337402,0.7810126190904444,0.09398594541852866,1.0,4
2025-09-07,0.5280855604476271,0.27747706156825136,0.691006528414772,0.034608330326692534,1.0,4
2025-09-08,0.30037424016822745,0.09421056299373039,0.2779806630285187,-0.08965017378424277,0.4252263918113487,4
2025-09-09,0.2571330269074493,0.07948628592396587,0.23462607291732396,-0.09289250697392754,0.33789958941937975,4
2025-09-10,0.3118858978332304,0.1133144859158461,0.22418817984008513,-0.0594099178676504,0.4513386770032364,4
2025-09-11,0.1519229445236977,0.18990153984638625,0.13294317733720123,-0.019524785651071644,0.375576756353377,4
2025-09-12,0.059924215646462296,0.1637450869333235,0.1592828289777337,-0.04270006789566244,0.2556133996031784,4
2025-09-13,0.20869586716308125,0.3962841622989034,0.6905103287758597,0.2581483748451951,1.0,4
2025-09-14,0.2574506479577199,0.4106926076830771,0.8922072009931141,0.3726516412364768,1.0,4
2025-09-15,0.5129670687329473,0.4813473466243637,0.732135009336622,0.3607152334793076,1.0,4
2025-09-16,0.5074467385607492,0.4133544971606104,0.7126730694996699,0.33721943741678234,1.0,4
2025-09-17,0.5617022517703243,0.4899373964369229,0.5123931871359191,0.28634310767457927,1.0,4
2025-09-18,0.33854026913818996,0.3689148769367205,0.3834139567945163,0.3304506377487969,1.0,4
2025-09-19,0.13276599508107317,0.28124153561415355,0.39551463519334434,0.2931552457324243,1.0,4
2025-09-20,-0.018634009736226406,0.14817020099417125,0.4355965566693174,0.24495211543907283,0.6457771015609869,4
2025-09-21,0.12488599872748447,0.277780145524823,0.32874224165766097,0.21771815128865177,0.87326369900866,4
2025-09-22,0.15468233015681934,0.4313640943926406,-0.05058716173937669,0.28112566738181544,0.6398863379977925,4
2025-09-23,0.22487867995470023,0.5010536782224619,-0.09444455686687847,0.35672958981533925,0.7681846772515009,4
2025-09-24,0.0551484971248865,0.4850204634274377,-0.15129665390174274,0.3381858479371926,0.48038369205303133,4
2025-09-25,0.24688589135428038,0.566573311933434,0.04183314397987453,0.37320859367283393,1.0,4
2025-09-26,0.3364108333235184,0.6551709291142177,0.5200286541798095,0.6543249737119016,1.0,4
2025-09-27,0.33063495093108813,0.5779174724257093,0.8006845036702614,0.656625400330205,1.0,4
2025-09-28,0.37493627010284186,0.6161690316633429,1.0529815308128563,0.8161365042784259,1.0,4
2025-09-29,-0.16953313663139513,0.40364877176450686,1.0440132948320233,0.8896708965072067,1.0,4
2025-09-30,-0.23267072274797526,0.4112498088419963,1.1806252630244298,0.9514311969861757,1.0,4
2025-10-01,-0.2960978301535597,0.4057611221732437,1.1234891426357676,0.9230801619013121,1.0,4
2025-10-02,-0.35217003531521746,0.2982979231375189,1.068652376172888,0.725307409242313,1.0,4
2025-10-03,-0.25189986536691,0.41135382742000154,0.7429039846345541,0.7547431116373823,1.0,4
2025-10-04,-0.07250340763521614,0.4467328359262081,0.41804694779831025,0.7396550236432768,1.0,4
2025-10-05,-0.27400933664399324,0.4810548435933918,0.3465352542365852,0.9708230816142248,1.0,4
2025-10-06,-0.17621329398697236,0.4203655294657933,0.16919479096488352,0.9197662903572104,0.9337208310647888,4
2025-10-07,-0.38611357439555716,0.22690458077401998,0.0849948414087219,0.6866023259713504,0.22981091379517787,4
2025-10-08,-0.5686444751496861,0.2649082564822476,-0.039163422945210996,0.6195608657352956,0.0,4
2025-10-09,-0.40416837661693433,0.2247169797211439,-0.0040704858930017945,0.562783663006887,0.027611405786520327,4
2025-10-10,-0.25906121679353333,0.32955175097423955,0.15434619967346427,0.6440030484290374,0.5426653256895071,4
2025-10-11,-0.3299116100530009,0.356364241326411,0.3012191684236192,0.7877916809376033,0.7166774575699943,4
2025-10-12,-0.2996727586085793,0.31012907929147254,0.3374566870872826,0.6975418104094753,0.6872713956187573,4
2025-10-13,-0.27590057627037234,0.41123952210913783,0.098261991275009,0.7078523035960749,0.5759515908997199,4
2025-10-14,-0.45335707597209873,0.5143617337241032,-0.09334634828086975,0.7711830157640774,0.2548305324771487,4
2025-10-15,-0.49470525754859174,0.5684386960314485,-0.13595354875046117,0.7868413325505562,0.206405650808536,4
2025-10-16,-0.336444497182541,0.737924649283955,-0.2043658034964219,0.895436252551471,0.5441706125296023,4
2025-10-17,-0.5556096849627242,0.6546887846887209,-0.11420776870853744,0.9990296896476505,0.3702219601139177,4
2025-10-18,-0.46566061189354785,0.5207089585619,-0.12557615287158044,0.759455172419776,0.19855405813882598,4
2025-10-19,-0.43701601475804364,0.5442017716642295,-0.26842526784393583,0.7240076052775826,0.061719014819513585,4
2025-10-20,-0.6264449934453554,0.4036700982728531,-0.5082390367318379,0.6657861826630834,0.0,4
2025-10-21,-0.27541953206502284,0.503679131673412,-0.19306403726196686,0.7562889393422357,0.349278853975358,4
2025-10-22,0.04128714413353409,0.45830444263349185,-0.03279117529389898,0.6522510882609419,0.8339264092216896,4
2025-10-23,0.17568932618028263,0.4369224637139594,0.11258542805092689,0.6413826469288147,1.0,4
2025-10-24,0.5881566303990667,0.29103408603882985,0.281974980149444,0.35141141234625634,1.0,4
2025-10-25,0.6619576406023671,0.5148987621420413,0.7626509888763071,0.6972378858210556,1.0,4
2025-10-26,0.6633580789406502,0.49693918229519085,0.7245549151842374,0.6248503692886541,1.0,4
2025-10-27,0.7125569970633124,0.45741930539579534,0.4007787796583303,0.5282208113185536,1.0,4
2025-10-28,0.7703411084392949,0.44428715743351127,0.4801830538091571,0.5692200563663152,1.0,4
2025-10-29,0.7918742148986593,0.40755762152425895,0.5023123642902932,0.49496652513036216,1.0,4
2025-10-30,0.4816857961340205,0.26282201945921474,0.1573415795763456,0.34257822121364756,1.0,4
2025-10-31,0.5056253644223802,0.33072248804598126,0.2028180580523845,0.5076837490710212,1.0,4
2025-11-01,0.4988927821666156,0.20761730474157414,0.2755891486696944,0.35760694325328374,1.0,4
2025-11-02,0.5677504143470354,0.4292214725387584,0.1644787463605356,0.6212753626913183,1.0,4
2025-11-03,0.3281980147572055,0.22624491613427375,0.37933558759844777,0.594770793196627,1.0,4
2025-11-04,0.1916862890433599,0.19009643160185277,0.4654057336144712,0.653023844935388,1.0,4
2025-11-05,0.07087830163247619,0.34999105087532834,0.3029160862165014,0.8827219220790843,1.0,4
2025-11-06,0.05739842413603592,0.37298331401171314,0.5312626188747426,1.065604335264067,1.0,4
2025-11-07,-0.02883994748988236,0.30982453216589506,0.5208818141802083,0.9692695090259016,1.0,4
2025-11-08,-0.015311118633990064,0.32439679349284883,0.3576823248885731,0.8624657238223127,1.0,4
2025-11-09,-0.03432057196172242,0.3199172124232084,0.3665731279538597,0.7978301975633275,1.0,4
2025-11-10,-0.46580226731031193,0.24675395982954712,0.026247512315304627,0.4964459750045077,0.0,4
2025-11-11,-0.5129561021308249,0.21703175651063417,0.004244351924109317,0.42532984149596753,0.0,4
2025-11-12,-0.5272271721529135,0.16546133064008117,0.010146101631848273,0.3825244248759324,0.0,4
2025-11-13,-0.4798534463549227,0.20939057973390685,0.17176905637608222,0.6305961557222626,0.13487280031760374,4
2025-11-14,-0.2864431162489275,0.24029635286849327,0.21368888683142623,0.5122506240848997,0.3915540906132298,4
2025-11-15,-0.24676839424714483,0.31151430496500293,0.5376831850918209,0.9254445212620342,1.0,4
2025-11-16,-0.36316821279161365,0.23798295039651018,0.7005643615918262,0.994641781448928,1.0,4
2025-11-17,-0.281110896330035,0.30434802645137937,0.47098779692508314,0.9319044256323066,0.9921174899483529,4
2025-11-18,-0.06770471899297933,0.32512503101579066,0.4935421768081529,0.8569139683616844,1.0,4
2025-11-19,-0.1355310898433309,0.2993844889870946,0.42766894931204574,0.7452029194816339,1.0,4
2025-11-20,0.03523602875635323,0.2769046258700242,0.4343711297990744,0.694793132450264,1.0,4
2025-11-21,-0.09015551330636866,0.2477714985034649,0.5380724804755384,0.8982193162562181,1.0,4
2025-11-22,-0.3924183329970193,0.15910843193231702,0.7100605613274011,1.0635451537802694,0.9876896845581812,4
2025-11-23,-0.41889127152837435,0.08822330728871139,0.8557545433761333,1.0554828209821119,0.9878925982144873,4
2025-11-24,-0.5494908124358414,-0.03463857864028308,0.46580176578013605,0.9464749802450414,0.2703684679924727,4
2025-11-25,-0.6165730245342385,-0.052207676334891095,0.4627770765586807,0.9673843932065571,0.17232263211158894,4
2025-11-26,-0.5214386116676337,0.06049839376637589,0.56260416404752,1.212742299965172,0.6758708774824881,4
2025-11-27,-0.4845813785800948,0.19476091228976403,0.5126139585682337,1.307352664304044,0.8860657715214373,4
2025-11-28,-0.3963345763056791,0.14885130013571848,0.7140831402471356,1.1723718658929996,1.0,4
2025-11-29,-0.18938204090932848,0.2188062505768535,0.8480131497935813,1.1084292442542683,1.0,4
2025-11-30,-0.11231180876038166,0.23134268344502518,0.8678186344369121,1.0691710947780229,1.0,4
2025-12-01,0.23181503303023357,0.20867170409706273,0.5110251186903187,0.6207105265868892,1.0,4
2025-12-02,0.3931815188625878,0.2101011891929851,0.6512441248650616,0.4965617112523246,1.0,4
2025-12-03,0.4870023870642135,0.23167643353217449,0.6606547356394131,0.45680109013400744,1.0,4
2025-12-04,0.5562360619188358,0.2523846765725979,0.7847997541512151,0.4315789312787317,1.0,4
2025-12-05,0.5663167195940045,0.20541754315552968,0.5578170686049683,0.355908555629581,1.0,4
2025-12-06,0.596003161925541,0.08809086828668267,0.22357880405563765,-0.018521166182722138,0.6569542234901269,4
2025-12-07,0.6671857113193665,0.009812766075421643,0.030816811747879893,-0.2854228720612111,0.07488518080903928,4
2025-12-08,0.4950998774260001,-0.04338025161044329,-0.06746047727560811,-0.23281140234841444,0.0,4
2025-12-09,0.5856823305220679,0.03540454180972731,-0.006188645394825484,-0.23907026559140065,0.07327280069052772,4
2025-12-10,0.6116462530389609,0.14784962948341426,0.10882909281619674,-0.03886277123902947,0.5858832378385272,4
2025-12-11,0.6709885431931518,0.12184055339493549,0.18155230325442182,-0.021489322871384067,0.6923671512087701,4
2025-12-12,0.7538832942233068,0.14787427490920096,0.30013968526097556,0.11189227396539464,1.0,4
2025-12-13,0.685862472748956,0.26593805134335635,0.008785461002990177,0.10505182610559141,0.8066264876040721,4
2025-12-14,0.672755995522029,0.44087234217823756,-0.02793433510906761,0.3777404702077726,1.0,4
2025-12-15,0.4922568182450981,0.4223640321711555,0.0036341040068392227,0.448466359438119,1.0,4
2025-12-16,0.4874118922514484,0.29440745875796653,0.20646349032681055,0.44877602928624677,1.0,4
2025-12-17,0.2729101987075382,0.17215039082606903,0.34673482049664484,0.4601255128183914,1.0,4
2025-12-18,0.3129321337285026,0.10329905840802221,0.409133309508834,0.43651054262864736,1.0,4
2025-12-19,0.34127444862182355,0.13643993906819882,0.4417949895450034,0.6064685038918113,1.0,4
2025-12-20,0.4762141639577466,0.19424892215439138,0.5049851434804863,0.6340412701696924,1.0,4
2025-12-21,0.4867628213110129,0.212765532727101,0.47911263095586065,0.6089220682400289,1.0,4
2025-12-22,0.11951099464252794,0.11761940400770525,0.19387797968518722,0.423071294259625,0.7292476141245916,4
2025-12-23,0.27128368006879283,0.191355440394273,0.41583933508553644,0.5300360083045723,1.0,4
2025-12-24,0.2646584075919296,0.16498783474319578,0.3733410651235328,0.45445003950819557,1.0,4
2025-12-25,0.2387681777944806,0.15205221673937314,0.3446943064385133,0.38735375459324345,1.0,4
2025-12-26,0.08962652100840228,0.16881036552153902,0.1383221291306694,0.3124779665203823,0.6262444079344988,4
2025-12-27,0.22922512194273764,0.07567190846049625,0.6803839192557835,0.41935945036216266,1.0,4
2025-12-28,0.16292219143401437,0.051058791143360246,0.8352317084677654,0.5389645352388259,1.0,4
2025-12-29,0.25849863733471806,0.07969674798010794,0.7126976243461232,0.5255556419409991,1.0,4
2025-12-30,0.3312960755952962,0.03863869118827612,0.9415919242364796,0.4778283426277118,1.0,4
2025-12-31,0.4110315330856015,0.22887806554203272,0.7515119369206553,0.6687208557262025,1.0,4
2026-01-01,0.46429183099282156,0.3803812668242623,0.4056636709929213,0.8245466034771292,1.0,4
2026-01-02,0.4777377427524089,0.37466553482889114,0.5313256561483015,0.8112181095542473,1.0,4
2026-01-03,0.3568578248158014,0.15186252223096802,0.8780681621271823,0.6448325321231458,1.0,4
2026-01-04,0.5305456424265428,0.3335854157687975,0.4652203697140912,0.8161698780603375,1.0,4
2026-01-05,0.33363450830810104,0.13325406295840478,0.395699538009729,0.21704070660060265,0.9779506125663354,4
2026-01-06,0.36970196916118014,0.2951418917958568,0.3323783541712199,0.460422220820478,1.0,4
2026-01-07,0.3156612496743726,0.16671951499059587,0.4948996397106548,0.347471520259889,1.0,4
2026-01-08,0.27275545405479723,0.12862147844435295,0.5168881076764873,0.31823631760924753,1.0,4
2026-01-09,0.13997756878286918,0.028958101773197804,0.31894374734171427,0.19261326771440176,0.57622176145815,4
2026-01-10,0.28028693668637766,0.06914333347280104,0.5457495616751288,0.4600230336598992,1.0,4
2026-01-11,0.28607485361202944,0.12764776073873574,0.5242183328825877,0.5255616844501069,1.0,4
2026-01-12,0.49360312561787467,0.1457830148622144,0.9248526891898091,0.5160493444893487,1.0,4
2026-01-13,0.5653413394977488,0.19816468551500446,0.8757845024802831,0.47788805991497324,1.0,4
2026-01-14,0.552793256354311,0.03694507096202017,1.1702709354840164,0.3975272720960815,1.0,4
2026-01-15,0.6739789050898845,0.15147807932809254,1.13577223298733,0.5875885661262286,1.0,4
2026-01-16,0.7976981950707112,0.338380169749118,1.180426413486104,0.9646059359337715,1.0,4
2026-01-17,0.929765445520175,0.42969761303484755,1.354933521226758,0.9947554494221483,1.0,4
2026-01-18,0.718891848564957,0.36789631250328536,1.2821917383590562,1.016645026263636,1.0,4
2026-01-19,0.8524852987239183,0.23374121489235328,1.441829910427321,0.8737704212370138,1.0,4
2026-01-20,0.8010096901423308,0.18855147537271905,1.4307365315432372,0.8733896627015753,1.0,4
2026-01-21,0.8882873293002587,0.299198313526655,1.304377181903513,0.9272072435802862,1.0,4
2026-01-22,0.9419157017451144,0.30537214017403924,1.3271154053392653,0.8395088462588781,1.0,4
2026-01-23,1.0637935636717244,0.25722512510798284,1.4112671484465784,0.7571350383021135,1.0,4
2026-01-24,0.8863870248543785,0.15387234975496614,1.1037717316488675,0.2585190709896687,1.0,4
2026-01-25,0.810426746775592,0.19037663118909154,1.0587529786498315,0.2532809592542958,1.0,4
2026-01-26,-0.018063768729960017,-0.12720824924078566,0.7371543007286618,-0.03345662880641243,0.21091153741747842,4
2026-01-27,-0.010235691276329,-0.1843006236886442,0.8612955703902963,-0.09364011497405832,0.15402677811143117,4
2026-01-28,0.03497918902320317,-0.20341787666712113,0.8726262280517395,-0.2402118172863622,0.014542118640000878,4
2026-01-29,-0.051475740863591635,-0.399684465095099,1.0511911101203153,-0.3816253789352194,0.0,4
2026-01-30,-0.13047599128606716,-0.5821752305358197,1.582954633140323,-0.5719342547815889,0.0,4
2026-01-31,-0.12408612507787438,-0.4500702007777492,1.5639164823193383,-0.35005973848359623,0.0,4
2026-02-01,-0.14510906929365752,-0.5067429535589218,1.5475399747141731,-0.3294917014679615,0.0,4
2026-02-02,-0.5685520168214033,-0.6040987717751867,1.1922544977780936,-0.17936703528264136,0.0,4
2026-02-03,-0.43338491033431453,-0.47929042592669674,1.2361181815355515,-0.03201513881971474,0.0,4
2026-02-04,-0.4593218888308134,-0.51984871079487,1.1983694771061302,-0.08523202991814827,0.0,4
2026-02-05,-0.6290490412576888,-0.6239664068229875,1.1465981806660877,-0.2690600428321631,0.0,4
2026-02-06,-0.6218664469600774,-0.49296449924419994,0.8776760049954192,-0.24683402723382847,0.0,4
2026-02-07,-0.715266690280945,-0.43309961801744734,0.7766665576158338,-0.05219670071805858,0.0,4
2026-02-08,-0.8551519276343652,-0.4443262878298853,0.7489176881083358,-0.0420205426474651,0.0,4
2026-02-09,-0.9211669385839696,-0.5650514735828415,-0.13264490351875596,-0.4415292867851943,0.0,4
2026-02-10,-0.8260667974679121,-0.5317399396435072,-0.09996647924993873,-0.4263056908840483,0.0,4
2026-02-11,-0.5634042052571062,-0.26736111375163957,-0.24720100549724988,-0.19928962589715937,0.0,4
2026-02-12,-0.37846665194929324,-0.12568625956013632,-0.24553095323364182,0.0010839847443462718,0.0,4
2026-02-13,0.17186183304816519,0.04509468066067602,0.06123119706051348,0.217019338872569,0.42256207852046634,4
2026-02-14,0.7855950556121994,0.039856024829453156,0.4021868444662454,-0.056426982288970896,0.8392649423862395,4
2026-02-15,0.9985518501389594,0.017253283941245,0.5698030185198648,-0.14258380418814415,0.9897503482678638,4
2026-02-16,1.1468164591752694,0.021546441014117027,0.4248952314422687,-0.4248512436753341,0.5906108354528034,4
2026-02-17,0.99903632388081,-0.02901380065722988,0.2593181938752158,-0.48678212339775956,0.20282027235300104,4
2026-02-18,0.8629127601380242,-0.05695776717913241,0.18745020606792717,-0.5186001675947547,0.0,4
2026-02-19,1.0417849510599577,-0.0010742941083225844,0.5506714072165672,-0.3629297178003581,0.6938964032414052,4
2026-02-20,0.8226485370836816,-0.17637183188966118,0.2142000077578011,-0.5768859410708171,0.0,4
2026-02-21,0.5555725760301689,-0.24363006359374392,-0.05190959893981685,-0.6763305277412088,0.0,4
2026-02-22,0.5193762232696238,-0.26118200848557216,0.027879111420860976,-0.6812872919781274,0.0,4
2026-02-23,0.11941936865534708,-0.21912157478552288,-0.417673424001616,-0.618603296890614,0.0,4
2026-02-24,0.02853178623004543,-0.2762445460931708,-0.5760454738396604,-0.665284167655777,0.0,4
2026-02-25,-0.12278962679601185,-0.33158147110862796,-0.6179260698434699,-0.6057441647289014,0.0,4
2026-02-26,-0.4521422238866299,-0.3346619463783676,-0.42556088193071434,-0.25866961612734957,0.0,4
2026-02-27,-0.6340675623328842,-0.30401239364187704,-0.5722283681733917,-0.19440034694291475,0.0,4
2026-02-28,-0.5760827513637871,-0.16924128147003836,-0.6368487542388034,0.1382125847767542,0.0,4
2026-03-01,-0.4617411188493658,-0.0948329504448834,-0.6857319800763363,0.16393494919759413,0.0,4
2026-03-02,-0.3622691820665585,-0.08451205305500777,-0.6246288283999107,0.1560000240002654,0.0,4
2026-03-03,-0.23932913611069612,0.007894488228815172,-0.4637843505418353,0.25943509156036265,0.0,4
2026-03-04,-0.22436710058244275,-0.016073164459651384,-0.44465402516529107,0.24067269403583566,0.0,4
2026-03-05,-0.23975674387923157,-0.1586770100252609,-0.6834275648657322,0.07130128259381545,0.0,4
2026-03-06,-0.20344580655192024,-0.17427214721770992,-0.652293258102126,0.013113055203529839,0.0,4
2026-03-07,-0.2822989108272608,-0.16147341126596315,-0.7102277150675348,-0.013848465061397397,0.0,4
2026-03-08,-0.15442182591056944,-0.16125475806034842,-0.7056793882284285,-0.023834970770659478,0.0,4
2026-03-09,-0.24356330096604792,-0.15646481555277852,-0.7709060394371675,0.04398229983249465,0.0,4
2026-03-10,-0.38251163488903744,-0.3507140940889326,-0.7169587605299989,-0.17739592310659066,0.0,4
2026-03-11,-0.390283970317259,-0.3650279447192956,-0.695625860389207,-0.25597477766573024,0.0,4
2026-03-12,-0.27202356145395223,-0.34494903468975435,-0.7654698125110693,-0.4636417926264261,0.0,4
2026-03-13,-0.23243262193242467,-0.2561241797928853,-0.8718753372690453,-0.34246302588321786,0.0,4
2026-03-14,-0.09550096254196153,-0.19172576518601314,-0.6171655374751549,-0.2242618828069067,0.0,4
2026-03-15,-0.13898506773477187,-0.24388161132175024,-0.5623040392854208,-0.31556734130149855,0.0,4
2026-03-16,-0.13294724401357727,-0.3113536793444749,-0.5446694661477808,-0.4028955251208653,0.0,4
2026-03-17,-0.13298265112799684,-0.3100087453522204,-0.5413680649161164,-0.40013391730433456,0.0,4
2026-03-18,-0.37124487028511144,-0.43602171269560674,-0.6976056619717524,-0.5461835672789781,0.0,4
2026-03-19,-0.27272671635795065,-0.41633089910789634,-0.44918719338141055,-0.5280758180393939,0.0,4
2026-03-20,-0.38554469991974083,-0.49604416699409015,-0.6208103248852751,-0.6875630638084294,0.0,4
2026-03-21,-0.4670604911772905,-0.5927659079732187,-0.5990650442201608,-0.8919687443395612,0.0,4
2026-03-22,-0.5170910195613841,-0.6841804762327275,-0.6414055444684226,-1.0157525250825723,0.0,4
2026-03-23,-0.44079761205161555,-0.5800054972664065,-0.4008160285658222,-0.8370781917808366,0.0,4
2026-03-24,-0.43023556355792403,-0.5673165650891767,-0.481110446483613,-0.8647348983189878,0.0,4
2026-03-25,-0.20199389739931872,-0.42233258383343053,-0.3335885373688231,-0.7232475289906658,0.0,4
2026-03-26,-0.0309972770221341,-0.27092443801746924,-0.23576160668524065,-0.5244594995186198,0.0,4
2026-03-27,0.3156240991333355,-0.1921060801730357,-0.08379414794359297,-0.6339660091176409,0.0,4
2026-03-28,0.359046808337945,-0.19851872695663253,0.11305693272884974,-0.6689177819006176,0.0,4
2026-03-29,0.5675155748576324,0.019273129110383858,0.18795994851186898,-0.40036381746665317,0.02688501176839242,4
2026-03-30,0.7010815747618905,0.18177522485459693,0.6366681528028919,-0.08408848731761831,1.0,4
2026-03-31,0.8030929816785111,0.2862434123663303,0.890347664394934,0.059411894956980654,1.0,4
2026-04-01,0.6218021167843121,0.1526900152898066,0.8570438240067169,-0.10604843338438999,1.0,4
2026-04-02,0.37124878132494765,0.05403518317438132,0.6494772358644056,-0.17627616485932002,0.5855071668366825,4
2026-04-03,0.47318982699265977,0.20149944573318404,0.7729338033004209,-0.027614110472071914,1.0,4
2026-04-04,0.40437940103183817,0.0976975969142445,0.7552801589103518,-0.18270887995361032,0.7252985438570254,4
2026-04-05,0.20951377007007882,-0.05078120658683042,0.6000872285168756,-0.34825526554235164,0.0620963231012619,4
2026-04-06,0.10354179029205583,-0.0835866147650631,0.356127679352773,-0.46529942651468403,0.0,4
2026-04-07,-0.15252695453314133,-0.3314074268962406,0.18144369279715505,-0.7820098548503288,0.0,4
2026-04-08,-0.21482959065291685,-0.38638643158557284,0.033432166412459774,-0.8468557252072654,0.0,4
2026-04-09,-0.4766138009212194,-0.6768077870039814,-0.004157307586265285,-1.2002242895789932,0.0,4
2026-04-10,-0.46944224514781413,-0.5553151271767961,-0.02616953807202642,-0.8514128504367026,0.0,4
2026-04-11,-0.6244651985711644,-0.7777355872714521,-0.3724092999143615,-1.2638803492896822,0.0,4
2026-04-12,-0.8538760881123868,-0.9258212372095501,-0.5244310803735934,-1.413919784229902,0.0,4
2026-04-13,-0.8538066938127316,-0.8721767788041442,-0.6757578005407794,-1.3092674707816,0.0,4
2026-04-14,-0.9435791473913738,-0.9362855447503836,-1.0095335887976864,-1.3777470325424421,0.0,4
2026-04-15,-0.8833955135047243,-0.937804505073829,-0.996535519015535,-1.3906196558144237,0.0,4
2026-04-16,-0.6787418050481603,-0.6505134271625558,-1.0947544954520918,-1.082629663820333,0.0,4
2026-04-17,-0.3099989797622413,-0.41875219614948367,-0.5834727165113391,-0.8475392332568827,0.0,4
2026-04-18,-0.4842504563834719,-0.4596580496132497,-0.7468791640632968,-0.7821065832153424,0.0,4
2026-04-19,-0.20291920837541536,-0.24708067592254554,-0.506367242883859,-0.5620362821335873,0.0,4
2026-04-20,0.13293260837247545,-0.03859305434296814,0.07606219506105044,-0.23770368358636207,0.0,4
2026-04-21,0.2091993896433893,0.041539105579992824,0.16822880904304743,-0.17426758266520925,0.09537581524188896,4
2026-04-22,0.18389869735549969,0.04488123677054677,0.14602177540801087,-0.16098736171674533,0.07998310894182217,4
2026-04-23,0.38598540097808154,0.12975632235403145,0.1810212298620878,-0.019472801610480567,0.5321274658959694,4
2026-04-24,0.42825057343212436,0.1605056029368427,0.4470665935545175,0.08212182110230541,0.9572250312005257,4
2026-04-25,0.47538418345836553,0.2185577827037108,0.5251194420705895,0.18329613892973906,1.0,4
2026-04-26,0.21333517211251818,0.024987994925804734,0.38702429513966746,-0.029995528385166774,0.43087332497511305,4
2026-04-27,0.3043678261149897,0.1457757572942392,0.47215972930474903,0.13634600680710923,0.9215081576590877,4
2026-04-28,0.3248625413734726,0.16947703130577216,0.5354277989350927,0.1607819905605754,1.0,4
2026-04-29,0.32539198883668125,0.1687338802366857,0.5395629329176083,0.1745141429404695,1.0,4
2026-04-30,0.2326065482317909,0.09496923395749754,0.4467310419552094,0.13989882951742993,0.7788152240438615,4
2026-05-01,0.2200690856076633,0.03386008402080627,0.3292296634414547,0.053867207535193695,0.5151447346500577,4
2026-05-02,0.12035572989081345,-0.04430001580482832,0.0840792552000093,-0.15272543533044103,0.0,4
2026-05-03,-0.08230210906510263,-0.2031132758599172,-0.34204699186965676,-0.41803765425887873,0.0,4
2026-05-04,-0.14074608001557792,-0.19395264814628474,-0.2812512192881369,-0.20781618470760116,0.0,4
2026-05-05,-0.17920852972456808,-0.22676916163183697,-0.3687610054907918,-0.2501204921575839,0.0,4
2026-05-06,-0.17011946617871346,-0.2342877662946231,-0.34729598657556704,-0.26274306370846773,0.0,4
2026-05-07,-0.2104316240284535,-0.24751489000660562,-0.3679219003500297,-0.36245118620950023,0.0,4
2026-05-08,-0.0010794604124107062,-0.05136119201842511,-0.17744434589344366,-0.1722601403881171,0.0,4
2026-05-09,0.015213659809860756,-0.048506830227594736,-0.15508342488370983,-0.20217936954133123,0.0,4
2026-05-10,0.08165443207393668,-0.024563469478710808,-0.05168077055517644,-0.17048157330799008,0.0,4
2026-05-11,0.21487590150154928,0.016797492942069767,0.29967816060596575,-0.001267701160245445,0.4016167444925122,4
2026-05-12,0.25439424698436564,0.09784545863020042,0.32697387681031365,0.09040434479747272,0.6680095000713335,4
2026-05-13,0.19872166515136994,0.11393084773663023,0.2576120040767527,0.12707993472036205,0.6394404974904976,4
2026-05-14,0.28366158087602567,0.139007635974324,0.31933007067553376,0.12682640580641064,0.7834894096906264,4
2026-05-15,0.4639026976207788,0.1528609492580532,0.6303580365563511,0.10918530562400228,1.0,4
2026-05-16,0.4938015523463195,0.16138381241440092,0.7331499568924578,0.14235513227408825,1.0,4
2026-05-17,0.5944805518041127,0.1747599866098071,0.9368452382681962,0.1562446206418487,1.0,4
2026-05-18,0.497343352788413,0.17617235387403046,0.8567538134879661,0.12751723730507017,1.0,4
2026-05-19,0.46133065780809246,0.1640181458231682,0.8242656801875303,0.1410182842363525,1.0,4
2026-05-20,0.33625576965380444,0.16869829825923316,0.6373070560479135,0.14310286773692835,1.0,4
2026-05-21,0.22389733618345486,0.13083206370990372,0.48982154020963803,0.17649132155373481,0.8816780366387127,4
2026-05-22,0.11505272984348233,0.10334480279695275,0.38355827761090394,0.23850568931474764,0.7271860476736909,4
2026-05-23,0.1327228928578412,0.1655659051039942,0.40763048103985766,0.41483371983081324,0.9891710487929014,4
2026-05-24,0.16915098951590787,0.1509587742921348,0.44478269289503014,0.38681787156901903,1.0,4
2026-05-25,0.16611814039540013,0.12073561051738042,0.514364123668129,0.395403784639579,1.0,4
2026-05-26,0.15970170015869178,0.11352529439161207,0.4652215377198141,0.3828370242832106,0.9737494872457573,4
2026-05-27,0.25442909316751955,0.049518038614079475,0.609595873505041,0.3051834013035279,1.0,4
2026-05-28,0.42890342092459843,0.13910786028774152,0.8331316966032523,0.42284346639262776,1.0,4
2026-05-29,0.43167920397534865,0.16277360492448656,0.8117951299240407,0.4365605120518999,1.0,4
2026-05-30,0.3841937421227732,0.03180011826186963,0.6905573582988866,0.2169632721801331,1.0,4
2026-05-31,0.5051778188675526,0.18121772486038656,0.56048033432966,0.40372275725304824,1.0,4
2026-06-01,0.3268392741684247,-0.01844324109302183,0.28700954467870843,0.09507490100714766,0.5496020232299375,4
2026-06-02,0.41009653523705153,0.026290749462346386,0.304167136196401,0.12572772500741786,0.716628971679851,4
2026-06-03,0.43364311489177776,0.12293578219943618,0.5000670217297314,0.2711845634293957,1.0,4
2026-06-04,0.3070654262421112,0.16375110528771014,0.41784000055518805,0.24067517636673424,1.0,4
2026-06-05,0.16791284741891438,0.05517687927862572,0.18052379695048446,0.07055844243171071,0.418054268236087,4
2026-06-06,0.28250854641572826,0.12323621583515948,0.3239383181598004,0.14228223125619693,0.7852219620555781,4
2026-06-07,0.2003210739267915,0.1787469004477469,0.13237943074966463,0.137242118053622,0.6202326463194061,4
2026-06-08,-0.16691053128996958,-0.06762953211686776,-0.49962869208191313,-0.08970428278511822,0.0,4
2026-06-09,-0.20185941186418388,-0.1002333003037812,-0.20153797681489533,-0.10024556112271937,0.0,4
2026-06-10,-0.1369512012598757,-0.24186876697612872,-0.2366795422958807,-0.363780338478874,0.0,4
2026-06-11,-0.2075719126197353,-0.20351891242970943,-0.49048770660447816,-0.1560929854603822,0.0,4
2026-06-12,-0.3859163762363492,-0.3366762030536922,-0.3946866034639114,-0.16180718153596954,0.0,4
2026-06-13,-0.32558084823407374,-0.22112602796152492,-0.38886027058483486,-0.05363599404718878,0.0,4
2026-06-14,-0.3708419673357613,-0.3358436877433077,-0.3586125405022077,-0.2318796482242048,0.0,4
2026-06-15,-0.3870488162733505,-0.31409150086329524,-0.5165689093927843,-0.4373373301026791,0.0,4
2026-06-16,-0.3860882578453343,-0.3120629987253324,-0.5157816366760989,-0.43256565228994404,0.0,4
2026-06-17,-0.36809441152849876,-0.2980498770768616,-0.5610965527896334,-0.4168185526247273,0.0,4
2026-06-18,-0.12103378066189174,-0.24014023794492467,-0.06704613092994043,-0.38675337035631857,0.0,4
2026-06-19,-0.1744444225970689,-0.2435799564772396,-0.15879942335036681,-0.3394382433057391,0.0,4
2026-06-20,0.06392852542607329,-0.23623142615957887,-0.3178219835220481,-0.6672351828250744,0.0,4
2026-06-21,0.2009905651463568,-0.26269851198953065,0.11876251443276191,-0.6122822616187413,0.0,4
2026-06-22,0.20714297594034076,-0.20542707886766212,-0.06728224753253614,-0.8371894731383103,0.0,4
2026-06-23,0.3828987350942388,-0.1049061712717549,0.16083074818568985,-0.668295648334263,0.0,4
2026-06-24,0.3915969469792637,-0.031214186567731533,0.2598505619137662,-0.5648685175007561,0.0,4
2026-06-25,0.3443214270942533,-0.04397754871353102,0.218697346572651,-0.6045409602938031,0.0,4
2026-06-26,0.31759140423714133,0.010397999331674332,-0.025994821704924093,-0.6858330446986577,0.0,4
2026-06-27,0.345762421937558,0.02466891004790166,-0.053423795236267536,-0.6526636910002622,0.0,4
2026-06-28,0.29772960886424127,0.02915841258500007,-0.06514354647559156,-0.6166640128632349,0.0,4
2026-06-29,0.36306179675327643,0.052928457107760535,0.01880207453379079,-0.5046451580344311,0.0,4
2026-06-30,0.3305264333087593,0.0755508070106397,-0.10965809562154705,-0.4779950320834597,0.0,4
2026-07-01,0.30125374885029255,0.05567604897468244,-0.14275456972261413,-0.5014900714038335,0.0,4
2026-07-02,0.5483351597813078,0.11073538212259583,-0.021036922478582076,-0.4968311587256278,0.0,4
2026-07-03,0.4663456992085822,0.20499294144438332,-0.07345184532730972,-0.16300955812876539,0.18780024819463428,4
2026-07-04,0.45297653200393173,0.3187438602003574,-0.18855763050948576,0.004420989233852267,0.3345791827673058,4
2026-07-05,0.4838969667749683,0.25990035491674024,-0.09544289571315344,-0.08287509862682237,0.32168618766213963,4
2026-07-06,0.5549880827715569,0.253285016469431,0.17850675717579165,-0.111451778174357,0.6382092147677305,4
2026-07-07,0.5503941591080221,0.24696309938913202,0.12750794430204904,-0.1370413521692486,0.5409450817983319,4
2026-07-08,0.5502606632946991,0.24200136050914928,0.14144090989490796,-0.1396396131886335,0.5474755727527163,4
2026-07-09,0.4010622279105988,0.10649231288565134,0.10739221809225885,-0.32161189715515626,0.035629851604605245,4
2026-07-10,0.06299420902056636,-0.11311145645124433,-0.16750802412942287,-0.39216886347855345,0.0,4
2026-07-11,-0.36016313025991725,-0.40296530569911027,-0.3719651170009972,-0.6571624287548224,0.0,4
2026-07-12,-0.3554375674639519,-0.3995491790637643,-0.3334442333911615,-0.6443709965770946,0.0,4
2026-07-13,-0.3300734572046171,-0.4103633286757703,-0.2996073589224466,-0.6416810749538178,0.0,4
2026-07-14,-0.3803586358799492,-0.45542098373562045,-0.2961649965954211,-0.6643493400848135,0.0,4
2026-07-15,-0.32446131985622834,-0.37565654271951004,-0.20986695084433712,-0.5455627500566135,0.0,4
2026-07-16,-0.44487190063064885,-0.35537586961634493,-0.31657005132418287,-0.38854402053416626,0.0,4
2026-07-17,-0.30854334756848173,-0.2819583730619016,-0.13952330992805426,-0.37085853645508404,0.0,4
2026-07-18,-0.3152514901783468,-0.2759788672207139,-0.05381386282414556,-0.28740388029516184,0.0,4
2026-07-19,-0.2501608223622376,-0.2227472912554955,-0.02223261949153235,-0.19224770887052428,0.0,4
2026-07-20,-0.15139466683953895,-0.20829431895528075,0.08493872392768946,-0.021564433011644082,0.0,4
2026-07-21,-0.04691194804083812,-0.18407296606073206,0.26285986100314074,-0.011408462241276868,0.0,4
2026-07-22,-0.1295112645591989,-0.12397163030957836,-0.0400950606007279,-0.007973883194280967,0.0,4
2026-07-23,-0.1799683953802537,-0.28246048758024,0.06827665293262575,-0.30457564107747226,0.0,4
2026-07-24,-0.09951771772837276,-0.217126309708103,-0.021367155098267702,-0.4608097751887165,0.0,4
2026-07-25,0.03476104318616483,-0.13734376346409707,0.0705783578080991,-0.4617254354364388,0.0,4
2026-07-26,0.0179274431104931,-0.14389718985931838,-0.0394963086958805,-0.4839027812931141,0.0,4
2026-07-27,0.20250512171959195,0.09793942796850505,0.2314384472973214,-0.06470027879717502,0.3512243056065628,4
2026-07-28,0.19082342774023509,-0.027489945577090336,0.3371678825909996,-0.2209681817148566,0.06731649191991962,4
2026-07-29,0.1525697800660919,-0.0597471073832022,0.17486269660402737,-0.2713583258475602,0.0,4
2026-07-30,0.23858720095424216,-0.056558448728435504,0.35134313967494757,-0.20218782846962946,0.10924718648636525,4
2026-07-31,0.2780562349810011,-0.06151964885550539,0.392891699676579,-0.2468783983020646,0.10586322880964755,4
2026-08-01,0.05509979434139943,0.01104989864386083,-0.18982333019974137,-0.20732328535468386,0.0,4
2026-08-02,0.1411420395040018,-0.06446432792417721,0.14286580709287117,-0.21399530785488585,0.0,4
2026-08-03,-0.029954770724212584,-0.015966638906418744,-0.3284928066147658,-0.24088795417284148,0.0,4
2026-08-04,-0.030280507153189633,0.10107012281660903,-0.7102027280632686,-0.13926248681272546,0.0,4
2026-08-05,-0.13089647052459716,0.005054981353798092,-0.8330178157566994,-0.2410188007736715,0.0,4
2026-08-06,0.06563502714612354,0.058611256521346945,-0.6341075436667705,-0.2567607798995115,0.0,4
2026-08-07,0.009985408573578748,-0.03314421083647669,-0.4940109660315974,-0.37239078682312643,0.0,4
2026-08-08,0.004769391124968934,-0.045855850876213904,-0.6068461296346943,-0.43662116420525876,0.0,4
2026-08-09,-0.2114395662683095,-0.19774753224210903,-1.0102340530833025,-0.6879888587842456,0.0,4
2026-08-10,-0.23195894768087236,-0.42192068731405935,-0.8747290047637055,-1.1571532777131366,0.0,4
2026-08-11,-0.43668755051753366,-0.4656711925874026,-1.4022878014085098,-1.2774558386969845,0.0,4
2026-08-12,-0.4673802574511151,-0.3536635123645571,-1.6031109575792835,-1.1997686613119196,0.0,4
2026-08-13,-0.5804720953974728,-0.40304823800799644,-1.6959328754117164,-1.1827859179433327,0.0,4
2026-08-14,-0.43139160303364293,-0.20515818396394658,-1.3504941949019864,-0.668709887369939,0.0,4
2026-08-15,-0.4462229867180543,-0.24274672344912174,-1.279870665878986,-0.6613529659162708,0.0,4
2026-08-16,-0.4864450294288592,-0.16700677477507284,-1.3624578526183178,-0.4884901576667624,0.0,4
2026-08-17,-0.556964348459446,-0.16982522399528593,-1.4042625465313616,-0.453890103595462,0.0,4
2026-08-18,-0.5803222230637569,-0.21814459280273538,-1.2954489575455264,-0.4820438727193228,0.0,4
2026-08-19,-0.58049410684378,-0.17036460348080734,-1.232072044931039,-0.39120183010608284,0.0,4
2026-08-20,-0.6453175238313721,-0.27374246115538164,-1.2363872465657453,-0.3563690220564592,0.0,4
2026-08-21,-0.5258505756754618,-0.29109141230326885,-0.9142008816398185,-0.1675609219328704,0.0,4
2026-08-22,-0.4042054058770697,-0.2725173989470516,-0.5972387963174106,-0.05000254324356894,0.0,4
2026-08-23,-0.27842761656341075,-0.16467489270328597,-0.2867474274630719,0.26595200754987913,0.0,4
2026-08-24,-0.18161412050557174,0.13629082484239002,-0.28673623885583227,0.3313593383460301,0.0,0
2026-08-25,-0.17988672909812226,0.13616450282640535,-0.28624493649585814,0.3304044785503977,0.0,0
2026-08-26,-0.1793932872173283,0.13596434167440868,-0.28640781816902644,0.329494628940246,0.0,0
2026-08-27,0.031016147255305094,0.2246364034976915,-0.30866476333974624,0.45519209388254744,0.0,0
2026-08-28,0.06294256186036737,0.22508322219469482,-0.29151969061277755,0.4500710583885709,0.0,0
2026-08-29,0.038854054186646766,0.18731150607550298,-0.28498030325728374,0.3609339670411671,0.0,0
2026-08-30,0.039207914846922924,0.17443913795849486,-0.2626659588347697,0.3379938204722842,0.0,0
2026-08-31,-0.32433956668917835,0.2749805826237216,-0.3345374790875542,0.4823240871293018,0.0,4
2026-09-01,-0.29391520961328627,0.2538897182305808,-0.1373818918870841,0.5081885195662763,0.014307813933343072,4
2026-09-02,-0.25838358639579695,0.23895273808347475,-0.10221101366855966,0.4879424657025218,0.07524588513952968,4
2026-09-03,-0.3453519200206167,0.11477401535743248,-0.23275945975443196,0.14878727585608753,0.0,4
2026-09-04,-0.19086784008192964,0.13942920378133236,-0.14076468021048827,-0.017402874677040225,0.0,4
2026-09-05,-0.28719232520719296,-0.019908348259734955,-0.25286226930007977,-0.40693800390087004,0.0,4
2026-09-06,-0.1573345127231831,0.03199445240553388,-0.5241980478417048,-0.5696238523169609,0.0,4
2026-09-07,-0.8339234350754656,-0.28149171358205716,-0.31573967642523915,-0.07984567909484311,0.0,0
2026-09-08,-0.7906272251673081,-0.25536564761972225,-0.33508642651553333,-0.06499602614313653,0.0,0
2026-09-09,-0.7855923654408254,-0.2521211159477467,-0.3233298211707552,-0.05563381805524729,0.0,0
2026-09-10,-0.983406262742979,-0.29972235378781253,-0.5702900565875666,-0.1524887933520344,0.0,0
2026-09-11,-0.7794584780882495,-0.09166380908009396,-0.9993341697308227,-0.15014649461821003,0.0,0
2026-09-12,-0.5191844108508544,0.21137591924102245,-1.292239283961133,0.13256386706075765,0.0,0
2026-09-13,-0.5432782930526211,0.17112503050135336,-1.2050659133292343,0.1224314183543458,0.0,0
2026-09-14,-0.26455955457626323,0.20993534062015584,-0.6776690207688152,0.3308773011104726,0.0,4
2026-09-15,-0.23917394107126258,0.3227039542041447,-0.9488420642212481,0.3777315040784564,0.0,4
